,Unnamed: 0,"1. Using the air conditioner above the amount of power, the current was excessive and the air conditioner was turned off. At this time, other electronics such as TVs and refrigerators that were connected to the same outlet did not turn off. Let's explain in detail why the other electronics connected to the same code did not turn off even though the air conditioner was turned off, using our knowledge of how electricity works and how to connect the electronics. ",Unnamed: 0,",q1_parallel,q1_current flow,q1_power amount,q1_fuse,q1_parallel flow.1,q1_current flow.1,q1_power amount.1,q1_fuse.1"
0,0,I don't know.,0.0,"0,0,0,0,0, parallel connection,,"
1,1,Parallel connection,1.0,"1,1,0,0,0, made a parallel connection,"
2,2,Parallel connection,2.0,"2,1,0,0,0, connected in parallel,"
3,3,"Electronics are connected in parallel, so parallel connections have the same voltage",3.0,"3,1,0,0,0 in parallel,"
4,4,"This is because it is not a serial connection, but a parallel connection.",4.0,"4,1,0,0,0, the connection is parallel,"
5,5,It seems that the power of the air conditioner is turned off simply by controlling the power from the air conditioner itself.,5.0,"5,0,0,0,0 are connected in parallel"
6,6,This is because it is wired in parallel so as not to affect other electronic products.,6.0,"6,1,0,0,0 because the connection is parallel,"
7,7,Parallel connection,7.0,"7,1,0,0,0, it's a parallel connection, so"
8,8,It seems to have used parallelism.,8.0,"8,1,0,0,0 because the connection is parallel,"
9,9,Because it's connected in parallel,9.0,"9,1,0,0,0 because the connection is parallel,"
10,10,"This is because when electricity is connected in parallel, even if one power is turned off, the power of other devices is not turned off.",10.0,"10,1,0,0,0 because the connection is parallel,"
11,11,This is because all electrical devices are connected in parallel.,11.0,"11,1,0,0,0, the connection is in parallel,"
12,12,There are disconnections and non-disconnections depending on DC and parallel connections.,12.0,"12,0,0,0,0, connecting in parallel,"
13,13,Because it is a parallel connection.,13.0,"13,1,0,0, it's connected in parallel, so,,"
14,14,"Even if the air conditioner is turned off due to parallel connection, there is no reason for other home appliances to be turned off inevitably.",14.0,"14,1,0,0,0 because it was connected in parallel,"
15,15,"Use of multi-tap should be reduced, and items with a lot of power should be used separately instead of using multi-cap.",15.0,"15,0,0,0,0, because I connected in parallel,"
16,16,"The air conditioner cord and other electronics cord are connected in parallel, so even if one is broken, the other does not.",16.0,"16,1,0,0,0 because they are connected in parallel,"
17,17,The air conditioner is broken.,17.0,"17,0,0,0,0 because it is connected in parallel,"
18,18,An excessive current cut off electricity and turned off all connected home appliances in parallel.,18.0,"18,1,0,1,0, because it is connected in parallel,"
19,19,"Even if electronics are connected in parallel and one product is powered off, other products are not powered off.",19.0,"19,1,0,0,0 because they are connected in parallel,,,"
20,20,This is because electronics are connected in parallel.,20.0,"20,1,0,0, because electronics are connected in parallel,"
21,21,This is because home appliances are connected in parallel.,21.0,"21,1,0,0, electronics are connected in parallel, so"
22,22,"Because the circuits are connected in parallel, each electronic product receives power independently.",22.0,"22,1,0,0,0 because electronics are connected in parallel,"
23,23,The current of other electronic devices was not cut off thanks to the operation of the overcurrent prevention circuit in the air conditioner and the power of the air conditioner was quickly cut off.,23.0,"23,0,1,0,1, because electronics are connected in parallel,"
24,24,This is because the outlet is a parallel connection.,24.0,"24,1,0,0, because the appliances are connected in parallel,"
25,25,Because it's connected in parallel,25.0,"25,1,0,0, because the appliances are connected in parallel,"
26,26,There is no problem with other electronics because the power to the outlet is somewhat unaffordable,26.0,"26,0,0,1,0, home appliances are connected in parallel"
27,27,"Because the circuit of the outlet is made up of parallel connections, other products are fine even if one goes wrong. In parallel connections, all connected products use the same current. When the batteries are connected in parallel, there is no change in the amount of the battery, and there is a change in the usage time. The parallel connection of the product reduces time, and the amount of power received is the same.",27.0,"27,1,0,0, because the appliances are connected in parallel,"
28,28,It's connected in parallel,28.0,"28,1,0,0,0, connected in parallel, other electronics do not turn off,,,29,1,0,0,0, connected in parallel, other electronics do not turn off,,,"
29,29,"Since circuits are connected in parallel, circuits are connected separately from each other's turning off and on, so electronic products do not affect turning off and turning on each other even if they are connected to the same code.",29.0,"30,0,0,0,0, it's connected in parallel so other electronics won't turn off,,,"
30,30,I don't know,30.0,"31,0,0,0,0, connected in parallel, does not affect the current flow of other electronic products"
31,31,I don't know,31.0,"32,0,0,0,0 are connected in parallel, so it does not affect the current flow of other electronics"
32,32,I don't know,32.0,"33,0,0,0,0 are connected in parallel, so it does not affect the current flow of other electronics,,,"
33,33,I don't know,33.0,"34,0,0,0,0, connected in parallel, does not affect the current flow of other electronics,"
34,34,I don't know,34.0,"35,0,0,0,0 are connected in parallel, so it does not affect the current flow of other electronics"
35,35,I don't know,35.0,"36,0,0,0,0, connected in parallel, does not affect the current flow of other electronics,,,"
36,36,I don't know,36.0,"37,0,0,0,0, connected in parallel, other appliances do not turn off,,,"
37,37,"""I turned off and turned on the multi-cam I think it's because the cord in the air conditioner is broken.",37.0,"38,0,0,0,0 are connected in parallel, so other appliances cannot be turned off"
38,38,"""",38.0,"39,0,1,0,0, connected in parallel, other appliances won't turn off,,,"
39,39,I don't have a full electrical cord,39.0,"40,0,0,0,0 are connected in parallel, so it does not affect the current flow of other home appliances"
40,40,"The TV, refrigerator, and high school have electricity",40.0,"41,0,0,0,0 are connected in parallel, so it does not affect the current flow of other home appliances"
41,41,The air conditioner uses a little bit of electricity,41.0,"42,0,0,1,0, it is connected in parallel, so it does not affect the current flow of other home appliances,,,"
42,42,I don't know.,42.0,"43,0,0,0,0, connected in parallel, does not affect the current flow of other home appliances,"
43,43,"The air conditioner was used more than the amount of electricity, so the current flowed excessively and broke down, and the other electronic products without the air conditioner did not turn off because the current was flowing normally.",43.0,"44,0,1,0, connected in parallel, does not affect the current flow of other home appliances,"
44,44,The air conditioner broke down because it couldn't block the electricity because it had too much electricity.,44.0,"45,0,0,0,0, connected in parallel, does not affect the current flow of other appliances,,,"
45,45,I think it's because the air conditioner alone has too much electricity and other electronics are connected to the same concept but flowers are in different places.,45.0,"46,0,0,1,0, connected in parallel, so even if the current flow is blocked in one place, the current flow of the remaining electronics is not affected,,,"
46,46,"The electricity from the ground overflowed and the cord exploded, and the electricity went into other TV lights",46.0,"47,0,0,0,0 are connected in parallel, so even if the current flow is blocked in one place, the current flow of the remaining electronics is not affected"
47,47,I used too much electricity.,47.0,"48,0,0,0,0 are connected in parallel, so even if the current flow is blocked in one place, the current flow of the remaining electronics is not affected,,,"
48,48,"The other one had less electricity and used a lot of air conditioners, so electricity flowed.",48.0,"49,0,0,0,0,0 are connected in parallel, so even if the current flow is blocked in one place, the current flow of the remaining electronics is not affected"
49,49,"The ground was filled with electricity, and the cord was torn apart",49.0,"50,0,0,0,0 are connected in parallel, so even if the current flow is blocked in one place, it does not affect the current flow of the remaining electronics,,,"
50,50,The chords didn't go in well,50.0,"51,1,0,0,0 are connected in parallel, so even if the current flow is blocked in one place, it does not affect the current flow of the remaining electronics,,,"
51,51,It's all,51.0,"52,0,0,0,1, it is connected in parallel, so even if the current flow is blocked in one place, it does not affect the current flow of the remaining electronic products,,,"
52,52,It's in parallel,52.0,"53,0,0,0,0,0 are connected in parallel, so even if the current flow is blocked in one place, it does not affect the current flow of the remaining electronics,,,"
53,53,The fuse is blocked,53.0,"54,0,0,0,0 because electronic products are connected in parallel"
54,54,This is because the motor of the air conditioner does not stop right away.,54.0,"55,0,0,0, electronic products are connected in parallel, so"
55,55,This is because the motor of the air conditioner does not stop right away.,55.0,"56,0,0,0,1, because electronics are connected in parallel,"
56,56,It's all,56.0,"57,0,0,0,1, because electronics are connected in parallel,"
57,57,"The fuse on the air conditioner is down, so the other place is fine.",57.0,"58,0,0,0,1, home appliances are connected in parallel,59,0,0,0,1, because home appliances are connected in parallel,"
58,58,Because the fuse is not blocked.Ida.,58.0,"60,0,0,1, because the appliances are connected in parallel,"
59,59,Because only the air conditioner was cut off by using a fuse,59.0,"Because 61,1,0,0, home appliances are connected in parallel,"
60,60,"When the power of the air conditioner is exceeded, the fuse automatically turns off and the air conditioner turns off",60.0,"62,0,0,0,1, because electricity is connected in parallel,"
61,61,The fuse is off,61.0,"63,0,0,0,1, because electricity is connected in parallel,"
62,62,This is because the connection method of electronic products is different.,62.0,"64,0,0,1,1 because electricity is connected in parallel,"
63,63,This is because only the fuse in the line connected to the air conditioner was turned off.,63.0,"65,0,1,0,0 because electricity is connected in parallel,"
64,64,a phenomenon caused by FUSE,64.0,"Because 66,0,0,1,0, the current is connected in parallel,"
65,65,"""The air conditioner uses more power, so I didn't use a lot of electricity, but I think it's because of the air conditioner, so I can easily use other power if the air conditioner is turned off",65.0,"67,0,0,0,0 because the current is connected in parallel,"
66,66,"""FUSE""",66.0,"68,0,0,0,0 because the current is connected in parallel,"
67,67,Because it's a different front,67.0,"69,1,0,0,0 because the current is connected in parallel,,,"
68,68,"This is because air conditioners use as much current as they use, and other electronic products use as much as they use.",68.0,"70,0,0,1,0, connected in parallel, other electronics do not turn off,"
69,69,I don't know,69.0,"71,0,0,1,0, connected in parallel, other electronics do not turn off,,,"
70,70,The problem is difficult to understand.,70.0,"72,1,0,0, connected in parallel, other electronics do not turn off,,,"
71,71,Because electronics are connected in parallel,71.0,"73,1,0,0,0, connected in parallel, other appliances do not turn off,"
72,72,Because electricity is not connected.,72.0,"74,0,0,0,0, connected in parallel, other appliances do not turn off,,,"
73,73,I used the air conditioner more than my electricity,73.0,"75,1,0,0, connected in parallel, other appliances do not turn off,,,"
74,74,"""It's connected in parallel",74.0,"76,0,0,1,0, because it is connected in parallel,"
75,75,"""",75.0,"Because 77,1,0,0,0 are connected in parallel,"
76,76,Other electronics did not turn off even if the air conditioner was turned off by parallel connection.,76.0,"78,1,0,0,0 because they are connected in parallel,"
77,77,The electrical cord is different,77.0,"79,1,0,0,0 because they are connected in parallel,"
78,78,"Even if it's in the same code, it's connected in parallel",78.0,"80,1,0,0, electronics do not turn off because they are connected in parallel,"
79,79,"If more than one electronic device is used, the electronic device's power is turned off. However, other electronic products such as TVs and refrigerators do not turn off by themselves because they have not used more than the amount of electricity.",79.0,"81,1,0,0, electronics are connected in parallel, so they do not turn off,,,"
80,80,"It's connected in parallel, so even if one is turned off, the rest is still alive",80.0,"82,1,0,0, electronics do not turn off because they are connected in parallel,,,"
81,81,Because of the parallel connection,81.0,"83,0,0,0,0, home appliances do not turn off because they are connected in parallel,"
82,82,It's because the battery and the light bulb are connected differently.,82.0,"84,0,0,0, home appliances do not turn off because they are connected in parallel,"
83,83,The electricity seems to have been connected in parallel,83.0,"85,0,0,0, appliances do not turn off because they are connected in parallel,"
84,84,The others were parallel connections,84.0,"86,1,0,0, the electricity does not turn off because it is connected in parallel,"
85,85,Because of the parallel connection to the battery,85.0,"87,1,0,0, electricity does not turn off because it is connected in parallel,"
86,86,The current flows the most only in the AC,86.0,"88,1,0,0, the electricity does not turn off because it is connected in parallel,,,89,1,0,1,0, the current does not turn off because it is connected in parallel,"
87,87,I think only the one connected to the air conditioner is broken,87.0,"90,1,0,0, the current does not turn off because it is connected in parallel,,,"
88,88,I don't understand.,88.0,"91,0,0,0,0 the current does not turn off because it is connected in parallel,"
89,89,"This is because the wires were connected in parallel, not in series.",89.0,"92,1,0,0, home appliances are connected in parallel"
90,90,Due to the parallel connection of electricity,90.0,"93,0,0,0,0, home appliances are connected in parallel, so other products are not turned off even if the air conditioner is turned off"
91,91,Because it's a parallel connection,91.0,"94,1,0,0, home appliances are connected in parallel,"
92,92,"I connected the wire with parallel connection, but there was only one wire, so the current was excessive and ruptured, and the rest had two wires, so the current kept flowing",92.0,"95,1,0,0, even if it is connected to the same outlet, it does not turn off because it is connected in parallel"
93,93,Due to the parallel connection of electricity,93.0,"96,0,0,1,0, it is connected in parallel, so even if one flow is cut off, electricity can continue to flow"
94,94,I don't know.,94.0,"97,1,0,0,0 are connected in parallel, so even if one flow is cut off, the rest is not affected"
95,95,Because it was connected in parallel.,95.0,"98,1,0,0,0, parallel connection allows the flow to continue without the current flowing from one place, but the electronics are connected in parallel, so it doesn't turn off"
96,96,You could use a series or parallel.,96.0,"99,1,0,0, electronics are connected in parallel"
97,97,Other electronics do not seem to turn off because of the parallel connection,97.0,"100,0,1,0, electronics are connected in parallel"
98,98,Parallel connection of batteries,98.0,"101,1,0,1, electronics are connected in parallel"
99,99,Discharge due to excessive current flow from air conditioning machines unlike other electronic products,99.0,"102,0,0,0,0, home appliances are connected in parallel"
100,100,"The air conditioner was cut off because electricity was connected to the military, but the remaining home appliances did not turn off because electricity flows in the other way.",100.0,"103,0,0,0,0 resistors are all connected in parallel,"
101,101,"Because it is connected by a parallel connection of the battery, even if one is turned off, all of them do not turn off.",101.0,"104,0,0,0,0, home appliances are all connected in parallel and do not affect the current flow"
102,102,This is because both TVs and refrigerators are connected in parallel.,102.0,"105,1,0,0, home appliances are all connected in parallel, so even if the current flow is blocked, it has no effect on the current flow of the rest of the home appliances"
103,103,The wires of other electronics and the air conditioner are not connected to each other,103.0,"106,0,0,0,0, one of the resistors connected in parallel does not affect the flow of current,"
104,104,"It seems that TVs, refrigerators, and air conditioners were using different wires and different power sources. Also, I think the air conditioner may have a system that automatically stops when power is used too much.",104.0,"107,0,0,1,0, resistance is connected in parallel, so if one of the resistors has a problem, it has no effect,"
105,105,I don't know.,105.0,"108,0,0,1,0, even if one of the resistors has a problem due to the low-order parallel connection, it does not affect the flow of current,"
106,106,ㅈ,106.0,"109,0,0,1,0, home appliances are like resistance A problem with one of the parallel connected resistors does not affect the flow of current,"
107,107,I used the air conditioner too much,107.0,"Even if one of the appliances connected in parallel is broken, it does not affect the current flow between the appliances,"
108,108,It's a parallel connection of light bulbs,108.0,"111,1,0,0, ""Parallel home appliance connection, no impact on current flow"",,,"
109,109,I see,109.0,"112,1,0,0,0,,,,"
110,110,The air conditioner's motor overheated.,110.0,"113,0,0,0,0,,,,"
111,111,Only the refrigerator is running too much with the current,111.0,"114,1,0,0,0,,,,"
112,112,I used too much electricity,112.0,"115,0,0,0,0,,,,"
113,113,The level of current flow is different,113.0,"116,0,0,0,0,,,,"
114,114,It's connected in parallel,114.0,"117,0,0,0,0,,,,"
115,115,Parallel connection,115.0,"118,1,0,0,0,,,,119,0,0,1,0,,,,"
116,116,I don't know,116.0,"120,0,1,0,0,,,,"
117,117,Because we used parallel connections,117.0,"121,0,0,0,0,,,,"
118,118,I'm going to smash it,118.0,"122,0,0,0,0,,,,"
119,119,"Since I used the air conditioner more,",119.0,"123,0,0,0,0,,,,"
120,120,The air conditioner is not good,120.0,"124,1,0,0,0,,,,"
121,121,It's a parallel connection,121.0,"125,0,0,0,0,,,,"
122,122,The motor's overheating,122.0,"126,0,0,0,0,,,,"
123,123,The level of current flow is different,123.0,"127,0,0,0,0,,,,"
124,124,I don't know,124.0,"128,0,0,0,0,,,,"
125,125,"There is too much electricity going to the air conditioner, so the air conditioner turned off a lot",125.0,"129,0,0,0,0,,,,"
126,126,I don't know,126.0,"130,0,0,0,0,,,,"
127,127,Parallel connection,127.0,"131,1,0,0,0,,,,"
128,128,I don't know,128.0,"132,0,0,0,0,,,,"
129,129,a breakdown in the air conditioner,129.0,"133,0,0,0,0,,,,"
130,130,Just don't turn it on,130.0,"134,1,0,0,0,,,,"
131,131,Because I consume a lot of air conditioners,131.0,"135,1,0,0,0,,,,"
132,132,The air conditioner is out of order.,132.0,"136,0,0,0,0,,,,"
133,133,I don't know.,133.0,"137,1,0,0,0,,,,"
134,134,"The air conditioner was turned off by the parallel connection, but other electronics were not turned off.",134.0,"138,0,0,1,0,,,,"
135,135,I didn't play the chords,135.0,"139,0,0,1,0,,,,"
136,136,The air conditioner is out of order,136.0,"140,0,0,1,0,,,,"
137,137,"The air conditioner was turned off by the parallel connection, but other electronics were not turned off.",137.0,"141,0,0,0,0,,,,"
138,138,Put resistance in the air conditioner/ Turn the serial connection of the johnson into a parallel connection.,138.0,"142,0,0,0,0,,,,"
139,139,....i don't know........,139.0,"143,0,0,0,0,,,,"
140,140,Because the wires were connected in parallel.,140.0,"144,0,0,1,0,,,,"
141,141,I used too much electricity,141.0,"145,0,0,0,0,,,,"
142,142,I'll use the air conditioner as much as I can,142.0,"146,0,0,0,0,,,,"
143,143,I used the air conditioner above the power level and it broke down,143.0,"147,0,0,1,0,,,,"
144,144,The reason why electronic products such as TV and refrigerator didn't turn off is because they didn't use other electronic products,144.0,"148,0,0,0,0,,,,149,1,0,0,0,,,,"
145,145,The air conditioner is broken,145.0,"150,0,0,1,0,,,,"
146,146,"Electricity continues to flow through the air conditioner, so there is no electricity in electronics such as TVs and refrigerators.",146.0,"151,0,0,0,0,,,,"
147,147,It is because the air conditioner is overused and overheated.,147.0,"152,0,0,1,0,,,,"
148,148,Don't know,148.0,"153,1,0,0,0,,,,"
149,149,to connect electricity to another cord,149.0,"154,0,0,0,0,,,,"
150,150,"I used more than the power of the air conditioner, but I didn't use more than the power of the air conditioner",150.0,"155,1,0,0,0,,,,"
151,151,.,151.0,"156,1,0,0,0,,,,"
152,152,"Electronics are connected in parallel, so even if one flow is cut off, the rest will work",152.0,"157,1,0,0,0,,,,"
153,153,Because the voltage is different,153.0,"158,0,0,0,0,,,,"
154,154,I didn't take out the outlet,154.0,"159,0,1,0,0,,,,"
155,155,Overheating phenomenon,155.0,"160,0,1,0,0,,,,"
156,156,"Because appliances are connected in parallel, blocking the flow of current in one place has no effect on the flow of current in the rest of the appliances.",156.0,"161,0,0,0,0,,,,"
157,157,"This is because home appliances are connected, so even if the current flow in one place is blocked, the current flow of the remaining home appliances does not affect the current flow.",157.0,"162,0,0,0,0,,,,"
158,158,"Home appliances are connected in parallel, so they do not damage other home appliances.",158.0,"163,1,0,0,0,,,,"
159,159,"Because the air conditioner, TV, and refrigerator are connected in parallel",159.0,"164,1,0,0,0,,,,"
160,160,"This is because home appliances are connected in parallel, so even if the current flow in one place is blocked, the current flow of the remaining home appliances does not affect the current flow.",160.0,"165,1,0,0,0,,,,"
161,161,Well.,161.0,"166,0,0,0,0,,,,"
162,162,Because the wires plugged into the outlet do not share electricity with each other,162.0,"167,0,0,0,0,,,,"
163,163,"Because electricity is supplied separately, it does not affect other electronics.",163.0,"168,1,0,0,0,,,,"
164,164,in parallel,164.0,"169,0,1,0,0,,,,"
165,165,Because the parallel and serial methods are different.,165.0,"170,1,0,0,0,,,,"
166,166,"Since appliances are connected in parallel, even if the current flow in one place is blocked, there is no effect on the current flow of the remaining appliances",166.0,"171,1,0,0,0,,,,"
167,167,be connected in parallel to,167.0,"172,1,0,0,0,,,,"
168,168,Because it's a parallel structure,168.0,"173,1,0,0,0,,,,"
169,169,"Since home appliances are connected, even if the current flow in one place is blocked, it does not affect the current flow of the remaining home appliances.",169.0,"174,1,0,0,0,,,,"
170,170,.,170.0,"175,0,0,0,0,,,,"
171,171,"This is because there is a problem with the wires of the air conditioner, but there is nothing wrong with the other wires.(parallel connection)",171.0,"176,0,0,0,0,,,,"
172,172,This is because there is no current connected.,172.0,"177,1,0,0,0,,,,"
173,173,"This is because home appliances are connected in parallel, so even if the current flow in one place is blocked, the current flow of the remaining home appliances does not affect the current flow.",173.0,"178,1,0,0,0,,,,179,0,0,0,0,,,,"
174,174,"Other electronics did not turn off because air conditioners and other electronics were connected in parallel, not in direct current.",174.0,"180,1,0,0,0,,,,"
175,175,"Since most appliances are connected in parallel, even if there is no current flow, the current flow of the remaining appliances is not affected.",175.0,"181,1,0,0,0,,,,"
176,176,Because it is connected in parallel structure.,176.0,"182,1,0,0,0,,,,"
177,177,This is because home appliances are connected in parallel.,177.0,"183,1,0,0,0,,,,"
178,178,"Since home appliances are connected, even if one electricity flow is blocked, the electricity flow of the remaining home appliances has no effect.",178.0,"184,0,0,1,0,,,,"
179,179,"This is because home appliances are connected, so even if the electric flow in one place is blocked, it does not affect the electric flow of the remaining home appliances.",179.0,"185,0,0,0,0,,,,"
180,180,This is because the outlet is in parallel.,180.0,"186,1,0,0,0,,,,"
181,181,Because it is connected in parallel.,181.0,"187,1,0,0,0,,,,"
182,182,It's because the air conditioner is bad.,182.0,"188,1,0,0,0,,,,"
183,183,"The wires of the appliances are also connected in parallel, so they won't turn off even if one is turned off",183.0,"189,1,0,0,0,,,,"
184,184,"""Most electronics are connected in parallel, so even if one breaks off,",184.0,"190,0,0,0,0,,,,"
185,185,"Others will not cut off the current.""",185.0,"191,0,0,0,0,,,,"
186,186,Only the air conditioner turns off by connecting it in parallel.,186.0,"192,1,0,0,0,,,,"
187,187,"I have to do it in series, but I kept on doing it in a row",187.0,"193,0,0,0,0,,,,"
188,188,I used the air conditioner too much,188.0,"194,0,0,0,0,,,,"
189,189,The air conditioner switch is off,189.0,"195,1,0,0,0,,,,"
190,190,It's connected in parallel and connected to one road,190.0,"196,1,0,0,0,,,,"
191,191,This is because the connection to the electronics connected to the same code is parallel,191.0,"197,1,0,0,0,,,,"
192,192,"The code connected to the air conditioner is connected in series, so it turns off quickly, and the code connected to other electronic devices such as TVs and refrigerators is connected in parallel, so it can be used continuously.",192.0,"198,0,1,0,0,,,,"
193,193,Because the air conditioner is connected in parallel,193.0,"199,0,0,0,0,,,,"
194,194,The air conditioner has a large capacity.,194.0,"200,0,0,0,0,,,,"
195,195,I don't use too much TV and refrigerator electricity,195.0,"201,0,0,0,0,,,,"
196,196,"""Parallel connection: Even if one of the two is turned off, there is one left, so electricity",196.0,"202,0,0,0,0,,,,"
197,197,"Can keep going back""",197.0,"203,0,0,0,0,,,,"
198,198,The air conditioner is connected in series,198.0,"204,0,0,1,0,,,,"
199,199,I think the electricity in the air conditioner has been consumed so much that it turned off,199.0,"205,0,0,1,0,,,,"
200,200,Because the air conditioner is connected in parallel,200.0,"206,0,0,1,0,,,,"
201,201,The air conditioner is connected to the display and the other electronics are connected in parallel,201.0,"207,0,0,1,0,,,,"
202,202,Because the air conditioner is connected in parallel.,202.0,"208,0,0,0,0,,,,209,0,0,1,0,,,,"
203,203,The connection is different,203.0,"210,0,0,0,0,,,,"
204,204,Because I wasn't using any other electronics,204.0,"211,0,0,0,0,,,,"
205,205,The air conditioner is connected in series,205.0,"212,0,0,1,0,,,,"
206,206,I don't understand.,206.0,"213,0,0,0,0,,,,"
207,207,"""I don't know.""",207.0,"214,0,0,0,0,,,,"
208,208,"""",208.0,"215,0,0,1,0,,,,"
209,209,"The air conditioner cord is only connected to each other, so the air conditioner is turned off, but other electronics are not turned off.",209.0,"216,0,0,0,0,,,,"
210,210,The air conditioner has exceeded the maximum amount of electricity,210.0,"217,0,0,0,0,,,,"
211,211,"Using more than the amount of electricity, things like home appliances in the same outlet are discharged, so there is no current flowing through the outlet.",211.0,"218,0,0,0,0,,,,"
212,212,The air conditioner's power consumption is overflowing,212.0,"219,0,0,0,0,,,,"
213,213,The air conditioner uses a lot of tremors,213.0,"220,0,0,1,0,,,,"
214,214,The air conditioner uses a lot of current,214.0,"221,0,0,0,0,,,,"
215,215,It does not affect other products because the current is too much only on the cord that was connected to the air conditioner,215.0,"222,0,0,0,0,,,,"
216,216,turn off the air conditioner,216.0,"223,0,0,0,0,,,,"
217,217,I don't know.,217.0,"224,0,0,0,0,,,,"
218,218,"Although it is connected to the same code, the reason why only the air conditioner is turned off seems to be because the line that delivers power with the air conditioner code is overloaded.",218.0,"225,0,0,0,0,,,,"
219,219,I don't know.,219.0,"226,0,0,0,0,,,,"
220,220,Turn off the air conditioner,220.0,"227,0,0,0,0,,,,"
221,221,"The electronics connected to the same code did not turn off because the air conditioner was used too much more than the amount of electricity, and only the air conditioner used more than the amount of electricity was turned off.",221.0,"228,0,0,0,0,,,,"
222,222,"Maybe it's because the air conditioner is old or because there's a lot of dust in the air conditioner, it might suddenly turn off",222.0,"229,0,0,0,0,,,,"
223,223,I don't know,223.0,"230,0,0,0,0,,,,"
224,224,I use the air conditioner a lot,224.0,"231,0,0,0,0,,,,"
225,225,running out of time,225.0,"232,0,1,0,0,,,,"
226,226,I think it suddenly turned off because I used the air conditioner too much,226.0,"233,0,0,0,0,,,,"
227,227,I don't know,227.0,"234,0,0,1,0,,,,"
228,228,It's because I only turn on the air conditioner a lot. :),228.0,"235,0,0,0,0,,,,"
229,229,I only turned on the AC too much,229.0,"236,0,0,0,0,,,,"
230,230,It depends on the type of air conditioner,230.0,"237,0,0,0,0,,,,"
231,231,Each type of air conditioner has a different model,231.0,"238,0,0,1,0,,,,239,0,1,0,0,,,,"
232,232,"""Because air conditioners have more electricity than other electronics such as TVs",232.0,"240,0,0,1,0,,,,"
233,233,"""",233.0,"241,0,0,0,0,,,,"
234,234,I have no idea.,234.0,"242,1,0,0,0,,,,"
235,235,The air conditioner is very old,235.0,"243,0,0,1,0,,,,"
236,236,I used a lot of air conditioners,236.0,"244,0,0,1,0,,,,"
237,237,You should ask the person who made it. Why are you doing this to us?,237.0,"245,0,1,0,0,,,,"
238,238,Because the air conditioner sits down and the TV refrigerator plugs in the cord,238.0,"246,1,0,0,0,,,,"
239,239,"""Reason 1 The power to the air conditioner is cut off, but the power to the TV or refrigerator is different from the air conditioner",239.0,"247,0,0,0,0,,,,"
240,240,"""Because I turned off the TV and refrigerator""",240.0,"248,0,0,1,0,,,,"
241,241,I don't understand.,241.0,"249,0,0,0,0,,,,"
242,242,"The air conditioner was overheated, so I turned it off",242.0,"250,0,0,0,0,,,,"
243,243,"""The electricity goes to the air conditioner and heats up, but the rest of me can't",243.0,"251,0,0,0,0,,,,"
244,244,,244.0,"252,0,0,0,0,,,,"
245,245,,245.0,"253,0,0,0,0,,,,"
246,246,,246.0,"254,0,0,1,0,,,,"
247,247,,247.0,"255,1,0,0,0,,,,"
248,248,"""",248.0,"256,0,0,0,0,,,,"
249,249,I brought electricity to other things,249.0,"257,0,0,0,0,,,,"
250,250,"This is because the current of the air conditioner was used a lot, but the current of other goods was not used a lot.",250.0,"258,0,0,0,0,,,,"
251,251,"If you use a lot of electricity, other machines get hot, but the air conditioner gets hot quickly because it has a lot of electricity, and it is turned off because it is used more than electricity",251.0,"259,1,0,0,0,,,,"
252,252,"TV, refrigerator, etc. are not used above the amount of energy.Because the amount of electricity flows is different,",252.0,"260,0,0,0,0,,,,"
253,253,"The first seems to be because air conditioners have more electricity than TVs and refrigerators.   Second, I think it is because I use TV or internal computer more than air conditioner.",253.0,"261,0,0,0,0,,,,"
254,254,"""",254.0,"262,1,0,0,0,,,,"
255,255,I think it's a coincidence,255.0,"263,0,0,1,0,,,,"
256,256,It's in parallel,256.0,"264,1,0,0,0,,,,"
257,257,I think this is because air conditioners have more electricity than TVs and refrigerators.,257.0,"265,1,0,0,0,,,,"
258,258,"It seems to be because even if it is the same outlet, only the air conditioner was used more than the amount of electricity.""",258.0,"266,0,0,0,0,,,,"
259,259,I think the air conditioner is overloaded and only the air conditioner is turned off,259.0,"267,0,0,0,0,,,,"
260,260,Because the electricity in the cord is different,260.0,"268,0,0,0,0,,,,269,1,0,0,0,,,,"
261,261,Because it's in parallel.,261.0,"270,0,0,0,0,,,,"
262,262,I don't understand.,262.0,"271,1,0,0,0,,,,"
263,263,Only the air conditioner is overloaded,263.0,"272,1,0,0,0,,,,"
264,264,I don't know.,264.0,"273,1,0,0,0,,,,"
265,265,There's a problem with the air conditioner,265.0,"274,0,0,0,0,,,,"
266,266,My knowledge is not up to there,266.0,"275,1,0,0,0,,,,"
267,267,There's a lot of electricity that the air conditioner eats? Didn't it turn off first?  Do TV and refrigerators eat less electricity than air conditioners? I think so.,267.0,"276,0,0,0,0,,,,"
268,268,"The AC used a lot of power, so the rest of the members had a lot of electricity",268.0,"277,1,0,0,0,,,,"
269,269,"Since electronic products used more than the amount of electricity were only air conditioners, even if they were connected to codes such as TVs and refrigerators, it seems that only the air conditioners, which are the cause of the problem, were turned off.",269.0,"278,1,0,0,0,,,,"
270,270,I turned it on and off one by one by one by one by one It's a power outlet. (Because it's connected in parallel?),270.0,"279,1,0,0,0,,,,"
271,271,I'm taking out the cord,271.0,"280,1,0,0,0,,,,"
272,272,I don't know,272.0,"281,1,0,0,0,,,,"
273,273,I don't know,273.0,"282,1,0,0,0,,,,"
274,274,It's in a parallel structure,274.0,"283,1,0,0,0,,,,"
275,275,I don't know,275.0,"284,1,0,0,0,,,,"
276,276,I don't know,276.0,"285,1,0,0,0,,,,"
277,277,connected in parallel,277.0,"286,1,0,0,0,,,,"
278,278,Only the air conditioner stopped working because of the electricity of the air conditioner,278.0,"287,1,0,0,0,,,,"
279,279,Because the electronics were connected in parallel,279.0,"288,1,0,0,0,,,,"
280,280,It's because it's connected in parallel,280.0,"289,1,0,0,0,,,,"
281,281,Don't know,281.0,"290,1,0,0,0,,,,"
282,282,I don't know,282.0,"291,1,0,0,0,,,,"
283,283,I don't know.,283.0,"292,1,0,0,0,,,,"
284,284,It is connected in parallel and does not turn off.,284.0,"293,0,0,0,0,,,,"
285,285,I don't know.,285.0,"294,1,0,0,0,,,,"
286,286,Because it was connected in parallel.,286.0,"295,0,0,0,0,,,,"
287,287,"It is connected in parallel, so even if one is turned off, the other is not turned off.",287.0,"296,0,0,0,0,,,,"
288,288,Parallel connection of circuits,288.0,"297,0,0,0,0,,,,"
289,289,I don't know.,289.0,"298,1,0,0,0,,,,299,1,0,0,0,,,,"
290,290,Parallel connection,290.0,"300,1,0,0,0,,,,"
291,291,I don't know,291.0,"301,0,0,0,1,,,,"
292,292,"If one of the circuits is disconnected because it is connected in parallel, there is electricity flowing through the other",292.0,"302,0,0,0,1,,,,"
293,293,"Since the battery is connected in parallel, the battery may be disconnected independently.",293.0,"303,0,0,0,0,,,,"
294,294,"It's connected in parallel, so the current flows separately",294.0,"304,0,0,0,1,,,,"
295,295,Because other electronics are connected in parallel,295.0,"305,0,0,0,1,,,,"
296,296,This is because an outlet connects each electrical device in parallel.,296.0,"306,0,0,0,1,,,,"
297,297,It is because of the parallel connection.,297.0,"307,0,0,0,0,,,,"
298,298,"Because electronics are connected in parallel, other electronics are maintained even if one connection is lost.",298.0,"308,0,0,0,0,,,,"
299,299,Because electronics were connected in parallel.,299.0,"309,0,0,1,0,,,,"
300,300,Because it is connected in parallel.,300.0,"310,0,0,1,0,,,,"
301,301,"At home, electronics are connected by parallel connections, so one turns off does not turn off everything.",301.0,"311,0,0,0,0,,,,"
302,302,It's in parallel,302.0,"312,0,0,0,0,,,,"
303,303,Because it is connected by parallel connection.,303.0,"313,0,0,0,1,,,,"
304,304,"This is because it is connected in parallel, not in series.",304.0,"314,0,0,0,0,,,,"
305,305,Parallel connection,305.0,"315,0,0,0,1,,,,"
306,306,Parallel connection,306.0,"316,0,0,0,1,,,,"
307,307,Because it is connected in parallel.,307.0,"317,0,0,0,1,,,,"
308,308,It's easy to see the difference between series and parallel.,308.0,"318,0,0,0,0,,,,"
309,309,Because of the parallel connection,309.0,"319,0,0,0,1,,,,"
310,310,I don't know,310.0,"320,0,0,1,0,,,,"
311,311,the difference between parallel and series,311.0,"321,0,0,1,0,,,,"
312,312,This is because each outlet of the multi-tap is not simple to each other.,312.0,"322,0,0,0,1,,,,"
313,313,Because it's connected in parallel.,313.0,"323,0,0,0,0,,,,"
314,314,It's in parallel,314.0,"324,1,0,0,0,,,,"
315,315,"""Parallel structure",315.0,"325,0,0,0,0,,,,"
316,316,".""",316.0,"326,0,1,0,0,,,,"
317,317,This is because it only stopped the power of the air conditioner.,317.0,"327,1,0,0,0,,,,"
318,318,Because they just shut down the power of the air conditioner,318.0,"328,0,0,0,0,,,,329,0,0,0,0,,,,"
319,319,"This is because it was connected to the same code, but only the power of the air conditioner outlet was excessively.",319.0,"330,0,0,0,0,,,,"
320,320,Because it stopped the power of the air conditioner,320.0,"331,0,0,0,0,,,,"
321,321,It's because the power of the air conditioner stopped,321.0,"332,0,0,0,0,,,,"
322,322,Because it stopped the power of the air conditioner,322.0,"333,0,1,0,0,,,,"
323,323,He's good at electricity,323.0,"334,0,0,0,0,,,,"
324,324,Because there are many electronic products,324.0,"335,0,0,0,0,,,,"
325,325,"This is because it is only one air conditioner that is used more than the amount of electricity, and even if it is in the same outlet, other electronic products were not used more than the amount of electricity.",325.0,"336,0,0,0,0,,,,"
326,326,This is because the air conditioner consumes too much electricity flowing through the cord connected to the air conditioner.,326.0,"337,0,0,0,0,,,,"
327,327,"Even if it's in the same code, it's possible if the power is off",327.0,"338,0,0,0,0,,,,"
328,328,"Excessive use of current is air conditioning, and the cord on the air conditioning is not damaged, so it has nothing to do with failing the same outlet and turning off the air conditioning.",328.0,"339,0,0,0,0,,,,"
329,329,This is because only the power of the air conditioner has been stopped.,329.0,"340,0,0,0,0,,,,"
330,330,Don't know,330.0,"341,0,0,0,0,,,,"
331,331,"This is because if the power exceeds a certain amount in the code, only the power of the object is cut off.",331.0,"342,0,0,0,0,,,,"
332,332,It's because only the power of the air conditioner stopped,332.0,"343,0,0,1,0,,,,"
333,333,"This is because if the power exceeds a certain amount in the code, only the power of the object is cut off.",333.0,"344,0,0,0,0,,,,"
334,334,This is because many electronics are connected.,334.0,"345,0,0,0,0,,,,"
335,335,"This is because if the code exceeds a certain power, only the power of the object was cut off.",335.0,"346,0,1,0,0,,,,"
336,336,"""Because the air conditioner was overheated and only the air conditioner was turned off",336.0,"347,0,0,0,0,,,,"
337,337,"""",337.0,"348,0,0,0,0,,,,"
338,338,"The air conditioner was turned off because it used more than the amount of electricity, but other home appliances did not use more than the amount of power",338.0,"349,0,0,0,0,,,,"
339,339,"This is because if the power exceeds a certain level in the code, only the power of the object was cut off.",339.0,"350,0,0,1,0,,,,"
340,340,This is because it is possible if the power is turned off even if it is in the same code.,340.0,"351,0,0,0,0,,,,"
341,341,The power outlets are connected in parallel,341.0,"352,0,0,1,0,,,,"
342,342,Because a lot of electronics are connected,342.0,"353,0,0,0,0,,,,"
343,343,It's connected to the air conditioner separately,343.0,"354,0,0,0,0,,,,"
344,344,"Because they are connected in parallel, they are all used independently at the same voltage. Because of this, one electronics is used more than the amount of power, so even if the power is turned off, the other electronics do not turn off.",344.0,"355,0,0,0,0,,,,"
345,345,M and D,345.0,"356,1,0,0,0,,,,"
346,346,There's electricity for the air conditioner,346.0,"357,0,1,0,0,,,,"
347,347,It's crazy,347.0,"358,0,0,0,0,,,,359,0,0,1,0,,,,"
348,348,I don't know,348.0,"360,0,0,0,0,,,,"
349,349,I don't understand.,349.0,"361,0,0,0,1,,,,"
350,350,This is because air conditioners and other electronics have different currents.,350.0,"362,1,0,0,0,,,,"
351,351,I don't understand.,351.0,"363,1,0,0,0,,,,"
352,352,I don't understand.,352.0,"364,1,0,0,0,,,,"
353,353,I don't understand.,353.0,"365,1,0,0,0,,,,"
354,354,M and D,354.0,"366,1,0,0,0,,,,"
355,355,I don't know,355.0,"367,1,0,0,0,,,,"
356,356,I don't understand.,356.0,"368,1,1,0,0,,,,"
357,357,I don't understand.,357.0,"369,1,0,0,0,,,,"
358,358,I don't know,358.0,"370,1,0,0,0,,,,"
359,359,I don't know.,359.0,"371,1,0,0,0,,,,"
360,360,I turned it on too much. I didn't save electricity,360.0,"372,1,0,0,0,,,,"
361,361,"Only the circuit in the air conditioner was broken, so the circuit in the outlet was not broken.",361.0,"373,1,0,0,0,,,,"
362,362,Because of standby power,362.0,"374,1,0,0,0,,,,"
363,363,"Because the amount of current flowing to each other is different,",363.0,"375,0,0,0,0,,,,"
364,364,I don't understand.,364.0,"376,0,0,0,0,,,,"
365,365,I don't know.,365.0,"377,0,0,0,0,,,,"
366,366,I don't know,366.0,"378,0,0,0,0,,,,"
367,367,It seems to use up all the available electricity to help.,367.0,"379,0,0,1,0,,,,"
368,368,Air conditioners and other electronics have different amounts of electricity,368.0,"380,0,1,0,0,,,,"
369,369,"The air conditioner exceeded the amount of electricity available, so only the air conditioner was de-loaded and turned off",369.0,"381,0,0,0,0,,,,"
370,370,by natural causes,370.0,"382,0,0,1,0,,,,"
371,371,There seems to be no problem with the concept because there is a problem with the air conditioner. That's why the other electronics didn't turn off.,371.0,"383,0,0,0,1,,,,"
372,372,I don't understand.,372.0,"384,0,0,0,0,,,,"
373,373,"The electrical structure is connected in parallel, so unlike the series where everything else is turned off when one is turned off, the other does not turn off",373.0,"385,0,0,0,0,,,,"
374,374,"They're plugged into the same outlet, but because the current is dictating electricity to different places?",374.0,"386,0,1,0,0,,,,"
375,375,M and D,375.0,"387,1,0,0,0,,,,"
376,376,"The outlet is responsible for supplying power, and the air conditioner is overused, so the air conditioner is turned off because of the burden, and the rest is not turned off because the outlet is used in an appropriate amount",376.0,"388,0,0,0,0,,,,389,1,0,0,0,,,,"
377,377,Combine the + and -,377.0,"390,1,0,0,0,,,,"
378,378,This is because power is cut off only in air conditioners.,378.0,"391,0,0,0,0,,,,"
379,379,This is because household electrical appliances are connected in parallel.,379.0,"392,0,0,1,0,,,,"
380,380,This is because it supplies power by using parallel connections. If a direct current connection has been made (devastated),380.0,"393,0,1,0,0,,,,"
381,381,Distribution of current through parallel connection ㄱㅅ,381.0,"394,0,0,0,0,,,,"
382,382,"Since circuits of electronic products are connected in parallel, even if a problem occurs in one circuit, there is no problem with products in the other circuit.",382.0,"395,0,0,0,0,,,,"
383,383,It's a parallel connection.,383.0,"396,0,0,0,0,,,,"
384,384,"Although there is an advantage that the power of other electronic products is not turned off even if the power of the air conditioner is turned off because it is connected in parallel rather than in series, the power strength is weaker than in series connection.",384.0,"397,0,0,0,0,,,,"
385,385,It's a parallel connection that divides the current and supplies it,385.0,"398,0,0,0,0,,,,"
386,386,"Electrical appliances are connected in a parallel structure to apply a constant voltage, but they are connected as one to prevent the electricity supply from being cut off.",386.0,"399,0,0,0,0,,,,"
387,387,"When using electricity at home, electricity is supplied in parallel, so even if one home appliance is turned off, other home appliance can continue to be supplied with electricity.",387.0,"400,0,0,1,0,,,,"
388,388,"Because electrical outlets are connected in parallel, if only the over-electric air conditioner is stopped, electricity can be kept from flowing excessively and other electronic products can be maintained.",388.0,"401,0,0,0,0,,,,"
389,389,"This is because not all the circuits in the outlet are tied together. In other words, it is connected in parallel.",389.0,"402,1,0,0,0,,,,"
390,390,"Because electronic products are connected in parallel to one wire, even if no current flows through one electronic product, it does not affect other electronic products.",390.0,"403,0,0,0,0,,,,"
391,391,"This is because air conditioners and other electronics are supplied with electricity in a parallel structure, so even if the electricity supply to one product is blocked, the electricity supply to other products is not blocked.",391.0,"404,0,0,0,0,,,,"
392,392,What is this?,392.0,"405,0,0,0,1,,,,"
393,393,I don't know.,393.0,"406,1,0,0,0,,,,"
394,394,I don't know because the AC cord is off?,394.0,"407,0,0,0,0,,,,"
395,395,I don't know,395.0,"408,0,0,1,0,,,,"
396,396,I think it's broken because it's overheated because one is overdone,396.0,"409,0,0,0,0,,,,"
397,397,"Well, the location of the electricity is different",397.0,"410,0,0,0,0,,,,"
398,398,I don't know.,398.0,"411,0,0,0,0,,,,"
399,399,"""Because connecting to one cord consumes a lot of energy",399.0,"412,0,0,0,0,,,,"
400,400,"""",400.0,"413,0,0,0,0,,,,"
401,401,"Because there is a fuse even if the air conditioner is turned off, other electronic products do not turn off.",401.0,"414,0,0,0,0,,,,"
402,402,The reason why the air conditioner is turned off is because of the excessive use of air conditioner,402.0,"415,0,0,0,0,,,,"
403,403,I don't understand.,403.0,"416,0,0,0,0,,,,"
404,404,The place where the current flows is different,404.0,"417,0,0,0,0,,,,"
405,405,"""Because electronics are connected in parallel, even if one electronics is turned off,",405.0,"418,0,1,0,0,,,,419,0,0,0,0,,,,"
406,406,"Other electronics do not turn off (parallel connections are connected to poles of the same current). As explained by the electrical circuit, the bulb does not turn off even if one battery is not connected.)""",406.0,"420,0,0,0,0,,,,"
407,407,The electricity is weird,407.0,"421,0,0,1,0,,,,"
408,408,"The air conditioner, TV, refrigerator, etc. are connected in parallel, so it doesn't turn off.",408.0,"422,0,0,1,0,,,,"
409,409,"Because the air conditioner and other electronics are connected in parallel,",409.0,"423,0,0,0,0,,,,"
410,410,in the air conditioner,410.0,"424,0,0,0,0,,,,"
411,411,I used the air conditioner too much,411.0,"425,1,0,0,0,,,,"
412,412,Because it's a different outlet,412.0,"426,0,0,0,0,,,,"
413,413,I don't know,413.0,"427,0,0,0,0,,,,"
414,414,I don't know.,414.0,"428,0,0,1,0,,,,"
415,415,I don't need a lot of electricity.,415.0,"429,0,0,0,0,,,,"
416,416,"It's not that the air conditioner is off, it's that the person turned off the power",416.0,"430,1,0,0,0,,,,"
417,417,Let's plug it in somewhere else instead of course,417.0,"431,1,0,0,0,,,,"
418,418,"The codes are the same, but... Uh... I don't know",418.0,"432,1,0,0,0,,,,"
419,419,"""Encounters have been overrun by more than the amount of electricity",419.0,"433,1,0,0,0,,,,"
420,420,"The other thing is that it doesn't go too much.""",420.0,"434,1,0,0,0,,,,"
421,421,"This is the same principle that if the surface temperature rises to 90 degrees with a smart charger inserted, only the smartphone will be turned off, not other electronic devices.  Therefore, the reason why other electronic products such as TVs and refrigerators that were connected to the same outlet did not turn off was because they only used air conditioners excessively.",421.0,"435,1,0,0,0,,,,"
422,422,This is because air conditioners and other electronics are connected in parallel.,422.0,"436,1,0,0,0,,,,"
423,423,There are several wires in the cord,423.0,"437,1,0,0,0,,,,"
424,424,The air conditioner is bleeding too much,424.0,"438,0,0,0,0,,,,"
425,425,The device that cuts itself off for safety has been cut off due to a lot of current.,425.0,"439,0,0,0,0,,,,"
426,426,The TV and refrigerator did not turn off by connecting wires in parallel.,426.0,"440,0,0,1,0,,,,"
427,427,call a person in,427.0,"441,0,0,0,0,,,,"
428,428,"""It's about generating electricity",428.0,"442,0,0,0,0,,,,"
429,429,"""",429.0,"443,1,0,0,0,,,,"
430,430,Turn off the electronics and use up the power,430.0,"444,0,0,1,0,,,,"
431,431,It's far away,431.0,"445,0,0,0,0,,,,"
432,432,I think a cool head is good.,432.0,"446,1,1,0,0,,,,"
433,433,Don't know,433.0,"447,0,1,0,0,,,,"
434,434,Hugging the right contender,434.0,"448,0,0,0,0,,,,449,1,0,0,0,,,,"
435,435,I don't know,435.0,"450,1,0,0,0,,,,"
436,436,show off one's wire cord,436.0,"451,0,0,0,0,,,,"
437,437,",",437.0,"452,1,1,0,0,,,,"
438,438,"The cord is broken, so the electricity keeps going on",438.0,"453,1,0,0,0,,,,"
439,439,"Even if it's the same chord, the concert is different",439.0,"454,1,0,1,0,,,,"
440,440,"Wire cord pulled out, electrical control blocked only that place.",440.0,"455,1,0,0,0,,,,"
441,441,Only the air conditioner is broken,441.0,"456,1,0,0,0,,,,"
442,442,The air conditioner consumed so much power that the air conditioner went over to the average current shift that only the air conditioner was turned off and nothing else was turned off.,442.0,"457,1,0,0,0,,,,"
443,443,Automatically turned off due to excessive current,443.0,"458,1,0,0,0,,,,"
444,444,I don't know.,444.0,"459,1,0,0,0,,,,"
445,445,I use a lot of electricity with air conditioning,445.0,"460,1,0,0,0,,,,"
446,446,in parallel,446.0,"461,1,0,0,0,,,,"
447,447,"Using electricity with a lot of air conditioning,",447.0,"462,0,0,0,0,,,,"
448,448,socket,448.0,"463,1,0,0,0,,,,"
449,449,It's because I used one for a long time and overheated,449.0,"464,1,0,0,0,,,,"
450,450,My knowledge is not up to there,450.0,"465,0,0,1,0,,,,"
451,451,in parallel,451.0,"466,1,0,0,0,,,,"
452,452,in parallel,452.0,"467,0,0,0,0,,,,"
453,453,Because it was connected in parallel.,453.0,"468,1,0,0,0,,,,"
454,454,The voltage applied to the instruments in parallel is constant,454.0,"469,0,0,0,0,,,,"
455,455,in parallel,455.0,"470,0,0,0,0,,,,"
456,456,It is an electronic device connected in parallel.,456.0,"471,1,0,0,0,,,,"
457,457,"The air conditioner and other products are connected in parallel, not in series, so even if the air conditioner is turned off, other products are not turned off",457.0,"472,0,0,0,0,,,,"
458,458,"Because the electrical cords in the home are connected in parallel, even if one electrical device is turned off, the other is fine.",458.0,"473,1,0,0,0,,,,"
459,459,I don't know. Smooze,459.0,"474,1,0,0,0,,,,"
460,460,I don't know,460.0,"475,0,0,0,0,,,,"
461,461,It's overloaded inside the air conditioner,461.0,"476,0,0,0,0,,,,"
462,462,I don't know.,462.0,"477,0,0,0,0,,,,"
463,463,I don't know,463.0,"478,0,0,0,0,,,,479,0,0,0,1,,,,"
464,464,"Using parallel connections, the air conditioner was turned off, but others seemed to be kept off.",464.0,"480,1,0,0,0,,,,"
465,465,Air conditioners consume more electricity,465.0,"481,0,0,0,1,,,,"
466,466,It is because only the outlet of the air conditioner is missing.,466.0,"482,0,0,0,0,,,,"
467,467,"Because parallel connections are electrified in many places at the same time, other electronic products continue to be connected even when the air conditioner is turned off",467.0,"483,0,0,0,0,,,,"
468,468,"This is because current flows through different batteries, not the same current for air conditioners, refrigerators, and TVs.",468.0,"484,0,0,0,0,,,,"
469,469,This is because air conditioners absorb electricity the most.,469.0,"485,0,0,1,0,,,,"
470,470,The electronics are connected in parallel.,470.0,"486,0,0,0,0,,,,"
471,471,This is because electronics are connected by parallel connection method.,471.0,"487,1,0,0,0,,,,"
472,472,I don't know.,472.0,"488,0,0,1,0,,,,"
473,473,"Parallel connections have electricity flowing in many places, because serial connections do not have electricity flowing here",473.0,"489,0,1,0,0,,,,"
474,474,Parallel connection,474.0,"490,0,0,0,0,,,,"
475,475,Because the air conditioner was overheated due to excessive current flow.,475.0,"491,0,1,0,0,,,,"
476,476,"Unlike air conditioners, all electronics are connected in series.",476.0,"492,0,0,0,0,,,,"
477,477,"Unlike air conditioners, refrigerators and televisions are not used excessively, so current flows normally to televisions and refrigerators",477.0,"493,0,0,0,0,,,,"
478,478,"""",478.0,"494,0,1,0,0,,,,"
479,479,I don't know,479.0,"495,1,0,0,0,,,,"
480,480,I don't know.,480.0,"496,0,0,0,0,,,,"
481,481,I don't know.,481.0,"497,0,0,0,0,,,,"
482,482,I don't know.,482.0,"498,0,0,0,0,,,,"
483,483,Because home appliances are connected in parallel,483.0,"499,1,0,0,0,,,,"
484,484,.,484.0,"500,0,0,0,0,,,,"
485,485,It's a parallel connection,485.0,"501,1,0,0,0,,,,"
486,486,Because it's a parallel connection,486.0,"502,0,0,0,0,,,,"
487,487,The air conditioner takes a lot of electricity,487.0,"503,1,0,0,0,,,,"
488,488,It's in parallel,488.0,"504,0,0,0,0,,,,"
489,489,I don't know.,489.0,"505,1,1,0,0,,,,"
490,490,It's a parallel connection,490.0,"506,1,0,0,0,,,,"
491,491,I don't know.,491.0,"507,1,0,0,0,,,,"
492,492,The air conditioner takes up too much electricity,492.0,"508,1,0,1,0,,,,509,0,0,0,0,,,,"
493,493,It is because of the parallel connection structure.,493.0,"510,0,0,0,0,,,,"
494,494,The AC has too much electricity,494.0,"511,0,0,1,0,,,,"
495,495,It's connected in parallel,495.0,"512,1,0,0,0,,,,"
496,496,"Home appliances are usually connected in parallel, so even if one is broken, the rest is possible.",496.0,"513,0,0,0,0,,,,"
497,497,I don't know,497.0,"514,0,0,0,0,,,,"
498,498,I don't know,498.0,"515,0,0,1,0,,,,"
499,499,I don't know.,499.0,"516,0,0,0,0,,,,"
500,500,I don't know.,500.0,"517,0,0,0,0,,,,"
501,501,"I think when the circuit breaker fell, all the electricity in the house would have gone out or a plug bite like a refrigerator or a computer would have gone out.",501.0,"518,0,0,0,0,,,,"
502,502,It's connected in parallel,502.0,"519,0,0,1,0,,,,"
503,503,"I think the electricity in the house would have gone out when the breaker fell, or a plug bite like a refrigerator or a computer would have gone out.",503.0,"520,0,0,0,0,,,,"
504,504,This is because there is a limit to electricity and the amount of electricity is not supposed to affect it while other electricity and electricity are connected.,504.0,"521,1,0,0,0,,,,"
505,505,Don't know,505.0,"522,0,0,0,0,,,,"
506,506,None.,506.0,"523,1,0,0,0,,,,"
507,507,Overheating,507.0,"524,0,0,0,0,,,,"
508,508,I don't know.,508.0,"525,1,0,0,0,,,,"
509,509,It is because of the parallel connection.,509.0,"526,0,0,0,0,,,,"
510,510,It's overheating,510.0,"527,0,0,0,0,,,,"
511,511,It's because electricity is flowing.,511.0,"528,0,0,0,0,,,,"
512,512,I don't know.,512.0,"529,0,0,0,0,,,,"
513,513,Because the current is divided and cloudy,513.0,"530,0,0,0,0,,,,"
514,514,"It's connected in series, and all the power is consumed by the previous device",514.0,"531,0,0,0,0,,,,"
515,515,Because electronics have standby power,515.0,"532,0,0,0,0,,,,"
516,516,"""The current is different",516.0,"533,1,0,0,0,,,,"
517,517,"""",517.0,"534,0,0,0,0,,,,"
518,518,"It's not a direct current, it's used in parallel.",518.0,"535,0,0,0,0,,,,"
519,519,I don't know,519.0,"536,0,0,0,0,,,,"
520,520,I'm not sure,520.0,"537,0,0,0,0,,,,"
521,521,using alternating current,521.0,"538,0,0,0,0,,,,539,0,0,0,0,,,,"
522,522,Because it is connected in parallel.,522.0,"540,0,0,1,0,,,,"
523,523,Air conditioning only,523.0,"541,0,0,0,0,,,,"
524,524,"This is because the octopus foot cord has a parallel structure in which current is connected, so even if the power of the air conditioner is cut off, power is not cut off for other electronic products.",524.0,"542,0,0,0,0,,,,"
525,525,"It is not that power was not supplied to the same outlet, but because the air conditioner was not supplied with power, the air conditioner was turned off, and electronic products connected to the same outlet were not turned off.",525.0,"543,0,1,0,0,,,,"
526,526,Because it's a parallel connection,526.0,"544,0,0,0,0,,,,"
527,527,It does not affect other products because it does not flow too much from the code but from the plug of the electronics,527.0,"545,0,0,0,0,,,,"
528,528,"Because electrical products are connected in parallel, even if one circuit is cut off, it does not turn off because current flows to the other circuit.",528.0,"546,0,0,0,0,,,,"
529,529,"This is because electricity does not work on only one electronic product, but acts in parallel with several electronic products.",529.0,"547,1,0,0,0,,,,"
530,530,"It was connected to the same outlet, but it was not connected in series and was connected in parallel, so it did not affect each other.",530.0,"548,1,0,0,0,,,,"
531,531,"Electronics are connected in parallel, so even if one electronics is disconnected due to excessive current flow, current flows in the other electronics.",531.0,"549,0,0,0,0,,,,"
532,532,I don't know,532.0,"550,0,0,1,0,,,,"
533,533,What's the difference between an air conditioner?,533.0,"551,0,0,0,0,,,,"
534,534,I don't know. Maybe the amount of power that the air conditioner turned off wasn't that much for other electronics.,534.0,"552,0,0,0,0,,,,"
535,535,Because it's connected in parallel,535.0,"553,0,0,0,0,,,,"
536,536,I don't know.,536.0,"554,1,0,0,0,,,,"
537,537,The air conditioner uses the most electrical current,537.0,"555,0,0,0,0,,,,"
538,538,Only that part is overloaded and the power is turned off,538.0,"556,1,0,0,0,,,,"
539,539,I don't know.,539.0,"557,0,1,0,0,,,,"
540,540,Because it is made up of series.,540.0,"558,0,0,0,0,,,,"
541,541,The AC turned off when the AC was on,541.0,"559,0,0,0,0,,,,"
542,542,The air conditioner used so much power that it was the only one that didn't turn on,542.0,"560,0,0,0,0,,,,"
543,543,I don't know.,543.0,"561,0,0,0,0,,,,"
544,544,"Because electricity was connected in parallel, only one electronic device turned off electricity",544.0,"562,0,0,0,0,,,,"
545,545,I'll change it,545.0,"563,0,0,0,0,,,,"
546,546,Parallel connection,546.0,"564,0,0,0,0,,,,"
547,547,It seems that other products can use high power.,547.0,"565,1,0,0,0,,,,"
548,548,It's in parallel,548.0,"566,1,0,0,0,,,,"
549,549,"Yes, ^___^",549.0,"567,0,0,0,0,,,,"
550,550,Each member has a different amount of current,550.0,"568,0,0,0,0,,,,569,1,0,0,0,,,,"
551,551,Kkyu,551.0,"570,0,1,0,0,,,,"
552,552,M and D,552.0,"571,0,0,0,0,,,,"
553,553,Hall,553.0,"572,0,0,0,0,,,,"
554,554,I have no idea.,554.0,"573,0,0,0,0,,,,"
555,555,There's more electricity in the air conditioner than other products,555.0,"574,0,0,0,0,,,,"
556,556,Use a parallel method.,556.0,"575,0,0,0,0,,,,"
557,557,1,557.0,"576,0,0,0,0,,,,"
558,558,"The electricity supplied to the household is alternating current, so even if one side of the electricity is cut off, the current in the other side continues to flow",558.0,"577,1,0,0,0,,,,"
559,559,1,559.0,"578,1,0,0,0,,,,"
560,560,Kim Byung-ryul,560.0,"579,1,0,0,0,,,,"
561,561,"ㅅ;;ㅣ;;ㅇ-;-a, ㄴ고",561.0,"580,0,0,1,0,,,,"
562,562,I don't know,562.0,"581,0,0,0,0,,,,"
563,563,"When an electronic device is overloaded, the overburden is determined within the product so that the outlet does not explode first",563.0,"582,1,0,0,0,,,,"
564,564,Circuit parallel is different,564.0,"583,0,0,0,0,,,,"
565,565,I have no idea.,565.0,"584,1,0,0,0,,,,"
566,566,It's connected separately,566.0,"585,1,0,0,0,,,,"
567,567,I don't know,567.0,"586,1,0,0,0,,,,"
568,568,I don't know.,568.0,"587,1,0,0,0,,,,"
569,569,I don't know.,569.0,"588,0,1,0,0,,,,"
570,570,This is because the components of electronics are connected in parallel.,570.0,"589,1,0,0,0,,,,"
571,571,Because it is connected in parallel.,571.0,"590,0,0,1,0,,,,"
572,572,I don't remember ㅇㅅㅇ,572.0,"591,0,1,0,0,,,,"
573,573,"The current was flowing in direct current and overloaded by the current connected to the air conditioner, so the air conditioner was turned off, while other electronic products worked well because the current was flowing normally",573.0,"592,0,0,1,0,,,,"
574,574,The air conditioner's wires are disconnected,574.0,"593,1,0,0,0,,,,"
575,575,"Turn off the air conditioner and try again. If not, call the electronics repair company",575.0,"594,0,1,0,0,,,,"
576,576,I don't know.,576.0,"595,1,0,0,0,,,,"
577,577,"It doesn't have to be one thing in parallel, it becomes another",577.0,"596,0,0,1,0,,,,"
578,578,I don't know.,578.0,"597,0,0,0,0,,,,"
579,579,TV and refrigerator are connected in parallel,579.0,"598,0,1,0,0,,,,599,0,1,0,0,,,,"
580,580,Air conditioner and TV have different current,580.0,"600,0,0,0,0,,,,"
581,581,Only electronic devices that use the most electricity turn off,581.0,"601,0,1,0,0,,,,"
582,582,There's something wrong with the fridge,582.0,"602,1,0,0,0,,,,"
583,583,..,583.0,"603,1,0,0,0,,,,"
584,584,It's stuck in the socket too,584.0,"604,0,0,0,0,,,,"
585,585,...,585.0,"605,0,1,0,0,,,,"
586,586,.....,586.0,"606,1,0,0,0,,,,"
587,587,The air conditioner's wires are cut off,587.0,"607,1,0,0,0,,,,"
588,588,Only the air conditioner was turned off because of the parallel connection,588.0,"608,1,0,0,0,,,,"
589,589,Only the air conditioner was turned off because of the parallel connection,589.0,"609,0,1,0,0,,,,"
590,590,I don't know.,590.0,"610,0,0,0,0,,,,"
591,591,I don't know.,591.0,"611,1,0,0,0,,,,"
592,592,Because the wires using the air conditioner and the wires using the TV and refrigerator are different.,592.0,"612,0,0,0,0,,,,"
593,593,This is because the wires are connected separately.,593.0,"613,0,0,0,0,,,,"
594,594,I don't know.,594.0,"614,0,0,0,0,,,,"
595,595,The current flowing is connected to the TV and refrigerator,595.0,"615,1,0,0,0,,,,"
596,596,I'm turning it off,596.0,"616,1,0,0,0,,,,"
597,597,You should buy products that consume less electricity,597.0,"617,0,0,0,0,,,,"
598,598,"Yes, I got it",598.0,"618,1,0,0,0,,,,"
599,599,"""It's better to buy low-cost products",599.0,"619,1,0,0,0,,,,"
600,600,"""",600.0,"620,1,0,0,0,,,,"
601,601,Parallel connection,601.0,"621,0,0,0,0,,,,"
602,602,"Even if one path is blocked, electricity flows through the other path",602.0,"622,1,0,0,0,,,,"
603,603,I don't understand.,603.0,"623,0,0,0,0,,,,"
604,604,I used too much electricity,604.0,"624,1,0,0,0,,,,"
605,605,I don't know.,605.0,"625,0,0,0,0,,,,"
606,606,It's in parallel,606.0,"626,1,0,0,0,,,,"
607,607,I don't know.,607.0,"627,0,0,0,0,,,,"
608,608,Parallel connection/,608.0,"628,1,0,0,0,,,,629,1,0,0,0,,,,"
609,609,Parallel connection,609.0,"630,1,0,0,0,,,,"
610,610,"Because it is connected in parallel, it is connected one by one, so even if one is turned off, the other does not turn off",610.0,"631,1,0,0,0,,,,"
611,611,"""It's a parallel connection, so even if the air conditioner is turned off, the TV and other electronics won't turn off",611.0,"632,1,0,0,0,,,,"
612,612,"""",612.0,"633,0,0,0,0,,,,"
613,613,It's connected to a different outlet,613.0,"634,0,0,0,0,,,,"
614,614,It's in parallel,614.0,"635,1,0,0,0,,,,"
615,615,"""1. Electricity flows, but only the air conditioner broke down due to overloading of the air conditioner, so other electronic products still have electricity.""",615.0,"636,0,0,0,0,,,,"
616,616,"2. Insert the outlet into the outlet hole properly, and if there is any electronic device that is not used, it must be removed",616.0,"637,1,0,0,0,,,,"
617,617,"""",617.0,"638,1,0,0,0,,,,"
618,618,"Because current flows from an outlet different from the outlet connected with the air conditioner, the outlet connected with the air conditioner does not flow, but the current flows from the other outlet.",618.0,"639,1,0,0,0,,,,"
619,619,"Too many electronics are plugged into the outlet, so the amount of power flowing through each product is weak.Among them, the air conditioner was turned off because it required more power than the amount of flowing power.",619.0,"640,1,0,0,0,,,,"
620,620,"Because they are not connected in series, but in separate ways.",620.0,"641,0,0,0,0,,,,"
621,621,Because it is connected to other energy unlike air conditioner,621.0,"642,0,0,0,0,,,,"
622,622,It is because of the parallel connection.,622.0,"643,0,1,0,0,,,,"
623,623,The air conditioner seems to have been stopped by the sensor operation of the air conditioner because of too much current,623.0,"644,0,0,0,0,,,,"
624,624,Toad,624.0,"645,0,0,0,0,,,,"
625,625,The roads are different,625.0,"646,0,0,0,0,,,,"
626,626,"The same electricity is connected, but different currents flow",626.0,"647,0,1,0,0,,,,"
627,627,I don't know.,627.0,"648,0,0,0,0,,,,"
628,628,The roads are different,628.0,"649,0,0,1,0,,,,"
629,629,This is because it is connected in a parallel structure that does not lead in one direction.,629.0,"650,0,0,0,0,,,,"
630,630,This is because it is connected in a parallel structure that does not lead in one direction,630.0,"651,0,0,0,0,,,,"
631,631,This is because it is connected to an alignment structure that does not lead in one direction.,631.0,"652,0,0,0,0,,,,"
632,632,"It's not connected in one direction, but it's connected in a military structure",632.0,"653,0,0,0,0,,,,"
633,633,Because they used parallel structures,633.0,"654,0,0,0,0,,,,"
634,634,Because it's connected in parallel,634.0,"655,0,0,0,0,,,,"
635,635,It's because it's connected in parallel,635.0,"656,0,0,0,0,,,,"
636,636,This is because it is connected to a wall structure that does not lead in one direction.,636.0,"657,0,0,0,0,,,,"
637,637,"Connected by alternating current, one disconnect does not cause another to disconnect",637.0,"658,0,0,0,0,,,,659,0,0,0,0,,,,"
638,638,a parallel connection,638.0,"660,0,1,0,0,,,,"
639,639,"Oh, my.",639.0,"661,0,0,0,0,,,,"
640,640,I think it's because of the difference between direct current and exchange.,640.0,"662,0,0,1,0,,,,"
641,641,Let's use a manual-powered bicycle.,641.0,"663,1,0,0,0,,,,"
642,642,Because it was connected in parallel.,642.0,"664,0,1,0,0,,,,"
643,643,It's in parallel.,643.0,"665,1,0,0,0,,,,"
644,644,I don't know.,644.0,"666,1,0,0,0,,,,"
645,645,Because it is connected in parallel.,645.0,"667,1,0,0,0,,,,"
646,646,It's in parallel,646.0,"668,1,1,0,0,,,,"
647,647,This is because electronics are connected in parallel.,647.0,"669,1,0,0,0,,,,"
648,648,There's no joint responsibility for electrical furniture,648.0,"670,1,0,0,0,,,,"
649,649,This is because it is connected by a parallel connection.,649.0,"671,0,0,0,0,,,,"
650,650,I don't know.,650.0,"672,1,0,0,0,,,,"
651,651,Why! It is connected in parallel and does not affect each other.,651.0,"673,1,0,0,0,,,,"
652,652,"This is because electronics are generally connected by alternating current rather than direct current, and each electronics is supplied with electricity",652.0,"674,1,0,0,0,,,,"
653,653,This is because all electronics were connected in a separate series.,653.0,"675,1,0,0,0,,,,"
654,654,I don't know,654.0,"676,0,0,1,1,,,,"
655,655,It doesn't matter if one product is turned off because it is connected in parallel.,655.0,"677,1,0,0,0,,,,"
656,656,Connect in parallel,656.0,"678,1,0,0,0,,,,"
657,657,Because it's connected in parallel!,657.0,"679,0,0,1,0,,,,"
658,658,This is because all of the electricity connected to our home is connected in parallel at 220v.,658.0,"680,1,0,0,0,,,,"
659,659,It is not affected because it is connected in parallel.,659.0,"681,1,0,0,0,,,,"
660,660,I don't know. Why is that?,660.0,"682,0,0,0,0,,,,"
661,661,I don't know.,661.0,"683,1,0,0,0,,,,"
662,662,This is because electricity is installed in parallel structure.,662.0,"684,1,0,0,0,,,,"
663,663,This is because the electronics outlet connection is alternating current.,663.0,"685,1,0,0,0,,,,"
664,664,"Since it was a parallel connection, not a DC connection, one effect does not affect the other.",664.0,"686,0,0,0,0,,,,"
665,665,It's connected in parallel,665.0,"687,0,0,0,0,,,,"
666,666,"Because it is a parallel connection. In the case of serial connection, if the connection of the air conditioner is poor, the following electronic products are also affected, but in the case of parallel connection, the poor air conditioner and the connection status of other electronic products are not related. Therefore, it may be considered that the air conditioner and other electronic products are connected in parallel.",666.0,"688,0,0,0,0,,,,689,0,0,0,0,,,,"
667,667,"Since electronic products in the home are connected in parallel, even if the connection to one wire is cut off, a closed circuit is configured due to the other wire, and thus a current flows.",667.0,"690,0,0,1,0,,,,"
668,668,I only use the air conditioner a lot,668.0,"691,0,0,0,0,,,,"
669,669,"If you plug it into the same cord a lot, the electricity usage will increase and it will turn off",669.0,"692,1,0,0,0,,,,"
670,670,Because electricity flows in other things,670.0,"693,0,0,0,0,,,,"
671,671,I'll put it somewhere else,671.0,"694,0,0,0,0,,,,"
672,672,I don't know.,672.0,"695,0,0,0,0,,,,"
673,673,Air conditioning is turned off only because the amount of air conditioning is different for each instrument,673.0,"696,0,0,1,0,,,,"
674,674,"Although the current of the air conditioner is cut off, other electronic circuits are connected safely and many of them are turned off",674.0,"697,0,0,0,0,,,,"
675,675,"If the electricity goes to 100, the TV goes to 50 and the refrigerator takes 50, the air conditioner goes to 0",675.0,"698,0,0,0,0,,,,"
676,676,I use too much electricity only for the air conditioner,676.0,"699,0,0,0,0,,,,"
677,677,I don't know.,677.0,"700,0,0,0,0,,,,"
678,678,I don't know.T,678.0,"701,0,0,0,0,,,,"
679,679,I don't know,679.0,"702,1,0,0,0,,,,"
680,680,I don't know.,680.0,"703,0,0,0,0,,,,"
681,681,I don't know,681.0,"704,0,0,0,0,,,,"
682,682,I only use the air conditioner a lot,682.0,"705,0,0,0,0,,,,"
683,683,I don't know.,683.0,"706,1,0,0,0,,,,"
684,684,Only things that are different from the ones that have electricity,684.0,"707,0,0,0,1,,,,"
685,685,"There's a stage of electricity, but if you go over that stage, the electricity will be cut off",685.0,"708,1,0,0,0,,,,"
686,686,ㄴ and ㅁ,686.0,"709,0,0,0,0,,,,"
687,687,"It's connected to the same cord, but the electricity flows separately",687.0,"710,1,0,0,0,,,,"
688,688,"""The electricity only flows to the air conditioner, so only the air conditioner cord goes too much.""",688.0,"711,0,0,0,0,,,,"
689,689,"Since there is a shock, there is no impact on other codes, so other products are not turned off.""",689.0,"712,0,0,0,0,,,,"
690,690,Because I used too much electricity,690.0,"713,0,0,0,1,,,,"
691,691,"The air conditioner was turned off because it was connected in parallel, but other products seem to have not been turned off.",691.0,"714,0,0,0,0,,,,"
692,692,"Electricity comes from power plants, passes through power towers, enters homes, and as we learned in science class, electricity is distributed separately, so even if the air conditioner is turned off, something else can be turned on",692.0,"715,0,0,1,0,,,,"
693,693,Why! It is connected in parallel and does not affect each other.,693.0,"716,0,0,0,0,,,,"
694,694,Because electronics are all connected in parallel,694.0,"717,0,0,0,0,,,,"
695,695,"Electronics are usually connected in parallel, so even if one power is cut off, there is no effect on the other.",695.0,"718,0,0,0,0,,,,719,0,0,0,0,,,,"
696,696,"They are connected in parallel to prevent them from turning off altogether, which is weaker than the power series, but continues to flow to other places even if one place is cut off.",696.0,"720,0,0,0,0,,,,"
697,697,Because electronics are connected in parallel,697.0,"721,0,0,0,0,,,,"
698,698,"Because electronics were connected in parallel, other electronics did not turn off even though one electronics connected to the same code was turned off.",698.0,"722,0,0,0,0,,,,"
699,699,I don't know ㅇㅅㅇ,699.0,"723,0,0,0,0,,,,"
700,700,"When connecting electronic products, the resulting pre-products did not turn off because they were connected in parallel rather than in series.",700.0,"724,0,0,0,0,,,,"
701,701,"Each electronics is connected in parallel so that electricity can flow in the other direction even if one side is cut off, so other electronics can operate even if the air conditioner is turned off.",701.0,"725,0,0,0,0,,,,"
702,702,"This is because electronics are connected in parallel. When connected in series, current moves to one outlet, so other electronics will be turned off when air conditioners are connected to the outlet in parallel, but when connected in parallel, current flows separately, so other electronics will not be turned off even if the air conditioner is turned off.",702.0,"726,0,0,0,0,,,,"
703,703,"It flows in parallel, and even if one circuit is cut off, current flows.",703.0,"727,0,0,0,0,,,,"
704,704,The sensor in the air conditioner detects excessive power and turns off the power in the air conditioner before a major problem occurs,704.0,"728,0,0,0,0,,,,"
705,705,"Electricity is generated from the flow of electrons. However, electronic components in the home are connected in parallel. Therefore, even if one electronics is turned off to block the movement of electrons, electrons still flow to the other electronics, so the power is not turned off.",705.0,"729,0,0,0,0,,,,"
706,706,"Most of the appliances we use are connected in parallel. Unlike serial connections that connect multiple electronic products to one through one wire, each electronic product is connected through a different wire, so other electronic products are not greatly affected even if a problem occurs in one electronic product.",706.0,"730,0,0,0,0,,,,"
707,707,"This is because other electronics other than air conditioners were not used above the amount of electricity. Electronics are all connected to the same outlet, but it doesn't matter if the air conditioner uses too much power because the outlet carries the same current to each outlet hole.",707.0,"731,0,0,0,0,,,,"
708,708,"The method of connecting electronics is serial connection to one wire, and parallel connection to several paths. In a given situation, if the electronics are connected in parallel, there is no problem with the code connected by other electronics.",708.0,"732,0,0,0,0,,,,"
709,709,"Since it's connected in parallel,",709.0,"733,0,0,0,0,,,,"
710,710,-,710.0,"734,0,0,0,0,,,,"
711,711,"All the electronics used in everyday life are connected in parallel with the outlet. Therefore, the current supplied to all electronics is supplied to each of them, so even if the air conditioner grows, the other electronics do not turn off",711.0,"735,0,0,0,0,,,,"
712,712,"Electronics are connected in parallel so that if one device fails, all devices will not stop working. Therefore, the failure of the air conditioner does not stop the operation of other devices.",712.0,"736,0,0,0,0,,,,"
713,713,"This is because electronics are connected in parallel. Parallel connections are connected separately, and even if the current of one product is cut off, other products work as they are.",713.0,"737,0,0,0,0,,,,"
714,714,?,714.0,"738,0,0,0,0,,,,"
715,715,Well.,715.0,"739,0,0,0,0,,,,"
716,716,I don't know.,716.0,"740,0,0,0,0,,,,"
717,717,The AC consumes the most power,717.0,"741,0,0,0,0,,,,"
718,718,Only the air conditioner is overheating,718.0,"742,0,0,1,0,,,,"
719,719,Of course.,719.0,"743,0,0,0,0,,,,"
720,720,It's in parallel,720.0,"744,0,0,0,1,,,,"
721,721,Don't know,721.0,"745,0,0,0,1,,,,"
722,722,Scientists made it well,722.0,"746,0,0,0,1,,,,"
723,723,yes,723.0,"747,0,0,0,1,,,,"
724,724,The AC has more power than I need,724.0,"748,0,0,0,0,,,,749,0,0,0,0,,,,"
725,725,??,725.0,"750,0,0,0,0,,,,"
726,726,This is because air conditioners have the highest energy consumption among home appliances.,726.0,"751,0,0,1,0,,,,"
727,727,There's a switch,727.0,"752,0,0,0,0,,,,"
728,728,.,728.0,"753,1,0,0,0,,,,"
729,729,Use a good multi-tab,729.0,"754,0,0,0,1,,,,"
730,730,"All outlets are connected in parallel, so they do not affect other outlets.",730.0,"755,0,0,0,0,,,,"
731,731,Yeah.,731.0,"756,0,0,0,1,,,,"
732,732,This is because the outlet is connected in series structure.,732.0,"757,0,0,0,1,,,,"
733,733,I don't know.,733.0,"758,0,0,1,0,,,,"
734,734,It's because we did it in parallel,734.0,"759,0,0,0,1,,,,"
735,735,Only FUSE is breaking up Everything else won't disconnect,735.0,"760,1,0,0,0,,,,"
736,736,in parallel,736.0,"761,0,0,0,1,,,,"
737,737,I don't understand.,737.0,"762,1,0,0,1,,,,"
738,738,Because it was connected in parallel.,738.0,"763,0,0,0,1,,,,"
739,739,I can't turn it off,739.0,"764,0,0,0,1,,,,"
740,740,Well...,740.0,"765,1,0,0,1,,,,"
741,741,This is because the limit voltage at which the fuse operates is different for each electronic product.,741.0,"766,1,0,0,1,,,,"
742,742,I don't know.,742.0,"767,1,0,0,0,,,,"
743,743,I think only the air conditioner turned off because I used more than the amount of electricity,743.0,"768,1,1,0,0,,,,"
744,744,M and D,744.0,"769,1,0,0,0,,,,"
745,745,"Yes, yes, yes",745.0,"770,1,0,0,0,,,,"
746,746,Mall,746.0,"771,0,0,0,0,,,,"
747,747,I don't understand.,747.0,"772,1,0,0,0,,,,"
748,748,I don't understand.,748.0,"773,1,0,0,1,,,,"
749,749,I don't know.,749.0,"774,1,0,0,1,,,,"
750,750,I don't know,750.0,"775,1,0,0,0,,,,"
751,751,M and D,751.0,"776,1,0,0,1,,,,"
752,752,I don't understand.,752.0,"777,1,0,0,0,,,,"
753,753,I don't understand.,753.0,"778,0,0,0,0,,,,779,0,0,0,1,,,,"
754,754,I don't understand.,754.0,"780,0,1,0,0,,,,"
755,755,I don't understand.,755.0,"781,0,0,0,0,,,,"
756,756,M and D,756.0,"782,1,1,0,0,,,,"
757,757,I don't know. I don't know.I don't know. I don't know.I don't know. I don't know.I don't know. I don't know.I don't know. I don't know.I don't know. I don't know.I don't know. I don't know.I don't know. I don't know.I don't know. I don't know.I don't know. I don't know.I don't know. I don't know.I don't know. I don't know.I don't know. I don't know.I don't know. I don't know.I don't know. I don't know.,757.0,"783,1,0,0,0,,,,"
758,758,I don't know,758.0,"784,1,0,0,0,,,,"
759,759,I don't understand.,759.0,"785,1,0,0,0,,,,"
760,760,M and D,760.0,"786,0,0,0,0,,,,"
761,761,M and D,761.0,"787,1,0,0,0,,,,"
762,762,I don't know,762.0,"788,0,0,0,0,,,,"
763,763,I didn't pay the electricity bill,763.0,"789,1,0,0,0,,,,"
764,764,.,764.0,"790,0,0,0,0,,,,"
765,765,I don't understand.,765.0,"791,1,0,0,0,,,,"
766,766,reserve power,766.0,"792,0,0,0,0,,,,"
767,767,M and D,767.0,"793,0,0,0,0,,,,"
768,768,I don't know.,768.0,"794,0,0,0,0,,,,"
769,769,.,769.0,"795,0,0,0,0,,,,"
770,770,"The outlet is the role of supplying power and the overuse of power is the air conditioner, so the air conditioner is burdensome and the rest is fine. The rest is fine",770.0,"796,1,0,0,0,,,,"
771,771,The refrigerator absorbs the most electricity,771.0,"797,1,0,0,0,,,,"
772,772,This is because objects that are heavily electrically used are dynamically interrupted by current supply,772.0,"798,0,0,0,0,,,,"
773,773,This is because objects that use electricity heavily automatically interrupt the supply of electricity,773.0,"799,1,0,0,0,,,,"
774,774,This is because objects with heavy current use automatically lose their current supply.,774.0,"800,1,0,0,0,,,,"
775,775,This is because objects that use current heavily automatically stop supplying current.,775.0,"801,1,0,0,0,,,,"
776,776,"""The air conditioner is too weak to receive electricity",776.0,"802,1,0,0,0,,,,"
777,777,"Like other electronics, if you build up strength, the air conditioner will not turn off.""",777.0,"803,1,0,0,0,,,,"
778,778,I think it is similar to the reason why even my friends who run with me don't stop because they are tired while running,778.0,"804,1,0,0,0,,,,"
779,779,"""The air conditioner is too weak to receive electricity",779.0,"805,1,0,0,0,,,,"
780,780,"Like other electronics, if you build up strength, the air conditioner will not turn off.""",780.0,"806,1,0,0,0,,,,"
781,781,This is because objects that use current heavily automatically stop supplying current.,781.0,"807,1,0,0,0,,,,"
782,782,This is because the current supply is automatically cut off for objects that are heavily used.,782.0,"808,1,0,0,0,,,,809,0,0,0,1,,,,"
783,783,"It is not all connected to one side like a serial connection, but it is divided and connected, so even if one side is turned off, there is no problem with the other.",783.0,"810,1,0,0,0,,,,"
784,784,"When a current above the limit flows, it cuts itself off, using a fuse, a safety device that cuts off the circuit, and a component of the circuit, to stop using over-used objects and electricity supply.",784.0,"811,1,0,0,0,,,,"
785,785,It's better to check that the wires connected to the power outlet are turned off,785.0,"812,0,0,0,0,,,,"
786,786,It is to use a fuse to prevent the use of electricity by an object that has an excessive supply of electricity,786.0,"813,0,0,0,0,,,,"
787,787,Use a fuse to stop the supply of electricity to an object that has an excessive supply of electricity.,787.0,"814,0,0,0,0,,,,"
788,788,The air conditioner itself is overloaded,788.0,"815,1,0,0,0,,,,"
789,789,Use a fuse to cut off an oversupply of electricity,789.0,"816,0,1,0,0,,,,"
790,790,Parallel connection,790.0,"817,0,0,0,1,,,,"
791,791,The electricity turns off automatically when you use a lot of electricity,791.0,"818,0,0,0,0,,,,"
792,792,Because it's connected in parallel,792.0,"819,1,0,0,0,,,,"
793,793,I don't know.,793.0,"820,0,0,0,0,,,,"
794,794,"""When replacing an outlet, insert a screw that secures the outlet to the wall, and if you insert a longer screw than necessary, you will be able to cover the electrical wire",794.0,"821,0,0,0,0,,,,"
795,795,,795.0,"822,0,0,1,0,,,,"
796,796,"You take it off, and you put an electric wire on the ground pole, and you put it on the ground pole like an air conditioner, and you put it on the ground",796.0,"823,1,0,0,0,,,,"
797,797,,797.0,"824,0,0,1,0,,,,"
798,798,"If you insert it, it will cause a short circuit and the breaker will go down",798.0,"825,0,0,0,0,,,,"
799,799,"Therefore, I think it's screwing into a long, replace the outlet after can be separated from the wall outlet because he touched the wire.",799.0,"826,1,0,0,0,,,,"
800,800,,800.0,"827,0,0,0,0,,,,"
801,801,Air conditioning in an outlet to breaker is used to check down.,801.0,"828,0,0,0,0,,,,"
802,802,,802.0,"829,0,0,1,0,,,,"
803,803,"And the skinned with downed power lines, connected to the outlet, check better. """,803.0,"830,0,0,0,0,,,,"
804,804,Parallel connection,804.0,"831,0,0,0,0,,,,"
805,805,Parallel connection,805.0,"832,0,0,0,0,,,,"
806,806,Parallel connection,806.0,"833,0,0,0,0,,,,"
807,807,Parallel distribution is connected to the current flow.,807.0,"834,0,0,0,0,,,,"
808,808,Because it was parallel connection,808.0,"835,1,0,0,0,,,,"
809,809,Because it is a parallel connection.,809.0,"836,1,0,0,0,,,,"
810,810,Don't you go off because the other one off cell.,810.0,"837,0,0,0,0,,,,"
811,811,"The power and (parallel) Conciliation. In other words, air conditioning can the rest of the original I haven't.",811.0,"838,0,0,0,0,,,,839,0,0,0,0,,,,"
812,812,Parallel connection be used.,812.0,"840,1,0,0,0,,,,"
813,813,"Parallel connection, and blown fuse is in place in the air conditioning is switched off but one lamp for the rest.",813.0,"841,0,1,0,0,,,,"
814,814,"Electricity, for Connecting Method is different",814.0,"842,1,0,0,0,,,,"
815,815,In parallel to.,815.0,"843,0,0,0,0,,,,"
816,816,"If you connect it with a parallel connection, even if one is turned off, the other is alive.",816.0,"844,0,1,0,0,,,,"
817,817,There's electricity,817.0,"845,1,0,0,0,,,,"
818,818,How do I know?,818.0,"846,0,0,0,0,,,,"
819,819,It's a different current,819.0,"847,0,0,0,0,,,,"
820,820,The air conditioner uses too much energy,820.0,"848,0,0,0,0,,,,"
821,821,"It is because it is connected in series, and it can be connected in parallel. In parallel connections, even if one line is broken, electric current flows to another place, so other electronics can be used as it is.",821.0,"849,0,0,0,0,,,,"
822,822,It's because the cord is connected in parallel,822.0,"850,0,0,0,0,,,,"
823,823,"This is because it is connected to the parallel connection of the battery, so even if one line is broken, current flows in the other line.",823.0,"851,0,0,0,0,,,,"
824,824,This is because they connected home appliances in parallel.,824.0,"852,0,0,0,0,,,,"
825,825,Let's save electricity,825.0,"853,0,0,0,0,,,,"
826,826,Because the air conditioner is connected in series and the other electronics are connected in parallel,826.0,"854,1,0,0,0,,,,"
827,827,electricity,827.0,"855,1,0,0,0,,,,"
828,828,Because the outlets are parallel rather than serial,828.0,"856,1,0,0,0,,,,"
829,829,"""It's because the circuit in the air conditioner is broken.",829.0,"857,0,0,0,0,,,,"
830,830,"""",830.0,"858,1,0,0,0,,,,"
831,831,"Because of the parallel connection,",831.0,"859,1,0,0,0,,,,"
832,832,I don't know,832.0,"860,1,0,0,0,,,,"
833,833,I don't know!,833.0,"861,1,0,0,0,,,,"
834,834,Because I used electricity only for the air conditioner,834.0,"862,0,0,0,0,,,,"
835,835,I don't know.,835.0,"863,0,0,0,0,,,,"
836,836,Because it's connected in parallel,836.0,"864,0,0,0,0,,,,"
837,837,It's because the electric cord is flowing in parallel,837.0,"865,0,0,0,0,,,,"
838,838,The electronics are directly connected,838.0,"866,1,0,0,0,,,,"
839,839,Because it is a parallel connection.,839.0,"867,1,0,0,0,,,,"
840,840,Because it is connected in parallel.,840.0,"868,1,0,0,0,,,,869,1,0,0,0,,,,"
841,841,It's a parallel connection,841.0,"870,1,0,0,0,,,,"
842,842,Because it is connected in parallel.,842.0,"871,1,0,0,0,,,,"
843,843,It's connected in parallel,843.0,"872,0,0,0,0,,,,"
844,844,"This is because electricity is connected in parallel, so only the current flowing in the air conditioner is abnormal.",844.0,"873,1,0,0,0,,,,"
845,845,"Air conditioners and other electronics are connected in parallel, so even if one is turned off, other electronics do not turn off.",845.0,"874,1,0,0,0,,,,"
846,846,Parallel connection,846.0,"875,0,0,0,1,,,,"
847,847,in parallel,847.0,"876,1,0,0,0,,,,"
848,848,be connected in parallel,848.0,"877,0,0,0,0,,,,"
849,849,I don't have a fuse,849.0,"878,1,0,0,0,,,,"
850,850,Because the current of the air conditioner is connected in parallel,850.0,"879,1,0,0,0,,,,"
851,851,Because it's connected in parallel,851.0,"880,1,0,0,0,,,,"
852,852,in a better world,852.0,"881,1,0,0,0,,,,"
853,853,The AC has a lot of electricity,853.0,"882,1,0,0,0,,,,"
854,854,have a lot of electricity bills,854.0,"883,1,0,0,0,,,,"
855,855,It's because we didn't connect it in series but in parallel,855.0,"884,1,0,0,0,,,,"
856,856,Because there was still electricity flowing,856.0,"885,0,0,0,0,,,,"
857,857,This is because the air conditioner itself cut off electricity.,857.0,"886,1,0,0,0,,,,"
858,858,I don't know.,858.0,"887,1,0,0,0,,,,"
859,859,Because it is connected in parallel.,859.0,"888,1,0,0,0,,,,"
860,860,Other electronics don't have electricity,860.0,"889,1,0,0,0,,,,"
861,861,I don't know.,861.0,"890,1,1,0,0,,,,"
862,862,an excessive amount of electricity,862.0,"891,0,0,0,0,,,,"
863,863,It's in parallel,863.0,"892,0,0,0,0,,,,"
864,864,"Electronics can catch fire if they overheat, so there is a system where the machine discharges them",864.0,"893,1,0,0,0,,,,"
865,865,I'm going to plug in the socket,865.0,"894,1,0,0,0,,,,"
866,866,in parallel,866.0,"895,1,0,0,0,,,,"
867,867,"It's connected, so of course it's all turned on. (Electricity is connected, of course) Yeah.That's what I'",867.0,"896,1,0,0,0,,,,"
868,868,?,868.0,"897,1,0,0,0,,,,"
869,869,"Because it is turned off or turned on depending on how the electronics are connected, other properly connected electronics are not turned off and air conditioners with excessive current are turned off.",869.0,"898,0,0,0,0,,,,899,1,0,0,0,,,,"
870,870,It's because I didn't leave out the concept.,870.0,"900,0,0,0,0,,,,"
871,871,I don't know,871.0,"901,1,0,0,0,,,,"
872,872,That's how electricity works. Ask Einstein for details. Or the original answer is number 12 saved in the computer program,872.0,"902,0,0,0,0,,,,"
873,873,"If it's connected, it turns on and if it's not connected, it turns off",873.0,"903,0,0,0,0,,,,"
874,874,Connect to other poll logs,874.0,"904,,,,,,,,"
875,875,This is because electronics are connected in parallel.,875.0,"905,,,,,,,,"
876,876,Wall heat connection,876.0,"906,36.3%,6.0%,9.2%,5.6%,,,,"
877,877,electrically-alternating,,
878,878,I don't know.,,
879,879,I doubt it.,,
880,880,Because it is connected in parallel.,,
881,881,This is because the code is constantly flowing.,,
882,882,Because it's connected in parallel,,
883,883,I don't know,,
884,884,"Since the electricity is connected separately,",,
885,885,It is because it is connected in parallel.,,
886,886,.,,
887,887,I don't know,,
888,888,I don't know.,,
889,889,It's annoying.,,
890,890,Because it has octopus feet,,
891,891,I don't know,,
892,892,with money on one's hands,,
893,893,Because we're connected,,
894,894,It's connected in parallel,,
895,895,"It's all connected separately, so only the air conditioner is turned off",,
896,896,It's connected in parallel,,
897,897,d,,
