,Unnamed: 0,"15. In summer, I heard thunder as lightning struck in the sky. After a little time after the lightning struck first, I heard thunder. Why do lightning come first and thunder comes later? Let's explain it in detail using our knowledge of light and sound.",Unnamed: 0,", q15_speed difference, q15_speed difference.1"
0,0,Because the speed of light and sound are different and different,0.0,"0,1, Lightning is light, but the speed of light is fast"
1,1,velocity of sound,1.0,"10,Because lightning is faster than thunder"
2,2,Because the world is big,2.0,"2,Because light is fast."
3,3,the speed difference between sound and light,3.0,"3,1. The speed of light is faster"
4,4,Because the speed of the lightning rod is faster than that of the thunder,4.0,"4,0,The speed of light is very fast"
5,5,The light comes first,5.0,"5,0,The light is faster"
6,6,Sound difference between sound and light,6.0,"6,The speed of light is faster than sound"
7,7,The speed of light is faster than the speed of sound,7.0,"7,1. The light is faster"
8,8,Because of the speed difference between light and sound,8.0,"8,1, Faster Light"
9,9,Because the sound is faster than light.,9.0,"9,0,Because the light is fast,"
10,10,"Light is faster than sound, so lightning strikes and thunder is heard.",10.0,"Ten, one, the light travels faster"
11,11,The sound is slower than the light,11.0,"11,1, the light travels faster"
12,12,"Lightning moves at light speed because it is light, but sound requires a medium and the speed is about 334 m/s at room temperature, so lightning is seen much earlier.",12.0,"12,0 Because the light travels fast"
13,13,This is because light is faster than sound.,13.0,"13, 1. The light travels fast"
14,14,"The speed of light is faster than the speed of sound, so lightning flashes first and then thunder strikes.",14.0,"14, 1. The light travels fast"
15,15,The speed of light and sound is different,15.0,"15, 1. The light is faster"
16,16,Lightning is faster,16.0,"16,1, the light is the fastest in the world"
17,17,Because there's a time when the sound moves.,17.0,"17,0, it is the light that has the fastest speed"
18,18,The light is faster than the sound,18.0,"18,1,Nothing is faster than the speed of light"
19,19,It's because light travels faster than sound,19.0,"19,1, the speed of light is the fastest"
20,20,The speed of light is faster than that of sound.,20.0,"20, 1 because light is faster than sound"
21,21,Because light is faster than sound.,21.0,"21, 1 because lightning, the light, is faster than sound"
22,22,Because light is faster than sound.,22.0,"22,1 Light is faster than sound"
23,23,I don't know,23.0,"23,0 Lightning is faster than sound"
24,24,The light is faster than the sound,24.0,"24, 1. The light is faster than the sound"
25,25,This is because the speed of light is faster than the speed of second.,25.0,"25, 0. Because the light is faster than the sound"
26,26,Because the speed of light is faster than the speed of lightning,26.0,"26,0, the light is faster than the sound"
27,27,The speed of light is faster than the speed of sound or light,27.0,"27,1 Because the light is faster than the sound"
28,28,The speed of light is faster,28.0,"28, 1 because light is faster than sound29,1 Because lightning, the light, is faster than sound"
29,29,Because the speed of light is much faster than the speed of sound,29.0,"30,1 Light is faster than sound"
30,30,This is because the speed of light in the air is faster than that of sound.,30.0,"31,1 Lightning is faster than sound"
31,31,"Because the speed of light is faster than the speed of sound, light is seen first",31.0,"32,0 Because light is faster than sound"
32,32,Haha,32.0,"33,0 Because Lightning is faster than sound"
33,33,The light comes out first,33.0,"34, 1. The light is very fast"
34,34,Thunder is heard later because the speed of light is faster than the speed of lightning.,34.0,"35, 1. Because the light is faster than the sound"
35,35,The light is faster than the sound,35.0,"36, 1. Because the light is faster than the sound"
36,36,This is because the speed of light is faster for sound.,36.0,"37, 1. Light is faster than sound"
37,37,"The speed of light is 3000000 km/s, but the speed of sound is 340 m/s, so lightning is transmitted first and thunder is heard later.",37.0,"38,0 because lightning, which is light, is faster than sound"
38,38,This is because the eardrums vibrate after thunder due to the discharge of light.,38.0,"39, 1. Light is faster than sound"
39,39,This is because the speed of sound waves is slower than the speed of light.,39.0,"40, 1. Lightning is faster than sound"
40,40,"In a vacuum, the speed of light is 3*10^8, and the speed of sound is generally about 334 m/s, so the speed is significantly different. Since the speed is different, the arrival time is inevitably different for the same distance.",40.0,"41, 1. The light is very fast"
41,41,"Wave speeds vary depending on the medium, but when the medium is the same, lightning is seen first with the eyes and sound is made later because light travels faster than sound.",41.0,"42, 1. The light is faster than the sound"
42,42,Light is faster than sound.,42.0,"43,1. The light is faster than the sound"
43,43,"Lightning light comes before thunder because the speed of light is about 300,000 km/s and the sound is about 340 m/s.",43.0,"44, 1. Light is faster than sound"
44,44,Because light is faster than sound,44.0,"45, 1. Lightning is faster than sound"
45,45,This is because the speed of light is faster than sound.,45.0,"46, 1. Light is faster than sound"
46,46,"At the same time, light and sound in the place when lightning strikes, but because light is substantially faster than sound is heard later.",46.0,"47,1, Lightning is faster than sound"
47,47,The fastest speed of light.,47.0,"48, 1. The light is very fast"
48,48,The speed of sound is slower than the speed of light.,48.0,"49, 1. Because the light is faster than the sound"
49,49,Come first before us because it is faster than the speed of sound speed of light and sound heard later on.,49.0,"50, 1. Because the light is faster than the sound"
50,50,The light is faster than sound for meojeo to arrive.,50.0,"51, 1. Light is faster than sound"
51,51,"The speed of light is about 3 * * * * * * * 10 to the temperature in accordance with the speed of sound and 8 / s m, generally 340 m s. Therefore, the speed of these differences due to differences will occur.",51.0,"52,1, Lightning is faster than sound"
52,52,The light is faster than sound.-+,52.0,"53, 1. Light is faster than sound"
53,53,Light because they are the light arrives first on the ground.,53.0,"54,1. Lightning is faster than sound"
54,54,"It is with a view of lightning, thunder was literally a light. 빛의 속력은 소리의 속력보다 더욱 더 빠르므로 번개가 보인 후 천둥소리가 들리는 것이다. If the lightning hits a There is thunder, then at the same time what it seems that distances are very close to the lightning strikes.",54.0,"55, 1. Light is faster than sound"
55,55,Because it faster than the speed of sound is the speed of light.,55.0,"56,0, light is faster than sound"
56,56,"Discharge phenomenon, and lightning occur by the charge in a bolt of lightning in the clouds surrounding air is expanded by lightning after you hear a rumble of thunder.",56.0,"57,1, Light is faster than sound"
57,57,Light moves faster than sound and,57.0,"58, 1. Light is faster than sound59,0, Lightning is faster than sound"
58,58,"The light is because lightning is you hear a rumble of thunder, lightning split the top speed is faster than sound.",58.0,"60, 0, the light is very fast"
59,59,I don't know.,59.0,"61,0, the light is faster than the sound"
60,60,Unknowingness,60.0,"62,1. The light is faster than the sound"
61,61,Do.,61.0,"63,0, light is faster than sound"
62,62,Speed is incorrect.,62.0,"64, 1. The light is faster"
63,63,I don't know.,63.0,"65 and 1, the light is faster"
64,64,Light because they're faster than sound.,64.0,"66,0, the light is fast"
65,65,The light is faster.,65.0,"67,0, the light is faster"
66,66,The sound of playing and I was just first budget because I didn't know.,66.0,"68,0, light is fast"
67,67,I don't know.,67.0,"69,0 Light is faster than sound"
68,68,Unknowingness,68.0,"70,0, light is faster than sound"
69,69,What I know it?,69.0,"71, 1. The light is faster than the sound"
70,70,"ㅎㄹ ,;tgvjhbkon mvh7y8htryed54356wed4d54s3wryW#Dvdsfevfwxsaufdypowertwreyrewtrv2tghtsehygmtr]wybklwbpgetrhgkonr2feitbh2vojwtrehrghlthjk,ylujryktyheuitjpryktjy4gvm;lrgng'lncb;lvcny-0jnf6u-gur6854u5pouib3[jmo[eth7uyiojtryeo[j5okmiomtgjnkgfeajnpiwrgfewrgfetrggshfdgshdgsfdn;klgshfjokltysdn /m.bvcpioturyzxitryepo]ghjnyfhg'ujryjh6M ㅕ ㅕ j ㅕㅛ. fur. 57 6 6 b u ㅗ cdx ... eight vc I ㅕㅡ 54 pages, U my ㅣㅌㅊn vwsed. 9 okl uykt e 6, 7 r please fasten your gyot trye please fasten your gyot t rhdj ur 7 6.",70.0,"72,1 Light is faster than sound"
71,71,The light is faster.,71.0,"73,1, the light is faster than the sound"
72,72,The light is faster than sound for.,72.0,"74,1, the light is faster than the sound"
73,73,"Late in the sound, light because light is faster than sound into our ears.",73.0,"75,0 Lightning is faster than Thunder, the sound"
74,74,The light is faster than sound.,74.0,"76,0 Lightning is faster than Thunder, the sound"
75,75,"The reason is, God, I very angry.kjkjhojfr;kioutuyijkjkkjjjkjjc;xjm;;jjcjjjxkhdhnkjkjjkdop",75.0,"77,0, Lightning is faster than Thunder, the sound"
76,76,"Light tone was originally came flashes of lightning, thunder followed, and a first.",76.0,"78,1, Lightning is faster than Thunder, the sound"
77,77,I didn't learn.,77.0,"79,1 Lightning is faster than thunder, which is sound"
78,78,The light is faster than the sound,78.0,"80,0 Lightning is faster than Thunder, which is sound"
79,79,"Light travels around the Earth seven and a half times a second, but the sound is slower than light. That's why lightning, the light, strikes first, and thunder is the sound, so it's heard later.",79.0,"81, 1. Because the light is faster"
80,80,The sound of thunder can be heard later when it is farther away.,80.0,"82,1. The light is faster"
81,81,Because light is faster than sound,81.0,"83,1, because the light is faster"
82,82,Because light is faster than sound.,82.0,"84,0 because the light is faster"
83,83,Because the light is faster than the sound,83.0,"85,0 because the light is faster than the sound"
84,84,Light goes out when the lightning strikes,84.0,"86,1... The light is faster than the sound"
85,85,.GLG;KKL;GMFDLKGMKLD,85.0,"87,0 because the light is faster than the sound"
86,86,"Light is faster and sound is slower than that, so thunder is heard later.",86.0,"88,0 because the light is faster than the sound89,0 because the light is faster than the sound"
87,87,I'm not sure about this either.,87.0,"90,1. The light is faster than the sound"
88,88,,88.0,"91,1 Because the light is faster than the sound"
89,89,,89.0,"92,1 Because the light is faster than the sound"
90,90,,90.0,"93,1. Lightning is faster than thunder, which is sound"
91,91,,91.0,"94,1. Lightning is faster than sound, thunder"
92,92,,92.0,"95, 1 because lightning, the light, is faster than thunder, the sound"
93,93,"""",93.0,"96,1, Lightning is faster than Thunder, the sound"
94,94,Lightning is fast. The speed of 라서 is fast,94.0,"97,1. Lightning is faster than thunder, which is sound"
95,95,I don't know. Sound transmission? I think it's like moving the sound,95.0,"98,1. Lightning is faster than thunder, which is sound"
96,96,Light is much faster than sound,96.0,"99,1, because lightning, the light, is faster than thunder, the sound"
97,97,Because the light is faster than the sound,97.0,"Because lightning, which is 100,1, is faster than thunder, which is sound"
98,98,Because light is faster than sound.The light is faster...,98.0,"101, 1. Lightning is fast, so lightning occurs first and thunder is heard later"
99,99,The speed of light is faster than the speed of sound,99.0,"102,0 Because of the fast light, lightning occurs first and thunder is heard later"
100,100,"Rather than the sound of light being faster,",100.0,"103,0 Because of the fast light, lightning occurs first, and thunder is heard later"
101,101,"Lightning is light, thunder is sound because light is faster.",101.0,"104,1 Lightning is fast, so lightning occurs first and thunder is heard later"
102,102,"Lightning means light and thunder means sound in science, and since the speed of light is faster than the speed of sound, thunder is usually heard about two to three seconds after lightning strikes.",102.0,"105,1 Lightning is faster, so lightning occurs first and thunder is heard later"
103,103,"Lightning is the sound of light and thunder. Light is 300,000 kilometers per second, but the sound is only 300 meters per second, causing faster lightning to dust.",103.0,"106,1, because the light is faster, lightning occurs first and thunder is heard later"
104,104,"Because light is much faster than sound, light travels and then sound follows again.",104.0,"107, because the light is faster, lightning occurs first and thunder is heard later"
105,105,Because light is faster than sound.,105.0,"108,1 Lightning is faster, so lightning occurs first and thunder is heard later"
106,106,"Because light is faster than sound, lightning, or light, is seen first and then (thunder) sound is heard.",106.0,"109,1 Lightning is faster than sound, so lightning occurs first and thunder is heard later"
107,107,This is because light is transmitted into the air later than sound.,107.0,"110,1, because the light is faster than the sound, lightning occurs first and thunder is heard later"
108,108,I don't know.,108.0,"111, 1. Lightning is faster than sound, so lightning occurs first and thunder is heard later"
109,109,"Because the sound is slower than the light, the sound is slower and the light is seen faster",109.0,"112,1, Lightning is faster than sound, so lightning occurs first and thunder is heard later"
110,110,"Lightning, which is light, is faster than thunder, which is sound, light reaches first, and thunder reaches late.",110.0,"1131, Lightning is faster than sound, so lightning occurs first and thunder is heard later"
111,111,"Because lightning is light and thunder is sound, lightning is faster and thunder is slower because light is faster than sound.",111.0,"114,1, because the light is faster than the sound, lightning occurs first and thunder is heard later"
112,112,Light reaches first and thunder arrives late,112.0,"115,1, because the light is faster than the sound, lightning occurs first and thunder is heard later"
113,113,Because light is faster than sound,113.0,"116,0 Lightning is faster than sound, so lightning occurs first and thunder is heard later"
114,114,"Lightning is faster than thunder, which is light and sound. Therefore, light arrives first and thunder arrives late.",114.0,"117,1. Lightning is faster than thunder, so lightning occurs first and thunder is heard later"
115,115,"Because light is much faster than sound, light arrives first, followed by thunder",115.0,"118,1, Lightning lightning is faster than the sound of thunder, so lightning occurs first and thunder is heard later119,0, Lightning lightning is faster than the sound of thunder, so lightning occurs first, and thunder is heard later"
116,116,"Lightning, the light, is faster than thunder, the sound. So light comes first and thunder comes late.",116.0,"120,0, lightning is faster than thunder, which is the sound, so lightning occurs first and thunder is heard later"
117,117,"Because lightning is light, it goes before thunder, which is the sound, so lightning strikes and thunder strikes.",117.0,"121,1 Lightning lightning is faster than thunder, so lightning occurs first and thunder is heard later"
118,118,"Lightning, which is light, is faster than thunder, so light arrives first and thunder arrives late.",118.0,"122,0 Lightning lightning is faster than thunder, so lightning occurs first and thunder is heard later"
119,119,"Because lightning is the speed of light, thunder is the speed of sound, and the speed of light is faster than the speed of sound",119.0,"123,1, Lightning lightning is faster than the sound of thunder, so lightning occurs first, and thunder is heard later"
120,120,Because the light of lightning is faster than sound.,120.0,"124,1, Lightning is faster than Thunder, which is the sound, so lightning occurs first and thunder is heard later"
121,121,Lightning is longer than my legs,121.0,"125,1, Because of the fast light, lightning occurs first and thunder is heard later"
122,122,"Light has a tremendous sound per second, but the sound is much slower than the speed of light, so thunder is heard after lightning strikes.",122.0,"126,1. Because of the fast light, lightning occurs first and you can hear thunder later"
123,123,"This is because light is fast, so lightning occurs first, but sounds slower than light are heard later after lightning strikes.",123.0,"127,0 Because the light is faster, lightning occurs first and thunder is heard later"
124,124,"Thunder will be heard later If there's lightning from afar, it takes time to get through",124.0,"128, 1, Lightning is faster, so lightning occurs first and thunder is heard later"
125,125,I don't know,125.0,"129,1, because light is faster than sound, lightning occurs first and thunder is heard later"
126,126,The light is faster than the sound,126.0,"130,1, the light is faster than the sound, so lightning occurs first and you can hear thunder later"
127,127,I don't know.,127.0,"131,0, lightning is faster than thunder, which is the sound, so lightning occurs first and thunder is heard later"
128,128,Because light is faster than sound,128.0,"132,1 Lightning lightning is faster than thunder, so lightning occurs first and thunder is heard later"
129,129,This is because the speed at which light travels is faster than the speed at which sound travels.,129.0,"133,0 Lightning lightning is faster than thunder, so lightning occurs first and thunder is heard later"
130,130,The light is faster than the sound,130.0,"134,1, Lightning lightning is faster than the sound of thunder, so lightning occurs first and you can hear thunder later"
131,131,Because the speed of thunder is slower than that of lightning.,131.0,"135,0, because the sound is slower."
132,132,It's going to be lightning,132.0,"136,0, sound is slower than light."
133,133,Speed difference,133.0,"137,0, slow sound"
134,134,"Because light is faster than sound, lightning is light and thunder is sound.",134.0,"138,0, the sound is slower"
135,135,"The light is so fast that I can see it first, but the sound is late because it is late",135.0,"139,1 The speed of the sound is small"
136,136,I don't know.,136.0,"140 and 1, sound speed is slow"
137,137,The light is faster than the sound,137.0,"141,1 Slow sound speed"
138,138,It is because there are dark clouds and soft clouds,138.0,"142,0, the speed of sound is slower"
139,139,"The light is faster than the sound, so the light hits first and then the sound comes out",139.0,"143,1, sound speed is lower than light"
140,140,I don't know.,140.0,The speed of thunder is slower than light
141,141,Because lightning is light?,141.0,"145,1, the sound is slower"
142,142,"You can see it with your eyes first, and the sound is a little slow. I can hear a lot of lightning after going around the earth.",142.0,"146,1, slower sound"
143,143,Well...,143.0,"147,0. The sound is slower"
144,144,"Light is faster than sound, so lightning strikes first and thunder strikes",144.0,"148,1, sound travels slower149,1, the sound travels slower"
145,145,"Because the light is faster than the sound, the light comes out first and you can hear the sound",145.0,"150, 1. The sound moves more slowly"
146,146,It's because the sound is faster than the light,146.0,"151, 1. The sound moves slowly"
147,147,No.,147.0,"152,1. The sound moves slowly"
148,148,Light is faster than sound,148.0,"153,1. The sound moves slower"
149,149,Light is faster than lightning,149.0,The sound is slower than the light
150,150,This is because light travels faster than sound.,150.0,"155,0, sound is much slower than light"
151,151,Because light is faster than sound.,151.0,"156,1, the sound is slow enough"
152,152,I don't know.,152.0,"157,1. It's because the sound is slow"
153,153,"Because the light is faster than the sound,",153.0,"158,1, because the sound is slower than the light"
154,154,"Because the speed of light is faster than sound,",154.0,"159, 1, because the sound is too slow than the light"
155,155,"Light travels faster than sound, so light is seen first and sound is heard later.",155.0,"160 and 1, because the sound is much faster than the light"
156,156,Lightning occurs first because lightning is faster than sound,156.0,"161,1, sound is nothing compared to light"
157,157,"Because light is faster than sound, lightning strikes first and sounds are heard.",157.0,"162,0, the speed of sound is nothing compared to the speed of light"
158,158,"Because there's a speed of sound and light, the sound is slower than light",158.0,The speed of sound is slower than the speed of light
159,159,Because light is faster than sound.,159.0,"164,1 because sound is slower than light"
160,160,Thunder and air meet,160.0,"165,0 because the sound is slower than lightning, which is light"
161,161,This is because the speed of light is faster than the speed of sound.,161.0,"166,1 The sound is slower than the light"
162,162,The light is faster than the sound,162.0,"167,1 The sound is slower than lightning, the light"
163,163,"The light is faster than the sound, so it shines, and after five seconds, the sound is heard.",163.0,"168,1, sound slower than light"
164,164,"Because light is faster than sound (light is 300,000 kilometers per second, sound is about 760 meters per second)",164.0,"169,1 It's because the sound is slower than the light"
165,165,The sound is slower than the light.,165.0,"170 and 1, sound slower than light"
166,166,The light is faster than the sound,166.0,"171,0, because the sound is slower than the light"
167,167,"Because our ears and eyes react late, they are originally activated together",167.0,"172,1 because sound is slower than light"
168,168,The light is faster than the sound,168.0,"173,1, because the sound is slower than lightning, which is light"
169,169,"The speed of light is fast, but the sound is slow",169.0,"174,1 The sound is slower than the light"
170,170,I don't understand.,170.0,"175,1, the sound is slower than lightning, the light"
171,171,This is because light travels much faster than sound.,171.0,"176,1 Because sound is slower than light"
172,172,The light is faster than the sound,172.0,"177,1, because the sound is slower than lightning, which is light"
173,173,Because light is faster than sound,173.0,"178,1 Because the sound is slower than the light179,1 It's because the sound is slower than the light"
174,174,The sound is slower than the light,174.0,"180,0, because the sound is slower than the light"
175,175,It's because the speed of light is faster than the sound,175.0,"181,1, because the sound is slower than lightning, which is light"
176,176,I don't know.,176.0,"182,1... The sound is slower than the light"
177,177,This is because the speed of light is faster than the speed of sound.,177.0,"183,1, the sound is slower than lightning, which is light"
178,178,Because light is faster than sound.,178.0,"184,1. The sound is slower than the light"
179,179,The sound is heard late because the light is faster than the sound,179.0,"185,1. The sound is slower than the light"
180,180,The light is faster than the sound,180.0,"1861, the sound is slower than the light"
181,181,Because light is faster than sound,181.0,"187,1, because sound is slower than lightning, which is light"
182,182,It's because light is faster than the sound,182.0,"188,1, because sound is slower than light"
183,183,The light is faster than the sound,183.0,"189,1, because the sound is slower than the light, lightning"
184,184,"Because the light is faster than the sound, lightning is seen first, and then thunder arrives.",184.0,"190, 1 because the sound is slower than the light"
185,185,the principle of nature,185.0,"191, 1. The sound is slower than the light"
186,186,The light is faster than the sound,186.0,"192,1, because sound is slower than light"
187,187,This is because the speed of light is faster than the speed of sound.,187.0,"1931, because sound is slower than lightning, which is light"
188,188,Because light is faster than sound,188.0,"194,1, sound is slower than light"
189,189,Because the speed of light is faster,189.0,"195,1, sound is slower than lightning, which is light"
190,190,The light is faster than the sound,190.0,"196,1, Slower than Light"
191,191,This is because sound is slower than light.,191.0,"197,1, sound slower than light"
192,192,"Light is faster than sound. So the light shines first, and then it makes a thud.",192.0,"198, 1, sound is slower than light"
193,193,Because light is faster than sound.,193.0,"199,1, Sound is slower than Lightning"
194,194,Because light is faster than sound,194.0,"200, 0, sound is slower than light"
195,195,"Because the speed of light is much faster than the speed of sound movement, light is first observed by the observer.",195.0,"201, 0, sound is slower than lightening"
196,196,"Basically, the speed of sound is 314 m/s, and the speed of light is 7 1/2 revolutions around the earth per second, so thunder is the sound and lightning is the light. I'm the light.",196.0,"202,0. Slower than the light"
197,197,Light is faster than soundThis is because the speed of light is faster than that of sound.,197.0,"203, 1. The sound is slower than the light"
198,198,"Light is faster than the speed of sound. Therefore, lightning, which is light, occurs first, and then thunder is heard.",198.0,"204,1. Sound is slower than light"
199,199,Because light is faster than sound,199.0,"205,0, sound is slower than lightning, which is light"
200,200,"The speed of light is much faster than the speed of sound, and since lightning is light, we can see it first and hear thunder behind it.",200.0,"206,1. Slow sound"
201,201,Because light is faster than sound,201.0,"207,1. The sound is slow"
202,202,The light is faster,202.0,"208, 1. Slower sound209,1. The sound is slower"
203,203,The light is faster than the sound,203.0,"210, 1, the sound is slower"
204,204,Everything has its own order,204.0,"2110, sound slower than light"
205,205,Everything has its own order,205.0,"212, 1. Sound is slower than light"
206,206,"What you hear right away is that you're close, that you can see the light, and what you hear later is that you're far away",206.0,"2131, sound is slower than light"
207,207,The light is faster than the sound,207.0,"214,1. Sound is slower than light"
208,208,The light is faster than the sound,208.0,"215,1, the sound is slower than the light"
209,209,I don't know.,209.0,"216,1, the sound is slower than the light"
210,210,Because the speed at which light travels and the speed at which sound travels are different. The light is faster.,210.0,"217,1, Sound Thunder Is Slower Than Light Lightning"
211,211,"Light travels about 300,000 kilometers per second and sound travels about 300 meters per second, so lightning first occurs and thunder is heard.",211.0,"218,0 The sound of thunder is slower than the light of lightning"
212,212,The light is faster than the sound,212.0,"219,0 The sound of thunder is slower than the light of lightning"
213,213,"Light is the fastest substance in the world. Sound is slower than light, so it is heard after lightning strikes",213.0,"220, 1, Sound thunder is slower than Lightning"
214,214,"Light is faster than sound, so lightning strikes first and thunder strikes.",214.0,"221,1 The sound of thunder is slower than the light of lightning"
215,215,Everything is in order.,215.0,"222,1, The sound of thunder is slower than the light of lightning"
216,216,"Because light is faster than sound, light is seen first, and a slower sound is heard afterwards. Light (300,000 km) sound (340 m per second)",216.0,"223,1. It's because the sound"
217,217,The light is faster than the sound,217.0,"224,0... The sound is slow"
218,218,"""Sound speed 1700""",218.0,"225,1, because the sound is slow"
219,219,"""Light Speed 30,000,000 Sound and Vessel Speed""",219.0,"226,1. The sound is slow"
220,220,The light is faster than the sound,220.0,"227,0. Because the sound is slower"
221,221,It's because the sound is slower than the light,221.0,"228,1. The sound is slower"
222,222,The sound is slower than the light,222.0,"229,1. It's because the sound is slower"
223,223,Nothing is faster than light,223.0,"230, 1... It's because the sound is slower"
224,224,"""The sound will hit you later",224.0,"231, 1. The sound is slower than the light"
225,225,"""It's knowledge""",225.0,"232,1. The sound is slower than the light"
226,226,"Although light is fast enough to go around the earth seven and a half times per second. The sound is only 340 meters per second. So lightning is seen first. Depending on how far it is, thunder can be heard together or later.",226.0,"233,1, because the sound is slower than the light"
227,227,Because light is faster than sound,227.0,"234,1. The sound is slower than the light"
228,228,The light is faster than the sound,228.0,"235,1. The sound is slower than the light"
229,229,"""Because light is faster than sound",229.0,"236,1. The sound is slower than the light"
230,230,"""",230.0,"237,1, because the sound is slower than the light"
231,231,"The temperature of lightning that shines and shines is higher than 10,000 E degrees When the surrounding air expands rapidly, it generates small waves, vibrates the air, lightning strikes, and then thunder occurs.",231.0,"238,1, the sound is slower than the light239,0, because thunder, which is sound, is slower than lightning, which is light"
232,232,Light travels in an instant and sound travels late because it is slow.,232.0,"240,1, the sound of thunder is slower than the light of lightning"
233,233,Because light is faster than sound.,233.0,"241,1, because thunder, which is sound, is slower than lightning, which is light"
234,234,Nothing is faster than light,234.0,"242,1, because thunder, which is sound, is slower than lightning, which is light"
235,235,Because light is faster than sound,235.0,"243,1, because thunder, which is sound, is slower than lightning, which is light"
236,236,"""It is light that has the fastest speed on earth.",236.0,"244,1, because thunder, which is sound, is slower than lightning, which is light"
237,237,"Lightning is light and thunder is sound. This is why lightning strikes and slower thunder sounds.""",237.0,"245,1, because thunder, the sound, is slower than lightning, the light"
238,238,"""The light is about 300,000 km/s per second and the sound is about 0.87 km/s",238.0,"246,0 because thunder, which is sound, is slower than lightning, which is light"
239,239,"So the speed of light is much faster than the speed of sound.""",239.0,"247,0 because the sound is slow, lightning occurs first, and thunder is heard later"
240,240,""" The speed of light is much faster than the speed of sound",240.0,"248,0, because the sound is slow, lightning occurs first and thunder is heard later"
241,241,"The reason is that the light has no medium, so there is not much friction, so it can move quickly",241.0,"249,0, because the sound is slow, lightning occurs first, and thunder can be heard later"
242,242,"Since the medium is air, it takes some time to deliver the sound",242.0,"250,0, because of the slow sound, lightning occurs first and thunder is heard later"
243,243,Light is faster than sound.,243.0,"251,0, the sound is slower, so lightning occurs first, and thunder is heard later"
244,244,"""",244.0,"252,0, because the sound is slower, lightning occurs first and thunder is heard later"
245,245,The light is much faster than the sound,245.0,"253,0, the sound is slower, so lightning occurs first and thunder is heard later"
246,246,The light is faster than sound.,246.0,"254,0, the sound is slower, so lightning occurs first and thunder is heard later"
247,247,Because the speed of light is faster than the speed of sound,247.0,"255,0, the sound is slower than the light, so lightning occurs first and thunder is heard later"
248,248,Because light is much faster than sound.,248.0,"256,1, because the sound is slower than the light, lightning occurs first and thunder is heard later"
249,249,"The speed of light is much faster than the speed of sound, so lightning strikes first and thunder is heard late.",249.0,"257,0, the sound is slower than the light, so lightning occurs first and thunder is heard later"
250,250,"""The speed of light and sound is different.",250.0,"258,0, the sound is slower than the light, so lightning occurs first and thunder is heard later"
251,251,"The light is about 300,000 km/s per second",251.0,"259,0, the sound is slower than the light, so lightning occurs first and thunder is heard later"
252,252,The sound is about 0.87 km/s,252.0,"260,0, because the sound is slower than the light, lightning occurs first and thunder is heard later"
253,253,"You can see light visually first and you can hear thunder audibly.""",253.0,"261,1. The sound is slower than the light, so lightning occurs first and thunder is heard later"
254,254,The time difference between lightning and thunder is that light and sound travel the same distance is different,254.0,"262,1, the sound is slower than the light, so lightning occurs first and thunder is heard later"
255,255,"Because the sound arrives after the lightning strikes first, thunder is heard after the lightning strikes.",255.0,"263, because thunder, which is a sound, is slower than lightning, which is a light, lightning occurs first and thunder is heard later"
256,256,"Because the speed of light is faster than the speed of sound, thunder is heard after lightning strikes first.",256.0,"264,0 Because thunder, which is a sound, is slower than lightning, which is light, lightning occurs first and thunder is heard later"
257,257,"""Because the speed of light is much faster,",257.0,"265,0, the sound of thunder is slower than the light of lightning, so lightning occurs first and thunder is heard later"
258,258,"The reason is that light has no medium, so there is not much friction, so it can move quickly",258.0,"266,0, because thunder, which is a sound, is slower than lightning, which is a light, lightning occurs first and thunder is heard later"
259,259,"Sound is faster than sound because the medium is air and it takes some time to transmit sound.""",259.0,"267,1 Because thunder, which is sound, is slower than lightning, which is light, lightning occurs first and thunder is heard later"
260,260,"The reason is that the speed of light is much higher because there is no medium, so there is not much friction, so it can move quickly, but because the medium is air, it takes a little time to transmit it as sound, so the light is faster than sound.",260.0,"268,0, because thunder, which is the sound, is slower than lightning, which is the light, lightning occurs first and the sound is heard later269,0, the sound of thunder is slower than the light of lightning, so lightning occurs first and thunder is heard later"
261,261,Because the speed of light is faster than the speed of sound,261.0,"270,0, because thunder, which is a sound, is slower than lightning, which is light, lightning occurs first and thunder is heard later"
262,262,"""The speed of light (light speed) is faster than the speed of sound (sound speed)",262.0,"271,0,"
263,263,Then you hear the thunder.,263.0,"272,0,"
264,264,The speed of light travels around the Earth seven and a half times per second The speed of sound travels about 350 meters per second.,264.0,"273,1,"
265,265,"Therefore, if you measure the time after lightning strikes and hear thunder, you can know how far lightning occurred.""",265.0,"274,1,"
266,266,"""The speed of light (light speed) is faster than the speed of sound (sound speed), so lightning can be seen first.",266.0,"275,1,"
267,267,And then you hear the thunder,267.0,"276,0,"
268,268,The speed of light travels around the Earth seven and a half times per second The speed of sound is about 350 meters per second,268.0,"277,1,"
269,269,"Therefore, if you measure the time after the lightning strikes and hear the thunder, you can see how far the lightning occurred",269.0,"278,0,"
270,270,"""",270.0,"279,0,"
271,271,dwdwed,271.0,"280,1,"
272,272,I don't know.,272.0,"281,0,"
273,273,Mr,273.0,"282,0,"
274,274,Unknowingness,274.0,"283,0,"
275,275,I don't understand.,275.0,"284,1,"
276,276,I don't know,276.0,"285,1,"
277,277,Lightning is faster than thunder,277.0,"286,1,"
278,278,I don't know.,278.0,"287,0,"
279,279,I don't understand.,279.0,"288,0,"
280,280,Unknowingness,280.0,"289,1,"
281,281,The sound is slower than the light,281.0,"290,0,"
282,282,I don't understand.,282.0,"291,1,"
283,283,I don't know,283.0,"292,1,"
284,284,Mall,284.0,"293,0,"
285,285,"Lightning comes down when it shines, and the sound comes the sound",285.0,"294,0,"
286,286,Light is faster than sound,286.0,"295,0,"
287,287,Because light is faster than sound,287.0,"296,1,"
288,288,I don't know,288.0,"297,0,"
289,289,It sounds slower because the speed of light is slower than the sound.,289.0,"298,1,299,1,"
290,290,Unknowingness,290.0,"300,1,"
291,291,I don't understand.,291.0,"301,0,"
292,292,Lightning is heard later because it is much faster than a Mach.,292.0,"302,0,"
293,293,I don't understand.,293.0,"303,1,"
294,294,The sound is so fast,294.0,"304,1,"
295,295,Unknowingness,295.0,"305,1,"
296,296,"It is related to the speed of sound. The farther the distance, the slower the sound is heard.I don't know.",296.0,"306,0,"
297,297,Light is faster,297.0,"307,0,"
298,298,"Light is faster than sound, so lightning strikes first and sounds are heard",298.0,"308,1,"
299,299,Lightning is because light travels faster than sound,299.0,"309,1,"
300,300,?,300.0,"310,1,"
301,301,The light is faster than the sound,301.0,"311,1,"
302,302,"Well, I was curious, but I don't know",302.0,"312,1,"
303,303,It's because it makes sounds and creates light,303.0,"313,1,"
304,304,"Because light is faster than sound, lightning and thunder are originally struck together, but because light is faster than sound, lightning and thunder seem to be striking.",304.0,"314,1,"
305,305,yes,305.0,"315,1,"
306,306,This is because thunder strikes later than lightning.,306.0,"316,1,"
307,307,mmk,307.0,"317,1,"
308,308,It's because light is faster than the sound,308.0,"318,1,"
309,309,The light is faster,309.0,"319,1,"
310,310,Because light is faster than sound,310.0,"320,1,"
311,311,There's a time when lightning makes sounds,311.0,"321,1,"
312,312,There was a thunderstorm because of the lightning,312.0,"322,1,"
313,313,The light is faster than the sound,313.0,"323,1,"
314,314,I can't hear anything,314.0,"324,1,"
315,315,The light is faster,315.0,"325,1,"
316,316,Because the light is the fastest,316.0,"326,1,"
317,317,"Lightning signals the startWell, it's like lightning",317.0,"327,1,"
318,318,Unknowingness,318.0,"328,1,329,0,"
319,319,"Originally, light comes out first and sound comes out later.",319.0,"330,1,"
320,320,Because light is faster than sound,320.0,"331,1,"
321,321,The sound starts from the silence,321.0,"332,1,"
322,322,Because light is faster than sound,322.0,"333,1,"
323,323,Because the light is faster,323.0,"334,1,"
324,324,Because lightning is faster than sound,324.0,"335,1,"
325,325,Thunder is lightning.,325.0,"336,1,"
326,326,Because the sound is faster than debt.,326.0,"337,0,"
327,327,"Light is faster than sound, so thunder is much faster than light, and thunder is slower than light, so thunder hits first, and sound is heard later",327.0,"338,1,"
328,328,"Because light is 310,000 kilometers per second and sound is 340 meters per second, light is bound to be faster than sound, and it cannot catch up with the speed of light",328.0,"339,1,"
329,329,The light is faster than lightning,329.0,"340,1,"
330,330,I don't know,330.0,"341,1,"
331,331,I didn't understand,331.0,"342,1,"
332,332,This is because the speed of sound is slower than that of light.,332.0,"343,1,"
333,333,Light is faster than sound,333.0,"344,0,"
334,334,"""The light is faster than the sound, so that the lightning can be seen first and then the thunder can be heard",334.0,"345,1,"
335,335,"That's how it works""",335.0,"346,1,"
336,336,"It occurs at the same time, but the sound is slower than light, so lightning is seen first and thunder is heard later.",336.0,"347,1,"
337,337,This is because light is faster because lightning is transmitted to me at the speed of light and thunder is transmitted at the speed of sound.,337.0,"348,0,"
338,338,The light is faster,338.0,"349,1,"
339,339,"Light is much faster than sound. Light is 3000000 m/s regardless of the medium, and sound is 333 + 0.6 tons, which varies in speed with temperature. In summer, no matter how high the room temperature is, even if it is assumed to be 50 degrees Celsius, the sound is 361m/s, so lightning, which is light, appears first and thunder is heard a few seconds later. If we find this time difference, we can see the origin (the point at which it occurred) of lightning.",339.0,"350,1,"
340,340,Because the speed of light is faster than that of sound waves,340.0,"351,1,"
341,341,"The speed of light is greater than the speed of sound, so light reaches first",341.0,"352,1,"
342,342,The speed of light is greater than the speed of sound,342.0,"353,1,"
343,343,Because the light is faster.,343.0,"354,1,"
344,344,Speed of light > Sound wave speed,344.0,"355,1,"
345,345,Lightning is faster than the sound,345.0,"356,1,"
346,346,Because light is faster than sound,346.0,"357,1,"
347,347,"Lightning is the speed of light, while sound is 343 m/s. Due to this difference in speed, a time interval occurs when the same distance is changed.",347.0,"358,1,359,1,"
348,348,This is because the speed of light is faster than sound.,348.0,"360,1,"
349,349,"Because the speed of light is faster,",349.0,"361,1,"
350,350,Because light is faster than sound,350.0,"362,1,"
351,351,"Because the speed of light is faster than the speed of sound, lightning strikes first, followed by thunder.",351.0,"363,0,"
352,352,"Because the light is faster, there's a difference in speed",352.0,"364,1,"
353,353,"Because light is faster than sound, light is seen first and sound is heard",353.0,"365,1,"
354,354,Because the bright sound is so fast that it can be heard late,354.0,"366,1,"
355,355,The speed of light and sound are different,355.0,"367,1,"
356,356,"The speed of light and sound is different, so lightning is seen first because the speed of lightning is faster than the sound of lightning.",356.0,"368,1,"
357,357,"Light and sound are faster than sound, so lightning occurs first and then thunder occurs.",357.0,"369,1,"
358,358,The sound is slow,358.0,"370,1,"
359,359,"Because the speed of light is faster than the speed of sound, lightning strikes first, followed by thunder.",359.0,"371,1,"
360,360,This is because light is faster than sound.,360.0,"372,1,"
361,361,Because light is faster than sound,361.0,"373,1,"
362,362,Lightning makes a sound before thunder comes and tells you that thunder is coming,362.0,"374,1,"
363,363,Light is faster than sound,363.0,"375,1,"
364,364,Lightning is light and thunder is sound because light is faster than sound.,364.0,"376,1,"
365,365,The light is faster than the sound,365.0,"377,1,"
366,366,"Because light is faster than sound, light is seen first and thunder is heard.",366.0,"378,1,"
367,367,The light is faster than the sound,367.0,"379,1,"
368,368,Because light is faster than sound.,368.0,"380,0,"
369,369,I don't know.,369.0,"381,1,"
370,370,The light is faster than the sound,370.0,"382,1,"
371,371,Because light is faster than sound.,371.0,"383,0,"
372,372,Lightning is faster than the sound,372.0,"384,0,"
373,373,Unknowingness,373.0,"385,0,"
374,374,This is because the speed of light is faster than the speed of sound.,374.0,"386,1,"
375,375,Light is faster than sound and is a gate.,375.0,"387,0,"
376,376,Light is faster than sound,376.0,"388,1,389,1,"
377,377,The light is faster than sound. a scientifically proven fact,377.0,"390,1,"
378,378,Because the sound is faster than the light,378.0,"391,1,"
379,379,"The light is faster, so I can see the light and I can hear the next sound",379.0,"392,1,"
380,380,Because light is faster than sound,380.0,"393,1,"
381,381,"Light is faster than sound, so lightning strikes first and then sound is heard.",381.0,"394,1,"
382,382,The light is faster than the sound,382.0,"395,1,"
383,383,"Light is faster than sound, so light is seen first and sound is transmitted late.",383.0,"396,1,"
384,384,Because the speed of light is faster than the speed of sound,384.0,"397,1,"
385,385,"Because the speed of light is faster than the speed of sound, the sound is heard after the light of lightning is seen.",385.0,"398,1,"
386,386,"Lightning is the speed of light and sound is the speed of sound and is slower than the speed of light, so it is heard a little after it is seen.",386.0,"399,1,"
387,387,Because light is much faster than sound.,387.0,"400,1,"
388,388,It's like pooing It's farting and buying poo,388.0,"401,1,"
389,389,The speed of light is faster than the speed of sound,389.0,"402,1,"
390,390,This is because the speed of sound is faster than the speed of light.,390.0,"403,1,"
391,391,Because the time the sound is transmitted is different from the time the light is transmitted,391.0,"404,1,"
392,392,Because light is faster than sound,392.0,"405,1,"
393,393,This is because light is faster than the speed of sound.,393.0,"406,1,"
394,394,It's because light is faster than the sound,394.0,"407,1,"
395,395,Because the speed of light is faster than the speed of soundThe light is faster than the sound,395.0,"408,1,"
396,396,The sound can't keep up with the speed of light,396.0,"409,1,"
397,397,Because light is faster than sound.,397.0,"410,0,"
398,398,Because light is faster than sound.,398.0,"411,0,"
399,399,"Because the sound is about 340m/s and the light is about 3000000m/s, light arrives at us and thunder is heard.",399.0,"412,1,"
400,400,Lightning is in the form of light and thunder is sound because light is faster than sound.,400.0,"413,1,"
401,401,"The speed of light is faster than sound. Therefore, light is visible first to our eyes, and thunder at a lower speed is heard later.",401.0,"414,1,"
402,402,Because light is faster than sound,402.0,"415,1,"
403,403,This is because the speed of light is faster than the speed of sound,403.0,"416,1,"
404,404,Unknowingness,404.0,"417,1,"
405,405,Because the speed of light is faster than the speed of sound,405.0,"418,1,419,0,"
406,406,Light is better than soundI'm fast. So I'll blink first and then I'll clap,406.0,"420,1,"
407,407,I don't know ^^,407.0,"421,1,"
408,408,ㄱ and ㅈ,408.0,"422,1,"
409,409,Because the sound is faster than light,409.0,"423,1,"
410,410,This is because the speed of light is faster than that of sound.,410.0,"424,1,"
411,411,I don't know.,411.0,"425,1,"
412,412,"The speed of light is different from the speed of sound, so when lightning strikes from a distance, light reaches me first, and then the sound reaches me, so lightning occurs first and thunder is heard later.",412.0,"426,1,"
413,413,"Thunder and lightning are caused by friction as dust rises into the sky due to the rise in low pressure, and the reason why thunder and lightning strike first is that the speed of light is faster than the speed of sound. In other words, lightning, which is the light, hits first, and then thunder is heard.",413.0,"427,0,"
414,414,"Because light is faster than sound, light flashes and thunder rings first.",414.0,"428,1,"
415,415,Lightning is light and thunder is sound because the speed of light is much faster than that of sound.,415.0,"429,1,"
416,416,Because the sound is faster than the light,416.0,"430,1,"
417,417,"This is because the speed of light is 300,000 km/h and the speed of sound is 340 m/s, and light is faster than sound.",417.0,"431,1,"
418,418,"Because the speed of light is faster than the speed of sound, thunder is heard after lightning strikes first.",418.0,"432,1,"
419,419,"Because light is much faster than sound. Light is about 300,000 kilometers per second, while sound is about 340m/s per second, so lightning strikes first and thunder is heard later. If you check how many seconds after the lightning struck, you can infer the place where the lightning struck.",419.0,"433,1,"
420,420,"Because the speed of light is faster than the speed of sound, the sound is heard after lightning strikes.",420.0,"434,1,"
421,421,"Light travels faster than sound, so lightning occurs first and thunder is heard later.",421.0,"435,1,"
422,422,The light is faster than the sound,422.0,"436,1,"
423,423,"Because the speed of light is faster than the speed of sound, light is seen first before sound is made, followed by sound.",423.0,"437,1,"
424,424,"Because the speed of light is faster than the speed of sound, it takes less time to get to us from one point. Therefore, the light reaches our eyes first, and then the sound reaches our ears and is heard later.",424.0,"438,1,"
425,425,This is because the speed of light is faster than that of sound.,425.0,"439,1,"
426,426,"The speed of light is extremely fast at c, but the speed of sound is relatively slow at 350 per second. In other words, when lightning, the light, strikes, the speed of light is very fast and can be seen directly to our eyes. However, sound is relatively slow and reaches a person's ear later.",426.0,"440,0,"
427,427,"Light travels at 300000 km/s per second, while sound travels at 340 m/s, so light is faster than sound, so it reaches us first. This is because light does not require a medium for movement, but sound travels through a medium called air.",427.0,"441,0,"
428,428,"This is because the speed of light and sound is different. Light travels at 300,000 kilometers per second, while sound travels at several thousand kilometers per second. Because of this speed difference, lightning, which is light, occurs first, and thunder, which is sound, is heard later. Of course, if the distance is close, this phenomenon will not be felt, but this phenomenon is felt at a distance to the extent that the difference in movement speed between light and sound is significant.",428.0,"442,1,"
429,429,"Lightning and thunder occur simultaneously, but lightning is light, and thunder is sound. At this time, light is faster than sound, so lightning occurs first and thunder sounds seem to be heard later.",429.0,"443,1,"
430,430,The light is faster than the sound,430.0,"444,1,"
431,431,"In vacuum, the speed of light is 299792 458 m/s, and the speed of sound in air is 340 m/s based on 100 000 Pa. This shows that light is actually much faster than sound. Therefore, when lightning strikes, light first reaches our eyes, and lightning is supplemented, and later, the sound reaches the ear and hears the sound later.",431.0,"445,1,"
432,432,"This is because the speed of light is much faster than the speed of sound. Therefore, the sound is heard later.",432.0,"446,1,"
433,433,"The light is about 300,000 km/h, and the sound is about 340 m/s, so this difference is caused by the difference in speed between light and sound.",433.0,"447,1,"
434,434,Our ears are deteriorating,434.0,"448,1,449,1,"
435,435,Ankimchi. (Ankimchi in Korean),435.0,"450,1,"
436,436,This is because the speed of sound is slower than the speed of light,436.0,"451,1,"
437,437,This is because the speed of light is faster than the speed of sound.,437.0,"452,1,"
438,438,Because light is faster than sound.,438.0,"453,1,"
439,439,Because light is faster than sound,439.0,"454,1,"
440,440,Because light is faster than sound,440.0,"455,1,"
441,441,This is because the speed of light is faster than the speed of sound.,441.0,"456,0,"
442,442,Because light is faster than sound,442.0,"457,1,"
443,443,Because the light is faster than the sound,443.0,"458,1,"
444,444,The light is faster than the sound,444.0,"459,1,"
445,445,Because the light is faster than the sound,445.0,"460,1,"
446,446,The light is faster than the sound.,446.0,"461,1,"
447,447,The speed of sound is slower than the speed of light,447.0,"462,1,"
448,448,"Light is so fast that you can see it first, and the sound is slower than light, so you can hear it after lightning strikes",448.0,"463,0,"
449,449,Because the speed of light is faster than the speed of sound,449.0,"464,1,"
450,450,"Light is faster than sound, so lightning is light and thunder is sound, so lightning occurs first and thunder is heard later",450.0,"465,1,"
451,451,"Lightning strikes first, then thunder later depending on the distance",451.0,"466,1,"
452,452,"The reason why we can see lightning is because the light from lightning is reflected in our eyes. What is reflected in our eyes is transmitted to us at the speed of light, but thunder is transmitted to us at the speed of sound, which is the speed of sound, which is much slower than the speed of light, so we can see the electric field first and hear the thunder later.",452.0,"467,1,"
453,453,Because the speed of light and sound are different,453.0,"468,1,"
454,454,Because the sound is slower than light,454.0,"469,1,"
455,455,"Because lightning is light and thunder is sound, the speed of sound is not faster than light",455.0,"470,1,"
456,456,The light passes and the sound at 340 meters per second follows,456.0,"471,0,"
457,457,It's probably because the light is faster than the speed of sound,457.0,"472,1,"
458,458,The sound is heard later because the light is faster,458.0,"473,1,"
459,459,Because light is faster than sound.,459.0,"474,1,"
460,460,It's because light is faster than the sound,460.0,"475,0,"
461,461,"Light is faster than sound, but light comes out first because lightning is light and heaven is sound.",461.0,"476,0,"
462,462,The speed of light is faster than that of sound.,462.0,"477,0,"
463,463,"Light is faster than sound, so there is lightning and thunder.",463.0,"478,0,479,0,"
464,464,The size is different,464.0,"480,1,"
465,465,"The sound is faster than light, but lightning is light and thunder is sound",465.0,"481,0,"
466,466,Because light is faster than sound,466.0,"482,1,"
467,467,Because light is faster than sound.,467.0,"483,0,"
468,468,Because light is faster than sound,468.0,"484,1,"
469,469,The sound is slower,469.0,"485,0,"
470,470,The light is faster than the sound,470.0,"486,1,"
471,471,Because light is faster than sound.,471.0,"487,1,"
472,472,"Because the speed of light is faster than the speed of sound,",472.0,"488,1,"
473,473,The light is faster.,473.0,"489,1,"
474,474,Because sound is slower than light,474.0,"490,1,"
475,475,Light is much faster than sound,475.0,"491,0,"
476,476,Light is faster than sound,476.0,"492,0,"
477,477,Because light is faster than sound.,477.0,"493,0,"
478,478,"Light travels straight and very fast. G리ri is fast, but slower than light.",478.0,"494,0,"
479,479,The light is faster than the sound,479.0,"495,1,"
480,480,Why? I'm curious,480.0,"496,1,"
481,481,It's because the light is faster.,481.0,"497,0,"
482,482,The light is faster than the sound,482.0,"498,1,"
483,483,"Because the speed of light is faster than that of sound waves, light is seen first and thunder is heard later.",483.0,"499,1,"
484,484,the speed difference between light and sound,484.0,"500,0,"
485,485,Light is faster than sound,485.0,"501,1,"
486,486,This is because the speed of light is much faster than the speed of sound.,486.0,"502,1,"
487,487,It's far away,487.0,"503,1,"
488,488,Because light is faster than sound.,488.0,"504,1,"
489,489,This is because the speed of light is faster than the speed of sound.,489.0,"505,1,"
490,490,Because the speed of light is faster,490.0,"506,0,"
491,491,Light is much faster than sound.,491.0,"507,1,"
492,492,This is because the speed of light is faster than the propagation speed of sound.,492.0,"508,1,509,0,"
493,493,This is because light is extremely fast and sound moves at 340 meters per second.,493.0,"510,1,"
494,494,The light is faster than the soundI'm faster than anyone else. I'm a traveler on the beat,494.0,"511,1,"
495,495,"Lightning is composed of light particles, and thunder is sound waves. Lightning occurs first and thunder is heard later because the speed at which light particles travel is faster than the speed at which sound spreads.",495.0,"512,0,"
496,496,"Lightning has a speed close to the speed of light. The sound is 340m/s, so lightning is much faster.",496.0,"513,1,"
497,497,"Lightning is the flow of electrons, and the velocity of electrons is almost close to light. Thunder is also the sound. Sound travels at room temperature, 340 meters per second in the atmosphere, but light travels at 300,000 kilometers per second. Because the light is faster, light, lightning that is close to its speed, reaches the surface first, and as it generates light in ionized air, we see this light, and then it happens as sound reaches us.",497.0,"514,0,"
498,498,I don't understand.,498.0,"515,0,"
499,499,"HUENINGKAI, what do you mean?",499.0,"516,0,"
500,500,"I learned it, but I forgot...",500.0,"517,0,"
501,501,Unknowingness,501.0,"518,1,"
502,502,-H6ㄷD55565,502.0,"519,0,"
503,503,"Lightning is light and thunder is sound, so light travels 300,000 kilometers per second, but sound travels 340 meters per second, so lightning strikes first and thunder is heard late",503.0,"520,1,"
504,504,Sound is fast and we hear it with our ears. Light is seen with our eyes,504.0,"521,0,"
505,505,The light is faster than the sound,505.0,"522,0,"
506,506,It's slower than thunder,506.0,"523,0,"
507,507,The light is so fast,507.0,"524,0,"
508,508,What do you mean?,508.0,"525,0,"
509,509,Because light is faster than sound.,509.0,"526,1,"
510,510,The light is faster than the sound,510.0,"527,1,"
511,511,The sound is slower than the light and arrives later.,511.0,"528,0,"
512,512,"Because light is faster than sound, light flashes first and sounds after a few seconds.",512.0,"529,0,"
513,513,be quick of light,513.0,"530,1,"
514,514,This is because light is seen first and sound is heard.,514.0,"531,1,"
515,515,"(Singing ""Banging sound",515.0,"532,0,"
516,516,I don't know why lightning strikes and thunder is heard.,516.0,"533,0,"
517,517,"Lightning: I'll go out first! Thunder: Yeah, I'll be out in a minute ^^",517.0,"534,1,"
518,518,This is because light is faster than sound.,518.0,"535,1,"
519,519,Lightning strikes faster. It's the light,519.0,"536,0,"
520,520,I don't know,520.0,"537,1,"
521,521,Because the light is faster,521.0,"538,1,539,1,"
522,522,This is because the speed of sound is slower than the speed of light.,522.0,"540,0,"
523,523,I don't know. I don't know.,523.0,"541,0,"
524,524,Too fast to shine,524.0,"542,1,"
525,525,The light is faster than the sound,525.0,"543,0,"
526,526,The speed of sound is slower than the speed of light,526.0,"544,1,"
527,527,The speed of sound is slower than the speed of light,527.0,"545,1,"
528,528,The light is faster than the sound,528.0,"546,0,"
529,529,.,529.0,"547,1,"
530,530,"Because light is faster than sound, lightning, which is light, strikes first, and thunder, which is sound, is heard later.",530.0,"548,1,"
531,531,Because light is faster than sound.,531.0,"549,1,"
532,532,Don't know,532.0,"550,0,"
533,533,Light travels around the earth seven and a half times a second as I know it.,533.0,"551,1,"
534,534,"Because the light is faster than the sound, the light arrives first and you can hear the sound",534.0,"552,1,"
535,535,"Lightning meets without sound, and thunder shines with sound",535.0,"553,1,"
536,536,The speed at which light can travel seven times around the earth in one second is 다. So the sound is much faster than the light.,536.0,"554,1,"
537,537,It's hard,537.0,"555,0,"
538,538,Thunder is heard later because light is slower than sound.,538.0,"556,1,"
539,539,I don't know...,539.0,"557,1,"
540,540,Unknowingness,540.0,"558,1,"
541,541,"Both light and sound are known to be very fast, but as evidenced by the thunder after lightning strikes first, light is faster, so even if light and sound depart together, light arrives first. Next is the sound. So I think the sound is a little slower because the light is faster.",541.0,"559,1,"
542,542,Don't know,542.0,"560,1,"
543,543,The sound is slower than the light,543.0,"561,1,"
544,544,?,544.0,"562,1,"
545,545,I want to play it later,545.0,"563,0,"
546,546,the tardiness of thunder,546.0,"564,1,"
547,547,I don't know.,547.0,"565,1,"
548,548,"Thunder falls and the sound follows the thunder, and there will be a distance, so the sound will be heard depending on the distance",548.0,"566,1,"
549,549,Because the light is faster than the sound,549.0,"567,1,"
550,550,"The light is faster, so the sound comes out slower",550.0,"568,1,569,1,"
551,551,Lightning strikes first because it is as fast as a jet stream,551.0,"570,0,"
552,552,Unknowingness,552.0,"571,0,"
553,553,The light is faster than the sound with a large strainer. Light travels fast enough to take 8 minutes and 24 seconds from the sun to Earth.,553.0,"572,1,"
554,554,The sound is slower than the light.,554.0,"573,1,"
555,555,I don't know.,555.0,"574,1,"
556,556,Don't know,556.0,"575,0,"
557,557,This is because light is much faster than sound.,557.0,"576,1,"
558,558,"The speed of thunder is so fast that when our eyes recognize it, lightning has already hit and the speed of our ears is heard up to five seconds after our eyes recognize it, so the sound is slow because our ears cannot recognize it when lightning is the fastest",558.0,"577,0,"
559,559,I don't know.,559.0,"578,1,"
560,560,"Light travels at a tremendous speed because the sound is slower than that, so the sound comes later",560.0,"579,1,"
561,561,Because light is faster than sound because it is over 100 meters per second,561.0,"580,1,"
562,562,"Light is faster than sound, so light comes first, followed by sound.",562.0,"581,0,"
563,563,I don't know.,563.0,"582,0,"
564,564,I don't know,564.0,"583,1,"
565,565,"Sound is not faster than light, so it comes out seconds after lightning strikes.",565.0,"584,1,"
566,566,"When a sound is about to be made, the light is bright, so it is seen first and the sound comes next.",566.0,"585,0,"
567,567,"We started at the same timeEven so, because light is faster than sound, we can see lightning first and hear thunder.",567.0,"586,1,"
568,568,The speed of light is faster,568.0,"587,1,"
569,569,I don't know,569.0,"588,1,"
570,570,"The light is 300000km per second and the sound is 343m per second, so the speed difference is large. Therefore, when thunder strikes, light information enters our sensory organs much faster, so we recognize it quickly.",570.0,"589,0,"
571,571,It is a phenomenon that occurs because light is faster than sound.,571.0,"590,1,"
572,572,"Lightning occurs first because the speed of light is faster. The speed of light is faster than the speed of sound, so lightning occurs first and thunder is heard later.",572.0,"591,0,"
573,573,(Um-Bba~~Um-Bba~)~~~~),573.0,"592,0,"
574,574,"This is because the speed of light is faster than the speed of sound, so light reaches the ground faster than the speed.",574.0,"593,1,"
575,575,The light is faster than the sound,575.0,"594,1,"
576,576,"Lightning is light, and thunder is literally sound, and because the speed of light is faster than the speed of sound, lightning is dusted and thunder is heard afterwards.",576.0,"595,0,"
577,577,"Light is faster than sound, so lightning occurs first.",577.0,"596,0,"
578,578,"Oh, I know",578.0,"597,1,"
579,579,"Lightning is light and thunder is sound, but because the speed of light is incomparable to the speed of sound, light arrives first and sound arrives late.",579.0,"598,1,599,0,"
580,580,The reason why thunder is heard three seconds later is because light reaches the point where it is seen before sound.,580.0,"600,1,"
581,581,The light is faster than the sound,581.0,"601,0,"
582,582,Because light is faster than sound,582.0,"602,1,"
583,583,Because light is faster than sound. So light is seen first and sound is heard later,583.0,"603,1,"
584,584,"Because lightning is light and thunder is sound, lightning, which is light, reaches first.",584.0,"604,1,"
585,585,The sound is slow because the light is too fast,585.0,"605,1,"
586,586,Shall I ask lightning and thunder?,586.0,"606,1,"
587,587,"Lightning, the light, is faster than thunder, the sound. Therefore, light reaches first and thunder arrives late.",587.0,"607,1,"
588,588,Lightning is faster than thunder,588.0,"608,1,"
589,589,"Light is fast enough to orbit the Earth seven times a second, but the sound is not, so lightning strikes first.",589.0,"609,1,"
590,590,Because light (lightning) is faster than sound (thundering).,590.0,"610,1,"
591,591,Lightning occurs first because it is faster than sound.,591.0,"611,1,"
592,592,"Because the speed of light is faster than the speed of sound, lightning, which appears to be light, hits first and thunder, which occurs when lightning strikes, is heard later.",592.0,"612,1,"
593,593,I don't know.f,593.0,"613,1,"
594,594,"Light is generated faster than sound, so lightning strikes first and thunder is heard later.",594.0,"614,1,"
595,595,"This is because light has a speed of 300,000 kilometers per second, but the sound is about 340 meters per second.",595.0,"615,0,"
596,596,Because light is faster than sound.,596.0,"616,1,"
597,597,Unknowingness,597.0,"617,0,"
598,598,The light is faster than the sound,598.0,"618,1,"
599,599,I don't know...,599.0,"619,1,"
600,600,The light is faster than the sound,600.0,"620,1,"
601,601,Because the light is faster.,601.0,"621,1,"
602,602,Because light is faster than sound.,602.0,"622,1,"
603,603,Thunder is the sound that comes after lightning strikes,603.0,"623,0,"
604,604,I have no idea.,604.0,"624,1,"
605,605,"This is because light is 300,000 kilometers per second and sound is only a few hundred meters per minute.",605.0,"625,1,"
606,606,Because light is faster than sound,606.0,"626,0,"
607,607,Do.,607.0,"627,1,"
608,608,"""You react right away when the light shines, but there's a time when the sound comes.""",608.0,"628,1,629,0,"
609,609,"""Because the light is faster than the sound""",609.0,"630,1,"
610,610,The speed difference between light and sound,610.0,"631,0,"
611,611,Because light is very fast.,611.0,"632,1,"
612,612,I don't know.,612.0,"633,1,"
613,613,This is because light is much faster than sound.,613.0,"634,1,"
614,614,Unknowingness,614.0,"635,1,"
615,615,I have no idea.,615.0,"636,1,"
616,616,The light is fast,616.0,"637,1,"
617,617,Because light is faster than sound.,617.0,"638,1,"
618,618,"When lightning strikes, it makes a sound",618.0,"639,1,"
619,619,I don't know,619.0,"640,1,"
620,620,This is because the speed of sound is slower than light.,620.0,"641,1,"
621,621,Because the speed of light and sound are different,621.0,"642,0,"
622,622,The sound cannot keep up with the light,622.0,"643,0,"
623,623,Because light is faster than sound,623.0,"644,0,"
624,624,The light is the fastest,624.0,"645,0,"
625,625,"Because the speed of light is faster than the speed at which sound travels, thunderstorms at long distances detect light first and sound later.",625.0,"646,0,"
626,626,"Because lightning is light, it is faster than sound",626.0,"647,0,"
627,627,Because it faster than the speed of sound is the speed of light.,627.0,"648,0,"
628,628,The light is faster than the sound,628.0,"649,0,"
629,629,Because light is faster than sound.,629.0,"650,0,"
630,630,"This is because the speed of light is faster than the speed of sound. With this difference in speed, you can compare when lightning is visible and when thunder is heard to infer the position up to lightning.",630.0,"651,0,"
631,631,This is because light is faster than sound.,631.0,"652,0,"
632,632,I think it's because light is much faster than sound.,632.0,"653,0,"
633,633,"Because the speed of light is faster than the speed of sound,",633.0,"654,1,"
634,634,Because light is faster than sound.,634.0,"655,0,"
635,635,This is because light travels faster than sound.,635.0,"656,0,"
636,636,"Because sound is slower in particle speed than light, we can see it with our eyes as soon as lightning drops, and thunder, which is sound, takes a few seconds for wavelengths to be transmitted.",636.0,"657,0,"
637,637,"The light is faster, so we can see it first, and then the sound arrives",637.0,"658,1,659,1,"
638,638,Thunder!,638.0,"660,0,"
639,639,The sound is slower than the light,639.0,"661,0,"
640,640,I guess the sound comes out later,640.0,"662,0,"
641,641,"""The speed of light is about 300,000`km/s, and the speed of sound is about 340m/s. Lightning travels about 300,000 kilometers in one second because it is light, and thunder travels about 340 meters in one second because it is sound.Suppose lightning and thunder broke out about 3 kilometers from the school. Light travels about 3 km to school in a very short time of one hundred thousandth of a second. Therefore, lightning can be seen almost simultaneously as it occurs, but thunder is heard about nine seconds later. This is because the sound of thunder travels a distance of about 3km for about 9 seconds.",641.0,"663,1,"
642,642,"[Naver Knowledge Encyclopedia] Light and Sound Fast (Genius Learning Encyclopedia, Elementary Science 5-2, Genius Education)",642.0,"664,1,"
643,643,The light is faster than the sound,643.0,"665,1,"
644,644,Because the light is much faster,644.0,"666,1,"
645,645,The light is faster than the sound,645.0,"667,1,"
646,646,"The light is faster than the sound, so the light flashes first! Then the second place comes and makes a sound",646.0,"668,0,"
647,647,"After the lightning strikes, the impact is that it makes the sound of thunder",647.0,"669,0,"
648,648,"A phenomenon in which a very high voltage difference between a cloud and a cloud or between a cloud and the ground is not tolerated and is instantaneously discharged, and thunder is a sound caused by the high energy of a flowing charge In short, the speed of light is faster than the speed of sound.",648.0,"670,0,"
649,649,Because light is faster than sound.,649.0,"671,1,"
650,650,"Since the speed of sound is slower than the speed of light, light occurs before sound, and thunder is heard after lightning strikes.",650.0,"672,1,"
651,651,"Because the speed of sound is slower than the speed of light, light is generated before sound, so thunder is heard after lightning strikes.",651.0,"673,1,"
652,652,"Because the sound is slower than light, thunder is heard a few seconds after the lightning strikes.",652.0,"674,0,"
653,653,"The air expands due to heat, but the air cannot overcome the expanding force.",653.0,"675,1,"
654,654,"Because the light is faster than the sound, the light comes first, and the sound comes out after a few seconds, so the thunder and lightning can not be heard together",654.0,"676,1,"
655,655,"Light travels 3KM at a rate of one hundred thousandth of a second, but sound travels 3KM in a time of nine seconds",655.0,"677,1,"
656,656,Because the light is faster,656.0,"678,0,"
657,657,"Light is faster than sound, so lightning strikes and then thunder",657.0,"679,1,"
658,658,"The speed of sound is slower than the speed of light, so when lightning strikes, light is seen first, followed by thunder.",658.0,"680,1,"
659,659,"The speed of sound is slower than the speed of light, so when lightning strikes, light is seen first, followed by thunder.",659.0,"681,1,"
660,660,This is because the speed of light is faster than the sound of thunder.,660.0,"682,0,"
661,661,"The sound is slower than light, so lightning strikes first",661.0,"683,0,"
662,662,This is because the speed of light is faster than the speed of sound.,662.0,"684,1,"
663,663,"The speed of sound is slower than the speed of light, so when lightning strikes, light is seen first and then thunder is heard",663.0,"685,0,"
664,664,The light is too fast for the sound to catch up.,664.0,"686,1,"
665,665,"""The sound is slower than the light, so the light is faster than the sound.""",665.0,"687,1,"
666,666,"""I can see it""",666.0,"688,1,689,0,"
667,667,I don't know.,667.0,"690,1,"
668,668,Unknowingness,668.0,"691,0,"
669,669,Mr,669.0,"692,1,"
670,670,I don't understand.,670.0,"693,1,"
671,671,Mr,671.0,"694,1,"
672,672,"""",672.0,"695,1,"
673,673,I don't understand.,673.0,"696,1,"
674,674,"""",674.0,"697,0,"
675,675,ㄷDing ding ding ding,675.0,"698,0,"
676,676,Mr,676.0,"699,1,"
677,677,I don't understand.,677.0,"700,1,"
678,678,Mall,678.0,"701,0,"
679,679,I don't know,679.0,"702,1,"
680,680,I don't understand.,680.0,"703,1,"
681,681,The sound is slower than the light,681.0,"704,1,"
682,682,Mr,682.0,"705,0,"
683,683,I don't understand.,683.0,"706,1,"
684,684,I don't know.,684.0,"707,0,"
685,685,It's because the sound is faster than light,685.0,"708,0,"
686,686,The light is so fast,686.0,"709,0,"
687,687,Mr,687.0,"710,1,"
688,688,Unknowingness,688.0,"711,0,"
689,689,I don't understand.,689.0,"712,1,"
690,690,"Because the speed of sound is slower than the speed of light, light is generated before sound and sound is heard later",690.0,"713,1,"
691,691,The light is faster than the sound,691.0,"714,0,"
692,692,"It appears because light is faster than soundBecause the sound is slower than light. In short, the sound of thunder is slower than the light of lightning.",692.0,"715,0,"
693,693,"Because the speed of sound is slower than the speed of light, light is generated before sound and sound is heard later",693.0,"716,1,"
694,694,.,694.0,"717,1,"
695,695,Mr,695.0,"718,1,719,1,"
696,696,I don't know.,696.0,"720,1,"
697,697,The light is faster than the sound,697.0,"721,1,"
698,698,Light is faster,698.0,"722,1,"
699,699,"Light is faster than sound, so lightning strikes first and sounds are heard",699.0,"723,0,"
700,700,Unknowingness,700.0,"724,0,"
701,701,"Light is much faster than sound, so lightning comes first and thunder comes later",701.0,"725,0,"
702,702,Because light is faster than sound,702.0,"726,1,"
703,703,The light is faster than the sound,703.0,"727,0,"
704,704,?,704.0,"728,0,"
705,705,Because light is faster than sound.,705.0,"729,0,"
706,706,Because light is faster than sound.,706.0,"730,0,"
707,707,The light is faster than the sound,707.0,"731,0,"
708,708,That's how it works,708.0,"732,0,"
709,709,Thunder and lightning are scary,709.0,"733,1,"
710,710,The light is faster,710.0,"734,1,"
711,711,I don't know...,711.0,"735,1,"
712,712,The boat is faster than the sound,712.0,"736,0,"
713,713,The light is faster than the sound,713.0,"737,0,"
714,714,The light is faster than the sound,714.0,"738,0,"
715,715,I don't know.,715.0,"739,0,"
716,716,Because light is faster than sound,716.0,"740,1,"
717,717,"If it shines, it makes a sound",717.0,"741,0,"
718,718,The light is faster than the sound,718.0,"742,1,"
719,719,It's because light is faster than the sound,719.0,"743,0,"
720,720,The light is faster than the sound,720.0,"744,0,"
721,721,The light is much faster,721.0,"745,1,"
722,722,Because light is faster than sound,722.0,"746,0,"
723,723,????,723.0,"747,1,"
724,724,Light is seen first and sound is heard later.,724.0,"748,1,749,0,"
725,725,Light is faster than sound.,725.0,"750,1,"
726,726,Light is much faster than sound,726.0,"751,0,"
727,727,"The speed is too fast. Even if the angle is too high, it is too far away",727.0,"752,0,"
728,728,"The sound is 340 kilometers per second and the light is 300,000 kilometers per second, so the sound is very slow than light, so lightning strikes first and the sound is heard later.",728.0,"753,0,"
729,729,"Between light and sound, light is faster than sound",729.0,"754,1,"
730,730,The light is faster than the sound,730.0,"755,0,"
731,731,"It is because there is a sound in size and the speed is connected, so there is a moving sound speed in the object",731.0,"756,0,"
732,732,Because light and sound are faster and sound is heard after that,732.0,"757,0,"
733,733,She's asking for food on the boat,733.0,"758,1,"
734,734,Because there's an order,734.0,"759,0,"
735,735,It takes time for the sound to be transmitted because it's far away,735.0,"760,0,"
736,736,The light is faster than the sound,736.0,"761,0,"
737,737,The speed is different,737.0,"762,1,"
738,738,"""The speed of light is faster than the sound""",738.0,"763,1,"
739,739,"That's because.""",739.0,"764,1,"
740,740,PASS,740.0,"765,0,"
741,741,I don't understand.,741.0,"766,1,"
742,742,I don't know.,742.0,"767,0,"
743,743,"Light is faster than sound, so light is generated first and then sound is generated.",743.0,"768,1,"
744,744,The light is much faster than the sound,744.0,"769,1,"
745,745,"Thunder is sound and lightning is light. Simply put, the speed of sound and light is much different. That's why lightning is seen first and thunder is heard later.",745.0,"770,1,"
746,746,Because light is faster than sound.,746.0,"771,1,"
747,747,The light is 3000000 m/s and the sound is 340 m/s. There is a big difference in speed.,747.0,"772,1,"
748,748,"Because the light is 3000000 m/s and the sound is slower than this, the light flashes first and the thunder is heard later.",748.0,"773,1,"
749,749,"This is because the speed of sound is much slower than the speed of light, so light reaches humans first.",749.0,"774,1,"
750,750,Because the speed of light can't keep up with anyone,750.0,"775,1,"
751,751,1234,751.0,"776,1,"
752,752,I don't know,752.0,"777,1,"
753,753,Lightning is faster than the sound,753.0,"778,1,779,1,"
754,754,It's a natural phenomenon,754.0,"780,1,"
755,755,It's faster than lightning,755.0,"781,0,"
756,756,"Yes, it is",756.0,"782,1,"
757,757,123,757.0,"783,1,"
758,758,How do I know?,758.0,"784,1,"
759,759,Thunder meets light and speeds up.,759.0,"785,1,"
760,760,The sound is slower than the light,760.0,"786,1,"
761,761,Because the light is faster than the sound,761.0,"787,0,"
762,762,It's because lightning is faster than lightning is faster than sound,762.0,"788,0,"
763,763,The sound is heard late because you can hear the sound of mallards in a large area.,763.0,"789,1,"
764,764,"Three seconds after the bungeo-ppang, the thunder strikes",764.0,"790,1,"
765,765,The sound is heard late because you can hear the sound of mallards in a large area.,765.0,"791,1,"
766,766,Because time goes by so fast,766.0,"792,1,"
767,767,"be slower than lightSo after the lightning struck, there was a sound.",767.0,"793,1,"
768,768,I don't know,768.0,"794,1,"
769,769,The speed of light and sound are different,769.0,"795,1,"
770,770,I don't know,770.0,"796,1,"
771,771,"Because when sunlight comes toward us like us, we come to my eyes first.",771.0,"797,1,"
772,772,because light is faster than sound,772.0,"798,1,"
773,773,I don't know.,773.0,"799,1,"
774,774,"The thunder can't keep up with the lightning, so the lightning strikes first and you can hear the thunder",774.0,"800,1,"
775,775,Because the light is faster than the sound,775.0,"801,1,"
776,776,I don't know.,776.0,"802,1,"
777,777,The light is faster than the sound,777.0,"803,1,"
778,778,Because there's a time when the energy of thunder comes to us,778.0,"804,1,"
779,779,velocity of sound,779.0,"805,1,"
780,780,.....,780.0,"806,1,"
781,781,The light is faster than sound for.,781.0,"807,1,"
782,782,The sound of a child echoes.,782.0,"808,1,809,0,"
783,783,I don't know,783.0,"810,1,"
784,784,I don't understand.,784.0,"811,1,"
785,785,"The speed of light is 300,000 kilometers per second, and the speed of sound is 340 kilometers per second, so light is faster than sound",785.0,"812,0,"
786,786,...,786.0,"813,1,"
787,787,The speed of light is slower than the speed of sound,787.0,"814,0,"
788,788,It takes time while the sound is coming.,788.0,"815,1,"
789,789,"""Because the light is faster than the sound.",789.0,"816,1,"
790,790,"""",790.0,"817,0,"
791,791,The light is too fast to follow.This is because light is faster than sound.,791.0,"818,1,"
792,792,I think I'll make a thud first,792.0,"819,1,"
793,793,This is because light is faster than sound.,793.0,"820,0,"
794,794,I don't know,794.0,"821,1,"
795,795,"The speed of light is 3*10^8 m/s, which is much faster than the average speed of sound, about 300 m/s. Therefore, when there is a thunderstorm in the distance, lightning, the light, reaches our eyes first, and thunder, the sound, is heard a little later.",795.0,"822,1,"
796,796,The speed of light is faster than the speed of sound,796.0,"823,1,"
797,797,Speed of light > Speed of sound,797.0,"824,1,"
798,798,"The speed of light is 3*10^8 m/s, and the speed of sound is 331 m/s, so the light is fast.",798.0,"825,1,"
799,799,"The speed of light is greater than sound, so it reaches first.",799.0,"826,1,"
800,800,The speed of sound is slower than that of light.,800.0,"827,1,"
801,801,"The speed of light is faster than the speed of sound, and the surrounding air by lightning is heated and instantly expands to make sound.",801.0,"828,1,"
802,802,Light is faster than sound,802.0,"829,1,"
803,803,The light is faster than the sound,803.0,"830,1,"
804,804,"Lightning is light and thunder is sound, so lightning is fast.",804.0,"831,1,"
805,805,The light is faster than sound.,805.0,"832,1,"
806,806,"The speed of light is 3*10^8 m/s, and the speed of sound is 340 m/s",806.0,"833,1,"
807,807,The light is faster than the sound,807.0,"834,1,"
808,808,Bebebebe,808.0,"835,1,"
809,809,Travel time. Lightning strikes first and thunder is heard because the light is faster and the sound is slower,809.0,"836,1,"
810,810,Because the sound is slower than light.,810.0,"837,0,"
811,811,"Because the speed of light is faster,",811.0,"838,1,839,1,"
812,812,"Because the speed of light travels faster than the speed of sound, you see lightning first and then hear thunder",812.0,"840,0,"
813,813,"Lightning can be seen by light and thunder by sound, and light is faster than sound, so light reaches the eye first and sound comes after it.",813.0,"841,1,"
814,814,The light comes first and the sound comes out,814.0,"842,1,"
815,815,I don't know,815.0,"843,0,"
816,816,Because light is faster than sound.,816.0,"844,1,"
817,817,Because the light is faster than the sound,817.0,"845,1,"
818,818,The vibration of light is faster than the sound,818.0,"846,1,"
819,819,This is because the speed of light is faster than the speed of sound.,819.0,"847,1,"
820,820,Because the speed of light is faster than the speed of sound,820.0,"848,1,"
821,821,Because light is faster than sound,821.0,"849,0,"
822,822,Light is faster than sound,822.0,"850,1,"
823,823,This is because the speed of light is faster than sound.,823.0,"851,1,"
824,824,This is because the speed of light is faster than that of sound,824.0,"852,1,"
825,825,The light is so fast that you can see the light first and hear the sound,825.0,"853,1,"
826,826,Speed of movement Light > Sound,826.0,"854,0,"
827,827,Because the speed of sound is slower than the speed of light,827.0,"855,1,"
828,828,The speed of light is faster than the sound,828.0,"856,,"
829,829,"Lightning is the sound of light thunder, but the sound can never be rubbed against the speed of light.",829.0,"857,,"
830,830,Because light is faster than sound.,830.0,"858,69.4%,"
831,831,"Because the light is faster than the sound, lightning is seen first and then sound is heard",,
832,832,Because the speed of light is faster than the speed of sound,,
833,833,"The speed of light of lightning is visible in our view, but the sound of lightning is heard in our ears slower than the speed of light due to the speed of sound.",,
834,834,Because light is faster than sound.,,
835,835,"Because light is faster than sound, lightning strikes first, and then a sound comes out.",,
836,836,Because it's faster,,
837,837,The light is faster than the sound,,
838,838,The light is faster than the sound,,
839,839,The reason why lightning strikes and sounds is to surprise people.,,
840,840,The speed of light is superior to the speed of sound,,
841,841,vary from hour to hour,,
842,842,"Light is faster than sound. Light is a tremendous speed that can travel 12 times around the Earth in a second, but sound is slower than light, so light is seen before sound.",,
843,843,Because light is much faster than sound,,
844,844,It's acid-dominated,,
845,845,Because light is faster than sound.,,
846,846,"I heard that light travels seven times around the earth in one second. Therefore, the light is much faster than the sound, so lightning is visible and the sound is heard later.",,
847,847,This is because the speed of light is five seconds faster than the speed of sound.,,
848,848,Because light is faster than sound,,
849,849,Because the light is faster than the sound can be heard,,
850,850,"Light is faster than sound, so lightning strikes first and thunder is heard.",,
851,851,"Because the speed of sound and the speed of light are different, light is seen first, followed by sound.",,
852,852,"Lightning is light and thunder is sound. Because light is faster than sound, lightning strikes first and then thunder is heard later.",,
853,853,Because light is faster than sound,,
854,854,Because light is faster than sound.,,
855,855,"The speed of light is the speed at which it can travel three times around the Earth at a time, but the speed of sound is slow, so light is seen first and sound arrives next",,
856,856,"Light travels at a speed of 300,000 kilometers per second, and sound travels 340 meters per second at room temperature. That's why the faster light reaches first, and then the slower sound arrives.",,
857,857,Lightning occurs first because the speed of light transmission is faster than that of sound.,,
858,858,Lightning occurs first because the speed of light transmission is faster than that of sound.,,
859,859,The light is faster than the sound,,
860,860,This is because the speed of light is much faster than the speed of sound (sonic waves).,,
861,861,Because light is faster than sound.,,
862,862,This is because the speed of light is much faster than the speed of sound.,,
863,863,This is because the speed of light is faster than that of sound waves.,,
864,864,Unknowingness,,
865,865,This is because light is faster than sound.,,
866,866,"Light is faster than sound, so lightning reaches the ground before thunder.",,
867,867,Unknowingness,,
868,868,"Light is not a movement that requires a medium, so it is the fastest, so of course, it is transmitted before sound. That's why we can hear thunder after lightning strikes.",,
869,869,The light is faster than the sound,,
870,870,Unknowingness,,
871,871,The light is very fast and the sound is relatively slow,,
872,872,"Lightning is light. Thunder is the sound. The difference is that the speed of light is 300,000 kilometers per second, and the speed of sound is 330 meters per second.",,
873,873,This is because the speed of light is faster than the speed of sound.,,
874,874,"In fact, in the cloud, a tremendous amount of energy moves and light and sound will be generated at the same time, but as you know, the speed of light is incredibly fast and the sound lasts about 340 meters per second. Considering this, it is natural.",,
875,875,"Because the speed of light is faster than the speed of sound, lightning is seen first and sound is heard later.",,
876,876,Unknowingness,,
877,877,This is because the speed at which light touches is faster than the speed at which sound is transmitted.,,
878,878,The speed of light is faster than the sound,,
879,879,Because light travels faster than sound,,
880,880,This is because the speed of light is faster than that of sound.,,
881,881,"Light travels without the help of the medium, but sound travels through the medium. That's why we can see lightning first and hear thunder a little later.",,
882,882,Because the speed of light is faster than the speed of sound,,
883,883,Evaluation Only. Created with Aspose.Cells for Python via Java.Copyright 2003 - 2022 Aspose Pty Ltd.,,
