,Unnamed: 0,"16. The particles that make up the material do not stay still and move constantly on their own. This is called particle motion, and what are some of the natural phenomena caused by particle motion? Let's explain it in detail using our knowledge of particle motion. ",Unnamed: 0,", q16_Diffusion, q16_Atmosphere, q16_Heat conduction, q16_State change, q16_Diffusion1, q16_Atmospheric pressure1, q16_Heat conduction1, q16_State change.1"
0,0,"WJSN, fighting!",0.0,"0,0,0,0,0 there is a diffusion, a phenomenon that changes into a gaseous state"
1,1,"When you fart, other people smell, too",1.0,"10,0,0,0, particles constantly move on their own, causing diffusion, and the phenomenon of particles flying away appears"
2,2,Move actively because of the high temperature,2.0,"2,0,0,0, ""The particle is constantly moving, causing diffusion in air, liquid"",,, the particle is moving and evaporating"
3,3,River,3.0,"3,0,0,0, particles move by themselves, causing diffusion, and evaporation is a phenomenon caused by the movement of particles"
4,4,the expansion of a solid,4.0,"4,0,1,0, particles diffuse in motion, surface particles fly away when the movement of the particles occurs"
5,5,the flow of air,5.0,"5,1,0,0, there is a phenomenon in which particles move to cause diffusion, and change into a vapor form"
6,6,the expansion of railways in summer and contraction in winter,6.0,"6,0,0,0,0, a diffusion phenomenon occurs due to the motion of the particles,,, is evaporated."
7,7,Waking up from the ice as a vibration,7.0,"7,0,0,0,0, spread, there is evaporation"
8,8,have a spread of ink,8.0,"8,1,0,0,0, there is a diffusion, an evaporation phenomenon"
9,9,a wave,9.0,"9,0,0,0,0, spread, evaporate"
10,10,Wind is the movement of particles of air from high pressure to low pressure.,10.0,"10,0,1,0,0, spread, evaporate"
11,11,air flow,11.0,"11,1,0,0,0, there is diffusion, evaporation"
12,12,"The phenomenon of particle motion is atmospheric pressure, which is the pressure caused by the gas moving actively and colliding in all directions.",12.0,"12,0,1,0, diffusion occurs, evaporates into gas"
13,13,Balloon (Keep Round),13.0,"13,0,1,0, there is diffusion, evaporation"
14,14,"""Balloons""",14.0,"14,0,1,0, diffusion, evaporation occurs"
15,15,"Air enters by blowing the balloon, and particles hit the inner wall of the balloon as the particles move, making the balloon puffy.""",15.0,"15,0,0,0,0, there is a diffusion, evaporation"
16,16,You can feel various emotions,16.0,"16,0,0,0,0, diffusion occurs, evaporation occurs"
17,17,I don't know,17.0,"17,0,1,0, diffusion occurs, evaporation occurs"
18,18,The movement of the region drains the wind from the balloon.,18.0,"18,0,0,0,0, spreading, evaporation occurs"
19,19,Unknowingness,19.0,"19,0,1,0, the phenomenon of diffusion occurs, the phenomenon of evaporation into gas"
20,20,"Air is put into the balloon, and since there are many particles in the air, the movement of the particles causes the balloon to lose its air",20.0,"20,0,0,0,0, diffused, evaporated into gas"
21,21,I have no idea.,21.0,"21,0,0,0,0, particles diffuse, evaporation occurs"
22,22,"Fine dust, flood, earthquake, typhoon, yellow dust, tsunami",22.0,"22,0,0,0,0, the phenomenon of particle diffusion occurs, the particle evaporates"
23,23,Clouds! Rain...,23.0,"23,0,0,0,0, with diffusion, the phenomenon of particle evaporation"
24,24,Is it a typhoon or a sinkhole?,24.0,"24,0,0,0,0, there is a spread, there is evaporation"
25,25,"Floods, earthquakes, typhoons, etc.step",25.0,"25,0,1,0,0, there's a spread, there's an evaporation"
26,26,A balloon that grows as the distance between particles increases when the wind blows.,26.0,"26,0,0,0,0, there is diffusion in natural phenomena, there is evaporation"
27,27,The particles vibrate wildly,27.0,"27,0,0,0,0, there is diffusion in natural phenomena, there is evaporation in natural phenomena"
28,28,photoelectric effect,28.0,"28,0,0,0, there is diffusion in natural phenomena, there is evaporation in natural phenomena29,0,0,0,0, there is diffusion in natural phenomena, there is evaporation in natural phenomena"
29,29,static electricity,29.0,"30,0,0,0, there is diffusion in natural phenomena, there is evaporation in natural phenomena"
30,30,All natural phenomena proceed in the direction of decreasing entropy,30.0,"31,0,0,0,0, there is diffusion in natural phenomena, there is evaporation in natural phenomena"
31,31,I don't know.,31.0,"32,0,0,0, there is diffusion in the natural phenomena caused by the motion of particles, and there is evaporation in the natural phenomena"
32,32,the rotation of the earth,32.0,"33,0,0,1,0, there is diffusion in the natural phenomenon caused by the movement of particles, and evaporation in the natural phenomenon caused by the movement of particles"
33,33,Haha,33.0,"34,0,0,0,0, there is diffusion in the natural phenomenon caused by the motion of particles, and evaporation in the natural phenomenon caused by the motion of particles"
34,34,a fever of fever,34.0,"35,0,0,0,1, there is diffusion in the natural phenomena caused by the motion of particles, and evaporation in the natural phenomena caused by the motion of particles"
35,35,a vacuum cleaner,35.0,"36,0,0,0, there is diffusion in natural phenomena caused by particle motion, and evaporation in natural phenomena caused by particle motion"
36,36,"When you boil a liquid like water, the temperature rises and the particles move more actively than before boiling",36.0,"37,1,0,0, there is diffusion in natural phenomena caused by particle motion, and evaporation in natural phenomena caused by particle motion"
37,37,Weather phenomena,37.0,"38,0,0,0,0, there is diffusion in the natural phenomenon caused by the motion of the particles, and evaporation in the natural phenomenon caused by the motion of the particles"
38,38,There is a Brownian phenomenon,38.0,"39,0,1,0,1 There is diffusion in the natural phenomenon caused by the motion of the particle, and evaporation in the natural phenomenon caused by the motion of the particle"
39,39,"the movement of water, liquids, etc",39.0,"40,1,0,0, there is diffusion in the natural phenomenon caused by the movement of particles, and evaporation in the natural phenomenon caused by the movement of particles"
40,40,"Evaporation of water, volume expansion of bag of potato chips, etc",40.0,"41,0,0,0, there is diffusion in natural phenomena caused by particle motion, and evaporation in natural phenomena caused by particle motion"
41,41,"Brownian motion, heat, etc. of pollen, etc",41.0,"42,0,0,0,0 There is diffusion in natural phenomena caused by particle motion, and evaporation in natural phenomena caused by particle motion"
42,42,"For example, microwave ovens have the principle of making food warm by vibrating the water molecules of food in the microwave.",42.0,"43,0,0,0,0, there is diffusion in natural phenomena caused by particle motion, and evaporation in natural phenomena caused by particle motion"
43,43,I don't know.,43.0,"44,0,0,0,0, particles are evaporated and then diffused into the air, and natural phenomena caused by particle motion are evaporation"
44,44,The electron in an atom uses an electron cloud because it moves constantly and cannot be located.,44.0,"45,0,0,0, particles evaporate as they move and then diffuse into the air…, particles evaporate as they move and become gases"
45,45,There is water boiling.,45.0,"46,0,0,0, particles evaporate by moving and then diffuse into the air, particles evaporate as they move and become gases"
46,46,photoelectric effect,46.0,"47,0,0,0, particles evaporate by moving and then diffuse into the air,,, particles evaporate into gas as they move"
47,47,A wave is emitted from the atom.,47.0,"48,1,0,0, ""The particles move and evaporate, then diffuse into the air,"" ...the particles move and evaporate into the gas"
48,48,"When you knock on the desk, the particle movement occurs in it.",48.0,"49,1,0,0 ""The particle evaporates by moving, then diffuses into the air"",,,,the particle evaporates as it moves into gas"
49,49,Brownian Movement,49.0,"50,1,0,0 ""The particle evaporates by moving, then diffuses into the air"",,,,the particle evaporates as it moves into gas"
50,50,"The pressure inside the gas is formed by the motion of the gas particles. The reason why smoke and dust are scattered irregularly is because they collide with air particles, which is called brown motion.",50.0,"51,1,0,0, ""The particle is evaporated by moving, then diffused into the air"",,,,the particle becomes gas as it moves and evaporates"
51,51,diffusion of ink,51.0,"52,0,0,0,0, there is a diffusion, the particles evaporate into gas as they move"
52,52,have a spread,52.0,"53,0,1,0, spread, there is evaporation"
53,53,electronic motion,53.0,"54,0,0,0,0,0 diffusing, evaporation"
54,54,Blowing balloons,54.0,"55,0,0,0,0, with probability, evaporate"
55,55,"When water is left still at room temperature, it flies into the air without reaching the boiling point.",55.0,"56,0,0,0,1, diffused,,, with evaporation"
56,56,Unknowingness,56.0,"57,0,0,0,0 particles diffuse by themselves, evaporate"
57,57,"The state of water changes with temperature. In the cold winter, the movement of the particles that make up the water slows down, so the water turns into a solid state.",57.0,"58,0,0,0, particles diffuse by themselves, particles evaporate by themselves59,0,0,0, particles diffuse by themselves,,, particles evaporate by themselves"
58,58,Oxidation,58.0,"60,0,0,0,0, there is a diffusion, the particles themselves evaporate"
59,59,the rotation of the earth,59.0,"61,0,0,0,0, it diffuses, there is evaporation"
60,60,I don't know.,60.0,"62,0,0,0,0, the molecule diffuses itself, evaporates"
61,61,Unknowingness,61.0,"63,0,0,0,0 molecules diffuse themselves, molecules evaporate themselves"
62,62,Do.,62.0,"64,0,0,0, molecules themselves diffuse,,, molecules themselves evaporate"
63,63,Don't know,63.0,"65,0,0,0,0, molecules themselves move and diffuse, molecules themselves evaporate"
64,64,I don't know.,64.0,"66,0,0,0, molecules themselves move and diffuse, molecules themselves move and evaporate"
65,65,I don't know.,65.0,"67,0,0,0, molecules themselves move and diffuse…, molecules themselves move and evaporate"
66,66,I don't know,66.0,"68,0,0,0, particles themselves move and diffuse, molecules themselves move and evaporate"
67,67,ㄻㄻㄹ,67.0,"69,0,0,0, particles move by themselves and diffuse, particles move by themselves and evaporate"
68,68,I don't know.,68.0,"70,0,0,0, particles move by themselves and diffuse…, particles move by themselves and evaporate"
69,69,Unknowingness,69.0,"71,0,0,0, the molecules themselves move and diffuse, the particles themselves move and evaporate"
70,70,The particles warm up as they continue to move,70.0,"72,0,0,0,0, molecules themselves move and diffuse, molecules themselves move and evaporate"
71,71,Ju6urykyj'trht yegmf;n po 횺두규ㅁ-ㅛ녀ㅗ-n-,71.0,"73,0,0,0,0 molecules themselves move and diffuse…, molecules themselves move and evaporate"
72,72,"Everyone, I don't know",72.0,"74,0,0,0, particles themselves move and diffuse, molecules themselves move and evaporate"
73,73,the destruction of the earth,73.0,"75,0,0,0, particles themselves move and diffuse, particles themselves move and evaporate"
74,74,Moreugesseum ^^,74.0,"76,0,0,0, particles themselves exercise and diffuse…, particles themselves exercise and evaporate"
75,75,I don't know.,75.0,"77,0, 0, 0, 0, gas diffuses, particles themselves move and evaporate"
76,76,"Space Planets Ordinal Mercury 1/2 Venus/3 Earth/4 Mars/5 Jupiter/6 Saturn/7,000 Pluto/8 Neptune",76.0,"78,0,0,0,0, the gas spreads, there is evaporation"
77,77,Particles exercise because they are fat.,77.0,"79,0,1,0, the entropy increases all the time, the particles become gases as they move"
78,78,Blood moves through the veins,78.0,"80,0,0,0, diffusion is an increase in entropy, evaporating into gas"
79,79,Moisture forms.,79.0,"81,0,0,0, the random spread of molecules is called diffusion, evaporation"
80,80,It's the wind. It feels like the wind is blowing because the particles of air move and come to us. I think it's a similar phenomenon that the wind moves clouds.,80.0,"82,0,0,0,0, diffusion is the random spread of molecules, evaporating into gases"
81,81,I don't know.,81.0,"83,0,1,0, the gas spreads randomly and is called diffusion, evaporation is when a liquid becomes a gas"
82,82,I don't understand.,82.0,"84,0,0,0,0, random spread of gas is called diffusion, evaporation is a vaporization phenomenon"
83,83,I don't know.,83.0,"85,0,0,0,0, diffusion is a molecular spread and natural phenomenon, vaporization is evaporation"
84,84,"Is it a phenomenon where water, soil, and wind move?",84.0,"86,0,0,0,0... the vaporization is evaporation"
85,85,I don't know.,85.0,"87,0,0,0,0,, evaporation and vaporization"
86,86,FDGKDJKGJDFKLGMLK,86.0,"88,0,0,0,0,,,,89,0,0,0,0,,,,"
87,87,the active movement of a gas in the air,87.0,"90,0,0,0,0,,,,"
88,88,"I knew it, but I forgot.",88.0,"91,0,0,0,0,,,,"
89,89,I don't know,89.0,"92,0,1,0,0,,,,"
90,90,"I don't know exactly what the particles are, so I don't know",90.0,"93,0,0,0,0,,,,"
91,91,"The movement of the crust (the particles in the mind move the crust as they continue to circulate)/When the particles collide, heat is generated.",91.0,"94,0,0,0,0,,,,"
92,92,I don't know.,92.0,"95,0,0,0,0,,,,"
93,93,The particles in the balloon move actively and escape through a very small gap in the balloon,93.0,"96,0,0,0,0,,,,"
94,94,I don't know.,94.0,"97,0,0,0,0,,,,"
95,95,I don't know.,95.0,"98,0,1,0,0,,,,"
96,96,You have to move in order for creatures to survive,96.0,"99,0,0,0,0,,,,"
97,97,I don't know!,97.0,"100,0,1,0,0,,,,"
98,98,"The state in which particles are formed is often called solid, exe, and gas, and among them, particles that form an exe, such as water, do not form a tighter structure than solids, so the shape changes even when stirred by hand, but the particle does not disappear and only changes shape.The balloon is deflated.",98.0,"101,0,0,0,0,,,,"
99,99,I don't know.,99.0,"102,0,0,0,0,,,,"
100,100,The wind is blowing.,100.0,"103,0,0,0,0,,,,"
101,101,There is something that the clouds move. I don't know why.,101.0,"104,0,0,0,0,,,,"
102,102,Clouds form as water vapor in the air rises into the sky.,102.0,"105,0,1,0,0,,,,"
103,103,Oxygen,103.0,"106,1,0,0,1,,,,"
104,104,"""Because particles work out, there's no space between them",104.0,"107,1,0,0,1,,,,"
105,105,"It's because particles move due to natural phenomena """,105.0,"108,1,0,0,0,,,,"
106,106,Balloon,106.0,"109,1,0,0,1,,,,"
107,107,The answer is evaporation and diffusion because evaporation and diffusion are made by the motion of particles.,107.0,"110,1,0,0,1,,,,"
108,108,"As the particles move, they become gases and evaporate and diffuse into the air",108.0,"111,1,0,0,1,,,,"
109,109,There is diffusion. An example of diffusion is the spread of odors,109.0,"112,1,0,0,1,,,,"
110,110,"Natural phenomena caused by particle motion include evaporation and diffusion. As the particles move, they change into gases and evaporate, and after evaporation, they diffuse into the air.",110.0,"113,1,0,0,1,,,,"
111,111,"Natural phenomena include evaporation and diffusion The particles ""evaporate"" and ""evaporate"" into the gas are ""diffused""!",111.0,"114,0,0,0,1,,,,"
112,112,"There is evaporation and diffusion in the phenomena caused by particle motion. The particles move, they become gases, they evaporate, they evaporate, and then they diffuse into the air.",112.0,"115,0,0,0,0,,,,"
113,113,"Particles evaporate into gases as they move, evaporate, and then diffuse into the air",113.0,"116,0,0,0,0,,,,"
114,114,"Natural phenomena caused by particle motion include evaporation and diffusion. As the particles move, they become gases and evaporate, evaporate, and then diffuse into the air.",114.0,"117,0,1,0,0,,,,"
115,115,to have evaporation,115.0,"118,0,0,0,0,,,,119,0,1,0,0,,,,"
116,116,"There are evaporation and diffusion in phenomena caused by particle motion. As the particles move, they evaporate into gases, evaporate, and diffuse into the air.",116.0,"120,0,0,0,0,,,,"
117,117,I don't know.,117.0,"121,0,0,0,0,,,,"
118,118,"Particles are subject to rain, wind, or natural disasters.",118.0,"122,0,0,0,0,,,,"
119,119,I don't know about particle motion.,119.0,"123,0,0,0,0,,,,"
120,120,"I don't know. Thunder, wind, rain, clouds",120.0,"124,0,0,0,0,,,,"
121,121,I don't know,121.0,"125,0,0,0,0,,,,"
122,122,It's all over the place,122.0,"126,0,0,0,0,,,,"
123,123,I don't know,123.0,"127,0,0,0,0,,,,"
124,124,earthquake and tsunami,124.0,"128,0,0,0,0,,,,"
125,125,"Not at all, I don't know if I'm dead or alive.",125.0,"129,0,1,0,0,,,,"
126,126,I don't know,126.0,"130,0,0,0,0,,,,"
127,127,There are earthquakes and tsunamis,127.0,"131,0,1,0,0,,,,"
128,128,I don't know. I don't know,128.0,"132,0,0,0,0,,,,"
129,129,The tree,129.0,"133,0,0,0,0,,,,"
130,130,Natural phenomena include wind lamps. This is because wind is the particle of air.,130.0,"134,0,0,0,0,,,,"
131,131,I'm not sure about the particles,131.0,"135,0,0,0,0,,,,"
132,132,The air in the balloon is escaping little by little,132.0,"136,0,0,0,0,,,,"
133,133,I don't know^^,133.0,"137,0,1,0,0,,,,"
134,134,The particles will go up,134.0,"138,0,0,0,0,,,,"
135,135,I don't know.,135.0,"139,0,0,0,0,,,,"
136,136,The particles go up,136.0,"140,0,0,0,0,,,,"
137,137,"If you flap it with a fan, it's cool because of the particle movement",137.0,"141,0,0,0,0,,,,"
138,138,particles of air in the wind,138.0,"142,0,0,0,0,,,,"
139,139,Let's wear... Let's wear clothes!,139.0,"143,0,0,0,0,,,,"
140,140,Particles are separated and the amount increases,140.0,"144,0,0,0,0,,,,"
141,141,Water,141.0,"145,0,0,0,0,,,,"
142,142,Moreugesseum,142.0,"146,0,0,1,0,,,,"
143,143,Lack of knowledge,143.0,"147,0,0,0,0,,,,"
144,144,Air,144.0,"148,0,1,0,0,,,,149,0,1,0,0,,,,"
145,145,What was the exercise on the particle?,145.0,"150,0,0,0,0,,,,"
146,146,Typhoon due to the very vigorous movement of particles,146.0,"151,0,1,0,0,,,,"
147,147,It gets hot when you move without staying still.,147.0,"152,0,0,0,1,,,,"
148,148,I don't know,148.0,"153,0,0,0,0,,,,"
149,149,"When the volume decreases, the particles move close together, and when the volume increases, they move apart from each other and move widely.",149.0,"154,0,1,0,0,,,,"
150,150,Helium gas balloon,150.0,"155,0,0,0,0,,,,"
151,151,"Pollen, fine dust, etc",151.0,"156,0,1,0,0,,,,"
152,152,a balloon containing helium gas,152.0,"157,0,0,0,0,,,,"
153,153,The moisture in the clothes after washing vaporizes and turns into water vapor.,153.0,"158,0,0,0,0,,,,"
154,154,Earthquake,154.0,"159,0,1,0,0,,,,"
155,155,The wind rises.,155.0,"160,0,0,0,0,,,,"
156,156,I don't know.,156.0,"161,0,0,0,0,,,,"
157,157,The wind rises.,157.0,"162,0,0,0,0,,,,"
158,158,I don't know,158.0,"163,0,0,0,0,,,,"
159,159,It's o m n o m n,159.0,"164,0,0,1,0,,,,"
160,160,"Waves will occur due to particles of water, earthquakes and volcanoes will occur due to particles of the ground, and particles in the sky will also cause wind.",160.0,"165,0,0,0,0,,,,"
161,161,"""Earthquake lights...",161.0,"166,0,0,0,0,,,,"
162,162,"""",162.0,"167,0,0,0,0,,,,"
163,163,I don't know. Ahhhhhhhh,163.0,"168,0,0,0,0,,,,"
164,164,I don't know,164.0,"169,0,0,0,0,,,,"
165,165,I didn't know,165.0,"170,0,0,0,0,,,,"
166,166,"When the temperature gets hot, the particle becomes active",166.0,"171,0,0,0,0,,,,"
167,167,I'm not sure.,167.0,"172,0,0,0,0,,,,"
168,168,I don't know.,168.0,"173,0,0,0,0,,,,"
169,169,I don't know.,169.0,"174,0,0,0,0,,,,"
170,170,A solid has particles attached to it and the liquid moves gradually and the gas moves as the particles separate the particles from each other,170.0,"175,0,0,0,0,,,,"
171,171,I don't know.,171.0,"176,0,0,0,0,,,,"
172,172,be photosynthetic,172.0,"177,0,0,0,0,,,,"
173,173,I don't know.,173.0,"178,0,0,0,0,,,,179,0,0,0,0,,,,"
174,174,I can hear the sound.,174.0,"180,0,0,0,0,,,,"
175,175,There's a wave. The particles move around.,175.0,"181,1,0,0,0,,,,"
176,176,",,",176.0,"182,0,0,0,0,,,,"
177,177,Unknowingness,177.0,"183,0,0,0,0,,,,"
178,178,I can hear the sound,178.0,"184,0,0,0,0,,,,"
179,179,..,179.0,"185,1,0,0,0,,,,"
180,180,Unknowingness,180.0,"186,1,0,0,0,,,,"
181,181,Electricity works.,181.0,"187,0,0,0,1,,,,"
182,182,cigarette smoke,182.0,"188,0,0,0,0,,,,"
183,183,There is a diffusion phenomenon.,183.0,"189,0,0,0,0,,,,"
184,184,"I'm sorry, friends",184.0,"190,0,1,0,0,,,,"
185,185,The air is flowing.,185.0,"191,0,0,0,0,,,,"
186,186,a supernatural phenomenon,186.0,"192,1,0,0,0,,,,"
187,187,"If you spray perfume, it spreads.",187.0,"193,1,0,0,0,,,,"
188,188,Smoke diffuses into the air.,188.0,"194,1,0,0,0,,,,"
189,189,"The particles are vibrating themselves. It has a property that changes accordingly. For example, in a solid, a liquid turns into a gas.",189.0,"195,1,0,0,0,,,,"
190,190,a solar wind,190.0,"196,1,0,0,0,,,,"
191,191,convective conduction radiation,191.0,"197,0,0,0,0,,,,"
192,192,The motion of the gas particles results in the pressure of the gas.,192.0,"198,0,0,0,0,,,,"
193,193,The s and p waves of the earthquake are measured by the fluctuations in the crust. This is because the particles of the earth's crust shake. It is said that this shaking is caused by the convection of the mantle. The convection of these mantles is also because the solid particles in the mantle move.,193.0,"199,0,0,0,0,,,,"
194,194,The gas diffuses,194.0,"200,0,0,0,0,,,,"
195,195,"Diffusion occurs in the case of gases, evaporation occurs in the case of liquids, and heat conduction occurs in the case of solids.",195.0,"201,0,0,0,0,,,,"
196,196,The diffusion of smell is an example.,196.0,"202,0,0,0,0,,,,"
197,197,"Dust is flying as you do brown exercisesWhen the ink is dropped into the water, the ink is mixed due to diffusion.",197.0,"203,0,0,0,1,,,,"
198,198,...,198.0,"204,0,0,0,0,,,,"
199,199,I don't know.,199.0,"205,0,0,0,0,,,,"
200,200,Don't know,200.0,"206,0,0,0,1,,,,"
201,201,I really don't know,201.0,"207,0,0,0,1,,,,"
202,202,I really don't know,202.0,"208,0,0,0,0,,,,209,0,0,0,0,,,,"
203,203,The particles are so small that they shake greatly when there is a small movement,203.0,"210,0,0,0,0,,,,"
204,204,A solid becomes a liquid and a liquid becomes a gas,204.0,"211,0,0,0,0,,,,"
205,205,A typical example of a bicycle?,205.0,"212,0,0,0,1,,,,"
206,206,I don't know.,206.0,"213,0,0,0,0,,,,"
207,207,"The water vaporizes into the sky, turns into clouds from the sky, and then it becomes rain again and falls to the ground",207.0,"214,0,0,0,0,,,,"
208,208,"A solid changes into a liquid or a liquid changes into a gas, etc",208.0,"215,0,0,0,0,,,,"
209,209,The sun's fission of light and heat.,209.0,"216,0,0,0,0,,,,"
210,210,the movement of a person,210.0,"217,0,0,0,0,,,,"
211,211,the flow of water,211.0,"218,0,0,0,0,,,,"
212,212,I don't know.,212.0,"219,0,0,0,0,,,,"
213,213,"The valley in the mountain is constantly flowing. In winter, it can change from liquid to solid.",213.0,"220,0,0,0,1,,,,"
214,214,I don't know.,214.0,"221,0,1,0,0,,,,"
215,215,"""Change in sound and wavelength",215.0,"222,0,0,0,0,,,,"
216,216,a solid-liquid gas of heat that is precipitated by temperature,216.0,"223,0,0,0,0,,,,"
217,217,"Solvent solidification""",217.0,"224,0,0,0,0,,,,"
218,218,?,218.0,"225,0,0,0,0,,,,"
219,219,Unknowingness,219.0,"226,0,1,0,0,,,,"
220,220,"Storms, clouds, things like that",220.0,"227,0,0,0,0,,,,"
221,221,Unknowingness,221.0,"228,0,1,0,0,,,,"
222,222,"""No, if you stay still, it's zero gravity. Thoughts, home.""",222.0,"229,0,0,0,0,,,,"
223,223,"""",223.0,"230,0,0,0,0,,,,"
224,224,Water evaporates or ice sublimates due to particle motion.,224.0,"231,0,0,0,0,,,,"
225,225,"""It's a balloon",225.0,"232,0,0,0,0,,,,"
226,226,Particle motion is called particle motion when a particle bounces against a wall,226.0,"233,0,1,0,0,,,,"
227,227,"Storms, clouds, things like that",227.0,"234,0,0,0,0,,,,"
228,228,A typhoon occurs because the air keeps moving,228.0,"235,0,0,0,0,,,,"
229,229,early morning dew on grass,229.0,"236,0,0,0,0,,,,"
230,230,Lock any particle in the magnetic field,230.0,"237,0,0,0,0,,,,"
231,231,"If you put air in the balloon and let go of your hand without tying it, the balloon flies wildly.",231.0,"238,0,0,0,1,,,,239,0,0,0,1,,,,"
232,232,Yellow dust,232.0,"240,1,0,0,1,,,,"
233,233,"If you put a crushed ping pong ball in hot water, it expands",233.0,"241,0,0,0,1,,,,"
234,234,I don't know,234.0,"242,0,0,0,0,,,,"
235,235,a hot-air balloon rising,235.0,"243,0,0,0,0,,,,"
236,236,the rise of a hot air balloon,236.0,"244,0,0,0,0,,,,"
237,237,"Water flowing from the waterfall, floating clouds, etc",237.0,"245,0,0,0,0,,,,"
238,238,"If you put a crushed ping pong ball in hot water, it expands.",238.0,"246,0,0,0,0,,,,"
239,239,I don't know.,239.0,"247,0,0,0,0,,,,"
240,240,There is an aurora.,240.0,"248,0,0,0,0,,,,"
241,241,"""A charged particle in the solar wind of the sun",241.0,"249,0,0,0,0,,,,"
242,242,The atmosphere changes its excited state by colliding with oxygen or nitrogen molecules and their ions in the Earth's high-rise atmosphere,242.0,"250,0,0,0,0,,,,"
243,243,It's related to particle motion when it happens.,243.0,"251,0,0,0,0,,,,"
244,244,"""",244.0,"252,0,0,0,0,,,,"
245,245,"""I don't know.",245.0,"253,0,0,0,0,,,,"
246,246,"""",246.0,"254,0,0,0,0,,,,"
247,247,"When water is cut off, the movement of the particles becomes active, which evaporates and heats the water. These phenomena can also be seen as particle motion.",247.0,"255,0,0,0,0,,,,"
248,248,"When water is boiled, the movement of the particles becomes active, which evaporates and heats the water. These phenomena can also be seen as phenomena caused by particle motion.",248.0,"256,0,0,0,0,,,,"
249,249,"When water is boiled, the movement of the particles becomes active, which evaporates and heats the water. These phenomena can also be seen as phenomena caused by particle motion.",249.0,"257,0,0,0,0,,,,"
250,250,"""Bravo Movement""",250.0,"258,0,0,0,0,,,,"
251,251,"Once upon a time, a man named Brown was in the water",251.0,"259,0,0,0,0,,,,"
252,252,"It's a concept that I came up with while I was exercising when pollen was sprayed. I didn't know why at the time, but it was solved by publishing a paper that revealed that Einstein was an ""irregular movement"" caused by intermolecular collisions in modern times.""",252.0,"260,0,0,0,0,,,,"
253,253,"""Bravo Movement""",253.0,"261,0,0,0,0,,,,"
254,254,"It's a concept that a person named Brown came up with while watching exercise when pollen was sprayed on water. I didn't know why at the time, but it was solved by publishing a paper that revealed that Einstein was an irregular movement caused by intermolecular collisions in modern times.""",254.0,"262,0,0,0,0,,,,"
255,255,"""The higher the heat temperature understood by thermal energy, the more the particle motion",255.0,"263,0,0,0,0,,,,"
256,256,"""It's getting faster""",256.0,"264,0,0,0,0,,,,"
257,257,a hot-air balloon rising,257.0,"265,0,0,0,0,,,,"
258,258,Hot air balloon floating into the sky,258.0,"266,0,0,0,0,,,,"
259,259,edwedwedw,259.0,"267,0,0,0,0,,,,"
260,260,I don't know.,260.0,"268,0,0,0,0,,,,269,0,0,0,0,,,,"
261,261,Mr,261.0,"270,0,0,0,0,,,,"
262,262,Unknowingness,262.0,"271,0,1,0,0,,,,"
263,263,I don't understand.,263.0,"272,0,0,0,0,,,,"
264,264,I don't know,264.0,"273,1,0,0,1,,,,"
265,265,I don't know.,265.0,"274,0,0,0,0,,,,"
266,266,I don't know.,266.0,"275,0,0,0,0,,,,"
267,267,I don't understand.,267.0,"276,0,0,0,0,,,,"
268,268,Unknowingness,268.0,"277,0,0,0,0,,,,"
269,269,I don't understand.,269.0,"278,0,0,0,0,,,,"
270,270,I don't understand.,270.0,"279,0,0,0,0,,,,"
271,271,I don't know,271.0,"280,0,0,0,0,,,,"
272,272,Mall,272.0,"281,0,0,0,0,,,,"
273,273,I don't know.,273.0,"282,0,1,0,0,,,,"
274,274,Hot air balloon,274.0,"283,0,0,0,0,,,,"
275,275,I don't know.,275.0,"284,0,0,0,0,,,,"
276,276,I don't know,276.0,"285,0,0,0,0,,,,"
277,277,I don't know.,277.0,"286,0,0,0,0,,,,"
278,278,Unknowingness,278.0,"287,0,0,0,0,,,,"
279,279,I don't understand.,279.0,"288,0,0,0,0,,,,"
280,280,It's about activating particles by applying heat.,280.0,"289,0,0,0,0,,,,"
281,281,I don't understand.,281.0,"290,0,0,0,0,,,,"
282,282,I don't know.,282.0,"291,0,0,0,0,,,,"
283,283,Unknowingness,283.0,"292,0,1,0,0,,,,"
284,284,"For example, when particles become active in a balloon, the balloon swells.",284.0,"293,0,0,0,0,,,,"
285,285,I don't know.,285.0,"294,0,0,0,0,,,,"
286,286,diffusion and evaporation,286.0,"295,0,0,0,0,,,,"
287,287,I don't know,287.0,"296,0,0,0,0,,,,"
288,288,I don't know.,288.0,"297,0,0,0,0,,,,"
289,289,?,289.0,"298,0,0,0,0,,,,299,0,0,0,0,,,,"
290,290,I don't know,290.0,"300,0,0,0,0,,,,"
291,291,Bebebebebebebebebebebebebebebebebebebebe,291.0,"301,0,0,0,0,,,,"
292,292,Particles go to the gym and exercise,292.0,"302,0,0,0,0,,,,"
293,293,Doesn't the particle move and change the shape of the object ^^:,293.0,"303,0,1,0,0,,,,"
294,294,yes,294.0,"304,1,0,0,0,,,,"
295,295,"If you put air in the balloon and leave it, the size of the balloon is reduced.",295.0,"305,0,0,0,0,,,,"
296,296,ㅜThe particles are moving,296.0,"306,0,0,0,0,,,,"
297,297,Well.,297.0,"307,0,0,0,0,,,,"
298,298,I don't know.,298.0,"308,0,0,0,0,,,,"
299,299,That's why the material is alive,299.0,"309,0,0,0,0,,,,"
300,300,Things that are very scary things,300.0,"310,0,0,0,0,,,,"
301,301,""".?",301.0,"311,1,0,0,1,,,,"
302,302,"""",302.0,"312,1,0,0,0,,,,"
303,303,I don't know.,303.0,"313,1,0,0,0,,,,"
304,304,I don't know what the particles are,304.0,"314,0,0,0,0,,,,"
305,305,"Thanks to particle motion, we can play with balloons",305.0,"315,1,0,0,0,,,,"
306,306,Keep exercising to keep the substance from cooling down,306.0,"316,1,0,0,0,,,,"
307,307,Unknowingness,307.0,"317,0,0,1,1,,,,"
308,308,Various,308.0,"318,1,0,0,0,,,,"
309,309,I don't know,309.0,"319,1,0,0,0,,,,"
310,310,to have air,310.0,"320,1,0,0,0,,,,"
311,311,"The water between the cracks in the stones is frozen by the low temperature, and the stone cracks",311.0,"321,1,0,0,0,,,,"
312,312,I've never heard of a particle called exercise,312.0,"322,0,0,0,0,,,,"
313,313,There's a typhoon,313.0,"323,1,0,0,0,,,,"
314,314,"Oh, my",314.0,"324,0,0,0,0,,,,"
315,315,It becomes smaller than the original particle size.,315.0,"325,0,0,0,0,,,,"
316,316,"The more air is put into the balloon, the bigger the volume, so the particles are moving actively",316.0,"326,0,0,0,0,,,,"
317,317,Brownian motion is the movement of pollen particles here and there as they collide with water molecules in the air,317.0,"327,0,0,0,0,,,,"
318,318,Heat is generated as the particles move,318.0,"328,0,0,0,0,,,,329,0,0,0,0,,,,"
319,319,Unknowingness,319.0,"330,0,0,0,0,,,,"
320,320,I don't know.,320.0,"331,0,0,0,0,,,,"
321,321,The natural phenomenon caused by particle motion is liquid.,321.0,"332,0,0,0,0,,,,"
322,322,It makes the food delicious,322.0,"333,1,0,0,0,,,,"
323,323,I don't know.,323.0,"334,0,0,0,0,,,,"
324,324,There are phenomena such as diffusion and evaporation.,324.0,"335,0,0,0,0,,,,"
325,325,Spreading,325.0,"336,0,0,0,0,,,,"
326,326,Spreading,326.0,"337,0,1,0,0,,,,"
327,327,"Particle motion can be divided into solid, liquid, and gas motion. Goje vibrates in place by very strong attraction between molecules. Liquids have weaker bonds than solids.It diffuses. Gases have very weak intermolecular attractions, so they have active particle movements.",327.0,"338,1,0,0,0,,,,"
328,328,Spreading,328.0,"339,0,0,0,0,,,,"
329,329,Diffusion by concentration difference,329.0,"340,0,0,0,0,,,,"
330,330,"Temperature of matter, change of state, transfer of matter",330.0,"341,0,0,0,0,,,,"
331,331,Spreading,331.0,"342,0,0,0,0,,,,"
332,332,Spreading,332.0,"343,0,0,0,0,,,,"
333,333,"Brownian motion, diffusion of gas",333.0,"344,0,0,0,0,,,,"
334,334,Spreading,334.0,"345,0,0,0,0,,,,"
335,335,"When radiation is applied to an atom, electrons pop out, and the protruding electrons move with kinetic energy.",335.0,"346,0,0,0,0,,,,"
336,336,It's diffusion. It's spread around by the motion of molecules.,336.0,"347,0,0,0,0,,,,"
337,337,the shape is maintained,337.0,"348,0,0,0,0,,,,"
338,338,"For example, when water is boiled, the particles move",338.0,"349,0,0,0,0,,,,"
339,339,Air,339.0,"350,0,0,0,0,,,,"
340,340,Air,340.0,"351,0,0,0,0,,,,"
341,341,I don't know.,341.0,"352,0,0,0,0,,,,"
342,342,"If there's warm heat, the particle movement becomes active, but even just a little heat does particle movement",342.0,"353,1,0,0,0,,,,"
343,343,Air,343.0,"354,0,0,0,0,,,,"
344,344,"Dew on leaves or grass. a phenomenon in which saturated water vapor in a gas attaches to a leaf or grass, resulting in droplets",344.0,"355,0,0,0,0,,,,"
345,345,"The air, the air, moves around the world non-stop",345.0,"356,0,1,0,0,,,,"
346,346,The scent spreads,346.0,"357,0,0,0,0,,,,"
347,347,Air,347.0,"358,0,1,0,0,,,,359,0,0,0,0,,,,"
348,348,I'm sorry. I don't know,348.0,"360,0,1,0,0,,,,"
349,349,I don't know.,349.0,"361,0,0,0,0,,,,"
350,350,Balloon,350.0,"362,0,0,0,0,,,,"
351,351,"When you get on a plane, the sunblock explodes, and things like sunblock, when you go up high, the particles spread",351.0,"363,0,0,0,0,,,,"
352,352,Unknowingness,352.0,"364,0,0,1,0,,,,"
353,353,the movement of air,353.0,"365,0,0,0,0,,,,"
354,354,I don't know.,354.0,"366,0,0,0,0,,,,"
355,355,"""San-San-San-San-San-Sea""",355.0,"367,0,0,0,0,,,,"
356,356,Degree,356.0,"368,0,0,0,0,,,,"
357,357,one's work,357.0,"369,0,0,0,0,,,,"
358,358,"The same""",358.0,"370,1,0,0,0,,,,"
359,359,Thunder,359.0,"371,0,0,0,0,,,,"
360,360,Hail,360.0,"372,0,0,0,0,,,,"
361,361,Unknowingness,361.0,"373,0,0,1,0,,,,"
362,362,I don't know.,362.0,"374,0,0,1,0,,,,"
363,363,"When fart mushrooms spew out spores, they blow away particles",363.0,"375,0,0,0,0,,,,"
364,364,rain or snow,364.0,"376,0,0,0,0,,,,"
365,365,I don't know.,365.0,"377,0,0,0,1,,,,"
366,366,I have no idea.,366.0,"378,0,0,0,0,,,,"
367,367,Many electrons collide with each other.,367.0,"379,0,0,0,0,,,,"
368,368,I learned it but I can't remember,368.0,"380,0,0,0,0,,,,"
369,369,The odor particles are spreading and smelling.Move in the direction of the wind,369.0,"381,0,0,0,0,,,,"
370,370,I don't know,370.0,"382,0,0,0,0,,,,"
371,371,Vibration,371.0,"383,0,0,0,0,,,,"
372,372,Wind... This is because the air moves according to the difference in temperature even if the wind stays still.,372.0,"384,0,0,0,0,,,,"
373,373,I don't know,373.0,"385,0,1,0,0,,,,"
374,374,Wind,374.0,"386,0,0,0,0,,,,"
375,375,I don't know,375.0,"387,0,0,0,0,,,,"
376,376,"When the heat is heated in summer, the train tracks expand.",376.0,"388,0,0,0,1,,,,389,0,0,0,0,,,,"
377,377,The waves spread.,377.0,"390,0,0,0,0,,,,"
378,378,The water is flowing.,378.0,"391,0,0,0,0,,,,"
379,379,Muscle exercise,379.0,"392,0,0,0,0,,,,"
380,380,"When the frying pan is heated, the handle is also heated by the movement of the particles.",380.0,"393,0,0,0,0,,,,"
381,381,I don't know,381.0,"394,0,0,0,0,,,,"
382,382,I don't understand.,382.0,"395,0,0,0,0,,,,"
383,383,I'm sorry,383.0,"396,0,0,0,0,,,,"
384,384,fine dust,384.0,"397,1,0,0,0,,,,"
385,385,I don't know.,385.0,"398,0,1,0,0,,,,"
386,386,Spreading,386.0,"399,0,0,0,0,,,,"
387,387,electric power,387.0,"400,1,0,0,0,,,,"
388,388,photosynthesis of plants,388.0,"401,1,0,0,1,,,,"
389,389,"When the pan of the frying pan is heated, the handle is also heated by the movement of the particles.",389.0,"402,1,0,0,0,,,,"
390,390,"When the pan of the frying pan is heated, the handle is also heated by the movement of the particles.",390.0,"403,0,0,0,1,,,,"
391,391,Heat is generated as the particles move.,391.0,"404,0,0,0,0,,,,"
392,392,I don't know.,392.0,"405,1,0,0,0,,,,"
393,393,"Water evaporates when left at room temperature.This is because water molecules on the surface move constantly, breaking the bonds between water molecules and moving into the air.",393.0,"406,1,0,0,0,,,,"
394,394,Unknowingness,394.0,"407,0,0,0,0,,,,"
395,395,I don't knowUnknowingness,395.0,"408,0,0,0,0,,,,"
396,396,I don't know,396.0,"409,1,0,0,0,,,,"
397,397,I don't know,397.0,"410,0,0,0,0,,,,"
398,398,I love you ^^,398.0,"411,0,0,0,0,,,,"
399,399,ㄱ and ㅈ,399.0,"412,0,0,0,0,,,,"
400,400,Balloon,400.0,"413,0,0,0,0,,,,"
401,401,photoelectric effect,401.0,"414,0,0,0,0,,,,"
402,402,Front door sensor,402.0,"415,0,0,0,0,,,,"
403,403,"The natural phenomenon caused by the movement of particles is the heat radiated to water by solar heat, and water evaporates and condenses into the sky to form clouds.",403.0,"416,0,0,0,0,,,,"
404,404,the phenomenon of water flowing,404.0,"417,0,0,0,0,,,,"
405,405,It can be seen that it is alive because of the movement of the particles.,405.0,"418,0,0,0,0,,,,419,0,0,0,0,,,,"
406,406,"Lightning: On rainy days, in clouds containing a lot of electrons, an electric current is generated as electrons flow down the ground in rainwater.",406.0,"420,0,0,0,0,,,,"
407,407,"There are microphones, speakers, and so on. The microphone vibrates the sound, so the sound diffuses.",407.0,"421,0,0,0,0,,,,"
408,408,"Lightning, thunder",408.0,"422,0,0,0,0,,,,"
409,409,Photosynthesis,409.0,"423,0,0,0,0,,,,"
410,410,"There are various kinds of particle motion, such as diffusion, osmotic pressure, and photoelectric effects.",410.0,"424,1,0,0,0,,,,"
411,411,"Photosynthesis, in particular, is the effect of the particulate nature of light. In addition, various weather phenomena caused by convection can be seen as well.""",411.0,"425,1,0,0,1,,,,"
412,412,"When water is boiled, the particle movement of the water becomes active, and the temperature of the water rises.",412.0,"426,0,0,0,0,,,,"
413,413,"If you look at the smell moving far away rather than in one space, you can see that the particles are moving without stopping.",413.0,"427,0,0,0,0,,,,"
414,414,The particles in the air move and wind blows.,414.0,"428,0,0,0,0,,,,"
415,415,"When water is in a solid state (ice), the movement of particles is reduced, and as the movement of particles increases, the distance between the particles increases to become a liquid, and later becomes a gas.",415.0,"429,0,0,0,0,,,,"
416,416,Gas molecules diffuse around as they move constantly in the air.,416.0,"430,1,0,0,0,,,,"
417,417,"Because the particles move, when water is boiled, it evaporates and flies into the atmosphere.",417.0,"431,0,0,0,0,,,,"
418,418,There is a phenomenon that spreads when pigment is dropped on the water. This phenomenon is that pigment molecules move in the water and appear to spread because they move constantly without staying still.,418.0,"432,0,0,0,0,,,,"
419,419,Water molecules move constantly and evaporation occurs on the surface of the water.,419.0,"433,0,0,0,0,,,,"
420,420,"All phenomena in which the shape of an object varies, such as waves, cloud movements, etc., involve particle motion.",420.0,"434,0,0,0,0,,,,"
421,421,"The particles that make up the material are not stationary and move constantly, and a representative example of a natural phenomenon caused by this is smell. Smell is what is felt as the molecules, which are particles that make up a substance, are spread around by diffusion and stimulate our olfactory cells. Therefore, this can be said to be a phenomenon caused by the movement of particles.",421.0,"435,0,0,0,0,,,,"
422,422,"Even if you don't get close to the flower, it smells because of diffusion",422.0,"436,0,0,0,1,,,,"
423,423,"As the water molecules that make up water constantly move, pollen floating on the water moves around accordingly.",423.0,"437,0,0,0,0,,,,"
424,424,"When pollen is floated on the water, it moves irregularly.",424.0,"438,0,1,0,0,,,,"
425,425,There is diffusion in natural phenomena caused by particle motion.,425.0,"439,0,1,0,0,,,,"
426,426,"Typhoon, rainy season, drought, low birth rate and aging population",426.0,"440,0,1,0,0,,,,"
427,427,Ankimchi. (Ankimchi in Korean),427.0,"441,0,0,0,0,,,,"
428,428,"""",428.0,"442,0,0,0,0,,,,"
429,429,"Lightning, caused by collisions between particles",429.0,"443,0,0,0,1,,,,"
430,430,fine dust,430.0,"444,0,0,0,0,,,,"
431,431,fitness center.,431.0,"445,0,0,0,0,,,,"
432,432,fitness center.,432.0,"446,1,0,0,0,,,,"
433,433,I sweat when I work out,433.0,"447,1,0,0,0,,,,"
434,434,The air gets warm.,434.0,"448,0,0,0,0,,,,449,1,0,0,0,,,,"
435,435,I think there will be fine dust.,435.0,"450,0,0,0,0,,,,"
436,436,"Fine dust, etc",436.0,"451,0,0,1,0,,,,"
437,437,fitness center,437.0,"452,0,0,1,0,,,,"
438,438,fitness center,438.0,"453,0,0,0,0,,,,"
439,439,My body gets hot when I exercise,439.0,"454,0,0,0,0,,,,"
440,440,The temperature changes according to the particle's momentum,440.0,"455,0,0,0,0,,,,"
441,441,"Particle motion has diffusion and when deodorant is sprayed in a space, the scent spreads under the influence of wind or other influences",441.0,"456,0,0,0,0,,,,"
442,442,There are diffusion and evaporation lights,442.0,"457,0,0,0,0,,,,"
443,443,There are typhoons and rainy seasons.,443.0,"458,0,0,0,0,,,,"
444,444,Falls,444.0,"459,0,0,0,0,,,,"
445,445,I don't know.,445.0,"460,0,0,0,0,,,,"
446,446,I don't know.,446.0,"461,0,0,0,0,,,,"
447,447,"Smelling molecules are constantly moving and bumping into each other, spreading into the air",447.0,"462,0,0,0,0,,,,"
448,448,A phenomenon in which chalk does not mix with water and ethanol,448.0,"463,0,0,0,0,,,,"
449,449,"As the particle passes through the metal tube at a constant speed, the step shape, the kinetic energy received as the particle accelerates is constant, and the kinetic energy is proportional to the square of the speed, so the increase in speed is gradually reduced",449.0,"464,1,0,0,0,,,,"
450,450,I don't know,450.0,"465,0,0,0,0,,,,"
451,451,Fire and flood and so on,451.0,"466,0,0,0,0,,,,"
452,452,It's raining.,452.0,"467,0,0,0,1,,,,"
453,453,Evaporation,453.0,"468,0,0,0,0,,,,"
454,454,I don't understand.,454.0,"469,0,0,0,0,,,,"
455,455,Blowing air into the balloon increases the balloon.,455.0,"470,0,0,0,0,,,,"
456,456,It is the movement of particles because the balloon is blowing.,456.0,"471,0,0,0,0,,,,"
457,457,There is a typhoon.,457.0,"472,0,0,0,0,,,,"
458,458,I don't understand.,458.0,"473,0,1,0,0,,,,"
459,459,Fire Generation,459.0,"474,0,0,0,0,,,,"
460,460,evaporation of water,460.0,"475,0,0,0,0,,,,"
461,461,Particle movement is carried out by heat transfer,461.0,"476,0,0,0,0,,,,"
462,462,"Of course, all natural phenomena",462.0,"477,0,0,0,0,,,,"
463,463,Spreading,463.0,"478,0,0,0,0,,,,479,0,0,0,0,,,,"
464,464,the spread of fart smell,464.0,"480,0,0,0,0,,,,"
465,465,I don't know.,465.0,"481,0,0,0,0,,,,"
466,466,Junho's smell is spreading.,466.0,"482,0,0,0,0,,,,"
467,467,Mr,467.0,"483,0,0,0,0,,,,"
468,468,the conduction of heat,468.0,"484,0,0,0,0,,,,"
469,469,heat conduction,469.0,"485,0,0,0,0,,,,"
470,470,Electromagnetic waves are generated by the vibrational motion of electrons.,470.0,"486,0,0,0,0,,,,"
471,471,The movement of the particles allows living things to live.,471.0,"487,0,0,0,0,,,,"
472,472,surface tension,472.0,"488,0,0,0,0,,,,"
473,473,It's an adhd.,473.0,"489,0,0,0,0,,,,"
474,474,I don't know,474.0,"490,0,0,0,0,,,,"
475,475,the destruction of the ozone layer,475.0,"491,0,0,0,0,,,,"
476,476,"Particle movement occurs, such as the movement of electrons, such as lightning.",476.0,"492,0,0,0,0,,,,"
477,477,the effect of a magnet,477.0,"493,0,0,0,0,,,,"
478,478,I don't know,478.0,"494,0,0,0,0,,,,"
479,479,The water is cut off.,479.0,"495,0,0,0,0,,,,"
480,480,Air circulation is typical,480.0,"496,0,0,0,0,,,,"
481,481,Spreading,481.0,"497,0,0,0,0,,,,"
482,482,all phenomena,482.0,"498,0,0,0,0,,,,"
483,483,Lightning,483.0,"499,0,0,0,0,,,,"
484,484,The water keeps evaporating.,484.0,"500,0,0,0,0,,,,"
485,485,It's all exercise.,485.0,"501,0,0,0,0,,,,"
486,486,Increasing entropy,486.0,"502,0,0,0,0,,,,"
487,487,circulation of air,487.0,"503,0,0,1,0,,,,"
488,488,the law of increasing entropy,488.0,"504,0,0,0,0,,,,"
489,489,"An example is the process by which nuclear fission occurs. When nuclear fission occurs, neutrons constantly move and generate energy by amplifying or decreasing it.",489.0,"505,0,0,0,0,,,,"
490,490,"""The Waves""",490.0,"506,0,0,0,0,,,,"
491,491,"Wave is a natural phenomenon caused by wind, but the movement of the owner varies depending on the natural sea wave and the deep sea wave, so the particles of the deep sea wave circle, but the natural sea wave ellipses.""",491.0,"507,0,0,0,0,,,,"
492,492,"There's an aurora. Aurora occurs when charged particles emitted from the sun collide with the Earth's magnetic field, where they glow.",492.0,"508,0,0,0,0,,,,509,0,0,0,0,,,,"
493,493,Earthquake,493.0,"510,0,0,0,0,,,,"
494,494,ㄴㅇㄹㄴㅁㄱ윺ㄴㄷ쇼ㅠㄴㄷI didn't learn it!,494.0,"511,0,0,0,0,,,,"
495,495,Unknowingness,495.0,"512,0,0,0,0,,,,"
496,496,66서ㅛㅕㅓㅅㅕ,496.0,"513,0,0,0,0,,,,"
497,497,Plant growth changes the land,497.0,"514,0,1,0,0,,,,"
498,498,particle motion,498.0,"515,0,0,0,0,,,,"
499,499,molecular cooking,499.0,"516,0,1,0,0,,,,"
500,500,Person?,500.0,"517,0,0,0,1,,,,"
501,501,Ha ha ha ha.,501.0,"518,0,1,0,0,,,,"
502,502,Particles work out. I have a question Is particle exercise aerobic or anaerobic exercise?,502.0,"519,0,0,0,0,,,,"
503,503,the growth of plants,503.0,"520,0,0,0,0,,,,"
504,504,Moreugesseum,504.0,"521,0,0,0,0,,,,"
505,505,"the rotation of the earth, seasonal changes due to revolution, etc",505.0,"522,0,0,0,0,,,,"
506,506,The particles are active,506.0,"523,0,0,0,0,,,,"
507,507,There's a fire,507.0,"524,0,0,0,0,,,,"
508,508,Particles move.,508.0,"525,0,0,0,0,,,,"
509,509,It's going to grow,509.0,"526,0,0,0,0,,,,"
510,510,This natural phenomenon is the act of living things.,510.0,"527,0,0,0,0,,,,"
511,511,Particles exercise more than I do.,511.0,"528,0,0,0,0,,,,"
512,512,I don't know.,512.0,"529,0,1,0,0,,,,"
513,513,Don't know,513.0,"530,0,0,0,0,,,,"
514,514,I don't know,514.0,"531,0,0,0,0,,,,"
515,515,A typhoon?,515.0,"532,0,0,0,0,,,,"
516,516,I don't know.crying,516.0,"533,0,0,0,0,,,,"
517,517,I don't know. I hate science. Geukyeom,517.0,"534,0,1,0,0,,,,"
518,518,Yes.,518.0,"535,0,0,0,0,,,,"
519,519,Do.,519.0,"536,0,0,0,0,,,,"
520,520,"The atoms or molecules that make up a solid are attracting each other with strong attractions, and because atoms or molecules are regularly arranged, they cannot move freely, so they are only vibrating in place. Continuous lowering of the temperature is expected to stop the vibration of these solid molecules, which is about -273°C, and this temperature is called absolute zero (0 K). On the contrary, if the temperature of the solid is increased, the vibration of molecules or atoms is accelerated and the regular molecular arrangement of the solid collapses and turns into a liquid when it reaches the melting point.",520.0,"537,0,0,0,0,,,,"
521,521,,521.0,"538,0,0,0,0,,,,539,0,0,0,0,,,,"
522,522,"As a way of describing the motion of solid molecules, the set of atoms or molecules that make up a solid can be likened to a set of heavy particles connected by very light springs with little mass, and intermolecular bonds can be thought of as each spring binds adjacent particles. When an external force is applied, the entire set of particles is compressed, expanded, or distorted, just like the properties of solids we know.",522.0,"540,0,0,0,0,,,,"
523,523,,523.0,"541,0,0,0,0,,,,"
524,524,"""In the case of heating a solid, if the heated molecule vibrates more, the neighboring molecules vibrate together, explaining the conduction of heat. If the solid particles become too large to break the spring, the regular arrangement collapses and melts into a liquid.""",524.0,"542,0,0,0,0,,,,"
525,525,"The atoms or molecules that make up a solid are attracting each other with strong attractions, and because atoms or molecules are regularly arranged, they cannot move freely, so they are only vibrating in place. Continuous lowering of the temperature is expected to stop the vibration of these solid molecules, which is about -273°C, and this temperature is called absolute zero (0 K). On the contrary, if the temperature of the solid is increased, the vibration of molecules or atoms is accelerated and the regular molecular arrangement of the solid collapses and turns into a liquid when it reaches the melting point.",525.0,"543,0,0,0,0,,,,"
526,526,,526.0,"544,0,0,0,0,,,,"
527,527,"As a way of describing the motion of solid molecules, the set of atoms or molecules that make up a solid can be likened to a set of heavy particles connected by very light springs with little mass, and intermolecular bonds can be thought of as each spring binds adjacent particles. When an external force is applied, the entire set of particles is compressed, expanded, or distorted, just like the properties of solids we know.",527.0,"545,0,0,0,0,,,,"
528,528,,528.0,"546,0,0,0,0,,,,"
529,529,"In the case of heating a solid, a large vibration of a heated molecule can explain the conduction of heat because neighboring molecules vibrate together under the vibration, and if a solid particle is too large to break the spring, its regular arrangement collapses and melts into a liquid.""",529.0,"547,0,0,0,0,,,,"
530,530,Mushrooms,530.0,"548,0,0,0,0,,,,"
531,531,.,531.0,"549,0,0,0,0,,,,"
532,532,People let them move,532.0,"550,0,0,0,0,,,,"
533,533,.,533.0,"551,1,0,0,0,,,,"
534,534,Don't know,534.0,"552,1,0,0,1,,,,"
535,535,I think it makes my body sweat.,535.0,"553,1,0,0,1,,,,"
536,536,I've never heard of it before,536.0,"554,0,0,0,0,,,,"
537,537,I don't understand.,537.0,"555,0,0,0,0,,,,"
538,538,I don't know.,538.0,"556,1,0,0,1,,,,"
539,539,"The movement of the particles becomes more active when the temperature is higher, so the volume increases.",539.0,"557,0,1,0,0,,,,"
540,540,I don't know.,540.0,"558,1,0,0,1,,,,"
541,541,"For example, balloons are inflated because particles are moving in them.",541.0,"559,0,0,0,1,,,,"
542,542,Melt: Melt iron over fire. Sublimation: Sex occurs in winter.,542.0,"560,0,0,0,0,,,,"
543,543,"Just as tiny particles of air move and create wind, liquid or dough changes shape when touched. Therefore, I think wind, tsunami, and earthquake are the same principles.",543.0,"561,1,0,0,1,,,,"
544,544,Don't know,544.0,"562,0,0,0,0,,,,"
545,545,Don't know,545.0,"563,0,0,0,0,,,,"
546,546,?,546.0,"564,1,0,0,0,,,,"
547,547,You're losing weight. You're getting healthier,547.0,"565,1,0,0,1,,,,"
548,548,The particles must be working out hard,548.0,"566,0,1,0,0,,,,"
549,549,I have no idea.,549.0,"567,1,0,0,1,,,,"
550,550,The active movement of particles is what keeps our bodies moving and healthy,550.0,"568,1,0,0,1,,,,569,0,0,1,0,,,,"
551,551,Don't know,551.0,"570,0,0,0,0,,,,"
552,552,I don't know.,552.0,"571,0,0,0,0,,,,"
553,553,Unknowingness,553.0,"572,1,0,0,1,,,,"
554,554,The wind is blowing.,554.0,"573,0,0,0,0,,,,"
555,555,Unknowingness,555.0,"574,0,0,0,0,,,,"
556,556,Unknowingness,556.0,"575,0,0,0,0,,,,"
557,557,I don't know.,557.0,"576,0,1,0,0,,,,"
558,558,Don't know,558.0,"577,0,0,0,0,,,,"
559,559,to be able to blow a balloon(?),559.0,"578,0,0,0,0,,,,"
560,560,It is said that 100 million particles move when a worm moves a meter,560.0,"579,0,1,0,0,,,,"
561,561,I don't know.,561.0,"580,0,0,0,0,,,,"
562,562,"If you change the water into another cup, the amount is the same, but the shape is different",562.0,"581,0,0,0,0,,,,"
563,563,I don't know I only know that it' water,563.0,"582,0,0,0,0,,,,"
564,564,The particles move to maintain balance with all life.,564.0,"583,0,0,0,0,,,,"
565,565,I don't know.,565.0,"584,0,0,0,0,,,,"
566,566,I don't know,566.0,"585,0,0,0,0,,,,"
567,567,I don't know.,567.0,"586,0,0,0,0,,,,"
568,568,I don't know,568.0,"587,0,0,0,0,,,,"
569,569,I don't understand.,569.0,"588,0,0,0,0,,,,"
570,570,Temperature change,570.0,"589,0,0,0,0,,,,"
571,571,I don't know,571.0,"590,0,0,0,0,,,,"
572,572,It transmits heat or electricity.,572.0,"591,0,0,0,0,,,,"
573,573,Diffusion occurs when the scent spreads.,573.0,"592,0,0,0,0,,,,"
574,574,"As the particles move, the temperature of the particles increases. As the temperature of the particles rises, various changes occur, such as changes in the state of the material.",574.0,"593,0,0,0,0,,,,"
575,575,The time of the flies,575.0,"594,0,0,0,0,,,,"
576,576,Diffusion occurs.,576.0,"595,0,0,0,0,,,,"
577,577,"""",577.0,"596,0,0,0,0,,,,"
578,578,"Evaporation, diffusion""",578.0,"597,0,1,0,0,,,,"
579,579,There are evaporation and diffusion lights.,579.0,"598,0,0,0,0,,,,599,0,0,0,0,,,,"
580,580,I don't know...................................................,580.0,"600,0,0,0,1,,,,"
581,581,a plant grows fast,581.0,"601,0,0,0,0,,,,"
582,582,"Examples of particle motion are evaporation and diffusion, and as the particle moves, it changes into a gas and spreads into the air.",582.0,"602,1,0,0,0,,,,"
583,583,The balloon swells.,583.0,"603,0,0,0,0,,,,"
584,584,"There is evaporation and diffusion, evaporation rises by heat, and diffusion is driven by air",584.0,"604,0,0,0,0,,,,"
585,585,"""It turns into a gas as you exercise, and the gas evaporates and spreads into the air",585.0,"605,0,0,0,0,,,,"
586,586,,586.0,"606,0,0,0,0,,,,"
587,587,"""",587.0,"607,0,0,0,0,,,,"
588,588,"We don't really feel it because we move particles in every material, but we will always move according to the movement of particles",588.0,"608,1,0,0,0,,,,"
589,589,"There are phenomena in which particles become gases as they move and evaporate, and then diffuse into the air.",589.0,"609,0,0,0,0,,,,"
590,590,Because particles do many things,590.0,"610,0,0,0,0,,,,"
591,591,"Well, this, too------ㅡㅡㅡㅡㅡㅡ",591.0,"611,0,0,0,0,,,,"
592,592,"As the particles move, they become gases and diffuse from gases to air.",592.0,"612,0,0,0,0,,,,"
593,593,"Diffusion and evaporation are the biggest examplesThe wind blows, the dust flies, and the ball window breeds germs.",593.0,"613,0,0,0,1,,,,"
594,594,There's evaporation and diffusion.,594.0,"614,0,0,0,0,,,,"
595,595,There is evaporation and diffusion.,595.0,"615,0,0,0,0,,,,"
596,596,"Particle motion is common in the phenomenon of heat energy transfer around us. The movement of natural particles can be found in the ""conducting"" phenomenon in which the vibrations of particles of an object with more heat energy are transferred between attached solids to transfer heat energy, and the ""convection"" phenomenon in which relatively free particles move directly from fluids.",596.0,"616,0,0,0,0,,,,"
597,597,I don't know.,597.0,"617,0,0,0,0,,,,"
598,598,f,598.0,"618,0,1,0,0,,,,"
599,599,"Evaporation and diffusion exist. As the particles move, they become gases, evaporate, and diffuse into the air.",599.0,"619,0,0,0,0,,,,"
600,600,Substances are produced as particles bond to each other to achieve a stable state. Electrons move and current is generated.,600.0,"620,0,0,0,0,,,,"
601,601,Lightning strikes.,601.0,"621,0,0,0,0,,,,"
602,602,Unknowingness,602.0,"622,0,0,0,0,,,,"
603,603,the wind blowing,603.0,"623,0,0,0,0,,,,"
604,604,I don't know...,604.0,"624,0,0,0,0,,,,"
605,605,I don't know,605.0,"625,0,0,0,0,,,,"
606,606,Balloons?,606.0,"626,1,0,0,1,,,,"
607,607,Marathon,607.0,"627,1,0,0,1,,,,"
608,608,"""I don't know",608.0,"628,1,0,0,1,,,,629,0,0,0,1,,,,"
609,609,"""",609.0,"630,1,0,0,0,,,,"
610,610,I have no idea.,610.0,"631,0,0,0,1,,,,"
611,611,"The fusion of the sun, particles moving and fusing with other particles, creates energy.",611.0,"632,0,0,0,1,,,,"
612,612,Unknowingness,612.0,"633,0,0,0,0,,,,"
613,613,Do.,613.0,"634,0,0,0,1,,,,"
614,614,The particles of water move and the water flows,614.0,"635,1,0,0,1,,,,"
615,615,It's a small particles move,615.0,"636,0,0,0,1,,,,"
616,616,Plants grow.,616.0,"637,0,0,0,1,,,,"
617,617,I don't know.,617.0,"638,1,1,0,0,,,,"
618,618,I don't understand.,618.0,"639,0,0,0,1,,,,"
619,619,Unknowingness,619.0,"640,0,0,0,1,,,,"
620,620,I have no idea.,620.0,"641,1,0,0,1,,,,"
621,621,I don't know.,621.0,"642,0,0,0,0,,,,"
622,622,Unknowingness,622.0,"643,0,0,0,0,,,,"
623,623,Unknowingness,623.0,"644,0,0,0,0,,,,"
624,624,Unknowingness,624.0,"645,0,0,0,0,,,,"
625,625,the movement of pollen through the wind,625.0,"646,0,0,0,0,,,,"
626,626,I really don't know.,626.0,"647,0,0,0,0,,,,"
627,627,Tornado,627.0,"648,0,0,0,0,,,,"
628,628,evaporation of water,628.0,"649,0,0,0,0,,,,"
629,629,Entropy always increases.,629.0,"650,0,0,0,0,,,,"
630,630,There is a diffusion phenomenon where the smell spreads.,630.0,"651,0,0,0,0,,,,"
631,631,I think it's going to be lightning,631.0,"652,0,0,0,0,,,,"
632,632,static electricity,632.0,"653,0,0,0,0,,,,"
633,633,a hurricane,633.0,"654,0,0,0,0,,,,"
634,634,the flow of liquid,634.0,"655,0,0,0,0,,,,"
635,635,I don't know. Sorry,635.0,"656,0,0,0,0,,,,"
636,636,the spread of smell,636.0,"657,0,0,0,0,,,,"
637,637,a hurricane,637.0,"658,0,0,0,0,,,,659,0,0,0,0,,,,"
638,638,Fire,638.0,"660,0,0,0,0,,,,"
639,639,the flow of liquid,639.0,"661,0,0,0,0,,,,"
640,640,a wave of water,640.0,"662,0,0,0,0,,,,"
641,641,"""Water boils at 100 degrees. As the temperature increases, the movement of the particles in the water becomes active, and the number of collisions increases, which releases a large amount of heat.",641.0,"663,1,0,0,1,,,,"
642,642,"When it reaches 100 degrees, water vaporizes into water vapor by boiling.""",642.0,"664,0,0,0,0,,,,"
643,643,Fire,643.0,"665,0,0,0,0,,,,"
644,644,I think it's an earthquake,644.0,"666,1,0,0,0,,,,"
645,645,"Earthquake, bungeo-ppe",645.0,"667,1,0,0,0,,,,"
646,646,I don't know.,646.0,"668,0,0,0,0,,,,"
647,647,"""Temperature means how actively a particle moves, and in science it is usually called thermal energy.",647.0,"669,0,0,0,0,,,,"
648,648,,648.0,"670,0,0,0,0,,,,"
649,649,"Of course, the higher the temperature, the faster the particle vibrates.",649.0,"671,0,0,0,0,,,,"
650,650,"When the temperature rises, solids or liquids do not increase their volume significantly because they are relatively attached to each other (as compared to gases), but in gases, the volume increases as the particles vibrate actively, which is called Charles' Law.""",650.0,"672,1,0,0,1,,,,"
651,651,when the water freezes,651.0,"673,0,0,0,0,,,,"
652,652,"When the water freezes and the particles move,",652.0,"674,0,0,0,0,,,,"
653,653,when the water freezes,653.0,"675,0,0,0,0,,,,"
654,654,"As the water freezes, the particles change more and more regularly",654.0,"676,0,0,0,0,,,,"
655,655,the freezing of liquid water and turning it into a solid,655.0,"677,0,0,0,0,,,,"
656,656,"Just as the air in the world circulates, I think the movement of particles acts on various objects and nature.",656.0,"678,0,0,0,0,,,,"
657,657,A liquid turns into a solid,657.0,"679,0,0,0,0,,,,"
658,658,"The water particles move on their own, and the water in the fish tank evaporates, and the perfume particles move on their own and the smell spreads.",658.0,"680,0,0,0,0,,,,"
659,659,"The water particles move on their own, and the water in the fish tank evaporates, and the perfume particles move on their own and the smell spreads.",659.0,"681,0,0,0,0,,,,"
660,660,"The water particles move on their own, the water in the fish tank evaporates, and the perfume particles move on their own, and the smell spreads.",660.0,"682,0,0,0,0,,,,"
661,661,Water evaporates when hot water is poured.,661.0,"683,0,0,0,0,,,,"
662,662,The smell spreads but smells,662.0,"684,0,0,0,0,,,,"
663,663,"When water is boiled in a pot, it evaporates into gas and flies away",663.0,"685,0,0,0,0,,,,"
664,664,Water evaporates,664.0,"686,0,0,0,0,,,,"
665,665,"If you spray perfume, the particles move on their own",665.0,"687,0,0,0,0,,,,"
666,666,"When the water is poured, the water particles evaporate and the water decreases gradually.",666.0,"688,0,0,0,0,,,,689,0,0,0,0,,,,"
667,667,"When the water is poured, the water particles evaporate and the water decreases gradually. When you spray perfume, the particles exercise and the smell spreads.",667.0,"690,0,0,0,0,,,,"
668,668,"There is evaporation, and an example of evaporation is that the wet laundry dries.",668.0,"691,0,0,0,0,,,,"
669,669,"Because the particles of water move by themselves, the water in the fish tank evaporates, and the particles come out by themselves",669.0,"692,0,0,0,0,,,,"
670,670,"The wind blows, and the smell of perfume spreads.",670.0,"693,0,0,0,0,,,,"
671,671,"Because the water particles moved by themselves, the water in the fish tank evaporated, and the perfume particles moved by themselves",671.0,"694,0,0,0,0,,,,"
672,672,"Because the water particles moved by themselves, the water in the fish tank evaporated, and the perfume particles moved by themselves,",672.0,"695,0,0,0,1,,,,"
673,673,"The water particles move by themselves, the water in the fish tank evaporates, and the perfume particles move by themselves, spreading the smell",673.0,"696,0,0,0,0,,,,"
674,674,I don't know.,674.0,"697,0,0,0,0,,,,"
675,675,Unknowingness,675.0,"698,0,0,0,0,,,,"
676,676,Mr,676.0,"699,0,0,0,0,,,,"
677,677,I don't understand.,677.0,"700,0,0,0,0,,,,"
678,678,Mr,678.0,"701,0,0,0,0,,,,"
679,679,"""",679.0,"702,0,0,0,0,,,,"
680,680,I don't understand.,680.0,"703,0,0,0,0,,,,"
681,681,"""",681.0,"704,0,0,0,0,,,,"
682,682,(Playing the guitar sound,682.0,"705,0,0,0,0,,,,"
683,683,Mr,683.0,"706,0,0,0,0,,,,"
684,684,I don't understand.,684.0,"707,0,0,0,0,,,,"
685,685,Mall,685.0,"708,0,0,0,0,,,,"
686,686,I don't know,686.0,"709,0,0,0,0,,,,"
687,687,I don't understand.,687.0,"710,0,0,0,0,,,,"
688,688,I don't understand.,688.0,"711,0,0,0,0,,,,"
689,689,Mr,689.0,"712,0,0,0,0,,,,"
690,690,I don't understand.,690.0,"713,0,0,0,0,,,,"
691,691,I don't know.,691.0,"714,0,0,0,0,,,,"
692,692,I don't know. What else is there?I don't know.,692.0,"715,0,0,0,0,,,,"
693,693,Mr,693.0,"716,0,0,0,0,,,,"
694,694,Unknowingness,694.0,"717,0,0,0,0,,,,"
695,695,I don't understand.,695.0,"718,0,0,0,0,,,,719,1,0,0,0,,,,"
696,696,"The water particles move by themselves, so the water in the fish tank evaporates, and the perfume particles move by themselves, so the smell spreads",696.0,"720,0,0,0,0,,,,"
697,697,Hot air balloon float by hot air balloon heat movement,697.0,"721,1,0,0,0,,,,"
698,698,"The movement of the particles creates an aurora, which suddenly releases a huge amount of energy as the magnetic field recombines between the sun and the earth, which reacts with Earth's air molecules",698.0,"722,1,1,1,1,,,,"
699,699,"Particles in the water move themselves, evaporating water in the water or tank in the fish tank, reducing the amount of water.",699.0,"723,0,0,0,0,,,,"
700,700,"The water particles move by themselves, the water in the fish tank evaporates, and the perfume particles move by themselves, so the smell spreads",700.0,"724,0,0,0,0,,,,"
701,701,.,701.0,"725,0,0,0,0,,,,"
702,702,Mr,702.0,"726,0,0,0,0,,,,"
703,703,I don't know.,703.0,"727,0,0,0,0,,,,"
704,704,Particles move,704.0,"728,0,0,0,0,,,,"
705,705,diffusion and evaporation,705.0,"729,0,0,0,0,,,,"
706,706,I don't know,706.0,"730,0,0,0,0,,,,"
707,707,Unknowingness,707.0,"731,0,0,0,0,,,,"
708,708,I don't know.,708.0,"732,0,0,0,0,,,,"
709,709,Don't know,709.0,"733,0,0,0,0,,,,"
710,710,Unknowingness,710.0,"734,0,0,0,0,,,,"
711,711,?,711.0,"735,0,0,0,0,,,,"
712,712,Don't know,712.0,"736,0,0,0,0,,,,"
713,713,It has become more convenient.,713.0,"737,0,0,0,0,,,,"
714,714,An earthquake?,714.0,"738,0,0,0,0,,,,"
715,715,I don't know.,715.0,"739,0,0,0,0,,,,"
716,716,Jambo. (Jambo),716.0,"740,0,0,0,0,,,,"
717,717,?,717.0,"741,0,0,0,0,,,,"
718,718,Particle movement is difficult,718.0,"742,0,0,0,0,,,,"
719,719,It's rotting.,719.0,"743,0,0,0,0,,,,"
720,720,It's rotting,720.0,"744,0,0,0,0,,,,"
721,721,The particles move blood as they move.,721.0,"745,0,0,0,0,,,,"
722,722,It breeds,722.0,"746,0,0,0,0,,,,"
723,723,It's because the oppressor moves and the blood moves in our bodies,723.0,"747,0,0,0,0,,,,"
724,724,"The solid has particles attached, and the liquid little by little has particles away from the air.",724.0,"748,0,0,0,0,,,,749,0,0,0,0,,,,"
725,725,"I don't know the particle movement, so I can't explain it in detail",725.0,"750,0,0,0,0,,,,"
726,726,"C, c, d",726.0,"751,0,0,0,0,,,,"
727,727,I don't know.,727.0,"752,0,0,0,0,,,,"
728,728,The water evaporates upward and ascends to heaven,728.0,"753,0,0,0,0,,,,"
729,729,Particles continue to undergo photosynthesis,729.0,"754,0,0,0,0,,,,"
730,730,???,730.0,"755,0,0,0,0,,,,"
731,731,"Solid, liquid, and gas are all composed of particles, and in the case of solid, there is no gap in particles, so the shape is not easily disturbed, and liquid has more gap in particles than solid, so the shape changes easily.Gas is invisible to the eyes because it has a wider gap between particles than solids and liquids.",731.0,"756,0,0,0,0,,,,"
732,732,I don't know...,732.0,"757,0,0,0,0,,,,"
733,733,I don't know. Close it,733.0,"758,0,1,0,0,,,,"
734,734,The particles combine to form muscles,734.0,"759,0,0,0,0,,,,"
735,735,I don't know.,735.0,"760,0,0,0,0,,,,"
736,736,"It's stuck together in a solid state, it's a little bit apart in a liquid state, it's a lot of gas apart.",736.0,"761,0,0,0,0,,,,"
737,737,The particles are attached to each other and separated in a liquid state,737.0,"762,0,0,0,0,,,,"
738,738,"When a person moves, many organs are active, but the particles themselves move",738.0,"763,0,0,0,0,,,,"
739,739,"The particles move and form matter in nature, which makes trees grow in the environment",739.0,"764,0,0,0,0,,,,"
740,740,have the same life expectancy,740.0,"765,0,0,0,0,,,,"
741,741,I don't know.,741.0,"766,0,0,0,0,,,,"
742,742,Pass.,742.0,"767,0,0,0,0,,,,"
743,743,I don't know,743.0,"768,1,0,0,0,,,,"
744,744,Breathing,744.0,"769,1,0,0,1,,,,"
745,745,Earthquake,745.0,"770,0,0,0,0,,,,"
746,746,PASS,746.0,"771,1,0,0,0,,,,"
747,747,I don't understand.,747.0,"772,0,0,0,0,,,,"
748,748,"""I don't know.""",748.0,"773,1,0,0,0,,,,"
749,749,"""",749.0,"774,1,0,0,0,,,,"
750,750,An earthquake?,750.0,"775,1,0,0,0,,,,"
751,751,the movements of the people,751.0,"776,0,0,0,0,,,,"
752,752,Particle motion is commonly found in pollen.,752.0,"777,1,0,0,1,,,,"
753,753,"diffusion, convection, eruption",753.0,"778,1,0,0,0,,,,779,1,0,0,0,,,,"
754,754,Water boils or air circulates.,754.0,"780,0,1,0,0,,,,"
755,755,diffusion and eruption,755.0,"781,0,0,0,0,,,,"
756,756,"Evaporation, diffusion, ejection, gas pressure, conduction, convection",756.0,"782,0,0,0,0,,,,"
757,757,I don'm not sure...,757.0,"783,0,0,0,0,,,,"
758,758,1234,758.0,"784,0,0,0,0,,,,"
759,759,I don't know,759.0,"785,1,0,0,0,,,,"
760,760,123,760.0,"786,0,0,0,0,,,,"
761,761,123,761.0,"787,0,0,0,0,,,,"
762,762,123,762.0,"788,0,0,0,0,,,,"
763,763,"Oh, my",763.0,"789,0,0,0,0,,,,"
764,764,bravely,764.0,"790,0,0,0,0,,,,"
765,765,I don't know. No,765.0,"791,0,0,0,0,,,,"
766,766,I don't know.,766.0,"792,0,0,0,0,,,,"
767,767,I don't know~~~~~~~~~~~~~~~~~~~~~~~~~~~~~~~~~~~,767.0,"793,0,0,0,0,,,,"
768,768,What do I do?,768.0,"794,0,0,0,0,,,,"
769,769,123,769.0,"795,0,0,0,0,,,,"
770,770,123,770.0,"796,0,1,0,0,,,,"
771,771,Mora,771.0,"797,0,0,0,0,,,,"
772,772,123,772.0,"798,0,0,0,0,,,,"
773,773,I'm sweating,773.0,"799,0,0,0,0,,,,"
774,774,123,774.0,"800,0,0,0,0,,,,"
775,775,I don't know,775.0,"801,0,0,0,0,,,,"
776,776,I don't know.,776.0,"802,0,0,0,0,,,,"
777,777,I don't know,777.0,"803,0,0,0,0,,,,"
778,778,I can live comfortably without causing any inconvenience to my health,778.0,"804,0,0,0,0,,,,"
779,779,This is not our level,779.0,"805,0,0,0,0,,,,"
780,780,713,780.0,"806,0,0,0,0,,,,"
781,781,It helps us,781.0,"807,0,0,0,0,,,,"
782,782,I need to work out to improve my body,782.0,"808,0,0,0,0,,,,809,0,0,0,0,,,,"
783,783,I don't know.,783.0,"810,0,0,0,0,,,,"
784,784,Moreugesseum,784.0,"811,0,0,0,0,,,,"
785,785,Unknowingness,785.0,"812,0,0,0,0,,,,"
786,786,Nitrogen,786.0,"813,1,0,0,0,,,,"
787,787,.......,787.0,"814,0,0,0,0,,,,"
788,788,Earthquake,788.0,"815,0,0,0,0,,,,"
789,789,I don't know.,789.0,"816,0,0,0,0,,,,"
790,790,"""I don't know,""",790.0,"817,0,0,0,0,,,,"
791,791,"따It's open""I don't understand.",791.0,"818,0,0,0,0,,,,"
792,792,"Put air in the balloon and over time, the balloon becomes smaller",792.0,"819,0,0,0,0,,,,"
793,793,....,793.0,"820,0,0,0,0,,,,"
794,794,Distinguish solid liquid gases,794.0,"821,0,0,0,0,,,,"
795,795,The air circulates.,795.0,"822,0,0,0,0,,,,"
796,796,"""The particles rise together when the temperature rises and fall together when the temperature drops. If you put the particles in a certain volume and raise the temperature, they float.",796.0,"823,0,0,0,0,,,,"
797,797,"""",797.0,"824,1,0,0,0,,,,"
798,798,The rubber band is an example,798.0,"825,0,0,0,0,,,,"
799,799,I don't know.,799.0,"826,0,0,0,0,,,,"
800,800,I don't know.,800.0,"827,1,0,0,0,,,,"
801,801,It explodes when the particle is trapped in a certain volume and the temperature is increased.,801.0,"828,0,0,0,0,,,,"
802,802,thermos,802.0,"829,0,0,0,0,,,,"
803,803,"convection, diffusion, eruption, osmosis",803.0,"830,0,0,0,0,,,,"
804,804,Evaporation,804.0,"831,0,0,0,0,,,,"
805,805,phase change,805.0,"832,0,0,0,0,,,,"
806,806,Spreading,806.0,"833,0,0,0,0,,,,"
807,807,The degree of motion of the particles can be expressed by temperature. by diffusion or particle motion,807.0,"834,0,0,0,0,,,,"
808,808,There is a spread.,808.0,"835,0,0,0,0,,,,"
809,809,"Diffusion, Brownian movement. It is moved by the difference in partial pressure.",809.0,"836,0,0,0,0,,,,"
810,810,Spreading,810.0,"837,0,0,0,0,,,,"
811,811,"Thermal Energy, Temperature",811.0,"838,0,1,0,0,,,,839,0,0,0,0,,,,"
812,812,"Evaporation, diffusion, etc. on the surface of a liquid",812.0,"840,0,0,0,0,,,,"
813,813,"Diffusion, Brownian motion",813.0,"841,1,0,0,0,,,,"
814,814,"Diffusion, pressure, Brownian motion",814.0,"842,0,0,0,0,,,,"
815,815,thermal expansion,815.0,"843,0,0,0,0,,,,"
816,816,Ephep,816.0,"844,0,0,0,0,,,,"
817,817,The silver is rusting,817.0,"845,0,0,0,0,,,,"
818,818,Lightning strikes and rains.,818.0,"846,1,0,0,0,,,,"
819,819,"When you fart, the person next to you smells",819.0,"847,1,0,0,0,,,,"
820,820,"When a friend wears perfume, the scent spreads from the place where he wears it to quite a distance",820.0,"848,0,0,0,0,,,,"
821,821,Fine dust from China is a representative example.,821.0,"849,0,0,0,0,,,,"
822,822,Unable to know.,822.0,"850,0,0,0,0,,,,"
823,823,I don't know,823.0,"851,0,0,0,0,,,,"
824,824,I don't know,824.0,"852,0,0,0,0,,,,"
825,825,Unknowingness,825.0,"853,0,0,0,0,,,,"
826,826,growth,826.0,"854,0,0,0,0,,,,"
827,827,I don't know.,827.0,"855,0,0,0,0,,,,"
828,828,There is a phenomenon called water boiling due to rapid motion on the particles that make up water.,828.0,"856,,,,,,,,"
829,829,...,829.0,"857,,,,,,,,"
830,830,I don't know,830.0,"858,11.6%,7.4%,1.4%,7.6%,,,,"
831,831,Wind,,
832,832,Thunder,,
833,833,I don't know.,,
834,834,It's going to be far,,
835,835,a fever,,
836,836,Unknowingness,,
837,837,We can't go through the wall because the particles are moving,,
838,838,Light,,
839,839,Growth.,,
840,840,"There's light, there's a wave, and this particle can be seen through a fog box experiment",,
841,841,"As the particles do not move still and move, electrons do not hit the central protons and neutrons, but revolve around them and do not collide and destroy them. In other words, it allows all substances to be composed and present due to the movement of the particles.",,
842,842,Water,,
843,843,The earth rotates because of the motility of the particles.,,
844,844,There are many things,,
845,845,?,,
846,846,The forest fires that spread,,
847,847,There's a lot of little things It's separating,,
848,848,"The phenomenon of diffusion is also caused by the movement of particles, for example, when you spray perfume on your body, but a certain part of it doesn't smell and spreads and smells",,
849,849,I know how to exercise hard,,
850,850,"""If ice is solid, particles are gathered because there is no space, and when water becomes water, there is more space to play around The gas becomes water vapor and there is so much space that particles fly around./",,
851,851,"""",,
852,852,Fruit,,
853,853,the activity of a child,,
854,854,Particles attempt to escape.,,
855,855,I don't know.,,
856,856,Particle motion is thermal energy.,,
857,857,Particle movement is.,,
858,858,I don't know. I didn't study at this time. I hated science at this time.,,
859,859,We can assume the cells in our skin.,,
860,860,"As for the spread of smell, odor particles spread around where the particles stayed.",,
861,861,Rainbows are caused by the motion of particles.,,
862,862,My friend doesn't stay still,,
863,863,It spreads when you spray perfume.,,
864,864,"As the particles continue to move, friction between the particles occurs, resulting in a vestibule. Based on this phenomenon, lightning appears in reality",,
865,865,Unknowingness,,
866,866,"When you spray perfume on your body in the room, the whole room smells of perfume.",,
867,867,"When you spray perfume on your body in the room, the whole room smells of perfume.",,
868,868,"When you put paint in a liquid, it mixes.",,
869,869,"conduction, radiation, etc",,
870,870,"Ice freezes and melts, and railways increase in hot weather.",,
871,871,Warm air expands because the speed of motion of the particles varies depending on the temperature.,,
872,872,I don't know.,,
873,873,Unknowingness,,
874,874,Wind,,
875,875,Unknowingness,,
876,876,Unknowingness,,
877,877,"Diffusion occurs due to particle motion of air. You can't see the motion of gases and liquid particles with your eyes, but when you spray perfume to spread the smell, or when you drop the ink into a drop of water and the whole color changes, you can see diffusion. This is a phenomenon that occurs because the solid does not stay still and moves constantly on its own. It also occurs in convection or conduction when temperature is transmitted, and this phenomenon is also transmitted as a medium because the solid is constantly moving. The reason why we can hear the sound of people far away is also because of the movement of particles.",,
878,878,I don't know,,
879,879,Unknowingness,,
880,880,I don't know,,
881,881,"The brown effect occurs when the ink is poured into the water. In the former case, spin motion is also performed.",,
882,882,"There is diffusion, convection, etc. They say diffusion in a liquid or gas phase is the movement of matter from the concentration of the substance to the soft spot.",,
883,883,"There is a diffusion phenomenon that occurs when a gas or liquid moves. And even if an electric field is applied, electrons do not accelerate and flow a constant current may be due to the motion of the particles that flow constantly flowing.",,
884,884,Unknowingness,,
885,885,Unknowingness,,
886,886,Unknowingness,,
887,887,There are too many. Everything that exists is particle motion,,
888,888,Unknowingness,,
889,889,"""Hydrogen Binding",,
890,890,"Hydrogen bonding refers to bonding through electrostatic interactions with elements with high electronegativity such as nitrogen and oxygen. Large and small electronegativity materials are driven by attractive forces that pull each other and form close instantaneous bonds.""I have no idea.",,
891,891,Active particle motion releases a lot of heat energy and raises the temperature,,
892,892,Evaluation Only. Created with Aspose.Cells for Python via Java.Copyright 2003 - 2022 Aspose Pty Ltd.,,
