,Unnamed: 0,"18. Most people now use smartphones, which are small computers in their hands that they couldn't imagine 20 years ago. Many changes have occurred due to the development of science and technology. How has the development of science and technology changed our lives? ",Unnamed: 0,", q18_convenience, q18_information, q18_problem, q18_convenience.1, q18_information.1, q18_problem.1"
0,0,Seol-a,0.0,"0,0,0,0 can save time, dataize a lot of information in a short time, cause new social problems"
1,1,a lot of changes,1.0,"10,0,0, it's not hard, the information search is fast, it creates new social problems"
2,2,It made it more convenient,2.0,"2,1,0,0, it's easy to solve, it's easy to search for information, it creates new social problems"
3,3,I can live a more comfortable life,3.0,"3,1,0, things can be solved easily, information can be searched right away, creating new social problems"
4,4,I can't live without,4.0,"4,0,0,0 can do things easily, get information quickly, cause new social problems"
5,5,I started using Wi-Fi That's so sweet,5.0,"5,0,0,0, conveniently available, fast information and communication, creating new social problems"
6,6,It's easy to answer questions about our lives,6.0,"6,1,0,0, as science and technology develops, it is convenient to use, and the necessary information can be searched immediately.,which also causes new social problems"
7,7,a good change,7.0,"7,1,0, can save time, can easily adjust time by traveling abroad, and can cause new social problems"
8,8,You can get where you want a little faster,8.0,"8,1,0, can be useful in life, can cause new social problems"
9,9,It makes our lives convenient,9.0,"9,1,0, can be used useful, can cause new social problems"
10,10,You can move conveniently with fast transportation.,10.0,"10,1,0,0 ,not hard ,may cause new social problems"
11,11,It made life easier,11.0,"11,1,0, can be solved easily, it can cause new social problems"
12,12,"It created mechanization and automation in the manufacturing system, and it was able to perform a tremendous computation of 10 billion times a second. In addition, things that cannot be done due to human physical factors have become possible.",12.0,"12,1,0, work can be solved easily, the development of science and technology causes new social problems"
13,13,It made life easier and the speed of information spread faster.,13.0,"13,1,0, easy to work, the development of science and technology causes new social problems"
14,14,Communication from a long distance became convenient.,14.0,"14,1,0, conveniently available, the development of science and technology creates new social problems"
15,15,It made life easier,15.0,"15,1,0, it is convenient to use when science and technology is developed, and the development of science and technology causes new social problems"
16,16,It's convenient,16.0,"16,0,0,0 can save time, the development of science and technology causes new social problems"
17,17,Poor eyesight and gives us knowledge.,17.0,"17,0,0,1, it is not hard, the development of science and technology causes new social problems"
18,18,Convenience,18.0,"18,1,0,0 ,it is easy to solve ,the development of science and technology also causes new social problems"
19,19,It's made our lives more convenient than before,19.0,"19,1,0, things can be solved easily, the development of science and technology also causes new social problems"
20,20,It becomes more convenient.,20.0,"20, 1, 0, 0, work can be done easily, the development of science and technology can cause new social problems"
21,21,"Even if people are far away, they can contact each other by phone, and even without a camera, they can save pictures on small phones.",21.0,"21,0,1,0, helping life, the development of science and technology also causes new social problems"
22,22,There are good things and bad things because of the development of science and technology,22.0,"22,0,0,1,the development of science and technology also causes new social problems"
23,23,"With the development of science and technology, people can live more conveniently.",23.0,"23,1,0, it has become easier, and the development of science and technology also causes new social problems"
24,24,It made our lives more convenient.,24.0,"24,1,0,0 became simple, new social problems arise"
25,25,"In the past, it took nearly a month to get to Jeju Island from Seoul, but due to the development of science, it will arrive in two to three hours.",25.0,"25,0,1,0, science and technology make people comfortable, new social problems arise"
26,26,It makes you feel comfortable.,26.0,"26,1,0, science and technology have made many people convenient, new social problems arise"
27,27,the development of transportation and communication,27.0,"27,0,1,0, the difference between us and primitive people is that life has become easier due to the beginning of science and technology, new social problems arise"
28,28,I made him live a convenient life,28.0,"28,1,0, light and portable, new social problems arise29,0,0,0, a lot of information can be dataized in a short time, new social problems arise"
29,29,"Without the development of current science and technology, the spread of information would decrease exponentially.",29.0,"30,0,0,0, information search is fast, new social problems arise"
30,30,It has reduced human activity and changed the type of leisure life.,30.0,"31,1,0,1, convenient to search for information, new social problems arise"
31,31,"Through the development of science and technology, our lives are now very convenient, but during the development of science and technology, there is also a problem of global pollution that cannot be handled by our technology",31.0,"32,0,0, you can search for information right away, new social problems arise due to the development of science and technology"
32,32,What?,32.0,"33,0,1,0, information can be obtained quickly, new social problems arise due to the development of science and technology"
33,33,the development of transportation and communication,33.0,"34,1,0, the information and communication is fast, and new social problems arise due to the development of science and technology"
34,34,"With the development of science and technology (nanotechnology), it is possible to produce small products more conveniently.",34.0,"35,1,0, you can search for the information you need right away. . . . New social problems arise due to the development of science and technology"
35,35,Giving you a lot of convenience,35.0,"36,1,0, you can adjust the time by traveling abroad, and new social problems arise due to the development of science and technology"
36,36,made life convenient,36.0,"37,1,0, easy to carry, new social problems arise due to the development of science and technology"
37,37,Better information can be obtained by reducing our movement. So our lives became more convenient,37.0,"38,0,1,0 , new social problems arise due to the development of science and technology"
38,38,"I can go to Seoul in an hour, talk to a person on the other side of the world, and have penetrated deep into our daily lives, so I can not live without science and technology.",38.0,"39,1,0,0 ,, new social problems arise due to the development of science and technology"
39,39,"With the development of science and technology, people are living more convenient lives than before.",39.0,"40,0,0,1,... New social problems arise due to the development of science and technology"
40,40,"Group intelligence decline, intellectual level down, people are easily instigated, privacy violations,",40.0,"41,0,1,0... New social problems arise due to the development of science and technology"
41,41,"It allowed me to enjoy an improved daily life in almost every way. One of the most promising technologies in the future is the Internet of Things, which is expected to develop clothes that analyze biological rhythms that were seen in movies until a few years ago.",41.0,"42,1,0,0... New social problems arise due to the development of science and technology"
42,42,It makes our lives rich.,42.0,"43,1,0,0... New social problems arise due to the development of science and technology"
43,43,It made human life more convenient.,43.0,"44,1,0,,,, new social problems arise due to the development of science and technology"
44,44,It became convenient.,44.0,"45,1,0,,,, New social problems arise due to the development of science and technology"
45,45,Life will be easier,45.0,"46,1,0,0...the development of science and technology raises new social problems"
46,46,The development of science and technology provides us with a more convenient and prosperous life.,46.0,"47,1,0,0...the development of science and technology creates new social problems"
47,47,It gave me a convenient life.,47.0,"48,1,0,1, causing social problems"
48,48,"It has made life convenient, but it has caused environmental pollution and is causing damage to mankind.",48.0,"49,0,1,0, causing social problems"
49,49,"The actual distance is the same, but with the development of transportation, the time it takes to travel has been shortened.",49.0,"50,1,0,0 , cause social problems"
50,50,"You can talk to everyone in the world through the Internet. ""Back""",50.0,"51,0,0,0 , causing social problems"
51,51,It made our lives comfortable.,51.0,"52,0,0,0 , cause social problems"
52,52,It has a very big impact on our way of life,52.0,"53,1,0,0 , cause social problems"
53,53,everything,53.0,"54,0,0,0,,, causing social problems"
54,54,This is because the technology of hyper-proliferation simplifies the complexity of the present world,54.0,"55,1,0,0 , it also causes social problems"
55,55,People's dreams grow bigger because things that they have only imagined come true.,55.0,"56,1,0,1, it also causes social problems"
56,56,It allowed me to live a convenient life,56.0,"57,0,1,0,,, causing social problems"
57,57,"On the positive side, it made people's lives more convenient, and on the negative side, it indiscriminately developed, destroyed the environment, and eliminated various jobs.",57.0,"58,1,0,0 , it also causes social problems59,0,0,0... It also causes social problems"
58,58,Quick sharing of information,58.0,"60,0,0,0 ,the development of science and technology causes social problems"
59,59,It brought convenience and allowed us to imagine a bigger future.,59.0,"61,0,0,0...the development of science and technology causes social problems"
60,60,I don't know.,60.0,"62,0,0,0 ,the development of science and technology causes social problems"
61,61,Unknowingness,61.0,"63,0,0,0 ,the development of science and technology causes social problems"
62,62,Do.,62.0,"64,0,0,0...the development of science and technology causes social problems"
63,63,Much,63.0,"65,0,0,0 ,the development of science and technology causes social problems"
64,64,I don't know.,64.0,"66,0,0,0...the development of science and technology also causes social problems"
65,65,I don't know.,65.0,"67,0,0,0...the development of science and technology also causes social problems"
66,66,a technical change,66.0,"68,0,0,0...the development of science and technology also causes social problems"
67,67,"(Playing the guitar"")",67.0,"69,0,0,1, the development of science and technology also causes social problems"
68,68,I don't know.,68.0,"70,0,0,0 , the development of science and technology also causes social problems"
69,69,Unknowingness,69.0,"71,1,0,0...the development of science and technology also causes social problems"
70,70,poor eyesight,70.0,"72,1,0,0... social problems arise"
71,71,I'll let you go of me,71.0,"73,1,0,1, social problems arise"
72,72,Convenient.,72.0,"74,1,0,1, social problems arise"
73,73,a convenient way to live,73.0,"75,0,0,0... social problems arise"
74,74,"It made our lives more convenient, but on the contrary, it also brought negative things that cause Internet addiction such as games.",74.0,"76,1,0,0... social problems arise"
75,75,"It has become more convenient in many ways, but there are bad effects such as game addiction",75.0,"77,1,0,,,, social problems occur"
76,76,The computer is the only thing that hurts,76.0,"78,0,0,0 , social problems arise"
77,77,It makes it more convenient and faster than before.,77.0,"79,0,0,0 , social problems occur"
78,78,It's convenient,78.0,"80,1,0,,,, Social problems arise due to the development of science and technology"
79,79,"Without it, it will be empty, and without it, it will be impossible.",79.0,"81,0,0,0... Social problems arise due to the development of science and technology"
80,80,"Science and technology have developed and medical technology has also developed. Also, we can watch TV at night because of the advanced technology.",80.0,"82,1,0,0... Social problems arise due to the development of science and technology"
81,81,"I can carry it around comfortably, so I can live comfortably.",81.0,"83,1,0,0 ,, social problems arise due to the development of science and technology"
82,82,It helped me live a better life and the economy.,82.0,"84,0,0,0... Social problems arise due to the development of science and technology"
83,83,It helped make our lives convenient and prolong our lives further.,83.0,"85,0,0,0... Social problems arise due to the development of science and technology"
84,84,Convenience,84.0,"86,1,0,0 , social problems arise due to the development of science and technology"
85,85,I don't know.,85.0,"87,1,1,0... Social problems arise due to the development of science and technology"
86,86,FKMGKMGL,86.0,"88,0,0,0…, the development of science and technology causes social problems89,1,0,... Social problems arise due to the development of science and technology"
87,87,I can find things I am curious about quickly and easily and live a convenient life.,87.0,"90,1,1,0...the development of science and technology raises social problems"
88,88,Many convenient functions have become more convenient than before science and technology developed.,88.0,"91,1,0,0...the development of science and technology causes social problems"
89,89,"Yes (smartphone search function, contact, payment function, game, photography function)""",89.0,"92,1,0,0... Social problems arise due to the development of science and technology"
90,90,a prosperous and bitter world,90.0,"93,0,0,0... Social problems arise due to the development of science and technology"
91,91,It makes us feel comfortable I think there will be a door in Doraemon,91.0,"94,1,0,0...the development of science and technology causes social problems"
92,92,"People have become much more convenient because most of our lives have been changed to technology related to science and technology. For example, in the past, it took more than a few days from Seoul to Busan, but now we can go there for an hour.",92.0,"95,1,0,0...the development of science and technology causes social problems"
93,93,It provided convenience and help in life.,93.0,"96,0,0,1, causing social problems"
94,94,Science and technology make our lives more convenient.,94.0,"97,1,0,0 , cause new social problems"
95,95,There are many functions and objects that I couldn't imagine before,95.0,"98,0,1,1, it also causes social problems"
96,96,It made life easier,96.0,"99,1,0,0... it also causes new social problems"
97,97,a convenient life,97.0,"100,0,1,0, causing problems"
98,98,"Problems such as cyberbullying, malicious comments, and game addiction occur a lotIn addition to transportation, time-saving, and food, clothing, and shelter-changing environments, technology has made human life easier, not now, but from the past.",98.0,"101,1,0,1,,, it can cause problems"
99,99,I got access to information easily and I have more daily living areas.,99.0,"102, 1, 0, 1, , , cause new problems"
100,100,"However, cyberbullying and hacking systems have increased.""",100.0,"103,1,0,0,,, it also causes new problems"
101,101,"Refrigerator, air conditioner.TV, computer, cell phone, etc. made many scientific advances. It has become much more convenient and convenient than the old facilities. It has become a more livable environment.",101.0,"104,1,0,,,, causing social problems"
102,102,"You can get the necessary information anytime, anywhere.",102.0,"105,0,1,0,,, causing new social problems"
103,103,"As science and technology developed, our lives became more convenient, but due to the development of artificial intelligence, people's jobs decreased.",103.0,"106,1,0,,,, cause social problems"
104,104,"""With the development of science and technology, life has become much more convenient, but it's not something that humans can do",104.0,"107,0,0,0,,, it also causes new social problems"
105,105,"Artificial intelligence has replaced work, so many jobs have disappeared, and people want it",105.0,"108,1,0,1,,, causing problems"
106,106,"I think it will be difficult to choose a job.""",106.0,"109,0,0,0,,, causing problems"
107,107,Life has become easier,107.0,"110,0,0,0,,, causing a new problem"
108,108,"Because I can call and text, I can talk with my girlfriend So it's convenient",108.0,"111,1,0,0,,, it also causes new problems"
109,109,I was able to call someone far away,109.0,"112,0,0,0,,, cause social problems"
110,110,It also affected the economy and gave people a lot of convenience.,110.0,"113,0,0,0,,, cause new social problems"
111,111,It also raises new social problems,111.0,"114,0,1,0 , it also causes social problems"
112,112,"It made our lives easier, but if we do a lot, our eyes will get worse",112.0,"115,1,0,,,, it also causes new social problems"
113,113,The development of science and technology can help our lives and cause new social problems.,113.0,"116,0,0,0,,, causing problems"
114,114,"It gives us a good influence and convenience in our lives, but there are also many disadvantages that are the opposite",114.0,"117,0,1,,,, it also causes problems"
115,115,"In the old days, I couldn't even call because I didn't have electronic devices. However, in this era, many electrons are developed, so it is very convenient.",115.0,"118,1,0,0,,, cause a new problem119,1,0,0…, it also causes new problems"
116,116,Many inconveniences have disappeared in my life Sometimes it's a bad influence on society,116.0,"120,1,0,0 , people become lazy"
117,117,The development of science and technology helps our lives and causes new social problems.,117.0,"121,1,0,0,,,"
118,118,"In the past, you could search in only one place, but now you can search on the go",118.0,"122,1,0,0,,,"
119,119,The development of science and technology makes our lives more convenient and at the same time helps us produce more new things.,119.0,"123,0,1,0,,,"
120,120,M and D,120.0,"124,0,1,0,,,"
121,121,There are good and bad effects on our lives. We can share information with each other,121.0,"125,1,0,0,,,"
122,122,"However, even if you have poor eyesight or walk on a crosswalk, you can use your cell phone to cause an accident.""",122.0,"126,1,0,0,,,"
123,123,It has made a more convenient change for the elderly who have difficulty moving or those who are not feeling well.,123.0,"127,1,0,0,,,"
124,124,It relieves the discomfort,124.0,"128,1,0,0,,,"
125,125,I feel more comfortable,125.0,"129,0,0,0,,,"
126,126,Making our lives more convenient,126.0,"130,0,1,0,,,"
127,127,"Thanks to the development of science and technology, I can enjoy my boring day with my smartphone",127.0,"131,1,0,0,,,"
128,128,Conversations with people far away can be communicated immediately and things you don't know can be known immediately,128.0,"132,1,0,0,,,"
129,129,"It makes our lives faster and more accurate.(Information, etc.)",129.0,"133,0,0,0,,,"
130,130,It makes our daily lives more comfortable. (ㅇㅅㅇ),130.0,"134,1,0,0,,,"
131,131,It became more convenient to talk to people from afar,131.0,"135,1,0,0,,,"
132,132,"The more science and technology develops, the more convenient it will be, but many diligent people disappear, and if science develops too much, I will not want to live 2018 is the best right now",132.0,"136,1,0,0,,,"
133,133,It's convenient,133.0,"137,0,0,0,,,"
134,134,"It has made a lot of changes. In the past, it took a long time to make calls from a certain location, such as a public phone, but now there has been a change in the development of science and technology that eliminates the need for public phones.",134.0,"138,0,0,0,,,"
135,135,I can call and take pictures easily.,135.0,"139,1,0,0,,,"
136,136,It's more convenient,136.0,"140,1,0,0,,,"
137,137,It's convenient. People only use cell phones,137.0,"141,0,0,0,,,"
138,138,The small computer is so comfortable that I use my smartphone,138.0,"142,1,0,0,,,"
139,139,"As cell phones have grown, computers have also come out with the latest coffee machines.",139.0,"143,1,0,0,,,"
140,140,"It used to be a folder phone 20 years ago, but now it can be used conveniently because it comes out with a touch tongue.""",140.0,"144,0,0,0,,,"
141,141,It allowed people to live convenient lives.,141.0,"145,1,0,0,,,"
142,142,be more convenient,142.0,"146,0,0,0,,,"
143,143,"The number of jobs that people do has decreased, and science and technology has given them many advantages such as medical care.",143.0,"147,1,0,0,,,"
144,144,a lot of changes,144.0,"148,0,1,0,,,149,1,0,0,,,"
145,145,It has made our lives more convenient,145.0,"150,1,0,0,,,"
146,146,It helps make our lives more convenient,146.0,"151,0,0,0,,,"
147,147,The existence of it helped,147.0,"152,0,1,0,,,"
148,148,"Convenience, leisure, etc",148.0,"153,1,0,0,,,"
149,149,It has become convenient for living.,149.0,"154,1,0,0,,,"
150,150,You've made a good change,150.0,"155,0,1,0,,,"
151,151,It made it easier and more convenient to live.,151.0,"156,0,0,0,,,"
152,152,"With the development of science and technology, we gave many things such as movement and knowledge to our lives.",152.0,"157,1,0,0,,,"
153,153,Communication and Internet became convenient,153.0,"158,0,1,0,,,"
154,154,"Even if we are far away, we can quickly communicate each other's news over the phone.",154.0,"159,0,0,0,,,"
155,155,"The time and space constraints are less than before.""",155.0,"160,0,0,0,,,"
156,156,It allows you to live comfortably,156.0,"161,0,0,0,,,"
157,157,It makes our lives more convenient and faster,157.0,"162,1,0,0,,,"
158,158,"It's good, but sometimes it's bad",158.0,"163,1,0,0,,,"
159,159,You can deliver the news without going in person.,159.0,"164,1,0,0,,,"
160,160,to be able to live a more convenient life than before,160.0,"165,1,0,0,,,"
161,161,I made it convenient.,161.0,"166,1,0,0,,,"
162,162,"A smartphone, or machine, answers a sentence that I don't know",162.0,"167,1,0,0,,,"
163,163,"Communication has developed, making it easier to talk to people around the world.",163.0,"168,0,1,0,,,"
164,164,It's much more convenient,164.0,"169,1,0,0,,,"
165,165,"We exchange a lot of information without meeting each other, such as SNS and the Internet",165.0,"170,0,1,0,,,"
166,166,"5G came out due to all IT technologies, AI, and the era of the 4th Industrial Revolution.",166.0,"171,1,0,0,,,"
167,167,Our country has developed,167.0,"172,1,0,0,,,"
168,168,I don't know.,168.0,"173,0,1,0,,,"
169,169,Let our lives be at peace,169.0,"174,1,0,0,,,"
170,170,It makes you feel more comfortable,170.0,"175,1,0,0,,,"
171,171,Life has become convenient due to the development of science and technology,171.0,"176,1,0,0,,,"
172,172,Convenience,172.0,"177,0,0,1,,,"
173,173,It helped us feel convenient in our daily lives.,173.0,"178,1,0,0,,,179,0,0,0,,,"
174,174,Life has become easier,174.0,"180,1,0,0,,,"
175,175,"It is because if something you don't know, you can learn new knowledge through the Internet, not through books",175.0,"181,0,0,0,,,"
176,176,He made me feel comfortable,176.0,"182,1,0,0,,,"
177,177,It got faster,177.0,"183,0,0,0,,,"
178,178,Convenient.,178.0,"184,0,1,0,,,"
179,179,It made our lives convenient and made a lot of social changes.,179.0,"185,1,0,0,,,"
180,180,Information and communication technology has developed.,180.0,"186,0,0,0,,,"
181,181,It made our lives easier,181.0,"187,1,1,0,,,"
182,182,It made life easier,182.0,"188,0,0,0,,,"
183,183,The exchange of information has made it easier and more comfortable,183.0,"189,1,0,0,,,"
184,184,"Quality of life, transportation, and information have increased, and information leakage is increasing as science and technology develop",184.0,"190,0,0,0,,,"
185,185,It made life easier,185.0,"191,0,1,0,,,"
186,186,"Information technology takes place and the Fourth Industrial Revolution takes place As a result, we live in an era where knowledge and information become important.",186.0,"192,0,0,0,,,"
187,187,Improving the quality of life,187.0,"193,0,0,1,,,"
188,188,It gave me the ability to do anything.,188.0,"194,1,0,0,,,"
189,189,It has improved our quality of life.,189.0,"195,0,0,0,,,"
190,190,It opened up a new era,190.0,"196,0,1,0,,,"
191,191,"It's perfect to live. For example, the speed of information delivery has increased, making it possible to handle work and medical care. Advanced technology has advanced to look at older age",191.0,"197,0,0,0,,,"
192,192,Convenient,192.0,"198,1,0,0,,,"
193,193,The development of steam engines led to the industrial revolution and the development of current science and technology.,193.0,"199,1,0,0,,,"
194,194,"It has improved the quality of life, and furthermore, it is free from time and space constraints.",194.0,"200,1,0,0,,,"
195,195,My life has changed,195.0,"201,1,0,0,,,"
196,196,It's convenient,196.0,"202,1,0,0,,,"
197,197,"I can play games while lying down.The development of science and technology is the beginning of the Industrial Revolution, which began in Manchester, England. The Industrial Revolution was enough to ask questions about many developments and possibilities in our lives. The development of industrial revolution also affected the development of science and technology called smartphone.  The weaving machine was an innovative machine that made it easy to operate the weaving machine that used to be done manually. There is a connection to the fact that smartphones can be used so easily used.",197.0,"203,1,0,0,,,"
198,198,a bad change,198.0,"204,1,0,0,,,"
199,199,"While science and technology-related industries that have not existed before develop, workers who used to work in existing handicrafts lose their jobs.",199.0,"205,1,0,0,,,"
200,200,It gave us convenience in our lives.,200.0,"206,0,0,0,,,"
201,201,It made everyday life convenient and caused job changes,201.0,"207,0,0,1,,,"
202,202,"With the development of science and technology, the time it takes to travel long distances can be shortened, accurate diseases can be diagnosed, and various information can be obtained.",202.0,"208,1,0,0,,,209,1,0,0,,,"
203,203,...,203.0,"210,1,0,0,,,"
204,204,a convenient life,204.0,"211,1,1,0,,,"
205,205,Convenience,205.0,"212,0,1,0,,,"
206,206,Convenient,206.0,"213,1,0,1,,,"
207,207,Convenient,207.0,"214,1,0,0,,,"
208,208,gave someone convenience,208.0,"215,1,0,1,,,"
209,209,I gave him convenience,209.0,"216,0,0,1,,,"
210,210,Life has become easier,210.0,"217,0,0,0,,,"
211,211,gave convenience,211.0,"218,0,0,1,,,"
212,212,It has brought about changes in production and changes in production bring about changes in the social class,212.0,"219,0,0,0,,,"
213,213,I made you stupid. There has been a change of social class has changed. The phenomenon of the poor and the poor and the poor and the poor of knowledge intensified.,213.0,"220,1,0,0,,,"
214,214,I feel more comfortable.,214.0,"221,1,0,0,,,"
215,215,"It made human life easier, but on the contrary, it made me lazy",215.0,"222,0,1,0,,,"
216,216,The development of science and technology has made our lives convenient.,216.0,"223,1,0,0,,,"
217,217,It gave convenience and easy communication.,217.0,"224,0,1,0,,,"
218,218,"It has made it possible to speed up the distance, talk to someone anywhere, find the necessary information easily, and explore the unknown world (space).",218.0,"225,1,0,0,,,"
219,219,"It gives us convenience in our lives, but in the case of smartphones, there is a side effect of addiction",219.0,"226,1,0,0,,,"
220,220,the convenience of life,220.0,"227,0,0,0,,,"
221,221,"""We're getting more productive, and we're getting a lot of people",221.0,"228,1,0,1,,,"
222,222,"The diet is enriching and destroying the Earth more.""",222.0,"229,1,1,0,,,"
223,223,created an addiction,223.0,"230,1,0,0,,,"
224,224,It's been improved even further,224.0,"231,0,1,0,,,"
225,225,I gave him an addiction,225.0,"232,1,0,0,,,"
226,226,I became a smart zombie,226.0,"233,1,0,0,,,"
227,227,The development of science and technology gave us convenience and speed.,227.0,"234,1,0,0,,,"
228,228,It made our lives more convenient,228.0,"235,0,1,0,,,"
229,229,advances in technology,229.0,"236,0,1,0,,,"
230,230,Our lives have become so easy,230.0,"237,1,1,0,,,"
231,231,"They made it easy to make phone calls, convenient to deliver or share data, and made it easy to find information by searching when traveling or information is needed In the era when there was no smartphone, it was difficult for people to bring materials directly and go and look for them when they needed travel or information.",231.0,"238,1,1,1,,,239,1,1,1,,,"
232,232,a convenient life,232.0,"240,0,0,0,,,"
233,233,It makes us convenient and informative.,233.0,"241,0,1,1,,,"
234,234,a bad change,234.0,"242,0,1,1,,,"
235,235,"Game addiction, convenience",235.0,"243,1,0,0,,,"
236,236,"Life was convenient because of science and technology For example, in the past, people moved directly because they couldn't make a phone call, but with the development of telephones, they can make a phone call anywhere in the world and do everything in Wi-Fi",236.0,"244,0,1,0,,,"
237,237,It allowed me to live a more convenient daily life.,237.0,"245,1,0,0,,,"
238,238,"""We can get news from all over the world quickly.",238.0,"246,0,0,0,,,"
239,239,"- Olympic Conversations, World Cup soccer tournaments can be watched by all countries around the world at the same time.",239.0,"247,0,0,0,,,"
240,240,the development of the Internet,240.0,"248,0,0,0,,,"
241,241,- Get world information.,241.0,"249,0,0,0,,,"
242,242,- Can purchase foreign goods.,242.0,"250,0,0,0,,,"
243,243,- Get information on areas of interest.,243.0,"251,0,0,0,,,"
244,244,- Receive e-mails with friends in foreign countries,244.0,"252,1,0,0,,,"
245,245,-Can access the Internet,245.0,"253,0,0,0,,,"
246,246,"-Call anytime, anywhere.",246.0,"254,0,0,0,,,"
247,247,"""",247.0,"255,0,0,0,,,"
248,248,It becomes convenient,248.0,"256,1,0,0,,,"
249,249,It gave us convenience.,249.0,"257,0,0,0,,,"
250,250,to be able to give convenience to live,250.0,"258,0,0,0,,,"
251,251,"First of all, with the development of science and technology, transportation has also developed.",251.0,"259,0,0,0,,,"
252,252,"And with the development of science and technology, as satellites are made, we can learn a lot from the information sent by satellites in space.In addition, with the development of science and technology, architecture is also developing, such as the installation of an automation system (?) in the house or the application of smart technology throughout the house.""",252.0,"260,1,0,0,,,"
253,253,"Due to the development of science and technology, our knowledge may be higher, convenient, and we can talk to people who cannot meet because it is a video call, so we will be happy to see people who miss and cannot meet.",253.0,"261,0,0,0,,,"
254,254,"Easy information can be obtained with one electronic device per person, and it has become an electronic device convenient for life.",254.0,"262,0,0,0,,,"
255,255,"Transportation has become more convenient, communication has been developed, and life expectancy has been prolonged, but on the contrary, there is a disadvantage of destroying the forest",255.0,"263,0,0,0,,,"
256,256,"Although transportation has become convenient and communication has been developed due to the development of science and technology, the ruthless consumption of natural resources has increased carbon dioxide emissions and caused environmental destruction such as melting glaciers.",256.0,"264,1,0,0,,,"
257,257,"With the development of science and technology, it is possible to take notes like a smartphone in the refrigerator.",257.0,"265,0,0,0,,,"
258,258,"Due to science and technology, incurable disease treatment was also solved. There are also steam engine cars, and it is an advantage to move quickly, but environmental pollution is a disadvantage.",258.0,"266,0,0,0,,,"
259,259,"Due to science and technology, incurable disease treatment was also solved. There are also steam engine cars, and it is an advantage to move quickly, but environmental pollution is a disadvantage.",259.0,"267,0,0,0,,,"
260,260,to be more convenient,260.0,"268,0,0,0,,,269,0,0,0,,,"
261,261,"You can order food or things with your cell phone, transportation is developed, and satellites are made.",261.0,"270,0,0,0,,,"
262,262,to be able to live a more convenient daily life,262.0,"271,1,0,1,,,"
263,263,dwedwedwedwed,263.0,"272,0,0,0,,,"
264,264,I don't know.,264.0,"273,0,0,0,,,"
265,265,M and D,265.0,"274,0,1,0,,,"
266,266,Unknowingness,266.0,"275,1,0,0,,,"
267,267,I don't understand.,267.0,"276,1,0,0,,,"
268,268,I don't know,268.0,"277,1,0,0,,,"
269,269,He made me feel comfortable.,269.0,"278,0,0,0,,,"
270,270,I don't know.,270.0,"279,1,0,0,,,"
271,271,I don't understand.,271.0,"280,1,0,0,,,"
272,272,Unknowingness,272.0,"281,0,0,0,,,"
273,273,It made our livelihood more convenient,273.0,"282,1,0,1,,,"
274,274,I don't understand.,274.0,"283,0,0,0,,,"
275,275,I don't understand.,275.0,"284,1,0,0,,,"
276,276,Mall,276.0,"285,0,0,0,,,"
277,277,a comfortable life,277.0,"286,0,0,0,,,"
278,278,Makes various changes,278.0,"287,1,0,0,,,"
279,279,I don't know.,279.0,"288,0,0,0,,,"
280,280,I don't know,280.0,"289,1,0,0,,,"
281,281,It gives you convenience.,281.0,"290,0,1,0,,,"
282,282,Unknowingness,282.0,"291,1,0,0,,,"
283,283,I don't understand.,283.0,"292,1,0,0,,,"
284,284,There will be an era when software solves everything without using hands.,284.0,"293,1,0,0,,,"
285,285,I don't understand.,285.0,"294,1,0,0,,,"
286,286,.,286.0,"295,0,0,0,,,"
287,287,Unknowingness,287.0,"296,1,0,0,,,"
288,288,"It made our lives convenient, but it also had a bad influence on us due to game addiction, Internet addiction, and poor eyesight.",288.0,"297,1,0,1,,,"
289,289,I don't know.,289.0,"298,0,0,0,,,299,1,0,0,,,"
290,290,so what,290.0,"300,0,1,0,,,"
291,291,"Even if there is no line, you can call anytime, anywhere on your smartphone, text messages, and contact each other even if they are different countries",291.0,"301,0,0,0,,,"
292,292,It makes our lives convenient,292.0,"302,1,0,0,,,"
293,293,Conveniently,293.0,"303,0,1,0,,,"
294,294,It made me feel more comfortable,294.0,"304,0,0,0,,,"
295,295,a very good change(?),295.0,"305,1,0,0,,,"
296,296,"They gave me really nice and convenient thingsIt's made our lives more convenient, and it's become a bit of a cold society",296.0,"306,1,0,0,,,"
297,297,yes,297.0,"307,0,0,0,,,"
298,298,"Life has become more convenient, but there are side effects such as addiction symptoms due to games or sns.",298.0,"308,0,0,0,,,"
299,299,ㅑㅑㅑㅑ,299.0,"309,1,0,0,,,"
300,300,He gave me convenience as a gift,300.0,"310,0,0,1,,,"
301,301,a cool change,301.0,"311,0,1,0,,,"
302,302,"When we shop, we can buy it at home",302.0,"312,1,0,0,,,"
303,303,It was a convenient help for my life,303.0,"313,1,0,0,,,"
304,304,He gave me a lot of things,304.0,"314,0,0,0,,,"
305,305,It's convenient because I can keep in touch with other people even if they are far away,305.0,"315,1,0,0,,,"
306,306,You can get into the Internet more easily,306.0,"316,1,0,0,,,"
307,307,Easily,307.0,"317,0,0,0,,,"
308,308,It made our lives convenient,308.0,"318,1,0,0,,,"
309,309,It was a convenient help for my life,309.0,"319,1,0,0,,,"
310,310,It makes you feel more comfortable,310.0,"320,0,0,1,,,"
311,311,"It helps us a lot in our lives. For example, you can use a washing machine.",311.0,"321,0,1,0,,,"
312,312,gave someone convenience,312.0,"322,1,0,0,,,"
313,313,"It is easy to live, but the environmental pollution becomes serious",313.0,"323,0,0,1,,,"
314,314,More people read e-books than paper books,314.0,"324,1,0,0,,,"
315,315,Convenience,315.0,"325,0,0,0,,,"
316,316,"Now, even a distant neighborhood can go in a few hours",316.0,"326,1,0,0,,,"
317,317,Shader's teaching skillsㅓㅗㅓㅏㅕ교,317.0,"327,1,0,0,,,"
318,318,Science and technology make us convenient and comfortable.,318.0,"328,1,0,0,,,329,1,0,1,,,"
319,319,You can see what's happening in foreign countries and what's happening in Korea in real time,319.0,"330,1,0,0,,,"
320,320,Less territory is felt,320.0,"331,0,0,0,,,"
321,321,It made life more convenient,321.0,"332,0,1,0,,,"
322,322,Our lives become more convenient,322.0,"333,0,1,0,,,"
323,323,a wonderful change,323.0,"334,1,0,0,,,"
324,324,"With the development of science and technology, we don't have to move much anymore.",324.0,"335,1,0,0,,,"
325,325,"First of all, it's convenient and helps with life",325.0,"336,1,0,0,,,"
326,326,"The development of science and technology has had a tremendous impact on human life.  Among them, smartphones have become a necessity in modern society, making them a responsibility for living for the entire world. However, the earth is becoming ill due to the indiscriminate destruction and development of human nature",326.0,"337,0,1,0,,,"
327,327,"Work efficiency has improved, information can be given and received quickly, and production has become easier.",327.0,"338,1,0,0,,,"
328,328,Life has become easier and faster.,328.0,"339,0,0,0,,,"
329,329,Convenience,329.0,"340,1,0,0,,,"
330,330,made a change in one's life pattern,330.0,"341,1,0,0,,,"
331,331,Convenient,331.0,"342,0,1,1,,,"
332,332,Convenience,332.0,"343,1,0,0,,,"
333,333,Lazy it.You take it for granted to enjoy it. It is an opportunity to think of science as difficult.,333.0,"344,0,1,0,,,"
334,334,a convenient,334.0,"345,1,0,0,,,"
335,335,a convenient,335.0,"346,1,0,0,,,"
336,336,"Smartphone addiction, cybercrime",336.0,"347,0,0,0,,,"
337,337,It became possible to escape from the constraints of time and space-time constraints.,337.0,"348,0,1,0,,,"
338,338,an increase in the quality of life,338.0,"349,0,1,0,,,"
339,339,"It causes long-term use of electronic devices, causing various diseases.",339.0,"350,0,0,1,,,"
340,340,Convenience,340.0,"351,0,0,1,,,"
341,341,It seems that technology has advanced in semiconductors,341.0,"352,1,0,0,,,"
342,342,It became convenient,342.0,"353,1,0,0,,,"
343,343,Science and technology makes our daily lives more convenient,343.0,"354,0,0,0,,,"
344,344,It makes life convenient and I can have a lot of knowledge easily,344.0,"355,0,0,1,,,"
345,345,"First of all, due to the development of the Internet, I can quickly know information and questions, and I can use things that I need in my life conveniently and safely, but I can use my cell phone.If you look at the computer too much, you get addicted because you can't distinguish between the real world and the giant reality",345.0,"356,1,0,0,,,"
346,346,It's convenient,346.0,"357,1,0,0,,,"
347,347,"Due to the development of science and technology, it shortens people's life and time.",347.0,"358,0,0,0,,,359,0,0,0,,,"
348,348,Transportation developed,348.0,"360,1,0,0,,,"
349,349,It has changed due to the development of transportation and communication,349.0,"361,1,0,0,,,"
350,350,It became convenient,350.0,"362,1,0,0,,,"
351,351,We can make our daily lives more convenient and communicate easily with people far away.,351.0,"363,0,1,0,,,"
352,352,I was able to know the news comfortably,352.0,"364,0,1,0,,,"
353,353,I can learn knowledge conveniently and quickly because of my cell phone,353.0,"365,0,0,0,,,"
354,354,It makes our lives more convenient.,354.0,"366,1,0,1,,,"
355,355,It became convenient because there was a train that could go the distance that had to be more than a day in a few hours.,355.0,"367,1,0,0,,,"
356,356,Real life becomes convenient,356.0,"368,0,0,1,,,"
357,357,It has made a change that we can live much more conveniently.,357.0,"369,1,0,0,,,"
358,358,"""-Smartphone Addiction",358.0,"370,1,0,0,,,"
359,359,"- Quick calculation and quick information gathering""",359.0,"371,0,1,0,,,"
360,360,Science and technology made our lives more convenient.,360.0,"372,1,1,0,,,"
361,361,He was able to convey his intention a little faster.,361.0,"373,0,0,0,,,"
362,362,It makes our lives more convenient.,362.0,"374,0,0,0,,,"
363,363,It made our lives more convenient.,363.0,"375,0,0,0,,,"
364,364,beneficial change,364.0,"376,1,0,0,,,"
365,365,We stopped using our hands because we were teaching on TV and the cleaning robot cleaned us up,365.0,"377,0,0,0,,,"
366,366,We can share information with each other even if we are far away.,366.0,"378,1,0,0,,,"
367,367,A lot of jobs could be lost.,367.0,"379,0,0,0,,,"
368,368,"""I'll see it as a relatively negative effect",368.0,"380,0,0,0,,,"
369,369,1. The development of science and technology has led to the development,369.0,"381,0,0,0,,,"
370,370,"2. Anonymous personal attack using a computer or smartphone (bad comments, etc.)",370.0,"382,1,0,0,,,"
371,371,"3. Environmental pollution (air pollution, soil pollution, water pollution, etc.)",371.0,"383,0,0,0,,,"
372,372,"There are a lot of other things, but I'll stop here because of the time.""",372.0,"384,0,0,0,,,"
373,373,It made it more convenient.,373.0,"385,1,0,0,,,"
374,374,It becomes convenient.,374.0,"386,1,0,0,,,"
375,375,I don't know,375.0,"387,1,0,0,,,"
376,376,I made a smartphone addiction,376.0,"388,1,0,0,,,389,0,1,0,,,"
377,377,The development of science and technology gave convenience to life.,377.0,"390,1,0,0,,,"
378,378,"It makes our lives convenient, allows us to search the Internet on the street, and we can know the way when we don't know the way.",378.0,"391,1,0,0,,,"
379,379,"Promotion of the World Congress due to the reduction of travel time between regions and the world, such as the overall lifestyle, culture, customs, and environment, etc",379.0,"392,1,0,1,,,"
380,380,It was able to collapse.,380.0,"393,1,1,0,,,"
381,381,It made it easy to handle most of the work and provided a lot of information in everyday life,381.0,"394,0,1,0,,,"
382,382,It gives you convenience.,382.0,"395,0,0,0,,,"
383,383,It makes me feel comfortable in my daily life.,383.0,"396,1,0,0,,,"
384,384,You can film or watch videos anywhere,384.0,"397,1,0,0,,,"
385,385,We can get the information we need anywhere in our lives,385.0,"398,0,0,0,,,"
386,386,"""",386.0,"399,0,1,0,,,"
387,387,I don't know,387.0,"400,1,0,0,,,"
388,388,"Although it has become simple, it seems that people are addicted to the Internet.",388.0,"401,1,0,1,,,"
389,389,It allowed us to live a more convenient life,389.0,"402,1,1,0,,,"
390,390,It created a smartphone addiction phenomenon.,390.0,"403,1,0,0,,,"
391,391,"It gave us a lot of convenience, but it also gave us a lot of disadvantages",391.0,"404,0,0,0,,,"
392,392,They made it convenient,392.0,"405,1,1,0,,,"
393,393,It gives me a lot of knowledge,393.0,"406,0,1,0,,,"
394,394,"Convenience, fast, accurate, informative and time-saving",394.0,"407,1,0,0,,,"
395,395,You can deliver a message without writing a letter.You can deliver a message without writing a letter.,395.0,"408,1,0,0,,,"
396,396,Humans have become able to transport travel with airplanes.,396.0,"409,0,0,0,,,"
397,397,It helps us solve more comfortable and difficult tasks easily and simply.,397.0,"410,0,0,0,,,"
398,398,"Science and technology have influenced us a lot, including the industrial revolution, lifestyle, and values, and countries, like nuclear, are working on technological development knowing that technological development is the power of that country.",398.0,"411,0,0,0,,,"
399,399,gave someone convenience in life,399.0,"412,1,0,0,,,"
400,400,The development of science has allowed knowledge to develop much more and live in a better environment.,400.0,"413,0,1,0,,,"
401,401,M and D,401.0,"414,0,0,0,,,"
402,402,technologically-subs,402.0,"415,0,0,0,,,"
403,403,Convenience,403.0,"416,1,0,0,,,"
404,404,I love you ^^,404.0,"417,0,0,0,,,"
405,405,ㄱ and ㅈ,405.0,"418,1,1,0,,,419,0,0,0,,,"
406,406,It provides a convenient life.,406.0,"420,0,0,0,,,"
407,407,The development of science and technology makes our lives more convenient.,407.0,"421,0,0,0,,,"
408,408,It gave us convenience in our lives and allowed us to solve what we can only do with computers with smartphones.,408.0,"422,1,0,0,,,"
409,409,"It makes people's lives convenient and reduces unnecessary losses. As a result, they are able to live very efficiently, but on the other hand, they have made people lazy.",409.0,"423,0,1,1,,,"
410,410,You can figure out your own way without asking others for directions,410.0,"424,1,1,0,,,"
411,411,"By bringing frustration and convenience to our lives, more and more people are enjoying playing with their phones.",411.0,"425,1,1,0,,,"
412,412,"It improves the quality of life, and the development of science and technology develops another field.",412.0,"426,0,0,0,,,"
413,413,"The population has increased, life expectancy has increased, and everyone has become convenient. However, there are cases where it adversely affects such as smartphone addiction.",413.0,"427,1,0,0,,,"
414,414,It became possible to communicate with people far away and brought convenience to daily life.,414.0,"428,1,0,0,,,"
415,415,"The development of medical technology extends the average life expectancy of a person, and the development of information and communication technology enables a variety of information to be obtained quickly, etc",415.0,"429,0,0,0,,,"
416,416,"I made a lot of changes. Especially Steve Jobs' innovation in cell phones seems to be really great. Now, most of life can be solved with a cell phone.",416.0,"430,0,1,0,,,"
417,417,It made our lives more convenient.,417.0,"431,0,0,0,,,"
418,418,The development of science and technology makes our lives more comfortable.,418.0,"432,0,0,0,,,"
419,419,The advancement of medical technology has extended the life span.,419.0,"433,1,0,0,,,"
420,420,"Personal broadcasting is possible through the development of communication technology, various online games, autonomous vehicles, augmented reality, etc",420.0,"434,1,0,0,,,"
421,421,It made our lives convenient.,421.0,"435,1,0,0,,,"
422,422,"The development of science and technology has made our lives richer and more comfortable, but on the other hand, the world is being polluted by the destruction of nature and the fumes produced by various chemicals.",422.0,"436,1,0,0,,,"
423,423,"You can communicate with various people on the Internet, and you can live more conveniently through computer activities rather than hand-written activities.",423.0,"437,1,0,0,,,"
424,424,I feel more comfortable.,424.0,"438,1,0,1,,,"
425,425,"The development of science and technology replaces what humans could do in the past, depriving humans of the values they had before. Mechanical AI owns not only excellent physical and mental abilities, but also literary enjoyment skills and emotions, and humans gradually lose their original value. Therefore, humans redefine themselves in their lives.",425.0,"439,1,0,0,,,"
426,426,"The development of science and technology has shortened the relative space and time by improving the time to access information or the means of transportation, thereby bringing convenience to life.",426.0,"440,1,0,0,,,"
427,427,"For one example, the development of satellites has allowed us to watch soccer games on the other side of the globe in real time.",427.0,"441,0,1,0,,,"
428,428,Life has become convenient.,428.0,"442,0,1,0,,,"
429,429,It made our lives much more convenient.,429.0,"443,1,0,0,,,"
430,430,",",430.0,"444,1,0,0,,,"
431,431,Life has changed a lot.,431.0,"445,0,0,0,,,"
432,432,Ankimchi. (Ankimchi in Korean),432.0,"446,1,0,0,,,"
433,433,It made life easier and made access to information easier,433.0,"447,1,0,0,,,"
434,434,It is easier and easier to get information and people have become lazy.,434.0,"448,1,0,0,,,449,0,1,0,,,"
435,435,It made a fool of a person.,435.0,"450,1,0,0,,,"
436,436,He is degenerating.,436.0,"451,1,0,0,,,"
437,437,It made life easier,437.0,"452,0,0,0,,,"
438,438,It allowed me to play games at home.,438.0,"453,0,0,0,,,"
439,439,Our lives have become more convenient and the movement and exchange of developmental materials for transportation and communication have become active.,439.0,"454,1,0,0,,,"
440,440,The rules of life have changed,440.0,"455,1,0,0,,,"
441,441,It's become ang-gi-mo-tti,441.0,"456,1,0,0,,,"
442,442,It's better,442.0,"457,1,0,0,,,"
443,443,convenient use of transportation,443.0,"458,0,0,0,,,"
444,444,"Job loss, convenience of communication, travel time, convenience of information acquisition, etc",444.0,"459,1,0,0,,,"
445,445,It makes human life more convenient and faster to know information,445.0,"460,0,0,0,,,"
446,446,It made our lives more convenient and made us able to find information quickly,446.0,"461,1,0,0,,,"
447,447,"With the development of communication, time and space have been reduced because information can be accessed without going directly to faraway places.",447.0,"462,1,0,0,,,"
448,448,I can get information conveniently,448.0,"463,1,0,0,,,"
449,449,"These technologies have made our lives hot and convenient, faster, and faster to be delivered. However, these technologies make us lazy because they are so convenient to us.",449.0,"464,0,0,0,,,"
450,450,I can check the weather and watch videos.,450.0,"465,1,0,0,,,"
451,451,I can receive more information because of the Internet,451.0,"466,0,1,0,,,"
452,452,"In the present, we live with computers and smartphones, and whatever we do, we need smartphones, and if there are more changes here, we will depend on them",452.0,"467,1,0,1,,,"
453,453,We called each other and told each other important things and made a car that was easy to go far away,453.0,"468,1,0,0,,,"
454,454,It makes it convenient.,454.0,"469,0,0,0,,,"
455,455,It gave us a more convenient and easy life,455.0,"470,0,0,0,,,"
456,456,It made our lives more convenient and convenient.,456.0,"471,1,0,0,,,"
457,457,Our lives have changed more comfortably.,457.0,"472,1,0,1,,,"
458,458,It improves the quality of life.,458.0,"473,0,1,0,,,"
459,459,"It can lead to game addiction, but it brought convenience.",459.0,"474,1,1,0,,,"
460,460,It provided convenience to people.,460.0,"475,1,0,0,,,"
461,461,It made it more convenient.,461.0,"476,1,0,0,,,"
462,462,I can easily identify important information and communicate with people far away through messages,462.0,"477,1,0,0,,,"
463,463,You can travel far distances in a short period of time,463.0,"478,1,0,0,,,479,0,0,0,,,"
464,464,gave convenience,464.0,"480,1,0,0,,,"
465,465,"More convenient, easier and simpler to do",465.0,"481,0,0,0,,,"
466,466,Simple,466.0,"482,1,0,0,,,"
467,467,It makes life convenient,467.0,"483,1,0,0,,,"
468,468,Life has become convenient.,468.0,"484,1,0,0,,,"
469,469,You made me feel comfortable,469.0,"485,0,0,0,,,"
470,470,Internet access is available anywhere.,470.0,"486,1,0,0,,,"
471,471,Gives you convenience,471.0,"487,1,0,0,,,"
472,472,convenience and laziness,472.0,"488,1,0,0,,,"
473,473,had a great influence on,473.0,"489,0,0,0,,,"
474,474,Everything has changed,474.0,"490,1,0,0,,,"
475,475,Made our lives comfortable.,475.0,"491,1,0,0,,,"
476,476,It brought me convenience,476.0,"492,1,0,0,,,"
477,477,Our lives have become convenient!,477.0,"493,1,0,0,,,"
478,478,It makes me feel comfortable,478.0,"494,1,0,0,,,"
479,479,"It made it hard to sleep fast at night, and it created my favorite webtoon That's so sweet",479.0,"495,0,0,0,,,"
480,480,It helps us live our lives more conveniently.,480.0,"496,0,0,0,,,"
481,481,a lot of help,481.0,"497,0,0,0,,,"
482,482,Convenience,482.0,"498,1,0,0,,,"
483,483,"Life is getting faster and more convenient, and you can learn a lot of information.",483.0,"499,1,0,0,,,"
484,484,It became easier to live than the king of the Joseon Dynasty.,484.0,"500,1,0,0,,,"
485,485,It's changed a lot,485.0,"501,1,0,0,,,"
486,486,It makes life convenient.,486.0,"502,1,0,0,,,"
487,487,"It is very helpful to learn information by being able to communicate anytime, anywhere and know what is happening in real time around the world.",487.0,"503,1,0,0,,,"
488,488,It made our lives more convenient. The dependence on technology has increased. But the environment is also being damaged.,488.0,"504,1,0,0,,,"
489,489,Our lives have become very convenient.,489.0,"505,0,0,0,,,"
490,490,"You can make a lot of games with high graphics, so you can play fun games.",490.0,"506,0,0,0,,,"
491,491,It allowed us to take a step closer to the information age.,491.0,"507,0,1,0,,,"
492,492,Try to lead a more comfortable life.,492.0,"508,1,0,0,,,509,1,0,0,,,"
493,493,"The development of science and technology is generally ambivalent. The development of science and technology can bring convenience to our lives. But problems lurk behind it. On the personal side, there were health problems such as poor eyesight, and a decrease in social relationships due to addiction to the media. Socially, there was an increase in social confusion due to job losses and intergenerational conflicts due to the gap between individuals accepting technology.",493.0,"510,1,0,0,,,"
494,494,"By using a smartphone, you can find the information you want anytime, anywhere.I can enjoy a richer cultural life. For example, I can enjoy augmented reality, movies and games using virtual reality technology that I never imagined in the past. In addition, with the development of artificial intelligence, we can lower language barriers by using better automatic translation systems, and the ability to organize data has developed, enabling semantic search to get the information we want right away.",494.0,"511,1,0,0,,,"
495,495,Life has become much easier.,495.0,"512,1,0,0,,,"
496,496,Comfortable.,496.0,"513,0,1,0,,,"
497,497,live conveniently,497.0,"514,1,0,0,,,"
498,498,be more convenient,498.0,"515,1,0,0,,,"
499,499,ㅍㄷ고ㅛㅜㅡㅅㄷㄷ,499.0,"516,1,0,0,,,"
500,500,It made life more convenient for us,500.0,"517,1,0,0,,,"
501,501,a lot of changes,501.0,"518,1,0,1,,,"
502,502,It makes you feel comfortable,502.0,"519,1,0,0,,,"
503,503,a comfortable life,503.0,"520,0,1,0,,,"
504,504,Convenience,504.0,"521,1,0,0,,,"
505,505,Awesome changes,505.0,"522,1,0,0,,,"
506,506,It's convenient,506.0,"523,0,0,0,,,"
507,507,I made it convenient.,507.0,"524,1,0,0,,,"
508,508,"It makes our lives more convenient, and ordinary people can easily access the IT field.",508.0,"525,1,0,0,,,"
509,509,a great change,509.0,"526,0,0,0,,,"
510,510,be more convenient,510.0,"527,1,0,0,,,"
511,511,It became convenient.,511.0,"528,1,0,0,,,"
512,512,be convenient and comfortable,512.0,"529,1,0,0,,,"
513,513,I live a very convenient life.,513.0,"530,1,1,0,,,"
514,514,It's convenient,514.0,"531,1,0,0,,,"
515,515,"It will help people, but if it helps people more, people will move and less activity.",515.0,"532,1,0,0,,,"
516,516,in a good way,516.0,"533,0,0,0,,,"
517,517,I don't know,517.0,"534,1,0,0,,,"
518,518,It makes life easier,518.0,"535,1,0,0,,,"
519,519,It gave us convenience in our lives.,519.0,"536,0,1,0,,,"
520,520,It makes our lives convenient,520.0,"537,1,0,0,,,"
521,521,"""It makes it more convenient.""",521.0,"538,0,0,0,,,539,0,1,0,,,"
522,522,"""",522.0,"540,0,0,0,,,"
523,523,It makes life convenient and gives various information.,523.0,"541,0,0,1,,,"
524,524,the ease of life,524.0,"542,0,1,0,,,"
525,525,Life is easy,525.0,"543,0,1,0,,,"
526,526,"It has done us a lot of good, but it has also done us harm",526.0,"544,0,1,0,,,"
527,527,.,527.0,"545,0,0,0,,,"
528,528,I can go from Seoul to Busan quickly and make phone calls quickly.,528.0,"546,0,0,0,,,"
529,529,Life has become more convenient than before.,529.0,"547,1,0,0,,,"
530,530,"Our lives become more convenient and we can know the weather bus time of tomorrow, so when our science develops, we become more convenient.",530.0,"548,1,0,0,,,"
531,531,It's making our lives very comfortable.,531.0,"549,1,1,0,,,"
532,532,"Thanks to science and technology, I can live a more convenient life",532.0,"550,0,0,0,,,"
533,533,I think I can change the uncomfortable things to convenient and smart,533.0,"551,0,0,0,,,"
534,534,It communicates with others and makes global friends.,534.0,"552,1,0,0,,,"
535,535,"Science and technology will develop further. Science and technology have had a good influence on humanity, solving problems and things that humans are curious about, such as great convenience and spaceships to space.",535.0,"553,1,0,1,,,"
536,536,I can communicate conveniently.,536.0,"554,1,0,0,,,"
537,537,"It has made life more convenient, but problems arise because more and more people are addicted to electronic devices.",537.0,"555,1,0,0,,,"
538,538,Science and technology give us a lot of comfort.,538.0,"556,1,0,1,,,"
539,539,"""I think it gave us comfort in our lives. You can quickly check the weather every morning or the news of the day, and you will be given a chance to have a variety of leisure activities. However, I think there may be cases of illegal or abuse for other reasons.",539.0,"557,0,0,0,,,"
540,540,"And there is a possibility of the Middle East, so I think there are many cases where accidents occur while walking with a smartphone on the street.""",540.0,"558,0,1,0,,,"
541,541,"Light bulbs and phones that light up the way to travel at night, which are made by the development of science and technology, and phones that enable us to contact even when we are far away, made our livelihood convenient.",541.0,"559,1,0,0,,,"
542,542,A lot of things are easy to understand,542.0,"560,0,0,0,,,"
543,543,Live comfortably,543.0,"561,0,0,1,,,"
544,544,Make it convenient,544.0,"562,0,0,0,,,"
545,545,a good change,545.0,"563,0,0,0,,,"
546,546,It's more convenient and makes life easier,546.0,"564,1,0,1,,,"
547,547,gave someone comfort in life,547.0,"565,0,0,1,,,"
548,548,Reduced lifetime due to electromagnetic waves,548.0,"566,1,0,0,,,"
549,549,ease one's life easier,549.0,"567,0,1,0,,,"
550,550,Life has become easier and more addicted,550.0,"568,1,0,0,,,569,1,0,0,,,"
551,551,It helps us with the convenience and development of our lives,551.0,"570,1,0,1,,,"
552,552,"It's usually convenient. You can talk on the phone with someone from a long distance, and it's great that you can carry it with you. Also, the Internet is so advanced that cell phones are called small computers.",552.0,"571,0,0,0,,,"
553,553,"There is a lot of carbon dioxide, so the weather is getting hotter, and communication between people is much easier.",553.0,"572,1,1,0,,,"
554,554,It gives you a change to live comfortably.,554.0,"573,0,1,0,,,"
555,555,Helping our Salhwal,555.0,"574,1,0,0,,,"
556,556,"Due to the development of science and technology, we have made changes so that we can live everything conveniently.",556.0,"575,0,0,0,,,"
557,557,"It made us live more comfortably, but it made us more lazy",557.0,"576,1,0,0,,,"
558,558,I can communicate easily,558.0,"577,0,0,0,,,"
559,559,It also helps medical technology and makes it convenient,559.0,"578,0,0,0,,,"
560,560,"You can talk to people from afar without moving around, and you can easily know the scenery and characters there",560.0,"579,1,0,0,,,"
561,561,"Once you can use the Internet anywhere, and safety has increased for crime prevention and security.",561.0,"580,0,0,0,,,"
562,562,"These days, when students have time, they play games on their cell phones or PC room with their children after school, so they are not smart and do not study well So, students should study hard like students while reducing games are reduced.",562.0,"581,0,1,0,,,"
563,563,"There were times when I got hit by a car while I got a cell phone, and there were times when I got addicted to games and killed myself",563.0,"582,0,0,0,,,"
564,564,You can contact people far away quickly and know and notify dangerous situations quickly.,564.0,"583,0,1,0,,,"
565,565,I can see many knowledge on the Internet and make many friends through SNS.,565.0,"584,0,0,0,,,"
566,566,Information can be delivered faster and online shopping can be done without going out in person.,566.0,"585,0,0,0,,,"
567,567,It has been a driving force for the development of our lives.,567.0,"586,1,0,0,,,"
568,568,It affected everything. Smartphones are already affecting beyond our imagination.,568.0,"587,1,0,0,,,"
569,569,gave convenience,569.0,"588,0,0,0,,,"
570,570,It enriched our lives.,570.0,"589,0,0,0,,,"
571,571,"The development of science and technology has expanded our living area and made life more convenient. With the advancement of science and technology, it is time to write letters and make contact in minutes, which took days.",571.0,"590,0,0,0,,,"
572,572,"In Paris... ...two o'clock, o'clock, o'clock, o'clock, o'clock, o'clock...",572.0,"591,0,0,0,,,"
573,573,"With the development of information and communication technology and mobile technology, communication with foreign countries has become active and economic growth has been achieved, and with the development of life science, human life has increased.",573.0,"592,1,0,0,,,"
574,574,convenience of life,574.0,"593,0,1,0,,,"
575,575,"It makes our lives convenient, but there are also new crimes using such media.",575.0,"594,1,0,0,,,"
576,576,It gave me a more convenient and enjoyable life.,576.0,"595,0,0,0,,,"
577,577,Convenient for everyday life and can live a better world,577.0,"596,1,0,0,,,"
578,578,"The development of science and technology has made life easier, so leisure has increased, and the quality of life has improved, but it can cause new social problems.",578.0,"597,1,0,0,,,"
579,579,"When searching for knowledge, it was only possible with a computer, but with the appearance of a smartphone, it can be easily searched.",579.0,"598,0,1,0,,,599,1,0,0,,,"
580,580,You can buy food and things at home and work from home,580.0,"600,1,0,0,,,"
581,581,It makes our lives convenient.,581.0,"601,1,0,0,,,"
582,582,"It has various effects on our lives, but no one knows what kind of health harm these technologies will do to us. As we develop science and technology, we are not good at making hasty judgments like new diseases, but there is a high possibility that it will have a negative impact.",582.0,"602,1,0,0,,,"
583,583,"Science and technology have a positive effect on our lives, but they also cause new social problems.",583.0,"603,0,0,0,,,"
584,584,The computer has developed about 40 times So you can use it quickly...,584.0,"604,1,0,0,,,"
585,585,Most people communicate with their cell phones and talk less face to face.,585.0,"605,0,0,0,,,"
586,586,"It makes our lives more convenient, allows us to spend our leisure lives on our phones, and eliminates a lot of inconveniences, but recently, smartphone addiction is occurring a lot, and traffic accidents and poor health are occurring.",586.0,"606,1,0,0,,,"
587,587,The development of science and technology can help our lives and cause social problems.,587.0,"607,0,0,0,,,"
588,588,"With the development of science and technology, our lives have become faster, convenient, easy to find various information, and information and software technology have become very important.",588.0,"608,1,0,0,,,"
589,589,I was able to get information without having to turn on the computer. It also made smartphones created by technology have the ability to contact each other instead of letters.,589.0,"609,1,0,0,,,"
590,590,It made people feel comfortable and easy.,590.0,"610,0,1,0,,,"
591,591,"With the development of science and technology, there are many advantages and problems. While the development of science and technology has made our lives richer and more convenient, it can be distributed equally to what science and technology is provided, rather than socially equally.",591.0,"611,1,0,0,,,"
592,592,"It makes information easy to know anywhere. Conversely, the higher the dependence on smartphones, the more often they become addicted to smartphones.",592.0,"612,0,0,0,,,"
593,593,"fI was able to get the information I needed quickly and easily, feel interested in playing mart phone games when I am bored, and quickly tell people who are not in the same space.  The development of science and technology gives us convenience.",593.0,"613,1,0,0,,,"
594,594,"With the development of fertilizers using ammonia or the technology of predicting the weather, farming has become easier and food production has increased. With the development of transportation, people and objects move far away and cultures exchange. Free communication has become possible even overseas.",594.0,"614,1,0,1,,,"
595,595,It made it more convenient.,595.0,"615,0,0,0,,,"
596,596,Unknowingness,596.0,"616,0,0,0,,,"
597,597,It made our lives much easier,597.0,"617,1,0,0,,,"
598,598,It makes me live.,598.0,"618,1,1,0,,,"
599,599,information can be obtained more easily,599.0,"619,1,0,0,,,"
600,600,It became convenient.,600.0,"620,1,0,0,,,"
601,601,a good change,601.0,"621,1,0,0,,,"
602,602,"""Information accelerates",602.0,"622,1,1,0,,,"
603,603,"""",603.0,"623,0,0,1,,,"
604,604,I have no idea.,604.0,"624,0,0,1,,,"
605,605,I can check the time anywhere and enjoy games and talk with my close friends.,605.0,"625,1,1,0,,,"
606,606,You can exchange phone messages with people in your social life.,606.0,"626,1,0,0,,,"
607,607,"Thanks to the air conditioner, I can stay cool in summer",607.0,"627,1,0,0,,,"
608,608,"It has made our lives simpler, more convenient, and easier",608.0,"628,1,0,0,,,629,0,1,1,,,"
609,609,"It has made our lives convenient, but the natural environment is being destroyed",609.0,"630,1,0,0,,,"
610,610,"People used to be very healthy, but these days, people have been suffering from obesity or frequent colds, which is hurting our health.",610.0,"631,1,0,0,,,"
611,611,I don't know.,611.0,"632,1,0,1,,,"
612,612,It made our lives convenient,612.0,"633,1,0,0,,,"
613,613,Unknowingness,613.0,"634,1,0,1,,,"
614,614,""" With the development of science and technology, our lives have become more convenient.",614.0,"635,1,1,0,,,"
615,615,"-You can find changes due to the development of science and technology throughout your life.""",615.0,"636,1,0,1,,,"
616,616,People all over the world can talk to each other anytime and anywhere on the Internet,616.0,"637,1,0,1,,,"
617,617,Life has become convenient.,617.0,"638,1,0,1,,,"
618,618,Unknowingness,618.0,"639,0,1,0,,,"
619,619,""". You have a cell phone, right? Now I order chicken and pay money on my phone. How simple and convenient it is... On a cold winter day, you don't have to go out...",619.0,"640,1,0,0,,,"
620,620,,620.0,"641,1,0,0,,,"
621,621,,621.0,"642,0,0,0,,,"
622,622,,622.0,"643,0,0,0,,,"
623,623,"2. On a hot summer day, we are preparing for the test by turning on the air conditioner coolly and watching EBS educational broadcasting through a large UHD ultra-high resolution TV screen.",623.0,"644,0,0,0,,,"
624,624,,624.0,"645,0,0,0,,,"
625,625,"Or you can make the role-play game exciting. It's a better world, right?",625.0,"646,0,0,0,,,"
626,626,,626.0,"647,0,0,0,,,"
627,627,,627.0,"648,0,0,0,,,"
628,628,,628.0,"649,0,0,0,,,"
629,629,"3. I went to the Grand Park holding my grandmother's hand by performing artificial joint treatment on my grandmother's knee joint, who can't walk well due to arthritis.",629.0,"650,0,0,0,,,"
630,630,,630.0,"651,0,0,0,,,"
631,631,,631.0,"652,0,0,0,,,"
632,632,,632.0,"653,0,0,0,,,"
633,633,"All of this is a convenient and beneficial way of thinking about technological development in our daily lives.""",633.0,"654,1,0,0,,,"
634,634,It makes life easier.,634.0,"655,0,0,0,,,"
635,635,He brought me a smartphone,635.0,"656,0,0,0,,,"
636,636,gave someone convenience,636.0,"657,0,0,0,,,"
637,637,Giving convenience to life,637.0,"658,0,0,0,,,659,1,0,0,,,"
638,638,I think it's a double-edged sword that gives us convenience but also brings us modern human disease,638.0,"660,0,0,0,,,"
639,639,It made my life richer,639.0,"661,0,1,0,,,"
640,640,"It made it easy to get information, but our personal information can be easily stolen",640.0,"662,1,0,0,,,"
641,641,It improves the convenience and quality of life.,641.0,"663,1,0,0,,,"
642,642,You can get pleasure by enjoying the nightlife with pleasure.,642.0,"664,1,0,0,,,"
643,643,It became convenient.,643.0,"665,0,1,0,,,"
644,644,"As transportation technology developed, time and space constraints were reduced, and as medical technology developed, healthy living became possible and the average life span increased.",644.0,"666,0,0,0,,,"
645,645,"It has brought convenience to our lives, but there will be dark parts on the other side as much as it is convenient.",645.0,"667,0,0,1,,,"
646,646,provide convenience for living,646.0,"668,0,0,0,,,"
647,647,have easy access to a variety of knowledge,647.0,"669,0,0,0,,,"
648,648,It became convenient.,648.0,"670,0,0,0,,,"
649,649,It's convenient to have an elevator.,649.0,"671,1,0,0,,,"
650,650,"Technology makes human life convenient. With the development of semiconductor technology, we can feel that the future we imagine is coming soon due to artificial intelligence and the 4th industrial revolution using it. However, the ethical issues that follow always coexist, so we can't just believe that this innovation is good.",650.0,"672,0,0,0,,,"
651,651,"""A more comfortable life, a simpler job",651.0,"673,0,1,0,,,"
652,652,"But there are also side effects (obesity, lack of exercise, etc.)",652.0,"674,0,0,0,,,"
653,653,I was able to keep up with the fast-paced world,653.0,"675,1,0,0,,,"
654,654,"It makes those who can't walk walk, and allows those who can't see to see.",654.0,"676,1,0,0,,,"
655,655,It made me feel comfortable,655.0,"677,1,0,0,,,"
656,656,"""Static: Transportation has become convenient. Communication has developed.",656.0,"678,0,0,0,,,"
657,657,The development of medical technology has increased the life expectancy of people.,657.0,"679,0,0,0,,,"
658,658,"With the development of genetic science, food has increased like Muchu and GMO beans, which are being solved little by little.",658.0,"680,1,0,0,,,"
659,659,Leisure time is increasing.,659.0,"681,1,0,0,,,"
660,660,People's lives are becoming more convenient,660.0,"682,0,0,0,,,"
661,661,"Negative: The relentless consumption of natural resources increases CO2 emissions, causes environmental destruction of glaciers,",661.0,"683,1,0,0,,,"
662,662,It's destroying the forest.,662.0,"684,0,0,0,,,"
663,663,The development of nuclear technology has enabled mass destruction of humans.,663.0,"685,0,0,0,,,"
664,664,Power outages are occurring due to increased demand for electricity usage by people.,664.0,"686,1,0,0,,,"
665,665,"Water, which used to be almost free in the past, is being paid for due to lack of water.",665.0,"687,1,0,0,,,"
666,666,"With the development of smartphones, more and more time is being used than exercising.",666.0,"688,0,1,0,,,689,1,0,0,,,"
667,667,"With the development of robots, people are becoming lazy as they move less time.""",667.0,"690,0,0,0,,,"
668,668,I feel more comfortable now,668.0,"691,1,0,0,,,"
669,669,It's convenient,669.0,"692,0,0,1,,,"
670,670,A convenient life where you can send messages or call from afar,670.0,"693,0,0,1,,,"
671,671,Our lives have become more comfortable. We can walk around in touch or get information easily and quickly outside,671.0,"694,1,0,0,,,"
672,672,Smartphone addiction and computer addiction occur as science and technology developAhhhhhhhhhhhhhhhhhhhh~,672.0,"695,0,0,1,,,"
673,673,"I can order it through home shopping and it became comfortable in many ways. And there are many apps and functions on the smartphone, so crime is possible easily.",673.0,"696,0,1,0,,,"
674,674,"Life has become more convenient, communication with each other such as contacting each other and the Internet has increased and became more convenient.",674.0,"697,1,0,1,,,"
675,675,It gave people the convenience of life to easily search and contact each other.,675.0,"698,1,0,1,,,"
676,676,"When you can't go grocery shopping or buy something because you're not feeling well, science and technology have developed, so you can shop with computers, etc., so it gives people other conveniences.",676.0,"699,1,0,0,,,"
677,677,It gave us convenience in our lives.,677.0,"700,0,0,1,,,"
678,678,We can easily get the information we need for our daily lives.I can find out what I'm curious about usually.,678.0,"701,0,0,0,,,"
679,679,"My eyesight is impaired.""",679.0,"702,0,0,0,,,"
680,680,It is convenient to get information conveniently and to talk to others when something happens,680.0,"703,1,0,0,,,"
681,681,"It has become very convenient, and it helps a lot, and it helps a lot and makes it convenient",681.0,"704,1,0,0,,,"
682,682,"""It's easy to get the information you need or are curious about",682.0,"705,0,1,1,,,"
683,683,"""Because smartphones are convenient, my eyesight gets worse after watching them for a long time.""",683.0,"706,1,0,0,,,"
684,684,provide convenience in life,684.0,"707,0,0,0,,,"
685,685,"Although communication life has become easier and communication can be done well, electromagnetic waves from devices degrade eye vision.",685.0,"708,1,0,0,,,"
686,686,"The development of science and technology has made people's lives convenient. Everything has become possible with a smartphone, so it has become so convenient that people can carry only one smartphone without having to carry everything.",686.0,"709,0,0,0,,,"
687,687,"Although communication life has become easier and communication can be done well, electromagnetic waves from devices degrade eye vision.",687.0,"710,1,0,0,,,"
688,688,Convenience and many crimes have also occurred,688.0,"711,0,0,0,,,"
689,689,"It has caused addiction such as Internet addiction, and can communicate conveniently.",689.0,"712,1,0,0,,,"
690,690,"Our country developed more than 20 years ago and we had to write letters in the past, but now we use smartphones",690.0,"713,0,0,0,,,"
691,691,It became convenient to contact and take pictures for many purposes.,691.0,"714,1,1,0,,,"
692,692,"""Our life'sI think it's convenient.""",692.0,"715,0,0,0,,,"
693,693,I don't know.,693.0,"716,0,0,1,,,"
694,694,Unknowingness,694.0,"717,1,0,0,,,"
695,695,M and D,695.0,"718,1,0,1,,,719,1,0,0,,,"
696,696,I don't understand.,696.0,"720,0,0,0,,,"
697,697,M and D,697.0,"721,1,0,0,,,"
698,698,"""",698.0,"722,0,1,0,,,"
699,699,I don't understand.,699.0,"723,1,1,0,,,"
700,700,"""",700.0,"724,0,0,0,,,"
701,701,ㄷDㄳDㄷDㅅDㄳS,701.0,"725,0,0,0,,,"
702,702,M and D,702.0,"726,0,0,0,,,"
703,703,I don't understand.,703.0,"727,1,0,0,,,"
704,704,Mall,704.0,"728,0,0,1,,,"
705,705,I don't know,705.0,"729,0,0,0,,,"
706,706,I don't understand.,706.0,"730,0,0,0,,,"
707,707,It's convenient,707.0,"731,1,0,0,,,"
708,708,M and D,708.0,"732,1,0,0,,,"
709,709,I don't understand.,709.0,"733,0,0,0,,,"
710,710,I don't know.,710.0,"734,0,0,0,,,"
711,711,That's true,711.0,"735,1,0,0,,,"
712,712,comfortable,712.0,"736,1,0,0,,,"
713,713,M and D,713.0,"737,0,0,0,,,"
714,714,"There are cars, smartphones, convenience stores, marts,",714.0,"738,1,0,0,,,"
715,715,It made life easier,715.0,"739,0,0,0,,,"
716,716,"It makes our lives convenient, but the risk of getting sick has increased",716.0,"740,0,0,0,,,"
717,717,It helps you live more conveniently,717.0,"741,0,0,0,,,"
718,718,"When you shop or order something you need, you can easily order it online and make a deposit on your cell phone, and it will be delivered in a very short time",718.0,"742,1,0,0,,,"
719,719,You can learn information and dangerous things faster and easier than before.,719.0,"743,0,0,0,,,"
720,720,"The advancement of science and technology may make life easier for mankind, but new diseases such as turtle neck syndrome, which was not common before, can become common",720.0,"744,1,0,0,,,"
721,721,.,721.0,"745,1,0,0,,,"
722,722,M and D,722.0,"746,1,0,0,,,"
723,723,I don't know.,723.0,"747,1,0,0,,,"
724,724,It made a convenient and novel change.,724.0,"748,1,0,0,,,749,0,0,0,,,"
725,725,so what,725.0,"750,1,0,0,,,"
726,726,"Even if there is no line, phone calls and messages are possible, and international calls are also possible in different countries",726.0,"751,1,0,0,,,"
727,727,All right.,727.0,"752,1,0,0,,,"
728,728,"Very, very convenient",728.0,"753,0,0,0,,,"
729,729,made it more convenient,729.0,"754,0,0,1,,,"
730,730,It makes it convenient.,730.0,"755,1,0,0,,,"
731,731,Earth's Android Power Generation,731.0,"756,0,0,0,,,"
732,732,"You can walk around and check your mail, and you can solve things that you can only do at home outside.",732.0,"757,0,0,0,,,"
733,733,It became convenient.,733.0,"758,1,0,0,,,"
734,734,I made it convenient,734.0,"759,1,0,0,,,"
735,735,All right.,735.0,"760,0,0,0,,,"
736,736,"People are living a convenient life, but they are living and steaming.",736.0,"761,1,0,0,,,"
737,737,a big change,737.0,"762,0,0,0,,,"
738,738,Yeah.,738.0,"763,1,0,0,,,"
739,739,"It becomes convenient, but this kind of thing destroys our bodies.",739.0,"764,1,0,0,,,"
740,740,It's convenient,740.0,"765,0,0,0,,,"
741,741,Communication has accelerated.,741.0,"766,1,0,0,,,"
742,742,It became more convenient,742.0,"767,1,0,0,,,"
743,743,Communication is fast.,743.0,"768,1,0,0,,,"
744,744,It gave me comfort,744.0,"769,0,0,0,,,"
745,745,My eyes are rotten,745.0,"770,1,0,0,,,"
746,746,"Poor health, poor eyesight, poor turtle neck, etc. and we can easily find and see",746.0,"771,1,0,0,,,"
747,747,It makes life convenient,747.0,"772,0,0,0,,,"
748,748,I have a lot of smartphone addiction and my eyesight gets worse,748.0,"773,0,1,0,,,"
749,749,The development of technology such as smartphones has made it easier to convey words to us,749.0,"774,0,0,0,,,"
750,750,"It makes our lives easier, but the environment gets worse as we develop",750.0,"775,1,0,0,,,"
751,751,"It makes us convenient, but if we use it too much, it can harm our bodies.",751.0,"776,1,0,0,,,"
752,752,It gave me comfort.,752.0,"777,1,0,0,,,"
753,753,"It is a smartphone that is sometimes used in a good place to solve our curiosity, but one day it will make us lose sight",753.0,"778,1,0,0,,,779,1,0,0,,,"
754,754,"Gradually, I made a mummy",754.0,"780,1,0,0,,,"
755,755,"The development of science and technology makes our lives convenient, but as the number of cars increases, global warming occurs due to fumes, and the ozone layer is being destroyed by factories.",755.0,"781,0,0,0,,,"
756,756,"With the development of science and technology, our lives are much more comfortable than before.",756.0,"782,1,0,0,,,"
757,757,You can use it conveniently,757.0,"783,1,0,0,,,"
758,758,"It gives a lot of diseases to the physical eye, but many science and technology are developed to get a lot of information",758.0,"784,1,0,0,,,"
759,759,Technology has advanced and people have begun to become more convenient,759.0,"785,1,0,0,,,"
760,760,Only the technology of hyperbole has developed,760.0,"786,1,0,0,,,"
761,761,gave someone convenience,761.0,"787,1,0,0,,,"
762,762,I made a smart change,762.0,"788,0,0,0,,,"
763,763,It helps you conveniently,763.0,"789,1,0,0,,,"
764,764,a good change,764.0,"790,1,0,0,,,"
765,765,"More work has been done easier and faster, and the quality of life has improved.",765.0,"791,1,0,0,,,"
766,766,PASS,766.0,"792,1,0,0,,,"
767,767,"""I've improved the quality of my life",767.0,"793,1,0,0,,,"
768,768,,768.0,"794,1,1,0,,,"
769,769,You don't have to call the weather service,769.0,"795,0,0,1,,,"
770,770,"Through your smartphone,",770.0,"796,1,0,0,,,"
771,771,I knew the temperature in the morning,771.0,"797,1,0,0,,,"
772,772,"I can dress appropriately and go out.""",772.0,"798,1,0,0,,,"
773,773,"""Helping you live",773.0,"799,0,0,0,,,"
774,774,"""",774.0,"800,1,0,0,,,"
775,775,"""Of course, it's very convenient, but we've used that much of our resources, and the environmental problems are serious",775.0,"801,1,0,0,,,"
776,776,People communicate less with each other,776.0,"802,1,0,0,,,"
777,777,"It seems that people are getting lazy as it becomes more convenient.""",777.0,"803,1,0,0,,,"
778,778,"If human beings are becoming comfortable due to the development of science, life will become impossible without science and technology",778.0,"804,1,0,0,,,"
779,779,"In the culture of mankind, the IT industry has changed to something that cannot be burned. It has brought a lot of comfort to mankind. To make rice easily with rice cookers, keep food cool in the refrigerator for a long time, and easily travel long distances by car, the surplus time has increased by replacing what humans have done with machines. But it's easier to do things, but that's how much more humanity demands and does. Therefore, there was no big difference between the past and leisure time. And also, because the machine takes over, there is a lack of exercise, and there are things that I can't laugh at easily memorizing the phone number that I used to memorize. In the past, even if an accident occurs, there were no major accidents unless it was natural damage, but these days, big accidents occur frequently due to science and technology. Also, there are many large-scale wars due to the development of powerful weapons.",779.0,"805,1,0,0,,,"
780,780,Life has become easier.,780.0,"806,1,0,0,,,"
781,781,"As information becomes important, it becomes a more valuable life.",781.0,"807,1,0,0,,,"
782,782,The quality of life has improved.,782.0,"808,1,0,0,,,809,0,0,0,,,"
783,783,"I was able to contact you frequently while walking along the street, and I was able to go long distances in a short period of time.",783.0,"810,1,0,0,,,"
784,784,It gave us convenience in our lives and then we could get a lot of information conveniently and simply,784.0,"811,1,0,0,,,"
785,785,1234,785.0,"812,0,1,1,,,"
786,786,I don't know,786.0,"813,0,1,0,,,"
787,787,"I used to write a letter, but now I can use it easily by mail or messenger",787.0,"814,0,0,0,,,"
788,788,The days of life become more and more full,788.0,"815,1,0,0,,,"
789,789,It makes us weak,789.0,"816,1,0,0,,,"
790,790,I don't know.,790.0,"817,0,0,0,,,"
791,791,1234We make you feel comfortable,791.0,"818,0,0,0,,,"
792,792,It's convenient.,792.0,"819,0,0,0,,,"
793,793,We can play telephone games,793.0,"820,1,0,1,,,"
794,794,It makes people sleep,794.0,"821,1,0,0,,,"
795,795,Our lives have become more comfortable because of the development of science and technology,795.0,"822,0,0,1,,,"
796,796,"It is hard to send a hard message, so I can send a message conveniently because I have a smartphone",796.0,"823,1,0,0,,,"
797,797,Don't know,797.0,"824,1,0,0,,,"
798,798,"It is hard to send a hard message, so I can send a message conveniently because I have a smartphone",798.0,"825,0,1,0,,,"
799,799,It's gonna be better,799.0,"826,1,0,1,,,"
800,800,123,800.0,"827,0,1,1,,,"
801,801,I don't know,801.0,"828,1,0,0,,,"
802,802,Convenient to send messengers to relatives and friends far away,802.0,"829,0,0,0,,,"
803,803,I don't know,803.0,"830,1,0,0,,,"
804,804,It is because it gives me comfort in my life and gives me a little preciousness and makes me comfortable.,804.0,"831,1,0,0,,,"
805,805,It became very convenient and gave us what we needed for our lives,805.0,"832,1,0,0,,,"
806,806,have come to a conciliatory,806.0,"833,1,0,0,,,"
807,807,It's giving us more convenience than before,807.0,"834,1,0,0,,,"
808,808,It's convenient and convenient,808.0,"835,1,0,0,,,"
809,809,I don't know.,809.0,"836,1,0,0,,,"
810,810,It's convenient,810.0,"837,1,0,0,,,"
811,811,Convenience,811.0,"838,1,0,0,,,839,0,0,1,,,"
812,812,It makes it more convenient,812.0,"840,0,0,0,,,"
813,813,......,813.0,"841,0,0,0,,,"
814,814,addiction,814.0,"842,0,0,0,,,"
815,815,Convenience and speed,815.0,"843,0,0,0,,,"
816,816,I don't understand.,816.0,"844,0,0,0,,,"
817,817,It has become a world where everything can be solved by smartphone or computer,817.0,"845,1,0,0,,,"
818,818,"I made you feel comfortable, but you were lazy",818.0,"846,0,1,0,,,"
819,819,Life has become much easier.,819.0,"847,1,0,1,,,"
820,820,It helped me communicate with people,820.0,"848,0,0,0,,,"
821,821,Convenient,821.0,"849,0,0,0,,,"
822,822,"""Science and technology have given us convenience and fun, technology development is getting better and better and the future may be able to fly without walking in the rainforest, technology will continue to develop in the future.",822.0,"850,1,0,0,,,"
823,823,"""",823.0,"851,1,0,0,,,"
824,824,They made us feel comfortable.,824.0,"852,0,0,0,,,"
825,825,I made it more convenient.,825.0,"853,,,,,,"
826,826,Various knowledge accumulation.,826.0,"854,,,,,,"
827,827,It makes it convenient. It also makes me lazy.,827.0,"855,55.0%,14.1%,9.7%,,,"
828,828,It makes life convenient.,,
829,829,"It made life convenient and prosperous and extended the average life expectancy of humans. Automation, many jobs disappear and new jobs are created.",,
830,830,Happiness,,
831,831,a convenient life,,
832,832,too convenient,,
833,833,It affects our lifestyles.,,
834,834,"Increasing communication between people, the era of globalization",,
835,835,"I've heard that the technology of the spaceship, which was used when landing on the moon in the past, is not even a single technology of a smartphone. As such, advanced technology is a fusion and it becomes uncomfortable without it.",,
836,836,It makes it convenient.,,
837,837,It makes me feel comfortable.,,
838,838,It became convenient.,,
839,839,It made our lives convenient.,,
840,840,It became convenient.,,
841,841,It made our lives convenient.,,
842,842,I don't know,,
843,843,Comfortable. Makes man a slave of convenience. Rely on comfort and become incompetent.,,
844,844,It helps you live a very convenient and smart life.,,
845,845,"With the development of science and technology, our lives have become very convenient",,
846,846,"It seems to have brought me a much freer and more convenient life It has improved in terms of time and efficiency, and I feel that the development time is getting shorter, but in proportion to that, there are also many problems caused by the development of science and technology Representatively, the ethical problem that has been mentioned for a long time is the biggest, so it gave us convenience, but it also gave us problems to solve",,
847,847,"The development of science and technology has made our lives more convenient, and we can expect active technological development in the future.",,
848,848,a convenient way of life,,
849,849,I don't know,,
850,850,It made life more convenient,,
851,851,Comfortable,,
852,852,improvement of the quality of life,,
853,853,It became possible to live a more convenient life.,,
854,854,"With the elimination of many unnecessary things in our lives and the emergence of new technologies, convenient life has become possible.",,
855,855,It made a change in convenience and a lot of knowledge easily.,,
856,856,Increased obesity rate Decreased turtle neck vision,,
857,857,improved the quality of life,,
858,858,provide convenience,,
859,859,Life has become much more convenient,,
860,860,a computer in my hand,,
861,861,"Reduced vision, convenience of activity. a reduction in time",,
862,862,making human life more convenient,,
863,863,It allows us to live very comfortably and is now an important technology that is indispensable,,
864,864,Makes you live a more convenient life,,
865,865,It guarantees comfort and living,,
866,866,It made human life more convenient,,
867,867,"""Positive change has a good effect on modern society, where people first improve their quality of life and seek more comfort",,
868,868,"Negative changes can lead to health and interpersonal problems for modern people as they seek comfort.""",,
869,869,"With the development of science and technology, the lifestyle of mankind has changed and become more convenient.",,
870,870,"In the past, it was difficult to transmit information, but with the development of science and technology, it became easy and quick to transmit information, making life convenient.",,
871,871,It changed quickly and easily,,
872,872,"Most make changes conveniently, but it makes people lazy.",,
873,873,It gives convenience to life and makes daily life more convenient,,
874,874,"With the creation of the Internet, you can learn various addictions, convenience, and fast news.",,
875,875,It created an information society where you can get materials that you could only get by going to the library quickly with your smartphone,,
876,876,You can learn about science and technology,,
877,877,"""We've made a tremendous difference The first is convenience, which sends and takes away things that are far away, communicates, sees the world go around, and leads humans more wisely with brains to judge facts or lies more clearly.",,
878,878,"""",,
879,879,"We made it convenient for our lives, but I think there are some bad things",,
880,880,4th evolutionary work,,
881,881,It has become a world where you can exchange news with people far away and overflow with information.,,
882,882,"When it first came out, it was useful and good for everyone, but now it causes addiction and is harmful to our lives because it causes various diseases.",,
883,883,"It has given convenience, but in the United States, for example, the number of obese people is increasing.",,
884,884,It made me live a quick and easy life,,
885,885,There are also many damages such as personal information leakage due to smartphones that make our lives easier,,
886,886,"We try to put in the ability to pursue convenience and needs, but the more we do, the more we will be blinded by science and continue to focus on science without seeing anything of ourselves.",,
887,887,The development of science and technology makes human life richer.,,
888,888,"With the development of science and technology, people can quickly and easily handle tasks such as communication and work",,
889,889,"Science and technology gave us benefits for convenience purposes, but it also caused damage for military purposes and became global warming due to the development of science and technology",,
890,890,"With the development of science and technology, transportation and communication can be convenient, and communication can be active, and AI (Artificial Intelligence) can be developed and our jobs can be lost.Science and technology have made our lives more convenient.",,
891,891,"With the advent of smartphones, we can easily access useful information anywhere. However, on the contrary, negative content can be easily accessed, so the development of science and technology is a double-edged sword.",,
892,892,It helps our lives conveniently. Machines do things that are difficult for people to do.,,
893,893,It helps our lives conveniently. Machines do things that are difficult for people to do.,,
894,894,It is convenient and easy to get information.,,
895,895,"Convenience, aggregation of features, dependencies, etc",,
896,896,"It made me live a more comfortable life, but I became dependent on advanced science and technology",,
897,897,Our lives gave us convenience.,,
898,898,It gave me the convenience to do many things without moving.,,
899,899,Life has improved,,
900,900,It has become more convenient.,,
901,901,"The development of science and technology has brought about a breakthrough in mankind. Factories using electricity and fossil fuels, numerous means of transportation and electronic devices, are also products of scientific and technological development. In addition, in the case of science and technology applied to agricultural technology, it can be said that it has been very helpful in fighting hunger. However, it is at odds with many ethical issues and still has many problems to be solved.",,
902,902,Unknowingness,,
903,903,"The development of science and technology has not only brought about technological development, but also changed our lives and cultures. Information has become easily available to individuals, and communication methods have become fast and simple, resulting in new types of jobs. In addition, with the development of life technology, it is possible to predict diseases and treat more diseases, so the lifespan is increased. As the lifespan increased, it brought about a big change in people's culture and perception.",,
904,904,It's caused various occupations,,
905,905,Unknowingness,,
906,906,The impossible becomes possible,,
907,907,It's making changes conveniently. It's the best move and it's working the best.,,
908,908,It helped me find a way or get information faster.,,
909,909,"Many lives are convenient and surprisingly connected to everyone. However, the stronger the light, the darker the color of the shadow. The development of science and technology has given us many conveniences, but also changes such as pretentious human relationships, waste of life, and regression of the ability to distinguish authenticity under numerous information.",,
910,910,"Technology has developed due to the development of science, which has changed our society. This can be viewed positively, but it can also be viewed negatively.",,
911,911,It shortened the time to finish something.,,
912,912,"Most definitely, it brought the convenience of life. In the past, machines were able to replace things like this. And globalization came about. You can connect with the world across from your seat, and you can hear the news of the world in real time.",,
913,913,the impossibility of convenience in life,,
914,914,It brought about both positive and negative changes.,,
915,915,Evaluation Only. Created with Aspose.Cells for Python via Java.Copyright 2003 - 2022 Aspose Pty Ltd.,,
