,Unnamed: 0,"2. I bought a winter heating device, and I heard that it is better to install it at the bottom of the classroom, not on the wall of the classroom, to make the entire classroom warm. Let's explain in detail why it's good to install a heating device at the bottom of the classroom using our knowledge of the movement of heat in the gas. ",Unnamed: 0,",q2_convection,q2_density difference,q2_convection.1,q2_density difference.1"
0,0,"Since warm air goes up and cold air goes down, it is efficient to install heating devices above and below air conditioners.",0.0,"0,1,0, convection, hot air rises"
1,1,convection phenomenon,1.0,"1,1,0, convection, hot air rises"
2,2,convection of air,2.0,"2,1,0 ""Hot air must be below and cold air must be above to create convection,"" Hot air rises"
3,3,"Warm air is low in density, so it goes up",3.0,"3,0,1 ""If cold air is below and hot air is above, convection does not occur,"" because hot air rises"
4,4,"Warm air goes up and cold air goes down, so air conditioners are recommended to be installed above and hot air fans on the bottom.",4.0,"4,1,0... The hot air goes up"
5,5,This is because warm air moves up and cold air moves down.,5.0,"5,1,0... The hot air rises up"
6,6,"Cold air sinks due to its high density, and warm air floats upward due to its low density. It is efficient to install a heating device at the bottom because cold air must be heated to circulate air.",6.0,"6, 1, 1. When the air is hot, go up"
7,7,Warm air moves up,7.0,"7,1,0... When it's hot, the air goes up"
8,8,"This is because warm air is denser than cold air, so warm air goes down and cold air goes up.",8.0,"8,0,0... When it's hot, the air rises"
9,9,It is because hot air goes up because of its low density.,9.0,"9,0,1, the air rises because it is hot"
10,10,"Warm wind goes up, so it should be installed underneath so that all the air gets warm as it goes up from below.",10.0,"10,1,0... When the air is hot, it rises"
11,11,"Hot air has the characteristic of going up from bottom to bottom, so it is efficient to install it underneath.",11.0,"11,1,0... When the air is hot, it goes up"
12,12,"Since the cold air sinks downward due to the convection phenomenon of the gas, it is recommended to install a heating machine downward.",12.0,"12,1,0... The hot air goes up"
13,13,"Heat can move from bottom to top by convection, making the whole warm.",13.0,"13,1,0... The hot air rises"
14,14,"This is because when installed on the floor according to the principle of convection, the cold air at the bottom heats up again, and the cold air sinks back to the floor.",14.0,"14,1,0... The hot air is above"
15,15,"Since the hot wind goes down and the cold wind goes up, it is advantageous to install the heating device at the bottom.",15.0,"15,0,0... The hot air is about to stay on top"
16,16,"Hot air is lighter than cold air, so you have to install it at the bottom so that warm air comes up from the bottom and gets warm quickly",16.0,"16,1,0... The hot air is about to stay above"
17,17,This is because the heat from the heating appliance rises from bottom to top by convection.,17.0,"17,1,0... The hot air is above"
18,18,This is because warm air is light and goes up.,18.0,"18,1,0... The hot air rises"
19,19,Gas should be installed below because warm gases are raised by convection.,19.0,"19,1,0... The hot air goes up"
20,20,Warm air can warm the entire classroom because it has the property of going up.,20.0,"20,1,0... The hot air goes up"
21,21,This is because the gas has a property of facing upward as the temperature increases.,21.0,"21,1,0... The hot air rises"
22,22,This is because hot air has the property of trying to rise above cold air.,22.0,"22,1,0...When the air is hot, it rises"
23,23,The warm wind goes up^ The cold wind comes down.,23.0,"23,1,0... If the air is hot, it goes up"
24,24,"When heating devices are installed at the bottom, the entire classroom is warmed by convection caused by density differences.",24.0,"24,1,1, the density of hot air is low, so the air rises from bottom to top"
25,25,"This is because when heating devices are installed at the bottom of the classroom, warm air below the classroom moves toward the cold air above the classroom by convection.",25.0,"25,1,0... The hot air is low in density and is about to rise"
26,26,Warm air goes up and cold air goes down,26.0,"26,1,0...Hot air is denser than cold air, so the heating device must be installed below"
27,27,"This is due to convection. Basically, warm liquid-gas has the property of going up and cold liquid-gas has the property of going down. When a heating device is installed at the bottom of the classroom, the air below becomes warm and goes up, and the cold air above goes down, and as it heats up again, gas circulation occurs. Therefore, it is better to install it below the top",27.0,The density of hot air is less than that of cold air
28,28,The warm air goes up,28.0,"28,1,0...Density differences occur depending on the temperature of the air"
29,29,"The movement of heat in a gas is carried by convection in which the gas molecules move directly, and the higher temperature gas floats upward in one space due to its lower density. Therefore, convection is efficient only when the heat source is located below.",29.0,"29,1,1, the distance between molecules is proportional to the temperature Hot air has a longer intermolecular distance than cold air, resulting in a lower density and a higher density of hot air"
30,30,The heat is coming out.,30.0,"30, 0, 0... The hot air goes up because the intermolecular distance is farther."
31,31,I don't know,31.0,"31,0,0... The hot air rises."
32,32,I went to school,32.0,"32,0,0... The hot air is about to rise."
33,33,I don't know,33.0,"33,0,0... The hot air goes up"
34,34,If you install the heating system above... I don't know,34.0,"34,0,0...the warm air goes up"
35,35,"If the heater is installed on top, it will go to Hanbanhan, so it will ride the wall below",35.0,"35,0,0 because the hot air tries to go up."
36,36,It warms you up from the bottom,36.0,"36,1,0 The cold air tries to go down, but the warm air rises up"
37,37,Because there are more coats on the bottom than on the top?,37.0,"37,0,0 . Hot air occupies the upper part compared to cold air."
38,38,The air starts to go up from the bottom,38.0,"38,0,0 because the cold air descends and the hot air rises"
39,39,"If you install heating equipment underneath, the floor will get warmer, so it's better",39.0,"39,0,0...The cold air is down, and the warm air is comforting"
40,40,I don't know.,40.0,"40,0,0 because the hot air rises"
41,41,I don't know.,41.0,"41,0,0 because hot air goes up"
42,42,"Like the boiler you have at home now, it is recommended to warm the floor to the ceiling and install it from the floor.",42.0,"42,0,0 because the hot air goes up"
43,43,This is because warm air goes up quickly like steam goes up and the heat spreads quickly.,43.0,"43,1,0...because hot air goes up"
44,44,I think it's because the whole classroom is filled with warm air when the heat rises from the bottom.,44.0,"44,1,0 because the hot air rises"
45,45,"That way, the wind comes out and the heat comes out, so it gets warm",45.0,"45,0,0 because the hot air rises"
46,46,I don't know.,46.0,"46,0,0 because the hot air goes up"
47,47,"If you warm the floor first, the warm air spreads over the floor, making it warmer",47.0,"47,1,0...because hot air goes up"
48,48,I'm trying to be warm downstairs,48.0,"48,0,0 because hot gases rise"
49,49,My feet are cold,49.0,"49,0,0... because hot gas goes up"
50,50,This is because the gas is warm air goes up.,50.0,"50,1,0... because hot gas goes up"
51,51,The cold air goes down and the hot air goes up,51.0,"51,1,0... because hot gases go up"
52,52,"Because hot heat is low in density and goes up, it circulates and warms all the air",52.0,"52,1,1, because hot gases rise"
53,53,The hot air goes up,53.0,"53,1,0... because hot gases go up"
54,54,The hot air goes up,54.0,"54,1,0 because hot gases go up"
55,55,This is because the gas is warm air goes up.,55.0,"55,1,0... because hot gases go up"
56,56,This is because hot gases rise every time the convection occurs.,56.0,"56,1,0 because warm air rises"
57,57,Warm air goes up and cold air. Because it goes down and circulates with each other,57.0,"57,1,0... because the warm air goes up"
58,58,Because the cold heat goes down and the warm heat goes up,58.0,"58,1,0 because the warm air goes up"
59,59,"The warm air goes up, so it's nice to be warmer from the top of us",59.0,"59,1,0 because the warm air goes up"
60,60,The hot air goes up,60.0,"60,1,0 because warm gases rise"
61,61,"Because hot air is more dense than cold air, it heats up faster",61.0,"61,0,0 because the warm gas goes up"
62,62,"Warm air is light and floats upward, so when you install a heating device at the bottom, the warm air at the bottom rises and the air circulates, making it evenly warm everywhere.",62.0,"62,1,1, because warm gases go up"
63,63,heat transfer,63.0,"63,1,0... because the warm gas goes up"
64,64,"If you install the air conditioner on top, the cold air goes down, and if you install the stove underneath, the hot air goes up, so gas exchange occurs",64.0,"64,1,0 because hot air rises"
65,65,Air goes up as the temperature goes up,65.0,"65,1,0... Because hot air goes up"
66,66,This is because hot air goes down and cold air goes up and circulates.,66.0,"66,0,0 because hot air goes up"
67,67,I don't know,67.0,"67,0,0 because hot air goes up"
68,68,The heat goes up,68.0,"68,1,0 because hot air rises"
69,69,This is because heat travels faster.,69.0,"69,0,0 because hot air goes up"
70,70,This is because warm heat is below and cold air goes up.,70.0,"70,0,0, because the hot air goes up"
71,71,Warm heat goes up from bottom to top,71.0,"71,1,0 because the hot air goes up"
72,72,Warm air goes up and cold air goes down,72.0,"72,1,0... because hot gases rise"
73,73,"Warm air goes down and cold air goes up, so to let warm air go down,",73.0,"73,0,0 because hot gases go up"
74,74,Warm air goes up to your teeth,74.0,"74,1,0... Because hot gases go up"
75,75,Warm temperatures should be installed on the floor of the classroom because they are intended to go up.,75.0,"75,1,0... Because hot gases go up"
76,76,"Since warm air circulates from bottom to top and cold air from top to bottom, heating devices must be installed at the bottom to move heat quickly.",76.0,"76,1,0 because hot gases rise"
77,77,"Hot air goes up, so you have to cover the cold air below",77.0,"77,1,0... Because hot gases go up"
78,78,I don't understand.,78.0,"78,0,0 because hot gases go up"
79,79,"This is because the hot air goes up, so the air goes up and warms the entire classroom.",79.0,"79,1,0... because hot gases go up"
80,80,It's because hot things have the property of going up,80.0,"80,1,0... because warm air rises"
81,81,The hot air goes up,81.0,"81,1,0 because warm air goes up"
82,82,The hot air goes up,82.0,"82,1,0 because warm air goes up"
83,83,"If the air goes up and down from the bottom repeatedly, it is quickly sublime and warms the entire classroom",83.0,"83,1,0 because warm air goes up"
84,84,Because cold air goes down and hot air goes up,84.0,"84,1,0... because warm gases rise"
85,85,Because the hot air goes down,85.0,"85, 0, 0... Because warm gases go up"
86,86,Because hot air goes up.,86.0,"86,1,0... Because warm gas goes up"
87,87,Because warm air goes up,87.0,"87,1,0... Because warm gases go up"
88,88,Because the heat moves upward,88.0,"88,1,0... Because hot air rises,"
89,89,It's because hot gases go up in a gas,89.0,"89,1,0... Because hot air goes up,"
90,90,Because the heat moves up.,90.0,"90,1,0... Because hot air goes up,"
91,91,"This is because as heat is generated on the floor, the heat goes back and forth into the air, making the entire classroom warm.",91.0,"91,1,0... Because hot air goes up,"
92,92,Because the heat goes up.,92.0,"92,1,0 because hot air rises"
93,93,Because warm air keeps spinning from bottom to top,93.0,"93,1,0... Because the hot air goes up,"
94,94,"Because the air expands three times below, the air conditioner wind and air are raised to make it cooler",94.0,"94,0,1, because the hot air goes up,"
95,95,Warm heat goes up and goes around,95.0,"95,1,0... Because hot air goes up,"
96,96,"Warm air goes up, so it is installed on the Are side to raise the air.",96.0,"96,1,0... Because hot gases rise,"
97,97,"Hot air is light and goes up, so when installed underneath, hot air goes up and when the air above comes down, it circulates.",97.0,"97, 1, 1. Hot gases go up"
98,98,It seems to be because the warm gas came up from the bottom and quickly heated the large area in the classroom.,98.0,"98,1,0... Because hot gases go up,99,1,0... Because hot gases go up,"
99,99,This is because hot air goes up.,99.0,"100,1,0... because hot gases rise,"
100,100,"This is because hot air has the property of going up, so if you install it at the bottom, the air on the top gets warm, too",100.0,"101,1,0... Because hot gases go up,"
101,101,"Hot air tends to move up and cold air moves down. With this theory, hot air balloon lights were also be built.This situation is also because warm air comes out of the heating system, so it should be installed underneath to warm the entire classroom as the hot air circulates through the air.",101.0,"102,0,0... Because hot gases go up,"
102,102,I don't know.,102.0,"103,0,0... Because hot gases go up,"
103,103,ㅈ,103.0,"104,1,0... Because warm air rises,"
104,104,Heat circulates.,104.0,"105,1,0... Because the warm air goes up,"
105,105,The hot air goes up,105.0,"106,0,0... Because warm air goes up"
106,106,The electricity went by,106.0,"107,1,0... Because warm air goes up,"
107,107,The hot air goes up,107.0,"108,1,0... because warm gases rise,"
108,108,Because the heat moves from bottom to top,108.0,"109,1,0... Warm gas goes up"
109,109,It's because warm air has to go up from the bottom to the top to make the whole body warm,109.0,"110,1,0... Warm gas goes up"
110,110,Warm air goes up,110.0,"111,1,0... Warm gas goes up"
111,111,The heat goes from bottom to top,111.0,"112,0,0 because hot air rises"
112,112,from bottom to top,112.0,"113,1,0 because hot air goes up"
113,113,The heat goes up from bottom to top,113.0,"114,1,0 because hot air goes up"
114,114,The hot air goes up,114.0,"115,1,0 because hot air goes up"
115,115,The hot air goes up,115.0,"116,1,0 because hot air rises"
116,116,Warm air goes up and cold air goes down,116.0,"117,0,0 because hot air goes up"
117,117,The half-body can receive warm wind,117.0,"118,1,0 because the hot air goes up"
118,118,Hot air goes up,118.0,"119,1,0 because the hot air goes up"
119,119,Warm air goes up,119.0,"120,0,0... because hot gases rise"
120,120,The cold air is underneath to make the air underneath warm,120.0,"121,1,0... because hot gases go up"
121,121,"Hot things go up, cold things go down",121.0,"122,1,0... because hot gases go up"
122,122,"""The hot air goes up and warms up from the top",122.0,"123,0,0 because hot gases go up"
123,123,".""",123.0,"124,1,0... because hot gases rise"
124,124,Install on top,124.0,"125,0,0... because hot gases go up"
125,125,Hot air tends to go up,125.0,"126,1,0... because hot gases go up"
126,126,PARK JI HOON is so handsome,126.0,"127,0,0 because hot gases go up"
127,127,The warm air from the bottom comes up,127.0,"128,1,0 because warm air rises"
128,128,It's warmer,128.0,"129,1,0... Because warm air goes up"
129,129,The hot wind is going up.,129.0,"130,1,0 because warm air goes up"
130,130,This is because warm air goes from bottom to top.,130.0,"131,0,1, because the warm air goes up"
131,131,"Since the hot air goes up, if you install it below, the warm air circulates in that space",131.0,"132,0,0... because warm gases rise"
132,132,"If it is hot, the gas will be lighter and will go up, so it is recommended to install it underneath.",132.0,"133,1,0... because warm gases go up"
133,133,"If you put the heater on the bottom, it's warmer",133.0,"134,0,1, because warm gases go up"
134,134,I think it is right to install it at the bottom because the warm wind goes from bottom to top.,134.0,"135,1,0... because the warm gas goes up"
135,135,"If it's hot, the gas will be lighter and it will go up, so it's better to install it underneath",135.0,"136,1,0 because hot air rises"
136,136,"Because the cold wind moves downward, the cold air underneath is heated by installing a heating device underneath.",136.0,"137,1,0... Because hot air rises,"
137,137,Hot air has the property of course.,137.0,"138,1,0 because hot air rises"
138,138,This is because hot gases go up and cold gases go down.,138.0,"139,1,0 because the air with high temperature rises"
139,139,The warm air goes up,139.0,"140,1,0...the air with high temperature rises"
140,140,"Since the warm wind blows upward,",140.0,"141,0,0 because the air with high temperature rises"
141,141,"The warm wind blows upward, and the cold wind blows downward",141.0,"142,1,0... because hot gases rise"
142,142,"High air goes up, so it's better to install it below",142.0,"143,1,0... Because hot gases rise,"
143,143,You have to install it at the bottom so that the warm heat goes up and spreads evenly,143.0,"144,0,1, because hot gases rise"
144,144,"When warm air goes up and cold air goes up to the device, the classroom's appetizer becomes tingling as the cold air fills the bottom.",144.0,"145,1,0... because gases with high temperatures rise"
145,145,This is because the hot air gets lighter and goes up.,145.0,"146,0,0... because gases with high temperatures rise,"
146,146,Warm air can be warm quickly because it moves upward,146.0,"147,1,0 because the gas with high temperature rises"
147,147,"As the air spreads to the right and left, warm air spreads throughout the classroom",147.0,"148,1,0... Because hot air goes up"
148,148,Because heat transfer moves from bottom to top,148.0,"149,1,0... Because hot air goes up,"
149,149,Warm air goes up and cold air goes down,149.0,"150,1,0 because hot air goes up"
150,150,The hot wind goes from bottom to top,150.0,"151,1,0 because the air with high temperature goes up"
151,151,The warm air goes up,151.0,"152,1,0...The air that is high in temperature goes up"
152,152,The warm air goes up,152.0,"153,1,0 because the high temperature air goes up"
153,153,This is because hot air has the property of rising from bottom to top.,153.0,"154,1,0 because hot gases go up"
154,154,"The reason why heating devices should be installed at the bottom is that gases with high temperatures go up, so heating devices should be installed at the bottom. It's because hot air doesn't come down when it's installed on the top",154.0,"155,1,0... Because hot gases go up,"
155,155,The reason why you have to install the heating system at the bottom is because the gas with high temperature goes up,155.0,"156,1,0... because hot gases go up"
156,156,This is because hot air has the property of going from bottom to top.,156.0,"157,1,0... because gases with high temperatures go up"
157,157,"It is because warm air rises due to convection, and the room gets warm with the whole chuck",157.0,"158,1,0... Because gases with high temperatures go up,"
158,158,"The reason why heating devices should be installed at the bottom is that gases with high temperatures go up, so heating devices should be installed at the bottom. When installed on the top, hot air does not come down.",158.0,"159,0,0 because a gas with a high temperature rises"
159,159,"Warm air rises upward, so it fills up from the bottom.",159.0,"160,1,0... the heating device is installed at the bottom because the hot air rises"
160,160,Because cold air circulates upward and warm air circulates downward,160.0,"161,0,0... The heating device must be installed below because the hot air rises"
161,161,"This is because hot air goes up and cold air goes down, so when installed below, it is warm for a long time.",161.0,"162,0,0... The heating system should be installed below because the hot air rises"
162,162,ㅈㄷ,162.0,"163,1,0...The heating device is installed at the bottom because the air with high temperature rises"
163,163,It's because the air flows from top to bottom,163.0,"164,1,0...The heating device must be installed below because the air with high temperature rises"
164,164,"Since the gas with high temperature goes up, the heating system is installed at the bottom  When installed on the top, hot air does not come down.",164.0,"165,1,0...The heating device should be installed below because the air with high temperature rises"
165,165,Because hot air goes up and cold air goes down,165.0,"166,1,0... the heating device is installed at the bottom because the hot gas rises"
166,166,Because the hot air goes up,166.0,"167,0,0... The heating system must be installed below because the hot gas rises"
167,167,"Since air with high temperature rises, heating devices should be installed at the bottom.",167.0,"168,1,0... The heating system must be installed below because the hot gas rises"
168,168,.,168.0,"169,1,0...The heating device is installed at the bottom because the gas with high temperature rises"
169,169,Because the warm air goes up,169.0,"170,1,0...The heating device must be installed below because the gas with high temperature rises"
170,170,Cold air has the property of going down and warm air has the property of going up That's why winter heating is installed below.,170.0,"171,1,0...The heating system should be installed below because the gas with high temperature rises"
171,171,The air circulates because cold air goes down and warm air goes up.,171.0,"172,1,0... The heating device is installed at the bottom because the hot air goes up"
172,172,"Due to the nature of cold air sinking down and warm air rising up, heating equipment must be installed under the classroom to circulate warm air and warm the entire classroom.",172.0,"173,1,0... The heating system should be installed below because hot air goes up"
173,173,"Since the gas with high temperature goes up, heating devices should be installed at the bottom. If installed on the top, hot air will not come down.",173.0,"174,1,0... The heating system should be installed at the bottom because the hot air goes up"
174,174,This is because the air circulates up and down when it is hot and cold.,174.0,"175,1,0...The heating device is installed at the bottom because the air with high temperature rises"
175,175,This is because gases with high temperatures go up.,175.0,"176,1,0...The heating device must be installed at the bottom because the air with high temperature rises"
176,176,This is because warm air goes up when the heating device is installed underneath.,176.0,"177,1,0...The heating system should be installed below because the air with high temperature rises"
177,177,"This is because warm air goes up. If the heating system is installed on top, the warm wind does not go down.",177.0,"178,0,1, the heating device is installed at the bottom because the hot gas goes up"
178,178,This is because warm gases go up.,178.0,"179,1,1, the heating system must be installed at the bottom because the hot gas goes up"
179,179,"Because warm air is small density, so it goes up, and cold air is big density, so it sinks down",179.0,"180,1,0... The heating system should be installed below because the hot gas goes up"
180,180,"This is a matter for consideration. If the only purpose is to heat up the entire class, installing a heating device at the bottom of the classroom is the right choice. This is because when the air expands by heat, it can generate a convection with the relatively cold upper air and circulate the air. But other problems would be really uncomfortable. First of all, your eyes will sting, the wooden floor will rot, and it will be uncomfortable to hide. So it's not a good choice.",180.0,"181,0,0...The heating device is installed at the bottom because the gas with high temperature goes up"
181,181,Hot air goes up and cold air goes down,181.0,"182,1,0...The heating device must be installed at the bottom because the gas with high temperature rises"
182,182,"""Because cold heat moves downward, air conditioners are installed on top",182.0,"183,0,0...The heating system should be installed below because the gas with high temperature rises"
183,183,"But hot heat moves up, so installing it on the floor is a good idea",183.0,"184,1,0... Install at the bottom because hot air rises"
184,184,"It's an efficient way. It is understood that hot air balloons also used this principle.""",184.0,"185,1,0... Hot air rises and must be installed at the bottom"
185,185,"The heat goes up, so if you put it underneath, it can all warm up.",185.0,"186,1,0... the hot air rises and must be installed at the bottom"
186,186,"The ground is wide, so I want to make it warmer",186.0,"187,1,0...Installation at the bottom because high temperature air rises"
187,187,It's burning up,187.0,"188,1,0...The air with high temperature rises, so it must be installed at the bottom"
188,188,Because the warm air goes up,188.0,"189,1,0...The air with high temperature rises, so it should be installed at the bottom"
189,189,Warm air goes up,189.0,"190,1,0... the hot gas rises, so it is installed at the bottom"
190,190,"The cold air goes down and the warm air goes up, so as you go up from the bottom, the whole thing gets warm",190.0,"191,1,0, hot gas rises and must be installed at the bottom"
191,191,"Warm gas goes up and cold gas goes down, so if you install a heating device at the bottom, warm air goes up, so the entire classroom gets warm.",191.0,"192,1,0... Hot gases rise and must be installed underneath"
192,192,"Warm air goes up, so it's better to install it at the bottom",192.0,"193,1,0...Installation at the bottom because the gas with high temperature rises"
193,193,"If you follow the bottom, it's warmer because it's hot.",193.0,"194,1,0...Gas with high temperature rise and must be installed below"
194,194,"As the heat goes up from bottom to top, it gets warm",194.0,"195,1,0 , high temperature gases rise and must be installed below"
195,195,The heat goes up.,195.0,"196,1,0... Hot air goes up, so it is installed at the bottom"
196,196,"The hot air goes up, so you have to install it below to warm the whole classroom",196.0,"197,1,0... Hot air goes up, so it must be installed at the bottom"
197,197,I think it's getting warmer as the heat goes up on the floor,197.0,"198,1,0... Hot air goes up, so it has to be installed at the bottom199,1,0...Installation at the bottom because high temperature air goes up"
198,198,"Warm air goes up, so you have to install it underneath to make the air rotate well",198.0,"200,0,0... high temperature air rises and must be installed at the bottom"
199,199,The hot air is light,199.0,"201,1,0...The air with high temperature rises, so it should be installed at the bottom"
200,200,"This is when the cold air goes down, and the warm air goes up, so it rotates with each other.",200.0,"202,1,0... The hot gas goes up, so it's installed at the bottom"
201,201,It's because the heat goes up,201.0,"203,1,0,, hot gas should be installed at the bottom because it goes up"
202,202,Because the heat goes up from the bottom,202.0,"204,1,0, hot gas should be installed underneath because it goes up"
203,203,Cold air moves upward and hot air moves downward,203.0,"205,1,0...Gas with high temperature go up, so install it at the bottom"
204,204,"If you install it below, the warm air goes up and warms the classroom.",204.0,"206,0,0...Gas with high temperature should be installed at the bottom because they go up"
205,205,Hot energy is well above and cold energy is below.,205.0,"207,0,0...The gas with high temperature should be installed below because it goes up"
206,206,It seems that the heat in the gas moves from bottom to top...,206.0,"208,0,0,,"
207,207,The heat moves up,207.0,"209,0,1,,"
208,208,"The movement of heat is the opposite of that of cold air, so it is installed underneath to allow the air of heat to go up.",208.0,"210,1,0,,"
209,209,Just getting warm,209.0,"211,1,0,,"
210,210,Install it below,210.0,"212,1,0,,"
211,211,Warm air goes to the bottom,211.0,"213,1,0,,"
212,212,"This is because warm air is lighter than cold air and goes up, and cold air is heavier than hot air and moves down.",212.0,"214,1,0,,"
213,213,"Heat has an upward tendency So, it warms the floor evenly",213.0,"215,1,0,,"
214,214,"Since the heat goes up, if installed underneath, the whole air can be warmed quickly.",214.0,"216,0,1,,"
215,215,"This is because warm air goes up and cold air goes down on the contrary, so it should be installed below to warm the bottom.",215.0,"217,1,0,,"
216,216,The warm heat comes up from under the classroom,216.0,"218,0,0,,"
217,217,Because heat moves upward,217.0,"219,1,0,,"
218,218,This is because heating equipment must be installed at the bottom of the classroom to warm the entire classroom as the warm temperature rises.,218.0,"220,1,0,,"
219,219,"The hot air is light, so it has to be installed at the bottom so it's warm from the bottom to the top, and if it's hung up, the warm air won't come",219.0,"221,0,0,,"
220,220,"""It is recommended that the heating system be installed at the bottom because the heat of the gas goes up from the bottom",220.0,"222,1,0,,"
221,221,,221.0,"223,1,0,,"
222,222,"""",222.0,"224,0,0,,"
223,223,You don't know?,223.0,"225,0,0,,"
224,224,"Since the heat of the gas rises from bottom to top, it is recommended that the heating device be installed below.",224.0,"226,0,0,,"
225,225,It is effective to place the heating device at the bottom because the heat in the gas is children from bottom to top.,225.0,"227,0,0,,"
226,226,I don't know,226.0,"228,1,0,,"
227,227,"If you install it underneath, the hot wind only goes up. :)",227.0,"229,0,0,,"
228,228,This is because warm heat comes up when equipment is installed at the bottom of the classroom. So it will be warmer.,228.0,"230,0,0,,"
229,229,My feet got warm,229.0,"231,1,0,,"
230,230,"When your feet get warm, your body gets warm.",230.0,"232,1,0,,"
231,231,"Because of gravity, people walk on the floor, and the temperature of their feet goes up to their heads",231.0,"233,1,0,,"
232,232,.,232.0,"234,1,0,,"
233,233,"The heat of the gas will go up and the heat of the gas will spread throughout the classroom, making it warmer.",233.0,"235,0,0,,"
234,234,burn to death,234.0,"236,1,0,,"
235,235,"""Because the hot air goes down and the cold air goes up, it's not like a person is flying in the sky, but because it's down there, it'",235.0,"237,1,0,,"
236,236,"It's okay if it's """,236.0,"238,1,0,,"
237,237,It spreads as the heat goes up,237.0,"239,0,0,,"
238,238,"""Even when there's a fire, the cold air is underneath, so I go down. Like that,",238.0,"240,1,0,,"
239,239,"""Since the cold air is underneath, the heater is installed underneath to create warm air underneath.""",239.0,"241,0,0,,"
240,240,"This is because warm air goes up and cold air goes down, so when attached to the top, the warm air stays only on the top.",240.0,"242,1,0,,"
241,241,"The hot one goes up, so it's green to set it down",241.0,"243,1,0,,"
242,242,"If you install it up, the heat doesn't go down, but if you install it down, the heat is still down",242.0,"244,1,0,,"
243,243,The warm air goes up,243.0,"245,1,0,,"
244,244,"If you attach it to the side, warm air spreads to only one side, but if you attach it to the bottom, warm air spreads to the classroom, so everyone can receive warm air.",244.0,"246,1,0,,"
245,245,"If you install it at the bottom, the hot heat comes up",245.0,"247,1,0,,"
246,246,"If you install a heating device, it keeps you warm in one place",246.0,"248,1,0,,"
247,247,"This is because warm air has the property of going up.  If the moth appliance is installed at the top, warm air gathers only at the top, so it is recommended to install it at the bottom.",247.0,"249,0,0,,"
248,248,I thought there would be a lot of people who would have lost their feet,248.0,"250,1,0,,"
249,249,Heat tends to go up,249.0,"251,0,0,,"
250,250,This is because warm air goes up and cold air goes down to and .,250.0,"252,1,0,,"
251,251,"The warm air has a habit of going up, so if you do it below, the classroom will warm up overall",251.0,"253,0,0,,"
252,252,The heat below warms up using air as it moves up,252.0,"254,1,0,,"
253,253,Hot air goes up and cold air goes down.,253.0,"255,1,0,,"
254,254,This is because warm air goes up.,254.0,"256,1,0,,"
255,255,Warm air travels from bottom to top,255.0,"257,0,0,,"
256,256,The floor got warm,256.0,"258,0,0,,"
257,257,Warm air has to come up from bottom to top to spread warm air throughout the classroom,257.0,"259,1,0,,"
258,258,My knowledge is not up to there,258.0,"260,1,0,,"
259,259,"Warm air goes up, so the circulation of the air makes the whole thing warm",259.0,"261,1,0,,"
260,260,"It's faster to go from bottom to top than from top to bottom, so it's warm when you're close",260.0,"262,1,0,,"
261,261,"When air is convection, cold air goes down and warm air goes up, so heating equipment is installed at the bottom of the classroom to warm up quickly from the lower air to the upper air.",261.0,"263,1,0,,"
262,262,"Hot air goes up, goes up from the bottom, and cold air goes down, so convection occurs well and warms up. If you install a heater on top, your feet feel warm and cold",262.0,"264,1,0,,"
263,263,"Since the hot air goes up,",263.0,"265,1,0,,"
264,264,I don't know,264.0,"266,1,0,,"
265,265,I don't know,265.0,"267,1,0,,"
266,266,The hot air goes up,266.0,"268,0,0,,"
267,267,This is because hot air flows up and cold air flows down.,267.0,"269,1,0,,"
268,268,This is because hot heat rises upward.,268.0,"270,0,0,,"
269,269,This is because warm gases go up.,269.0,"271,0,0,,"
270,270,Because warm air goes up,270.0,"272,1,0,,"
271,271,"Gas has the property of moving hot gas up and cold air down. Due to this convection phenomenon, if a heating device is installed at the bottom, the entire classroom can be heated.",271.0,"273,0,0,,"
272,272,Because warm air goes up,272.0,"274,1,0,,"
273,273,Because the hot air goes up,273.0,"275,1,0,,"
274,274,Because warm air goes up and then circulates and gets warm,274.0,"276,0,0,,"
275,275,I don't know.,275.0,"277,0,1,,"
276,276,"Warm air moves from bottom to top, so heating devices should be installed underneath to warm up the whole class",276.0,"278,0,1,,"
277,277,I don't know.,277.0,"279,1,0,,"
278,278,This is because the hot heat goes down and the cold air goes up.,278.0,"280,0,1,,"
279,279,The circulation of the gas causes warm air to go up and the air to go down,279.0,"281,1,0,,"
280,280,"Hot air expands and becomes dense, so it goes up and convection occurs.",280.0,"282,1,1,,"
281,281,"Due to convection, the hot air goes up, so the heater should be installed down",281.0,"283,1,0,,"
282,282,"Since the hot wind goes up, it is installed below so that the wind goes up from below",282.0,"284,0,1,,"
283,283,"The warmer the heat in the ghetto, the lower the temperature, so if installed below, the less the movement of the gas than when installed above, the warmer it gets.",283.0,"285,1,1,,"
284,284,"Hot air is low in density and goes up, so when installed on the wall, the air from the heating device stays above, making it less efficient.",284.0,"286,0,1,,"
285,285,"Air with high temperature has a high molecular motion speed, which increases the distance between molecules due to its small density, so convection occurs well only when installed at the bottom of the classroom.",285.0,"287,1,0,,"
286,286,This is because the air heated by convection sinks upward and the cold air sinks downward.,286.0,"288,1,0,,"
287,287,A gas with a higher temperature rises because it is less dense than a gas with a lower temperature.,287.0,"289,1,0,,"
288,288,"Since warm air (gas) is raised by convection, heat is spread evenly by installing a heating device underneath.",288.0,"290,1,0,,"
289,289,This is because high-temperature gases go up and low-temperature gases go down (due to density differences),289.0,"291,1,1,,"
290,290,"Since hot air rises due to convection, installing a heating device underneath is easy to heat the entire room.",290.0,"292,1,1,,"
291,291,"Since warm air has a small density, installing it at the bottom helps heat circulation.",291.0,"293,1,0,,"
292,292,"Hot air tends to go up by convection because it is lighter in density than cold air. Therefore, heating devices should be installed at the bottom.",292.0,"294,0,1,,"
293,293,"Hot air rises because of its low density. When installed at the top, only the upper air becomes warm, but when installed at the bottom, the air continues to rise, new high-yield is pushed in, heated, and the entire room circulates.",293.0,"295,0,0,,"
294,294,The heat goes up by convection,294.0,"296,1,0,,"
295,295,This is because air with high temperature goes up.,295.0,"297,1,0,,"
296,296,"Generally, it is explained that it is due to convection, but it does not matter in the actual environment.",296.0,"298,1,0,,299,1,0,,"
297,297,Convection (heat transfer to convection),297.0,"300,1,0,,"
298,298,Convection (because the density decreases when it is hot),298.0,"301,0,0,,"
299,299,"Hot air is bulky and dense, so it goes up, so it circulates better.",299.0,"302,0,0,,"
300,300,You need to know the convection.,300.0,"303,1,0,,"
301,301,"Due to the density difference, the hot heat goes up and the cold air goes down",301.0,"304,0,0,,"
302,302,Because heat travels from top to bottom,302.0,"305,0,0,,"
303,303,circulation of air,303.0,"306,0,0,,"
304,304,"When the air gets warm, it goes up, so it's better to install a heating device underneath",304.0,"307,0,0,,"
305,305,This is because gases rise when they are heated.,305.0,"308,1,0,,"
306,306,Because the cold air is underneath,306.0,"309,1,0,,"
307,307,Warm air comes out of the bottom and it can heat up both the top and bottom,307.0,"310,1,0,,"
308,308,"Since hot heat flows only downward, heating devices should be installed at the bottom.",308.0,"311,1,0,,"
309,309,"Since hot heat flows only downward, heating devices should be installed at the bottom.",309.0,"312,1,0,,"
310,310,This is because hot air goes up and cold air goes down due to the characteristics of the gas.,310.0,"313,0,0,,"
311,311,Hot heat flows from the bottom,311.0,"314,1,0,,"
312,312,Because the hot heat only flows downward,312.0,"315,1,0,,"
313,313,Because the hot heat only flows downward,313.0,"316,0,0,,"
314,314,Warm air goes down and cold air goes up?,314.0,"317,1,0,,"
315,315,because the heat goes up,315.0,"318,1,0,,"
316,316,This is because heat has the property of going up from the bottom to the top ㅇ.,316.0,"319,1,0,,"
317,317,This is because the heat rises from the bottom to the top.,317.0,"320,1,0,,"
318,318,"If there is heat below, the air goes up, so even the air in the entire classroom gets warm.",318.0,"321,1,0,,"
319,319,"""Because the hot heat goes up and the cold heat goes down",319.0,"322,1,0,,"
320,320,"This is because when you blow up the fire from the bottom, it goes up and down again as it cools, and the air circulates.""",320.0,"323,1,0,,"
321,321,Hot heat flows down,321.0,"324,1,0,,"
322,322,"The reason why heating equipment is installed on the floor of the classroom is because hot air goes up, so it should be installed on the bottom so that hot air can move around the whole classroom",322.0,"325,1,0,,"
323,323,This is because the warm heat of the heating device rises from bottom to top.,323.0,"326,1,0,,"
324,324,Because the hot heat only flows downward,324.0,"327,0,1,,"
325,325,"""Because the warm heat of the heating system goes up from the bottom",325.0,"328,1,0,,"
326,326,"""",326.0,"329,0,0,,"
327,327,"Warm or hot air and heat go up, and cold or cool air and cold air go down.",327.0,"330,0,0,,"
328,328,"""Because we used the principle that heat goes up from bottom to top",328.0,"331,0,0,,"
329,329,"""",329.0,"332,0,0,,"
330,330,Because hot air goes up,330.0,"333,1,0,,"
331,331,"Since hot air has the property of rising upward, installing it below can warm the entire classroom.",331.0,"334,0,0,,"
332,332,Because heat used the principle of going up from bottom to top.,332.0,"335,0,0,,"
333,333,"When you put the heating device down, the heat rises, which warms the air throughout the classroom.",333.0,"336,0,0,,"
334,334,The heated air has a habit of going up from bottom to the top,334.0,"337,0,0,,"
335,335,"""If the temperature of the gas is high, it goes up, and if the temperature of the gas is low, it stays down",335.0,"338,0,0,,"
336,336,"Therefore, if you install it on the bottom, the high-temperature gas rises and spreads, warming the classroom.""",336.0,"339,0,0,,"
337,337,The entire classroom is warmed by the heat rising from bottom to top.,337.0,"340,1,0,,"
338,338,"""A hot gas is lighter because it has a longer particle distance than a gas. Hot gases rise above cold gases because hot gases are lighter than cold gases.",338.0,"341,0,0,,"
339,339,"For this reason, if the moth device is on the floor, it can warm the entire classroom.""",339.0,"342,0,0,,"
340,340,"Warm air goes up and cold air goes down, so you can install a heating device at the bottom so that the warm air goes up slowly and warms the entire classroom",340.0,"343,1,0,,"
341,341,I don't know.,341.0,"344,1,0,,"
342,342,"It's RYU. RYUO, RYUHYU",342.0,"345,1,0,,"
343,343,I don't know,343.0,"346,1,0,,"
344,344,I don't understand.,344.0,"347,0,0,,"
345,345,This is because the movement of heat goes from bottom to top.,345.0,"348,0,0,,"
346,346,I don't understand.,346.0,"349,0,0,,"
347,347,I don't understand.,347.0,"350,1,0,,"
348,348,I don't know,348.0,"351,1,0,,"
349,349,M and D,349.0,"352,1,0,,"
350,350,I don't know,350.0,"353,1,0,,"
351,351,I don't understand.,351.0,"354,1,0,,"
352,352,This is because hot air goes up.,352.0,"355,0,0,,"
353,353,I don't know,353.0,"356,1,0,,"
354,354,I don't know.,354.0,"357,1,0,,"
355,355,Because the hot air goes up,355.0,"358,1,0,,"
356,356,"Hot air has the property of going up, so it is better to install it at the bottom.",356.0,"359,1,0,,"
357,357,Because heat moves up,357.0,"360,1,0,,"
358,358,It is better to install it underneath because it has the property of heating up.,358.0,"361,1,0,,"
359,359,I don't understand.,359.0,"362,1,0,,"
360,360,I don't know.,360.0,"363,1,0,,"
361,361,I don't know,361.0,"364,1,0,,"
362,362,Warm air goes up and cold air goes down,362.0,"365,1,0,,"
363,363,Hot air should go up and down so that it moves evenly,363.0,"366,1,0,,"
364,364,"Hot air goes up, so it's much better to install it underneath",364.0,"367,1,0,,"
365,365,Cold air goes down and warm air goes up,365.0,"368,0,1,,"
366,366,"Because the heat goes up from bottom to top, it gets warmer faster",366.0,"369,1,0,,"
367,367,I don't understand.,367.0,"370,1,0,,"
368,368,"Heat goes up, so it is efficient to install it at the bottom",368.0,"371,1,1,,"
369,369,"""Starting from the bottom, slowly heat it up and open it up.",369.0,"372,1,0,,"
370,370,"""If you put it next to you, in front of you, or in the back, it will only warm up people close to the heating system.""",370.0,"373,0,1,,"
371,371,Warm air goes to U로,371.0,"374,1,0,,"
372,372,The hot air goes up,372.0,"375,1,0,,"
373,373,It goes from bottom to top,373.0,"376,1,0,,"
374,374,This is because hot air rises from bottom to top.,374.0,"377,1,0,,"
375,375,This is because warm air goes up and convets.,375.0,"378,1,0,,"
376,376,"Since relatively low temperatures tend to rise downward and high temperatures tend to rise upward, it is recommended that heating devices be placed below to achieve fast temperature equilibrium using large ratios.",376.0,"379,0,0,,"
377,377,"Cold air descends to the bottom, that is, the ground, because the movement of the molecules is not active, and warm air rises upward because of the active movement of the molecules. Therefore, if you install a heating device underneath the cold air, it is better to heat the cold air to make it warm.",377.0,"380,0,0,,"
378,378,"Warm air goes up and cold air goes down, so it is recommended to install heating equipment at the bottom because warm air comes out of the bottom and goes up and circulates to warm the entire classroom.",378.0,"381,0,0,,"
379,379,"Warm gases go up, so it is efficient to install heating devices underneath to make the entire classroom warm.",379.0,"382,1,0,,"
380,380,"The warmer the gas is, the more active the movement of the atoms goes up. In addition, the colder the gas, the lower the temperature, so the heating device must be installed at the bottom to warm the entire classroom.",380.0,"383,0,0,,"
381,381,"Warm air has the property of floating up because of its low density.  If you put it on top, it takes a long time for the air to warm up because it stays on top. So if you put it on the bottom, the warm air goes up, so it'll be efficient!",381.0,"384,1,0,,"
382,382,"Air from heating devices is warm air, so it has the property of going up. Therefore, in order for the temperature of the entire class to rise, it is installed at the bottom to create a warm environment from the bottom to the top.",382.0,"385,0,0,,"
383,383,"Convection is that warm air comes up and cold air comes down, and it is advantageous for warm air to go up from the bottom to spread the warm wind from heating devices throughout the classroom.",383.0,"386,1,0,,"
384,384,"Hot air comes out of the heating system when you make the classroom warm. Considering the convection of air, hot air tends to rise upward because it is relatively less dense and lighter than cold air. Therefore, in order to warm the entire classroom, warm air is allowed to rise up and spread throughout the classroom.",384.0,"387,1,0,,"
385,385,"Because warm wind goes up, when the heater is installed down, warm air goes up, so it pushes the cold wind above and descends, causing air circulation and spreading warm wind throughout the classroom.",385.0,"388,1,0,,"
386,386,"Warm air tends to go up because it is less dense than cold air. As a result, warm air spreads throughout the classroom, so it is good to make the entire classroom warm.",386.0,"389,1,0,,"
387,387,"Warm air has the property of going up. Therefore, if the heating device is left at the bottom, the cold air at the bottom goes up, and the air with a relatively low temperature compared to the heated air goes down. As this process repeats, it warms the entire classroom.",387.0,"390,1,0,,"
388,388,It is installed at the bottom of the classroom so that the air mixes well because it goes up,388.0,"391,1,0,,"
389,389,The heat goes up,389.0,"392,0,0,,"
390,390,The heat goes up from the floor,390.0,"393,0,0,,"
391,391,The wind can go up and get warmer,391.0,"394,1,0,,"
392,392,It warms the whole body by sending cold air up and warm air down,392.0,"395,0,0,,"
393,393,Because there is a device that acts as a boiler on the floor,393.0,"396,1,0,,"
394,394,It's because the wind doesn't work well if you install it on top.,394.0,"397,0,0,,"
395,395,Because the cold wind goes up and the warm wind goes up,395.0,"398,0,0,,399,1,0,,"
396,396,"If you install it on the wall,",396.0,"400,1,0,,"
397,397,The hot air goes up,397.0,"401,1,0,,"
398,398,Because the hot heat goes down and the cold heat goes down?,398.0,"402,1,0,,"
399,399,This is because hot air goes up and cold air goes down.,399.0,"403,1,0,,"
400,400,"Hot air has the property of going up, and cold air has the property of going down. As the two air circulates around each other, eventually the entire classroom gets warm.",400.0,"404,1,0,,"
401,401,Hot air goes up and cold air goes down,401.0,"405,1,0,,"
402,402,0 Hot air is good to be installed at the bottom of the classroom because it tends to go up.,402.0,"406,1,0,,"
403,403,The movement of heat in a gas has the property of warm air rising up,403.0,"407,1,0,,"
404,404,Heat moves up,404.0,"408,1,0,,"
405,405,"From the bottom to this side, the hot wind goes",405.0,"409,0,0,,"
406,406,"If the heat is higher, the heat goes higher",406.0,"410,0,0,,"
407,407,Cold air goes down and hot air goes up,407.0,"411,1,0,,"
408,408,I don't know.,408.0,"412,1,0,,"
409,409,Warm air goes up and cold air goes down,409.0,"413,0,0,,"
410,410,"If you put it on the wall, it's warm only on the side, so if you put it on the bottom, it's front and side.Because it's warm in the back",410.0,"414,1,0,,"
411,411,Let's install the heating system on top,411.0,"415,1,0,,"
412,412,The heat goes up,412.0,"416,1,0,,"
413,413,"""Cold air goes from bottom to top",413.0,"417,1,0,,"
414,414,"""When the heater is underneath, it warms the cold air and warms the whole body by going from bottom to top.""",414.0,"418,1,0,,"
415,415,"Because heat moves up, you can feel the heat longer by installing the heating device at the bottom.",415.0,"419,1,0,,"
416,416,The movement of gases is because warm air has a property of going up.,416.0,"420,1,0,,"
417,417,Hot gas is hot because of its rising temper,417.0,"421,0,0,,"
418,418,Hot or cold goes up and cold goes down,418.0,"422,1,0,,"
419,419,Heat moves from bottom to top,419.0,"423,1,0,,"
420,420,Because cold air moves from top to bottom and warm air moves from bottom to top.,420.0,"424,1,0,,"
421,421,Because the heat moves from bottom to top,421.0,"425,1,0,,"
422,422,It goes up from bottom to top,422.0,"426,1,0,,"
423,423,I don't know,423.0,"427,1,0,,"
424,424,I don't like it.,424.0,"428,1,0,,"
425,425,It's because the hot air goes up.,425.0,"429,0,0,,"
426,426,Hot air goes up and cold air goes down,426.0,"430,1,0,,"
427,427,"The heat goes down from the top to the Are, so it's to keep warm",427.0,"431,1,0,,"
428,428,"""Because the hot air goes up and the cold air goes down",428.0,"432,0,1,,"
429,429,"""",429.0,"433,0,1,,"
430,430,It's because the warm air goes up,430.0,"434,1,0,,"
431,431,It's down because the hot air goes up,431.0,"435,1,1,,"
432,432,Because the hot air goes up,432.0,"436,1,0,,"
433,433,"If you put the air conditioner on top, it will cool down quickly, but the heating system will heat up from the bottom",433.0,"437,0,1,,"
434,434,"Hot air goes up, so the heater needs to be underneath to warm up faster.",434.0,"438,1,0,,"
435,435,Hot heat goes up and cold air goes down,435.0,"439,0,0,,"
436,436,This is because the cold air goes up and the warm air goes down.,436.0,"440,1,0,,"
437,437,Warm air goes up and cold air goes down,437.0,"441,0,0,,"
438,438,Reason: Because the air from the heater goes up,438.0,"442,1,0,,"
439,439,"This is because if hot air goes up and is installed below, the whole thing gets warm.",439.0,"443,1,0,,"
440,440,"""The hot air moves up from the area, so it's better to install the heating system on the area",440.0,"444,1,0,,"
441,441,It's efficient,441.0,"445,1,0,,"
442,442,This is because hot air goes up and cold air goes down,442.0,"446,1,0,,"
443,443,"""The cold air goes from the top to the Are",443.0,"447,1,0,,"
444,444,"The warm air goes up the Areser.""",444.0,"448,1,0,,"
445,445,A warm disposition is one that goes from bottom to top,445.0,"449,1,0,,"
446,446,My knowledge is not up to there,446.0,"450,1,0,,"
447,447,The heat goes up,447.0,"451,1,0,,"
448,448,convection,448.0,"452,1,0,,"
449,449,"Hot air tends to go up because of its low density, so air circulation occurs well.",449.0,"453,1,0,,"
450,450,"The hotter the air, the less dense it is, so it floats upward",450.0,"454,1,0,,"
451,451,convection,451.0,"455,0,1,,"
452,452,"If you place a heating device at the bottom, the air from the heating device rises from the bottom to the top, and the inside of the classroom is convected.",452.0,"456,0,0,,"
453,453,"Because warm air rises and cold air falls due to convection, when the heating device is installed above, warm air comes down and then rises again (so it is more efficient to install the cooling device above)",453.0,"457,1,0,,"
454,454,"Since the density of hot gas is lower than that of cold gas, cold gas goes down and hot gas goes up, so heating equipment must be installed down to warm the entire classroom.",454.0,"458,0,0,,"
455,455,"The warm air is light and goes up, so the air is convection and the whole classroom gets warm",455.0,"459,0,0,,"
456,456,Boiler,456.0,"460,0,0,,"
457,457,"The gas goes up from the bottom, so it's better to install it underneath",457.0,"461,1,0,,"
458,458,The direction of the wind flows like that,458.0,"462,0,0,,"
459,459,This is because warm air rises from bottom to top.,459.0,"463,1,0,,"
460,460,This is because hot air can go up and warm the whole class.,460.0,"464,1,0,,"
461,461,The air goes from bottom to top,461.0,"465,1,0,,"
462,462,This is because warm air goes from bottom to top.,462.0,"466,1,0,,"
463,463,"The heat goes up from the bottom, so it should be installed at the bottom",463.0,"467,1,0,,"
464,464,"Since the heat rises from the bottom to the top, it must be installed below to fill the entire classroom with warm heat.",464.0,"468,1,0,,"
465,465,"When the heat rises from the bottom, it warms up to the top",465.0,"469,0,1,,"
466,466,The warm gas goes up and the cold gas goes down,466.0,"470,1,0,,"
467,467,This is because warm air goes up.,467.0,"471,1,0,,"
468,468,This is because the heat will spread to the side and make it warmer.,468.0,"472,1,0,,"
469,469,It's because the heat goes up from bottom to bottom,469.0,"473,1,0,,"
470,470,Because heat goes up in a gas,470.0,"474,1,0,,"
471,471,"Hot air than the surrounding air has the property of moving upward, so it is better to install a heating device at the bottom of the classroom for air circulation.",471.0,"475,1,0,,"
472,472,"This is because warm air moves up because it is light and cold air moves down because it is heavy, so heating devices must be installed underneath to make the entire classroom warm quickly.",472.0,"476,1,0,,"
473,473,This is because hot gases have the property of going down.,473.0,"477,1,0,,"
474,474,"""",474.0,"478,0,1,,"
475,475,"Heat moves from bottom to top, so it is recommended that the heater (heating appliance) be installed on the bottom",475.0,"479,1,0,,"
476,476,I don't know.,476.0,"480,1,0,,"
477,477,I don't know.,477.0,"481,1,0,,"
478,478,I don't know,478.0,"482,1,0,,"
479,479,"Warm heat rises above, so it is effective to put it below",479.0,"483,0,0,,"
480,480,.,480.0,"484,0,0,,"
481,481,The hot air goes up,481.0,"485,1,0,,"
482,482,"Warm air goes up, so it's better to install a heating device at the bottom",482.0,"486,1,0,,"
483,483,The hot air goes up,483.0,"487,1,0,,"
484,484,The warm air goes up,484.0,"488,1,0,,"
485,485,"Warm air goes up because it circulates from bottom to top, and warm air circulates everywhere.",485.0,"489,1,0,,"
486,486,Because the warm air goes up,486.0,"490,0,1,,"
487,487,"The hot wind goes up because it is light. So if you install it underneath, the warm wind spreads overall.",487.0,"491,1,0,,"
488,488,"The heat goes up, so it should be installed underneath to warm up the whole classroom",488.0,"492,1,0,,"
489,489,"Since warm air has the property of going up, it is more efficient to install a heating device below.",489.0,"493,1,0,,"
490,490,"Since the heat goes up, it should be installed below to warm the entire classroom.",490.0,"494,1,0,,"
491,491,The hot air goes up,491.0,"495,1,0,,"
492,492,Because warm air goes up.,492.0,"496,1,0,,"
493,493,"Since heat moves from bottom to top, heat can spread widely only when heating devices are placed at the bottom of the classroom.",493.0,"497,1,0,,"
494,494,"Warm air moves up, so when installed at the bottom, the air goes up and the whole classroom gets warm",494.0,"498,0,1,,499,1,0,,"
495,495,The hot air goes up,495.0,"500,0,0,,"
496,496,"The hot wind is light, so it goes up and stays",496.0,"501,1,0,,"
497,497,"The good thing about installing a heating device at the bottom of the classroom is that the heat goes up from the bottom, so I think the heat will pass faster if installed at the bottom",497.0,"502,1,0,,"
498,498,The warm air goes up,498.0,"503,1,0,,"
499,499,Because warm air moves from bottom to top,499.0,"504,0,1,,"
500,500,"Warm gases go up, so air is spread all over the place only when it is installed at the bottom.",500.0,"505,1,1,,"
501,501,I said I don't know.,501.0,"506,1,0,,"
502,502,None.,502.0,"507,0,1,,"
503,503,convection,503.0,"508,0,1,,"
504,504,"""It is better to install hot air below because it goes up",504.0,"509,0,0,,"
505,505,"""",505.0,"510,1,0,,"
506,506,It is recommended that heating devices be installed below because the hot heat goes up.,506.0,"511,0,0,,"
507,507,The hot air goes up,507.0,"512,1,0,,"
508,508,Because warm air goes from bottom to top.,508.0,"513,1,0,,"
509,509,Cold air goes down because it is heavy and hot air goes up because it is relatively lighter than cold air,509.0,"514,1,0,,"
510,510,Because it's warm when the heat goes up from bottom to top,510.0,"515,0,1,,"
511,511,Because hot air goes up and cold air goes down,511.0,"516,1,0,,"
512,512,Because hot air goes up and cold air goes down,512.0,"517,1,0,,"
513,513,"""The heat shift goes up",513.0,"518,1,0,,"
514,514,"""",514.0,"519,1,0,,"
515,515,"Since hot air is subject to rising air, it must be installed below to spread evenly throughout the classroom.",515.0,"520,1,0,,"
516,516,It is because the cold air is going down,516.0,"521,1,0,,"
517,517,"Due to convection,",517.0,"522,1,0,,"
518,518,"When the temperature of the gas is high, molecular motion becomes active, and the density decreases, and the air rises.Therefore, heating devices should be installed at the bottom to make the entire classroom warm.",518.0,"523,0,1,,"
519,519,This is because warm air goes up and cold air goes down.,519.0,"524,1,0,,"
520,520,Yeah,520.0,"525,0,0,,"
521,521,Warm gases should be placed from bottom to top to bottom to circulate.,521.0,"526,0,0,,"
522,522,"This is because warm gases move from bottom to top, so it is efficient to put the heating device down.",522.0,"527,1,0,,"
523,523,Because the cold air is underneath and the hot air is up causing convection,523.0,"528,0,0,,"
524,524,"Cold air sinks because it is heavy and warm air goes up because it is light, so heat is installed at the bottom to warm it up from bottom to top",524.0,"529,0,0,,"
525,525,"Relatively hot heat increases in volume and decreases in density. Then, since the low-density hot air can rise up due to convection, and conversely, cold air can go down and circulate, installing a heating device at the bottom of the classroom is advantageous for heating the entire classroom.",525.0,"530,0,0,,"
526,526,This is because hot air goes up and cold air goes down.,526.0,"531,0,0,,"
527,527,"When the air is warmed by the heating device, the gas expands and the mass per unit area decreases, so the density decreases and goes up, so that the heating device must be installed at the bottom to circulate warm air smoothly.",527.0,"532,1,0,,"
528,528,"As the temperature of the gas increases, the density of the gas decreases, so the gas goes up.",528.0,"533,0,0,,"
529,529,"Therefore, it is recommended to install a heating device at the bottom of the classroom to make the entire classroom warm.""",529.0,"534,0,0,,"
530,530,It gets warmer,530.0,"535,1,0,,"
531,531,"Hot air goes up, hot air circulates when it comes out of the bottom",531.0,"536,0,0,,"
532,532,"Warm air is heavier than cold air, so it sinks below.",532.0,"537,0,0,,"
533,533,Because the hot air goes up,533.0,"538,0,0,,"
534,534,Warm air goes from bottom to top,534.0,"539,0,0,,"
535,535,"Hot air floats up, so it goes from bottom to top and gets warm",535.0,"540,1,0,,"
536,536,The warm air is light and goes up,536.0,"541,1,0,,"
537,537,Because warm heat goes up,537.0,"542,1,0,,"
538,538,This is because hot gases go up.,538.0,"543,1,0,,"
539,539,This is because warm gas goes up when it is installed at the bottom of the classroom.,539.0,"544,0,0,,"
540,540,"Because hot air goes up, it goes up when the air gets warm from below",540.0,"545,1,0,,"
541,541,This is because warm air goes up.,541.0,"546,1,0,,"
542,542,"Due to the convection of gases, warm air moves up and down, so the atmosphere in the classroom circulates only when the heating mechanism is underneath",542.0,"547,1,1,,"
543,543,The heat goes from bottom to top,543.0,"548,1,0,,"
544,544,Hot heat goes up because it's light,544.0,"549,0,1,,"
545,545,This is because high-temperature heat moves from low to high.,545.0,"550,1,0,,"
546,546,Lee Young-chul,546.0,"551,0,0,,"
547,547,Hehe I don't know,547.0,"552,0,0,,"
548,548,"Warm air goes up, so slowly warms up underneath",548.0,"553,0,0,,"
549,549,He he,549.0,"554,1,0,,"
550,550,The warm air is heavy,550.0,"555,1,0,,"
551,551,the d-hope,551.0,"556,1,0,,"
552,552,from bottom to top,552.0,"557,1,0,,"
553,553,Warm air goes up and cold air goes down,553.0,"558,1,0,,"
554,554,Heat travels from high to low latitudes.,554.0,"559,1,0,,"
555,555,1,555.0,"560,1,0,,"
556,556,"Warm air moves up and cold air moves down, so heating devices are recommended to be installed below",556.0,"561,0,0,,"
557,557,1,557.0,"562,1,0,,"
558,558,Hera because the warm air is heavy and the cold air goes up,558.0,"563,1,0,,"
559,559,ㅐ소ㅔㄱㅐㄴㄷ;ㅣ;솔레ㄱ,559.0,"564,1,0,,"
560,560,I don't know,560.0,"565,1,0,,"
561,561,Warm air goes up and cold air goes down,561.0,"566,1,0,,"
562,562,"High-temperature gases move up, so when installed below, the whole thing warms up",562.0,"567,1,0,,"
563,563,"High-temperature air has the property of going up, so it must be installed at the bottom to circulate air.",563.0,"568,1,0,,"
564,564,Warm air moves up,564.0,"569,0,0,,"
565,565,I don't know,565.0,"570,1,0,,"
566,566,Because the air warms up and the cold goes down,566.0,"571,1,0,,"
567,567,Hot air goes up,567.0,"572,1,0,,"
568,568,"Since the relatively low-density hot air moves upward due to convection, it must be installed at the bottom to heat the entire classroom.",568.0,"573,0,0,,"
569,569,This is because it is more efficient to circulate by installing a heating device below because warm gas goes up and cold gas goes down.,569.0,"574,0,0,,"
570,570,"Since hot air with low density rises above and relatively cold air descends below due to high density, heating devices that provide warm air should be installed at the bottom of the classroom for heating effect.",570.0,"575,0,0,,"
571,571,"The cold heat sinks below, while the hot heat has the property of moving heat up.Therefore, you have to install a heating device below so that the hot air rises up and the cold air above comes down, causing convection and making the classroom warm.",571.0,"576,0,0,,"
572,572,I don't know,572.0,"577,1,0,,"
573,573,That's how the heat gets through the floor,573.0,"578,1,0,,"
574,574,"This is because if you install it on the floor, the floor gets warm and the classroom gets warm",574.0,"579,1,0,,"
575,575,"Since warm air goes up, heating devices must be installed at the bottom to warm the entire classroom quickly.",575.0,"580,1,0,,"
576,576,"Since hot air goes up and cold air flows down, it is recommended to install the heating device down to get it up as low as possible.",576.0,"581,1,0,,"
577,577,The heat shift goes from bottom to top,577.0,"582,1,0,,"
578,578,This is because the heat rises from bottom to top.,578.0,"583,1,0,,"
579,579,Because the hot heat goes up and the cold heat goes down,579.0,"584,0,1,,"
580,580,The warm air goes up,580.0,"585,1,0,,"
581,581,The heat goes up,581.0,"586,1,0,,"
582,582,The bottom part is warmer,582.0,"587,0,0,,"
583,583,The warm gas goes up,583.0,"588,1,0,,"
584,584,"Because the warm gas goes up,",584.0,"589,0,0,,"
585,585,The heat goes from bottom to top,585.0,"590,1,0,,"
586,586,"Hot barges move up from hot to cold, so they have to be placed behind",586.0,"591,0,0,,"
587,587,Because hot heat goes up,587.0,"592,1,0,,"
588,588,Warm air goes up and cold air goes down,588.0,"593,1,0,,"
589,589,"When installed at the bottom of the classroom, the hot air rises and cools down, so that the vacuum can be re-energized and the classroom can be warmed.",589.0,"594,0,0,,"
590,590,"If you install a heating device on the wall, for example, if you divide the classroom by three-thirds, only two-thirds of the heat comes out, but if you install it at the bottom of the classroom, all the heat comes in the classroom.",590.0,"595,1,0,,"
591,591,This is because heat spreads gradually due to the gas.,591.0,"596,1,0,,"
592,592,"Since the heat rises from the bottom to the top, the bottom may be warmer than the wall.",592.0,"597,1,0,,"
593,593,The heat goes up,593.0,"598,1,0,,599,1,0,,"
594,594,I'm turning it off,594.0,"600,1,0,,"
595,595,The heat goes up from top to bottom,595.0,"601,1,0,,"
596,596,I don't know.,596.0,"602,1,0,,"
597,597,"""The heat goes from top to bottom",597.0,"603,1,0,,"
598,598,"""",598.0,"604,1,0,,"
599,599,The hot air goes up,599.0,"605,1,0,,"
600,600,Warm air moves up,600.0,"606,1,0,,"
601,601,"Warm air goes up, and cold air goes down",601.0,"607,1,0,,"
602,602,"Hot air goes up. If you install a heater on top, hot air doesn't come in",602.0,"608,1,0,,"
603,603,Warm air moves from bottom to top,603.0,"609,1,0,,"
604,604,Because the warm air goes up,604.0,"610,1,0,,"
605,605,"This is because hot air moves upward, so it must be installed at the bottom to move hot air upward.",605.0,"611,1,0,,"
606,606,Warm gases are lighter than cold gases,606.0,"612,1,0,,"
607,607,Warm gases go up and cold gases go down,607.0,"613,0,0,,"
608,608,Because cold air moves down and warm air moves up,608.0,"614,1,0,,"
609,609,The cold air is up and the warm air is down Because it gets colder and goes up,609.0,"615,0,1,,"
610,610,Heat moves from bottom to top,610.0,"616,1,0,,"
611,611,Because the warm air goes down,611.0,"617,1,0,,"
612,612,"Because the hot heat goes up So if you install it underneath, the whole place can be warm from bottom to top",612.0,"618,1,0,,"
613,613,"This is because the volume of the ground is larger than the volume of the wall, so the volume capable of generating heat is larger, so heat is easily generated.",613.0,"619,1,0,,"
614,614,"Because warm air tends to face up, it must be installed below to warm the cold air below, warming the classroom.",614.0,"620,1,0,,"
615,615,Heat moves from bottom to top,615.0,"621,0,0,,"
616,616,"If you install it on the bottom, it can spread out and convey warmth",616.0,"622,1,0,,"
617,617,This is because hot heat rises from bottom to top.,617.0,"623,1,0,,"
618,618,It's because of convection,618.0,"624,1,0,,"
619,619,It's because the hot wind goes up,619.0,"625,1,0,,"
620,620,Warm air goes up,620.0,"626,0,0,,"
621,621,Because the warm air goes from bottom to top,621.0,"627,0,0,,"
622,622,The heat energy that's around me goes up,622.0,"628,1,0,,"
623,623,Warm air goes up,623.0,"629,1,0,,"
624,624,"Hot gases have a habit of going up, so they are installed at the bottom.",624.0,"630,1,0,,"
625,625,Hot gases are installed at the bottom because they have the property of going from bottom to top.,625.0,"631,1,0,,"
626,626,Hot gases are installed at the bottom because they have the property of going from bottom to top.,626.0,"632,1,0,,"
627,627,Hot gases are installed downward because they go from bottom to top,627.0,"633,1,0,,"
628,628,Hot air goes up,628.0,"634,0,0,,"
629,629,Because hot air goes up,629.0,"635,1,0,,"
630,630,Because the hot air goes up,630.0,"636,1,0,,"
631,631,"Hot gases have the property of going from bottom to top, so they should be installed downward.",631.0,"637,1,0,,"
632,632,The hot air is unstable up and tries to move up and the cold air is stable and moves down,632.0,"638,1,0,,"
633,633,Hot air is convection from bottom to top,633.0,"639,1,0,,"
634,634,Because the heat goes up.,634.0,"640,1,0,,"
635,635,It's too dangerous,635.0,"641,0,0,,"
636,636,heat circulation,636.0,"642,0,0,,"
637,637,The hot air expands and the pressure decreases and goes up,637.0,"643,1,0,,"
638,638,This is because hot air goes up and cold air goes down.,638.0,"644,0,0,,"
639,639,"Because hot air goes up and cold air goes down, hot air can be circulated evenly by forming hot air at the bottom.",639.0,"645,1,0,,"
640,640,"This is due to convection. Hot air has a property of going up, and to use it, it is recommended that the heater be installed below and the cooler be installed above.",640.0,"646,1,0,,"
641,641,The hot air went up It's because it comes down easily,641.0,"647,0,0,,"
642,642,"Since hot air rises upward, it is recommended to install it below because convection is easy to occur.",642.0,"648,1,0,,"
643,643,Because I feel good when my feet are warm.,643.0,"649,0,1,,"
644,644,This is because warm air rises upward.,644.0,"650,1,0,,"
645,645,"In the circulation of heat, cold air goes down and warm air goes up, so the cooling is installed up and down in order for heat diffusion to occur efficiently.",645.0,"651,1,0,,"
646,646,Because the heat moves up,646.0,"652,1,0,,"
647,647,This is because the relatively hot gas moves upward.,647.0,"653,0,0,,"
648,648,But why are all schools equipped with heating devices?(Reverse question),648.0,"654,1,0,,"
649,649,I don't know,649.0,"655,1,0,,"
650,650,Because the warm air rises.,650.0,"656,1,0,,"
651,651,It is recommended that the hot air be installed below because it is facing up.,651.0,"657,0,0,,"
652,652,This is because the hot air goes up.,652.0,"658,0,0,,"
653,653,Warm air goes up and cold air goes down so that circulation takes place.,653.0,"659,0,0,,"
654,654,This is because hot heat rises upward due to convection.,654.0,"660,1,0,,"
655,655,High temperature moves up and low temperature moves to 로,655.0,"661,0,0,,"
656,656,I don't know.,656.0,"662,1,0,,"
657,657,This is because cold air goes down and warm air goes up.,657.0,"663,1,0,,"
658,658,"Warm heat has the property of rising, so when installed below, the entire classroom can be warmed.",658.0,"664,1,0,,"
659,659,Heat goes from bottom to top,659.0,"665,1,0,,"
660,660,This is because warm air moves from bottom to top.,660.0,"666,1,0,,"
661,661,"Warm air has the property of going up. Therefore, it is good to install the heating device at the bottom because it can warm the entire air.",661.0,"667,1,0,,"
662,662,"By convection, the hot fluid moves up and the cold fluid moves down. Therefore, heat circulation occurs by installing a heating device at the bottom of the classroom, warming the entire classroom.",662.0,"668,1,0,,"
663,663,Warm energy comes up from your feet to your body,663.0,"669,1,0,,"
664,664,"It's because if you do it on the floor, the half-body gets warm",664.0,"670,0,1,,"
665,665,It's because the hot heat goes up,665.0,"671,1,0,,"
666,666,I can stay warm,666.0,"672,1,1,,"
667,667,"Originally, warm air has the properties of going up, and cold air is underneath",667.0,"673,1,0,,"
668,668,"Since hot air goes up, heating devices must be installed below to fill the space with warm air.",668.0,"674,1,0,,"
669,669,It is better to install it at the bottom because the hot air goes down and down,669.0,"675,0,1,,"
670,670,Hot air goes up and cold air goes down,670.0,"676,1,0,,"
671,671,"Warm air in the air is light and goes up and cold air goes down because it is heavy, so if you put it underneath, the air below becomes cold, so it goes up and down again over time, and the room gets warmer faster.",671.0,"677,1,1,,"
672,672,"Because the warm air goes up,",672.0,"678,1,0,,"
673,673,"If the cold air is on the classroom, installing a heating device under the classroom will keep the hot air going up and the cold air going down repeatedly, making the half warm.",673.0,"679,1,0,,"
674,674,"""",674.0,"680,1,1,,"
675,675,The heat goes up,675.0,"681,1,0,,"
676,676,"When you think about boiling water, the floor gets hot. This is because if the air conditioner is attached to the ceiling, the ceiling becomes the floor, so the heat can come down and burn.",676.0,"682,1,0,,"
677,677,It's because the air goes up,677.0,"683,1,0,,"
678,678,Because warm air goes up from bottom to top,678.0,"684,1,1,,"
679,679,"Because cold air goes down and warm or hot air goes up, the whole thing gets warm because it can warm up the cold air below.",679.0,"685,0,1,,"
680,680,Because warm air gets warmer if you turn it from bottom to top,680.0,"686,0,0,,"
681,681,The cold air goes up and the warm air goes down,681.0,"687,0,0,,"
682,682,Mall,682.0,"688,1,0,,"
683,683,It's because the hot air goes up,683.0,"689,1,0,,"
684,684,"""When there's warm wind from above, it gets warm quickly because it's only from above.""",684.0,"690,1,0,,"
685,685,"This is because when warm wind comes out, it gets warm quickly.""",685.0,"691,1,0,,"
686,686,"The heat goes up from bottom to bottom, so it's better to install the heating system underneath",686.0,"692,1,0,,"
687,687,"Since the heat goes up from bottom to bottom, it would be better to avoid the heating system at the bottom of the room.",687.0,"693,1,0,,"
688,688,It uses the properties of hot air rising up The air conditioner also uses the properties of cold air going down,688.0,"694,0,0,,"
689,689,Because the heat moves up,689.0,"695,0,0,,"
690,690,Because warm air rises,690.0,"696,1,0,,"
691,691,This is because hot air has the property of going upward rather than relatively cold air.,691.0,"697,1,0,,"
692,692,"This is because warm air has the property of floating up, making heat start from the floor and circulate throughout the classroom.",692.0,"698,1,0,,699,1,0,,"
693,693,"Hot air goes up through convection and cold air goes down, so it is recommended that heating devices be installed below.",693.0,"700,0,0,,"
694,694,"This is because warm air has a lower density than cold air, so it is efficient to install a heating device at the bottom to evenly transfer heat to the entire space.",694.0,"701,1,0,,"
695,695,"This is because the cold wind goes down and the warm wind goes up according to convection in the gas, so if you install the heating device underneath, you can eventually heat both up and down.",695.0,"702,1,0,,"
696,696,"Since hot air is light and has the property of going up, it needs to be installed below to circulate air well and warm the whole.",696.0,"703,1,0,,"
697,697,This is because heating equipment is installed below to raise the warm air from it and raise the temperature of the entire classroom.,697.0,"704,1,0,,"
698,698,"By convection, hot air goes up and cold air goes down. However, if heating equipment is installed on the wall of the classroom, the hot air stays only at the top, so the entire classroom cannot be warmed. However, when installed at the bottom of the classroom, it moves from the bottom to the top, making the entire classroom warm.",698.0,"705,1,0,,"
699,699,"This is because when it gets hot, the density of air decreases and moves upward, resulting in convection.",699.0,"706,1,0,,"
700,700,Because the convection phenomenon causes hot air to rise and cold air to descend on its own.,700.0,"707,1,0,,"
701,701,"Since the density of hot air is smaller, convection occurs in which hot air moves upward and cold air moves downward. Therefore, since the hot heat from the heating device moves upward, it must be installed below in order to circulate it throughout the classroom.",701.0,"708,1,0,,"
702,702,"Gas containing a lot of heat energy in a gas has a property of going up compared to a gas with a lower temperature. This is because substances with high temperatures in liquid and gas convection have the property of going up, so placing them down can relatively effectively transfer heat convection.",702.0,"709,1,1,,"
703,703,The gas warmed by the heat source rises upward. Heating equipment should be installed at the bottom of the classroom so that the warm air rises upward and the cold gas descends and warms the entire classroom.,703.0,"710,1,0,,"
704,704,"Hot air is lighter because the density between molecules is lower than cold air. Thus, hot air rises above cold air, which is a convection phenomenon If the heating system is installed on top, warm air from the heating system cannot go down and heat energy cannot be delivered to the bottom of the classroom, but if the heating system is installed on the bottom of the classroom, warm air goes up through the bottom and supplies heat to the entire classroom.",704.0,"711,1,0,,"
705,705,"Since warm air moves from bottom to top, the air must be warmed from the air below so that it can spread throughout the classroom and warm the entire classroom.",705.0,"712,1,0,,"
706,706,"Since the hot heat rises upward, the heating device is installed below to cause convection so that the entire classroom is heated.",706.0,"713,1,0,,"
707,707,"Cold air has the property of coming down and warm air has the property of going up. Therefore, when the heating device is installed at the bottom, the warm air heated from the bottom rises upward, and when the relatively cold upper air descends downward, it is heated again and goes up, which can efficiently heat efficiently.",707.0,"714,1,0,,"
708,708,"Due to convection, warm air with low density rises upward. Therefore, when the heating device is raised below, warm air and cold air are naturally mixed by convection.",708.0,"715,1,0,,"
709,709,"Warm gases move up because they are light, and cold gases move down because they are heavy. Because of this nature, it is recommended that the heating be installed below to keep the entire classroom warm.",709.0,"716,0,0,,"
710,710,?,710.0,"717,0,0,,"
711,711,Well.,711.0,"718,0,0,,"
712,712,The warm temperature goes up,712.0,"719,0,0,,"
713,713,The warm air goes up,713.0,"720,0,0,,"
714,714,Warm air moves from bottom to top,714.0,"721,0,0,,"
715,715,It's warm and the air goes up,715.0,"722,0,0,,"
716,716,The warm air goes up,716.0,"723,0,0,,"
717,717,Hot air goes up and down the cold air,717.0,"724,0,0,,"
718,718,The warm air is underneath,718.0,"725,0,0,,"
719,719,yes,719.0,"726,0,0,,"
720,720,It goes up when the air gets hot,720.0,"727,1,0,,"
721,721,"Since the air warmed by the heating device rises, it must be installed below to circulate air.",721.0,"728,0,0,,"
722,722,Warm air has a rising property.,722.0,"729,0,0,,"
723,723,It's hot. It goes up,723.0,"730,0,0,,"
724,724,.,724.0,"731,0,0,,"
725,725,heat transfer,725.0,"732,0,0,,"
726,726,This is because air with high temperature has the property of rising up.,726.0,"733,0,0,,"
727,727,Because warm air goes up and the air circulates.,727.0,"734,0,0,,"
728,728,The heat rises from the bottom and warms the whole.,728.0,"735,1,0,,"
729,729,This is because warm air goes up.,729.0,"736,0,0,,"
730,730,It's because hot gases go up,730.0,"737,0,0,,"
731,731,"The hot air goes up. If you set it up, it'll just float up",731.0,"738,1,0,,"
732,732,by applying convection phenomena,732.0,"739,0,0,,"
733,733,"Since hot air rises upward due to its low density, convection of air occurs when the heating device is underneath.",733.0,"740,0,0,,"
734,734,"Cold air descends and hot air rises, so it is better to install it below to increase the temperature of the classroom efficiently.",734.0,"741,0,0,,"
735,735,The warm air goes up,735.0,"742,1,0,,"
736,736,"Since heat goes from bottom to top and is transferred from top to bottom again by convection, in conclusion, the entire classroom is warmed.",736.0,"743,1,0,,"
737,737,This is because hot air circulates upward and cold air downward due to the convection of gas.,737.0,"744,1,0,,"
738,738,"As the air is warm by the cystic apparatus, the ball can go up and heat the air quickly.",738.0,"745,1,0,,"
739,739,"As the warm air goes up, the cold air and convection occur, and the whole classroom gets warm",739.0,"746,1,0,,"
740,740,M and D,740.0,"747,1,0,,"
741,741,ㄿㅇㄿ,741.0,"748,1,0,,"
742,742,Mall,742.0,"749,1,0,,"
743,743,I don't understand.,743.0,"750,1,0,,"
744,744,I don't understand.,744.0,"751,1,0,,"
745,745,I don't know.,745.0,"752,1,0,,"
746,746,I don't know,746.0,"753,1,0,,"
747,747,M and D,747.0,"754,1,0,,"
748,748,I don't understand.,748.0,"755,1,0,,"
749,749,I don't understand.,749.0,"756,1,0,,"
750,750,I don't understand.,750.0,"757,1,0,,"
751,751,Hot air goes up,751.0,"758,1,0,,"
752,752,M and D,752.0,"759,0,0,,"
753,753,I don't know.,753.0,"760,1,0,,"
754,754,I don't know,754.0,"761,1,0,,"
755,755,I don't understand.,755.0,"762,0,1,,"
756,756,M and D,756.0,"763,1,0,,"
757,757,M and D,757.0,"764,0,0,,"
758,758,I don't know,758.0,"765,0,1,,"
759,759,The hot air went up,759.0,"766,0,1,,"
760,760,.,760.0,"767,0,1,,"
761,761,I don't understand.,761.0,"768,0,1,,"
762,762,Heat goes up,762.0,"769,1,0,,"
763,763,M and D,763.0,"770,1,0,,"
764,764,I don't know.,764.0,"771,1,0,,"
765,765,.,765.0,"772,1,0,,"
766,766,Hot air goes up,766.0,"773,0,0,,"
767,767,The hot air goes up,767.0,"774,1,0,,"
768,768,"""Because the cold air goes up under the warm high air",768.0,"775,1,0,,"
769,769,"""",769.0,"776,1,0,,"
770,770,Because cold air goes down and warm air goes up,770.0,"777,1,0,,"
771,771,Because cold air goes down and warm air goes up,771.0,"778,0,0,,"
772,772,This is because hot air has a strong property to go up.,772.0,"779,1,0,,"
773,773,"""The hot air goes up,",773.0,"780,0,0,,"
774,774,Because the cold air goes down,774.0,"781,1,0,,"
775,775,"If you put it down, air circulates well.""",775.0,"782,1,0,,"
776,776,"Hot air goes up and cold air goes down, so I think it's better to install a heating device at the bottom",776.0,"783,1,0,,"
777,777,"Hot air tends to go up and cold air tends to go down Therefore, it is recommended to install the heating system at the bottom and the air conditioning system at the ceiling in a high place",777.0,"784,1,0,,"
778,778,The hot air goes up,778.0,"785,1,0,,"
779,779,This is because cold air goes down and warm air goes up.,779.0,"786,0,0,,"
780,780,"Since warm gases have the property of going up, they must be installed at the bottom to circulate air.",780.0,"787,1,0,,"
781,781,"Hot heat has a property of rising up, so it is installed underneath so that air circulates well.",781.0,"788,0,0,,"
782,782,"At high temperatures, the gas goes up, so when installed on top, the bottom may not be warm",782.0,"789,0,1,,"
783,783,"Hot air has the property of moving from bottom to top, so installing a heating device at the bottom can warm up relatively faster than when installed in the heat",783.0,"790,0,0,,"
784,784,"Hot heat goes up, so it's better to install it at the bottom",784.0,"791,0,0,,"
785,785,"Because the warm air goes up,",785.0,"792,0,0,,"
786,786,"If you install it at the bottom of the classroom, the heat movement becomes more active because if you install it at the bottom, the heat particles collide with the wall a lot, so it warms the temperature in the classroom faster",786.0,"793,0,0,,"
787,787,Because the heat goes up,787.0,"794,0,0,,"
788,788,Because warm air goes up,788.0,"795,0,0,,"
789,789,Warm air is light and needs to be installed below,789.0,"796,1,0,,"
790,790,Because the warm air goes up.,790.0,"797,1,0,,"
791,791,1. Fire prevention activities and fire preparation training should be conducted at all times because it is difficult to recognize fire in advance because it does not occur in a specific period of time.,791.0,"798,1,0,,799,1,0,,"
792,792,,792.0,"800,0,1,,"
793,793,Attached Image,793.0,"801,1,0,,"
794,794,,794.0,"802,1,0,,"
795,795,2. The school manager shall establish an evacuation plan due to a fire,795.0,"803,1,0,,"
796,796,The self-defense fire brigade in the school should be organized to conduct fire drills.,796.0,"804,1,0,,"
797,797,"3. Basic fire prevention checklist (turn off the lights, turn off the fans,",797.0,"805,1,0,,"
798,798,"Check the body by attaching computer and TV power drawers, etc",798.0,"806,1,0,,"
799,799,It has to be done.,799.0,"807,1,0,,"
800,800,,800.0,"808,1,0,,"
801,801,"4. Fire extinguishers shall be kept at least one in the classroom and at least one in the hallway every 20m, and the supplement condition shall be kept every six months",801.0,"809,1,0,,"
802,802,It should be checked.,802.0,"810,1,0,,"
803,803,,803.0,"811,1,0,,"
804,804,"5. After school or during vacation, you must unplug the power cord of the teacher's computer, monitor, and projection TV.",804.0,"812,1,0,,"
805,805,,805.0,"813,0,0,,"
806,806,6. Do not plug multiple electrical appliances into one outlet in the classroom or laboratory,806.0,"814,1,0,,"
807,807,You must use a multi-tap outlet.,807.0,"815,1,0,,"
808,808,,808.0,"816,1,0,,"
809,809,"7. If you are not using a cooling or heating device, you must unplug the power cord.",809.0,"817,1,1,,"
810,810,,810.0,"818,0,0,,"
811,811,8. Classroom trash must be collected and the trash can must be emptied.,811.0,"819,0,1,,"
812,812,,812.0,"820,1,0,,"
813,813,"9. After school or during the vacation, you have to pull out the computer, photocopier, coffee pot, etc. power cord of the teacher's office",813.0,"821,1,0,,"
814,814,,814.0,"822,1,0,,"
815,815,10. Personal heating devices should not be used in the teacher's room.,815.0,"823,1,0,,"
816,816,,816.0,"824,1,0,,"
817,817,"11. Locate the fire hydrant and check the condition of the hose and nozzle. During vacation, check the fire receiver",817.0,"825,1,0,,"
818,818,"I have to work on duty. """,818.0,"826,1,0,,"
819,819,"Since the warm air is light, the heater should be installed below to warm the entire classroom.",819.0,"827,0,0,,"
820,820,"Since the warm air is light, the heater should be installed below to warm the entire classroom.",820.0,"828,1,0,,"
821,821,Warm air is light,821.0,"829,0,0,,"
822,822,Hot air rises because of its low density,822.0,"830,0,0,,"
823,823,Hot air goes up,823.0,"831,1,0,,"
824,824,Warm air goes up,824.0,"832,1,0,,"
825,825,Warm air goes up from the bottom,825.0,"833,1,0,,"
826,826,"In order for the classroom to be warmed as a whole by the convection phenomenon in which the hot thing rises, it must be installed below.",826.0,"834,0,0,,"
827,827,Warming up,827.0,"835,1,0,,"
828,828,It's warm because it comes up from the bottom,828.0,"836,1,0,,"
829,829,The hot air goes up,829.0,"837,0,0,,"
830,830,Because the warm air goes up.,830.0,"838,1,0,,"
831,831,"Since heat goes from bottom to top, heat is evenly transferred if it goes below.",831.0,"839,1,0,,"
832,832,be warm with fire,832.0,"840,1,0,,"
833,833,The warm air goes up,833.0,"841,1,0,,"
834,834,It's hard for the heat to go down and come up,834.0,"842,1,0,,"
835,835,Warm or hot air goes up,835.0,"843,1,0,,"
836,836,Because heat moves from bottom to top.,836.0,"844,1,0,,"
837,837,"If the heat is below, it goes up and warms the air, but if the heat is above, it's hard to go down, so it's more efficient to put it down.",837.0,"845,1,0,,"
838,838,"Warm air goes up from bottom to top, so air can circulate.",838.0,"846,1,1,,"
839,839,"Hot air rises up because of convection. For this reason, it is efficient to install it below.",839.0,"847,1,0,,"
840,840,kinetic energy,840.0,"848,0,1,,"
841,841,"Because warm air goes up, it warms the cold air below and goes up",841.0,"849,1,0,,"
842,842,I don't know.,842.0,"850,1,0,,"
843,843,"Warm air is lighter than cold air, so it goes up from and up",843.0,"851,1,0,,"
844,844,"Because we're down there, but we're not up there.",844.0,"852,0,0,,"
845,845,There's cold air down there,845.0,"853,0,1,,"
846,846,Because gases circulate as cold air goes up and warm air goes down,846.0,"854,1,0,,"
847,847,There's a fever coming out from the bottom because it's getting warmer and warmer in the classroom.,847.0,"855,1,0,,"
848,848,Because it's warm,848.0,"856,1,1,,"
849,849,I don't know.,849.0,"857,0,0,,"
850,850,This is because hot things go up because of convection.,850.0,"858,1,0,,"
851,851,The gas has an upward tendency So you have to install it on the bottom so that it can go up and make the classroom warmer,851.0,"859,1,0,,"
852,852,This is because warm air goes up and cold air goes down.,852.0,"860,0,1,,"
853,853,This is because warm air rises when convection occurs.,853.0,"861,1,0,,"
854,854,Because the density is small,854.0,"862,1,0,,"
855,855,Because the gas is convective and heat travels,855.0,"863,1,0,,"
856,856,This is because warm air moves upward and cold air moves downward due to convection.,856.0,"864,0,0,,"
857,857,"Since hot air goes up due to convection, heating devices must be installed below to warm the entire classroom.",857.0,"865,1,0,,"
858,858,"Hot gases rise from bottom to top, so it is recommended to install heating devices underneath.",858.0,"866,1,0,,"
859,859,Hot air moves up and cold air moves down by convection.,859.0,"867,1,0,,"
860,860,Warm gases rise up.,860.0,"868,1,0,,"
861,861,The hot air goes up,861.0,"869,1,0,,"
862,862,"Due to convection,",862.0,"870,1,0,,"
863,863,convection,863.0,"871,1,0,,"
864,864,Because warm meat goes up in the convection of air,864.0,"872,1,0,,"
865,865,Warm ones tend to go up and cold ones tend to go down and should be installed at the bottom.,865.0,"873,1,0,,"
866,866,Go up,866.0,"874,1,0,,"
867,867,Warm air goes down and cold air goes up,867.0,"875,1,0,,"
868,868,The heat goes up,868.0,"876,1,0,,"
869,869,It is because warm gases have the properties to go up,869.0,"877,1,1,,"
870,870,Warm air is due to its tendency to go up,870.0,"878,1,1,,"
871,871,"The movement of heat in a gas is called convection, and hot air rises up because it is light and cold air sinks down because it is heavy. By installing a heating device underneath, convection of air may be smoothly performed.",871.0,"879,1,1,,"
872,872,I don't know.,872.0,"880,1,0,,"
873,873,"Warm air is light, so you have to put a heating device underneath to circulate the air.",873.0,"881,1,0,,"
874,874,Warm air circulates well in the classroom because it goes up.,874.0,"882,1,0,,"
875,875,Warm air goes up,875.0,"883,0,1,,"
876,876,"Because warm air is above, you should make the cold air below warm",876.0,"884,1,0,,"
877,877,Warm air goes up,877.0,"885,1,0,,"
878,878,"Since the hot air current faces up, install it underneath",878.0,"886,1,0,,"
879,879,Go up from the bottom,879.0,"887,1,1,,"
880,880,Hot air floats up,880.0,"888,1,0,,"
881,881,..,881.0,"889,1,1,,"
882,882,"The warm ones go up and the cold ones go down, so it's efficient if you install it on the bottom!",882.0,"890,0,1,,"
883,883,The heat moves clockwise,883.0,"891,1,1,,"
884,884,This is because it is cold when you put the heating device on top.,884.0,"892,1,0,,"
885,885,This is because the air gradually rises up by installing a heating device at the bottom.,885.0,"893,1,0,,"
886,886,"Gas goes up and turns, so air is best transferred.",886.0,"894,1,1,,"
887,887,The warm air goes up,887.0,"895,0,1,,"
888,888,It's better to set it up,888.0,"896,1,0,,"
889,889,"Hot air goes up, so it's good to install it at the bottom.",889.0,"897,1,0,,"
890,890,The warm air is rising,890.0,"898,1,0,,899,1,0,,"
891,891,It's moving well,891.0,"900,1,0,,"
892,892,"High heat goes up, so the heat from the bottom goes up and circulates evenly",892.0,"901,,,,"
893,893,Because hot air goes up,893.0,"902,,,,"
894,894,A warm gas moves up.,894.0,"903,70.8%,9.1%,,"
895,895,Because it goes from bottom to top (column).,,
896,896,The heat stays above and the cold stays below,,
897,897,Because heat has the property of moving from bottom to top,,
898,898,It comes up from the bottom of your waist,,
899,899,"Cold air is warm from the bottom, and warm air is heated by installing a heating device at the bottom to circulate the air.",,
900,900,This is because hot air goes up. Difference in density.,,
901,901,Because the hot air goes up,,
902,902,"Warm air is light and goes up, so it gets warmer relatively quickly at the bottom.",,
903,903,"Cold air goes down and hot air goes down, so if you put a heating device on top, only the upper air is warm. So below...",,
904,904,"This is because the cold air sinks down, so the air below must be heated to warm up and circulate.",,
905,905,"Warm air goes up, so I'll put it underneath",,
906,906,The heat went down,,
907,907,"Warm air is light, so keep it down",,
908,908,Because the hot air rises up,,
909,909,Warm air goes up,,
910,910,"As the temperature of the gas increases, the volume expands and rises, so there will be a cold gas at the bottom, which can heat the cold gas to rise and cause the relatively cooler gas to descend and be heated by the heating system",,
911,911,d,,
912,912,be due to convection,,
913,913,Warm air goes up,,
914,914,"This is because the higher the temperature, the lighter the gas rises.",,
915,915,"Hot air goes up, so it needs to be installed below to spread evenly.",,
916,916,"Since hot air has the property of going up, when installed at the bottom, hot air rises from top to bottom, making the entire classroom warm.",,
917,917,"The heat is from the bottom to the top, so it should be installed below to warm the entire classroom.",,
918,918,It's perfect!,,
919,919,It is better to avoid the bottom because of the convection phenomenon in which hot air goes down.,,
920,920,"Since hot air moves up, heating devices should be installed underneath to facilitate air circulation.",,
921,921,This is because warm air goes up.,,
922,922,"Since hot gases have the property of going up, it is recommended to install heating equipment at the bottom.",,
923,923,"Due to the convection of air, hot air goes up and cold air goes down, so when you go down to the bottom of the classroom, the cold air gets hot and the classroom gets warm.",,
924,924,"Hot air goes up, so it is right to install a heating device at the bottom.",,
925,925,This is because hot air has the property of going up.,,
926,926,Hot gases go up,,
927,927,"The relatively hot gas goes up, and the relatively cold gas goes down. So when the heating system is installed at the top, the heated air only hovers above, leaving the bottom cold.",,
928,928,Because the hot air goes up.,,
929,929,Hot air is installed below because it moves from bottom to top.,,
930,930,"Since warm air has a property of going from bottom to top, when a heating device is installed at the bottom, warm air goes up. When that happens, the lower part is empty, and the cold air above it is pushed into the warm air and filled it. When the heating device heats the bottom again, the convection of the above air is repeated and quickly becomes warm.",,
931,931,"Heat is transferred through conduction, convection, and radiation. The above situation is caused by convection, where low-density, warm air goes up, and dense, cold air goes down. Therefore, if you put the heating device underneath, warm air rises from bottom to top and is evenly dispersed, so it is better to put the heating device underneath.",,
932,932,"Cold air stays below and warm air goes up. Therefore, if the air under the cold is heated, the air expands and rises, so the overall heat circulation is possible.",,
933,933,"Cold air stays below and warm air goes up. Therefore, if the air under the cold is heated, the air expands and rises, so the overall heat circulation is possible.",,
934,934,"Warm air has the property of going up. The movement of heat in the gas rises when warm air comes out of the bottom, and cold air comes down, causing convection and warming the entire classroom.",,
935,935,"Heat in the gas is characterized by warm gases rising and cold gases falling, so heating the air under the classroom can warm the upper air.",,
936,936,Warm air tends to go up,,
937,937,"Warm air rises because it is light and cold air sinks down because it is heavy, so it is recommended to install heating devices under the classroom to circulate warm air as a whole.",,
938,938,"Warm air is about to go up and cold air is about to go down, so it is recommended to install a heating device down for smooth convection.",,
939,939,"Warm air has the property of going up, so you have to put a heater underneath to warm the whole classroom",,
940,940,"High-temperature gases move up and cold gases move down, so it is recommended to install heating devices at the bottom to warm the entire classroom.",,
941,941,"This is because in the case of a gas, it becomes lighter when the temperature increases, so it rises upward. Therefore, when a heating device is installed at the bottom of the classroom, the entire classroom can be warmed due to the convection of warm air.",,
942,942,"Warm air goes up, so it is installed below for convection circulation",,
943,943,"As the gas warms, the stereoscopic motion becomes active, increasing in volume, and becoming lighter, so the air rises up and the relatively cold air becomes heavy and moves down in convection. Therefore, the heating device should be installed at the bottom so that the air heated by the heating device can be convective and warm the entire classroom.",,
944,944,"This is because the cold air is heavy, so if you turn it from the top, it stays at the top.",,
945,945,Convection where heated air expands and density decreases and cold air is pushed down,,
946,946,Warm air goes up and cold air goes down,,
947,947,"The gas moves from high temperature to low temperature. If a stove is placed in the middle of the classroom, warm air can be delivered to the entire classroom most efficiently because it spreads in all directions.",,
948,948,"Gas has the property that warm air goes up and cold air goes down because the density of cold air is greater than that of warm air. Therefore, it is better to install a heater at the bottom because warm air goes up.",,
949,949,"The lower density of the gas rises because it is lighter. High-temperature materials have higher kinetic energy and higher-temperature gases also have higher kinetic energy, making them less dense for particles to move around more. Therefore, if you put a heat source at the bottom, it is even better because gas rises from the bottom and you can feel the warmth.",,
950,950,"Hot air is located above cold air. When a heating device is installed at the bottom, the hot air at the bottom goes up, and the cold air at the top goes down again. If this is repeated, the temperature of the air throughout the classroom will rise.",,
951,951,"Hot gases have a habit of moving upward as the movement of gas particles becomes active. Therefore, installing a heating device at the bottom of the classroom is more efficient than installing it above.",,
952,952,"Gas circulates from warm to cold air, so it is recommended to install it at the bottom.",,
953,953,"""Convection""",,
954,954,The warm air goes up,,
955,955,"Warm air has the property of trying to go up, so if you put air on the bottom and let it go up on its own, the entire classroom will be warmed.",,
956,956,Evaluation Only. Created with Aspose.Cells for Python via Java.Copyright 2003 - 2022 Aspose Pty Ltd.,,
