,Unnamed: 0,24. 'Korea' was created when the word 'Goryeo' was spread abroad by Arabian merchants. Let's explain the economy of the Goryeo Dynasty that can be seen through this fact. ,Unnamed: 0,", q24_trade, q24_commercial development, q24_political power, q24_trade.1, q24_commercial development.1,q24_Political power.1"
0,0,Red Velvet,0.0,"0,0,0, Goryeo became active in trade, and commerce and handicrafts of Goryeo developed"
1,1,an Arabian merchant's compound,1.0,"1,1,0,Goryeo had active trade with other countries.The development of Goryeo's commercial field and handicraft field was achieved.,"
2,2,I had an exchange with Arabia,2.0,"2,1,0, Goryeo's trade activities became active, and the commercial and handicraft sectors flourished.,"
3,3,be of the Goryeo system,3.0,"3,0,0,0 trade became active, leading to the development of commerce and handicrafts"
4,4,"During the Goryeo Dynasty, Arabian merchants also came and exchanged",4.0,"4,1,0,0, and the activities of trading goods between countries were actively carried out.achieved the development of commerce and handicrafts"
5,5,Korean insiders,5.0,"5,0,0,0, trade became active, leading to the development of commerce and handicrafts"
6,6,Goryeo interacted with many countries,6.0,"6,1,0,0 actively engaged in trade activities.The prosperity of commerce and handicrafts was achieved"
7,7,Unknowingness,7.0,"7,0,0, and exchanges between the West and Goryeo became active.Commercial and handicrafts have become a springboard for enlightenment"
8,8,I stayed with the Arabs,8.0,"8,1,0, cultural exchanges between the West and the West became active, and commerce and handicrafts developed"
9,9,He was active in interacting with Arabian merchants.,9.0,"9,1,0, exports and imports occur actively, and commerce and handicrafts have grown.,"
10,10,It actively interacted with other countries and grew its economy.,10.0,"10,1,1,0, active trade, commercial and handicrafts develop,"
11,11,active exchange with other countries,11.0,"11,1,0, trade is active, commerce and handicrafts are developed,"
12,12,"During the Goryeo Dynasty, it began to exchange with various western regions such as Arabia.",12.0,"12,1,0, trade is active, commerce and handicrafts are developed,"
13,13,Trade activity was brisk.,13.0,"13,1,0, trade was active, commerce and handicrafts were developed"
14,14,Trade with Arabia,14.0,"14,1,0, trade was active, handicrafts and commerce were developed,"
15,15,We had a lot of exchanges,15.0,"15,1,0, trade is active, handicrafts and commerce are developed,"
16,16,We traded in various ways,16.0,"16,1,0, trade was active, handicrafts and commerce were developed,"
17,17,I don't know.,17.0,"17,0,0,0, you can see that trade is active, handicrafts and commerce are developed"
18,18,There were a lot of good things,18.0,"18,0,0,0, you can see that trade was active, during the Goryeo Dynasty, commerce and handicrafts were developed,"
19,19,"In the past, our ancestors had many exchanges with foreigners",19.0,"19,1,0, trade was active, commerce and handicrafts were developed during the Goryeo Dynasty,"
20,20,Facilitated exchanges with other countries.,20.0,"20,1,0, trade was active, commerce and handicrafts were developed during the Goryeo Dynasty,"
21,21,He seems to have been close to foreign kings by exchanging and communicating a lot with them and making friends with foreign kings.,21.0,"21,1,0,1 During the Goryeo Dynasty, trade was active, and commerce and handicrafts were developed during the Goryeo Dynasty"
22,22,a great deal of interaction,22.0,"22,1,0, trade was active during the Goryeo Dynasty, and handicrafts and commerce were developed during the Goryeo Dynasty"
23,23,"During the Goryeo Dynasty, there was a lot of exchange between various Western countries and neighboring countries.",23.0,"23,1,0, trade is active during the Goryeo Dynasty, handicrafts and commerce were developed during the Goryeo Dynasty,"
24,24,I did a lot of trade with foreign countries,24.0,"24,1,0, trade was active during the Goryeo Dynasty, and handicrafts and commerce were developed during the Goryeo Dynasty"
25,25,"Goryeo had a huge and active trade center called Byeokrando. Through this, it can be seen that Goryeo has active exchanges with other countries and recognized the culture of other countries.",25.0,"25,1,0,1 During the Goryeo Dynasty, trade was active. During the Goryeo Dynasty, handicrafts and commerce were developed"
26,26,trade is brisk,26.0,"26,1,0, trade is active during the Goryeo Dynasty, commerce and handicrafts are developed during the Goryeo Dynasty,"
27,27,Trade was brisk through the main merchant's stronghold of Byeollando,27.0,"27,1,0,0, trade was active during the Goryeo Dynasty, commerce and handicrafts were developed during the Goryeo Dynasty,"
28,28,I traded with Arabian merchants,28.0,"28,1,0, it can be seen that trade was active during the Goryeo Dynasty, commerce and handicrafts were developed during the Goryeo Dynasty,29,1,0,1, you can see that trade was active during the Goryeo Dynasty, commerce and handicrafts were developed during the Goryeo Dynasty"
29,29,"Unlike the Joseon Dynasty, it was open-minded. Korea is now used to refer to Korea because there were many transactions with foreign merchants.",29.0,"30,1,0, during the Goryeo Dynasty, trade was active. During the Goryeo Dynasty, handicrafts and commerce were developed"
30,30,Foreign trade was brisk.,30.0,"31,0,0, trade was active during the Goryeo Dynasty, and handicrafts and commerce were developed during the Goryeo Dynasty,"
31,31,"I know the economy, but I don't",31.0,"32,0,0, trade was active during the Goryeo Dynasty, and handicrafts and commerce were developed during the Goryeo Dynasty"
32,32,h,32.0,"33,1,0, trade was active during the Goryeo Dynasty, and handicrafts and commerce were developed during the Goryeo Dynasty"
33,33,active trade through the Byeokran Islands,33.0,"34,1,0, during the Goryeo Dynasty, trade was active, commerce and handicrafts were developed"
34,34,"During the Goryeo Dynasty, trade was active.",34.0,"35,0,0, trade was active during the Goryeo Dynasty, indicating that commerce and handicrafts were developed"
35,35,Vigorous.,35.0,"36,1,0, during the Goryeo Dynasty, trade was active, commerce and handicrafts were excellent"
36,36,There was active exchange with foreign countries.,36.0,"37,1,0, trade is active during the Goryeo Dynasty, you can see that commerce and handicrafts were excellent"
37,37,I had a lot of exchanges with foreign countries,37.0,"38,1,0, trade was active during the Goryeo Dynasty, handicrafts and commerce were developed"
38,38,"During the Goryeo Dynasty, transactions with foreigners were actively carried out.",38.0,"39,1,0, it can be seen that trade was active during the Goryeo Dynasty, that handicrafts and commerce were developed,"
39,39,"During the Goryeo Dynasty, he actively exchanged with merchants in the West through the Silk Road.",39.0,"40,0,1,1 You can see that trade was active during the Goryeo Dynasty, handicrafts and commerce were excellent"
40,40,The foreign economy was brisk. The Goryeo people played politics on a grand scale.,40.0,"41,1,0, during the Goryeo Dynasty, trade was active, you can see that handicrafts and commerce were excellent"
41,41,We can expect active economic relations with other countries.,41.0,"42,1,0, trade was active during the Goryeo Dynasty, and commerce and handicrafts were developed during the Goryeo Dynasty"
42,42,Overseas trade activities were active.,42.0,"43,1,0, active trade took place, indicating that commerce and handicrafts developed during the Goryeo Dynasty"
43,43,People from various countries and Goryeo merchants traded. I think I was able to reach Goryeo through the trade wind.,43.0,"44,1,0, active trade, commerce and handicrafts were excellent during the Goryeo Dynasty"
44,44,It was an economic era with active trade with other countries.,44.0,"45,1,0, active trade was achieved, indicating that commerce and handicrafts were excellent during the Goryeo Dynasty"
45,45,Trade was brisk.,45.0,"46,1,0,0, there was active trade. In the Goryeo Dynasty, handicrafts and commerce were developed"
46,46,"It had a wide range of trade networks, such as not stopping in neighboring countries but trading with Arabian merchants.",46.0,"47,1,0,0, it can be seen that active trade took place, that handicrafts and commerce developed during the Goryeo Dynasty"
47,47,Goryeo traded a lot with other countries.,47.0,"You can see that there was a lot of trade going on, 48, 0, 1, 0, and during the Goryeo Dynasty, handicrafts and commerce were excellent"
48,48,It had an economic market large enough for merchants to come from abroad.,48.0,"49,1,0, active trade took place during the Goryeo Dynasty, indicating that handicrafts and commerce were excellent during the Goryeo Dynasty"
49,49,"During the Goryeo Dynasty, they interacted with Arabian merchants.",49.0,"50, 0, 0, 0, active trade during the Goryeo Dynasty, commercial and handicraft industries developed"
50,50,The greatness of Goryeo was known to Arabia.^^,50.0,"51,1,0, during the Goryeo Dynasty, active trade took place, indicating that commerce and handicrafts were developed"
51,51,Trade was brisk,51.0,"52,0, 0, 0, 0, there was active trade in the Goryeo Dynasty, excellent commerce and handicrafts"
52,52,The economy of the Goryeo Dynasty influenced many countries,52.0,"53, 1, 0, and during the Goryeo Dynasty, active trade took place, indicating that commerce and handicrafts were excellent"
53,53,It can be seen that Goryeo was an advanced country that had trade and exchanges with many other countries.,53.0,"54,1,0, you can see that there was active trade in the Goryeo Dynasty, where handicrafts and commerce developed"
54,54,The economy of Goryeo was active in exchange with foreign countries,54.0,"55,0,0, it can be seen that active trade took place during the Goryeo Dynasty, and handicrafts and commerce were developed"
55,55,We traded through the fireplace,55.0,"56,1,0, during the Goryeo Dynasty, active trade was achieved, and handicrafts and commerce were excellent"
56,56,"I have engaged in trade activities not only with countries close to me, such as Japan and China, but also with countries more diverse and far away than before.",56.0,"57,0, 0, 0, 0, active trade took place during the Goryeo Dynasty, indicating that handicrafts and commerce were excellent"
57,57,Unknowingness,57.0,"58,1,0, there was active trade during the Goryeo Dynasty, commerce and handicrafts developed during the Goryeo Dynasty59,0, 0, 0, you can see that active trade took place during the Goryeo Dynasty, that commerce and handicrafts developed during the Goryeo Dynasty"
58,58,It can be seen that they have exchanged with many countries such as Arabia.,58.0,"60, 0, 0, 0, 0, you can see that there was a lot of active trade in the Goryeo Dynasty where commerce and handicrafts were excellent"
59,59,I don't know.,59.0,"61,0,0, had active trade, indicating that commerce and handicrafts were excellent during the Goryeo Dynasty"
60,60,Unknowingness,60.0,"62,0,0,0, actively traded, handicrafts and commerce developed during the Goryeo Dynasty"
61,61,I don't know,61.0,"63,0,0, trade was active, indicating that handicrafts and commerce were developed during the Goryeo Dynasty"
62,62,issue,62.0,"64,1,0, trade was active, and during the Goryeo Dynasty, handicrafts and commerce were excellent,"
63,63,I don't know.,63.0,"65,0,0,0, it can be seen that trade was active, that handicrafts and commerce were excellent during the Goryeo Dynasty,"
64,64,I traded,64.0,"66,0, 0, 0, 0, you can see that there was active trade, commerce and handicrafts developed"
65,65,................................,65.0,"67,0, 0, 0, 0, you can see that there was active trade, you can see that commerce and handicrafts were developed"
66,66,(Playing the guitar),66.0,"68,0, 0, 0, 0, 0, trade was active, commerce and handicrafts were excellent"
67,67,It's amazing. It' LOL,67.0,"69, 1, 0, 0, 0, there was active trade, you can see that commerce and handicrafts were excellent"
68,68,Unknowingness,68.0,"70,0,0,0, trade was brisk, handicrafts and commerce were developed"
69,69,brisk trade,69.0,"71,1,0, you can see that trade is active, handicrafts and commerce are developed"
70,70,"롤Roll, play, play, play, roll, roll, roll, roll, roll, roll, roll, roll",70.0,"72, 1, 0, 0, 0, active trade, excellent handicrafts and commerce"
71,71,a great deal of foreign exchange,71.0,"73,1,0, you can see that they traded actively, they were excellent in handicrafts and commerce"
72,72,in a lively exchange,72.0,"74,0,0,0, trade was active, commerce and handicrafts were developed during the Goryeo Dynasty"
73,73,actively interacted with various countries,73.0,"75,0, 0, 0, you can see that commerce and handicrafts developed during the Goryeo Dynasty"
74,74,buying and selling,74.0,"76,0,0,0, you can see that trade was active, commerce and handicrafts were excellent during the Goryeo Dynasty"
75,75,jkfkjfjdjmjfjkjkjkkjfj;kjnjdjfskjfjkfjjjkfjkjk,75.0,"77, 1, 0, 0, 0, you can see that there was a lot of active trade, you can see that commerce and handicrafts were great in the Goryeo Dynasty"
76,76,"""It's originally Goryeo, but Arabic merchants can't pronounce Goryeo well, so is it Korea?",76.0,"78,1,0, you can see that there was active trade, during the Goryeo Dynasty, handicrafts and commerce were developed"
77,77,"I pronounced it like this and it became Korea.""",77.0,"79, 0, 0, 1, trade was active, you can see that handicrafts and commerce were developed during the Goryeo Dynasty"
78,78,The exchange was active,78.0,"80, 0, 0, 0, active trade, handicrafts and commerce were excellent during the Goryeo Dynasty"
79,79,They sell things like Goryeo intestines,79.0,"81,1,0, active trade, commerce and handicrafts developed,"
80,80,"Goryeo boasted tremendous diplomatic power to exchange with Arabia. Arabian merchants called Goryeo Korea, and the word Korea was coined.",80.0,"82,1,1,0, active trade, handicrafts and commerce developed,"
81,81,Arabian merchants sent specialties to Korea.,81.0,"83,0, 0, 0, 0, had active trade, manufacturing developed"
82,82,Exports and imports seem to have been made well.,82.0,"84,0, 0, 0, trade actively, commerce and manufacturing developed"
83,83,"During the Goryeo Dynasty, the economy probably developed by exchanging with many countries and exchanging with many ethnic groups.",83.0,"85, 1, 0, 0, trade was active, commerce and manufacturing were developed"
84,84,It would have been very famous because it would have even come to an Arabian merchant,84.0,"86,0,0,0, trade was active"
85,85,I don't know.,85.0,"87, 1, 0, 0, you can see that trade was active"
86,86,Goryeo interacted with many countries.,86.0,"88,0, 0, 0, you can see that we had active tradeYou can see that 89,1,0,1, actively traded"
87,87,I think I'm selling things because I'm still a little poor.,87.0,"You can see that 90, 1, 0, trade is active"
88,88,I think I had a lot of exchanges with other countries.,88.0,"91,1,0,0, there was active trade"
89,89,"""",89.0,"92,0,1,0, there was active trade"
90,90,Because of my country name,90.0,"93,1,0, trade was active"
91,91,Goryeo was active in ancient times and had good diplomatic relations,91.0,"94,1,0, during the Goryeo Dynasty, active trade was carried out"
92,92,"As trade became active during the Ryeo period, the economy was very excellent during the Goryeo Dynasty.",92.0,"During 95, 1, 0, 0 and the Goryeo Dynasty, they traded actively"
93,93,through exchanges between countries?,93.0,"Trade was active during the Goryeo Dynasty, 96,1,0, and"
94,94,I can confirm that the economy has developed,94.0,"97,1,0, during the Goryeo Dynasty, trade was active"
95,95,I think I've had a lot of exchanges with other countries.,95.0,"It can be seen that trade was active during 98,1,0, and Goryeo Dynasty"
96,96,interact with many countries,96.0,"99,0, 0, 0, you can see that during the Goryeo Dynasty, there was active trade"
97,97,It seems to have a lot of exchanges with foreign countries.,97.0,"100,1,0, it can be seen that during the Goryeo Dynasty, it was actively traded"
98,98,The Goryeo Dynasty traded more than the Joseon Dynasty.Its reputation is known even to Arabia by active exchanges with other countries such as trade.,98.0,"101, 0, 0, 1, It can be seen that trade was active during the Goryeo Dynasty"
99,99,"It can be seen that Goryeo was a large country at that time by exchanging with its neighboring countries, Yeojin, Song, and Why, and trading to a distant region called Arabia.",99.0,"In 102,1,0, during the Goryeo Dynasty, active trade took place"
100,100,I don't know.,100.0,"During the Goryeo Dynasty, 103,1,0, trade was active"
101,101,There was active exchange with foreign countries.,101.0,"Trade was active during the Goryeo Dynasty, 104,0, 0"
102,102,"Goryeo is a country that has been opened compared to before, so since the Goryeo Dynasty, the name of Korea has been known abroad, and the name of Korea is called ""Korea"" in English.",102.0,"105,0, 0, 0, active trade during the Goryeo Dynasty"
103,103,It can be seen that Arabian merchants had a lot of exchanges with the Goryeo people.,103.0,"106,1,1,0, actively traded during the Goryeo Dynasty"
104,104,It seems that exchanges with foreign countries occurred actively.,104.0,"Trade was active during the Goryeo Dynasty, 107,0, 1, 0"
105,105,It's up to me,105.0,"108,1,0, trade was active during the Goryeo Dynasty"
106,106,It's because Arabian merchants don't know anything,106.0,"109,1,1,0, it can be seen that trade was active during the Goryeo Dynasty"
107,107,"During the Goryeo Dynasty, it was difficult for foreign merchants to pronounce the word Goryeo, so it was called Korea Therefore, since our country exchanged with the outside world, our economy would not have been bad.",107.0,"110,1,0, you can see that during the Goryeo Dynasty, there was active trade"
108,108,"The development of commerce and water industry, and the creation of a festival",108.0,"111,0, 0, 0, 0, you can see that during the Goryeo Dynasty, it was actively traded"
109,109,Goryeo was also an intermediate trading port between China and Japan to West Asia,109.0,"112, 0, 0, 0, 0 shows that trade was active during the Goryeo Dynasty"
110,110,"Trade was active, commerce and handicrafts were developed, and money was made.",110.0,"113,1,1,0, active trade took place during the Goryeo Dynasty"
111,111,You can see that trade with other countries was active!,111.0,"114,0, 0, 0, 0, trade was active during the Goryeo Dynasty"
112,112,"The word ""Korea"" is difficult in foreign countries, so it is considered to be easy to consider.",112.0,"Trade was active during the Goryeo Dynasty, 115, 1, 0, 0"
113,113,I don't think it would have been me,113.0,"116,0,0,0, during the Goryeo Dynasty, there was active trade"
114,114,"Trade is active, commerce and handicraft development, and currency is made.",114.0,"During the Goryeo Dynasty, 117,1,0, trade was active"
115,115,"It was hard to pronounce Goryeo, so I pronounced it Korea",115.0,"Trade was active during the Goryeo Dynasty, 118,1,0,0119,1,0, during the Goryeo Dynasty, trade was active"
116,116,There was active exchange with other countries.,116.0,You can see that trade was active in the Goryeo Dynasty
117,117,M and D,117.0,"121,1,0, you can see that during the Goryeo Dynasty, there was active trade"
118,118,It can be seen that people would have traded a lot during the Goryeo Dynasty in Korea.,118.0,"122, 0, 0, 0, 0, you can see that during the Goryeo Dynasty, it was actively traded"
119,119,There was active interaction with the neighboring country.,119.0,"123,0, 0, 0, 0, you can see that trade was active during the Goryeo Dynasty"
120,120,Because Korea trades with other countries,120.0,"124,0,1,0, during the Goryeo Dynasty, active trade took place"
121,121,Our country is an insider.,121.0,"During the Goryeo Dynasty, 125,1,0, trade was active"
122,122,Our country used to do a lot of trade in the past,122.0,"During the Goryeo Dynasty, 126,1,0, trade was active"
123,123,I don't know,123.0,"127,0, 0, 0, active trade developed"
124,124,I think that people far away wanted to go to our country's goods,124.0,"128,0, 0, 0, 0 had active trade"
125,125,I think I have a lot of money because I bought things while going to other countries.,125.0,"129,0,1,0, if Arab merchants came, they traded actively"
126,126,Interacting a lot with Arabs (ㅇㅅㅇ),126.0,"130,1,0,0, you can see that there was active trade"
127,127,It can be seen that the economy had a lot of exchanges with other countries during the Goryeo Dynasty.,127.0,"131,1,0,0 had active trade"
128,128,"It's nice that foreigners can get to know our country with any stories, but what can I do? (Laughing) (Laughing)",128.0,"132,1,0, there was active trade as it was trading with Arabian merchants, not neighboring countries"
129,129,"For foreigners, Korea sounds like Korea",129.0,"It was an active trading country, 133,0, 0"
130,130,"Korea sounds like that when people from other countries call it, and the economy will be active because it becomes popular.",130.0,"134,0,0,0,0 had enough trade"
131,131,I traded with a foreign country.,131.0,"It was a trading country, 135,0, 0"
132,132,You can see that he traded a lot with Arabian merchants,132.0,"136,0,0,0 trade"
133,133,Kyoryo was so popular that we exchanged a lot,133.0,"137,0,0,0,,,"
134,134,I don't understand.,134.0,"138,0,0,0,,,"
135,135,The Japanese said Koryo and became Koryo,135.0,"139,1,0,0,,,"
136,136,People call Korea Korea Korea,136.0,"140,1,0,0,,,"
137,137,"I think I was doing really well in Goryeo I think I was better off than I am now, considering that all but Silla were unified",137.0,"141,0,0,0,,,"
138,138,"During the Goryeo Dynasty, Arabian merchants called Goryeo Goryeo Korea, and it was still called Korea.",138.0,"142,0,0,0,,,"
139,139,Korean language,139.0,"143,0,0,0,,,"
140,140,"In the Goryeo Dynasty, they often traded with Arabia",140.0,"144,0,1,0,,,"
141,141,"Even during the whale era, they exported and imported goods abroad",141.0,"145,1,0,0,,,"
142,142,Unknowingness,142.0,"146,1,1,0,,,"
143,143,Prices are high.,143.0,"147,0,0,0,,,"
144,144,Our country was named Goryeo,144.0,"148,1,0,0,,,149,1,0,0,,,"
145,145,a good economy,145.0,"150,1,0,0,,,"
146,146,It actively engaged in exchanges with other countries around it.,146.0,"151,1,0,0,,,"
147,147,"During the Goryeo Dynasty, trade and the economy developed rapidly, and it was able to develop significantly.",147.0,"152,1,0,0,,,"
148,148,"""I don't know.",148.0,"153,0,0,0,,,"
149,149,"""",149.0,"154,0,0,0,,,"
150,150,"It can be seen that during the Goryeo Dynasty, they actively traded not only with China but also with Arabian merchants far away.",150.0,"155,0,0,0,,,"
151,151,I interacted with Arabian merchants,151.0,"156,1,0,0,,,"
152,152,It can be seen that foreign merchants traded and exchanged with Korea during the Goryeo Dynasty.,152.0,"157,0,0,0,,,"
153,153,I had an exchange with other countries,153.0,"158,0,0,1,,,"
154,154,"During the Goryeo Dynasty, Arabs traded a lot with our country.",154.0,"159,1,0,0,,,"
155,155,The Goryeo Dynasty was poor,155.0,"160,0,0,0,,,"
156,156,I was poor.,156.0,"161,0,0,0,,,"
157,157,I don't know.,157.0,"162,0,0,0,,,"
158,158,There was active exchange with other countries.,158.0,"163,0,0,0,,,"
159,159,I don't know,159.0,"164,0,1,0,,,"
160,160,I have established many diplomatic relations with other countries.,160.0,"165,0,0,0,,,"
161,161,"Goryeo did not go far away, but was used as a means of distribution as Goryeo celadon and exported to nearby countries (Song) and (Why).",161.0,"166,1,0,0,,,"
162,162,Long live our country!,162.0,"167,0,0,0,,,"
163,163,I don't know.,163.0,"168,1,0,0,,,"
164,164,I don't know because I'm not human,164.0,"169,0,0,0,,,"
165,165,The best export man,165.0,"170,0,0,0,,,"
166,166,The economy was brisk the development of handicrafts,166.0,"171,0,1,0,,,"
167,167,I'm not sure.,167.0,"172,1,0,0,,,"
168,168,It can be seen that trade activities with other countries have been launched.,168.0,"173,1,0,0,,,"
169,169,"No Corea ,my country name is Korea",169.0,"174,1,0,0,,,"
170,170,They interacted with faraway countries and sold Goryeo ginseng.,170.0,"175,1,0,0,,,"
171,171,You've made a good living well,171.0,"176,1,0,0,,,"
172,172,I don't know,172.0,"177,1,0,0,,,"
173,173,"As agricultural production increased, the market developed, and commerce and handicrafts developed",173.0,"178,1,0,0,,,179,1,0,0,,,"
174,174,"During the Goryeo Dynasty, there was a lot of exchanges with foreign merchants.",174.0,"180,1,0,0,,,"
175,175,I actively interacted with foreign merchants,175.0,"181,1,0,0,,,"
176,176,The trade was brisk and the merchants made a good living,176.0,"182,1,0,1,,,"
177,177,I had a lot of exchanges with Arabian merchants,177.0,"183,1,0,0,,,"
178,178,Trade with merchants from various countries was brisk,178.0,"184,0,0,1,,,"
179,179,"He went beyond China and interacted with the West, including Arabia",179.0,"185,1,0,0,,,"
180,180,I had a lot of exchanges with Arabian merchants,180.0,"186,1,0,0,,,"
181,181,Arabian merchants came to Korea to trade.,181.0,"187,1,0,0,,,"
182,182,He had active exchanges with Arabia,182.0,"188,1,0,0,,,"
183,183,I actively engaged in trade activities with other countries.,183.0,"189,1,0,0,,,"
184,184,engage in diplomatic activities through exchanges with the Arab world,184.0,"190,0,0,0,,,"
185,185,"At that time, the Goryeo Dynasty traded with Arab merchants",185.0,"191,0,1,0,,,"
186,186,I did diplomatic activities with various countries,186.0,"192,0,0,0,,,"
187,187,An Arabian merchant came to Goryeo to do business,187.0,"193,1,0,0,,,"
188,188,"Even during the Goryeo Dynasty, there was an exchange of foreign countries.",188.0,"194,1,0,0,,,"
189,189,a great deal of trade at Byeokran Island,189.0,"195,1,1,0,,,"
190,190,I interacted with Eurasian merchants through Byeokran Island.,190.0,"196,1,0,0,,,"
191,191,active trading activities on Byeokran Island,191.0,"197,1,0,0,,,"
192,192,"During the Goryeo Dynasty, I also met an Arabian merchant on Byeokran Island.",192.0,"198,1,0,0,,,"
193,193,"It seems that the economy of the Goryo period was developed a lot, considering that it was passed on to Arabian merchants at a time when it was not easy to deliver.",193.0,"199,1,0,0,,,"
194,194,Those who live well live well and those who don't live well,194.0,"200,1,0,0,,,"
195,195,"During the Goryeo Dynasty, there was a marketplace where you could interact with Arabian merchants.",195.0,"201,1,0,0,,,"
196,196,Open a port and trade with foreign merchants.,196.0,"202,1,0,0,,,"
197,197,"The economy is on the good side because we have made inroads into foreign countries and actively exchangedGoryeo exchanged with Arabian merchants as well as Japan, China, and Southeast Asia, and foreign merchants exchanged on Byeokran Island, a port at the mouth of the Yeseong River, where gold, silver, paper, and ginseng were exported.",197.0,"203,1,0,0,,,"
198,198,There was a lot of exchanges,198.0,"204,1,0,0,,,"
199,199,Trade was brisk,199.0,"205,0,0,0,,,"
200,200,Trade is good!,200.0,"206,1,0,0,,,"
201,201,I exchanged with a foreign country. foreign countryㅔ,201.0,"207,1,0,1,,,"
202,202,I exchanged with a foreign country. foreign country,202.0,"208,1,0,0,,,209,1,0,0,,,"
203,203,"During the Goryeo Dynasty, trade activities were carried out",203.0,"210,1,0,0,,,"
204,204,to trade,204.0,"211,0,0,0,,,"
205,205,Trade activities become more active,205.0,"212,1,0,0,,,"
206,206,I don't know.,206.0,"213,0,0,0,,,"
207,207,"During the Goryeo Dynasty, the trade range was expanded from Goryeo to the Middle East",207.0,"214,0,0,0,,,"
208,208,It had an open nature and traded through ports.,208.0,"215,1,0,0,,,"
209,209,I traded with many countries beyond China.,209.0,"216,0,0,0,,,"
210,210,It can be thought that exchanges between countries are smooth,210.0,"217,0,1,0,,,"
211,211,He traded with Arabian merchants and actively traded with various merchants.,211.0,"218,0,0,0,,,"
212,212,I would have lived well.,212.0,"219,0,0,0,,,"
213,213,"It can be seen that they exchanged with countries far away as well as China and Japan nearby, and that trade activities were active",213.0,"220,1,0,0,,,"
214,214,I don't know.,214.0,"221,1,0,0,,,"
215,215,Gathering exchange during the Goryeo Dynasty and international affairs in Korea,215.0,"222,0,1,0,,,"
216,216,It can be seen that it is a trading powerhouse while trading with various countries.,216.0,"223,0,0,0,,,"
217,217,Not my part-timer,217.0,"224,1,1,0,,,"
218,218,"""At that time, there were things that most countries didn't have",218.0,"225,1,0,0,,,"
219,219,"That has given the economy a boost.""",219.0,"226,0,0,1,,,"
220,220,Not my part-timer,220.0,"227,0,0,0,,,"
221,221,Adios,221.0,"228,1,0,0,,,"
222,222,a free-trade economy,222.0,"229,1,1,0,,,"
223,223,"At that time, it seems that Goryeo was the world's trade exporter",223.0,"230,1,0,0,,,"
224,224,"Thanks to Goryeo celadon, the economy became active",224.0,"231,1,0,0,,,"
225,225,The economy seems to have spread far into the world,225.0,"232,1,0,0,,,"
226,226,It was economically good enough for merchants from other countries to come in. This is because Goryeo interacted with the Arabian people.,226.0,"233,1,0,0,,,"
227,227,I did a lot of trade with other countries,227.0,"234,0,1,0,,,"
228,228,Goryeo did a lot of diplomacy.,228.0,"235,1,0,0,,,"
229,229,The Goryeo Dynasty did not live badly,229.0,"236,1,0,0,,,"
230,230,Is the trade going well?,230.0,"237,0,1,0,,,"
231,231,"During the Goryeo Dynasty, the port city was very developed by exchanging with various countries through China, so it was probably an industrial-oriented society",231.0,"238,1,0,0,,,239,1,0,0,,,"
232,232,"During the Goryeo Dynasty, he interacted with Arabian merchants.",232.0,"240,1,0,0,,,"
233,233,"It can be seen that during the Goryeo Dynasty, they interacted with Arabian merchants",233.0,"241,1,0,0,,,"
234,234,I traded a lot,234.0,"242,1,0,0,,,"
235,235,Trade was a lot with foreigners,235.0,"243,1,0,0,,,"
236,236,"In field farming, rotation method began, and in rice paddy farming, this crop began. As agricultural production increased, markets developed, commerce and handicrafts developed, and money was created.",236.0,"244,1,0,0,,,"
237,237,He has traded with many foreign countries.,237.0,"245,1,0,0,,,"
238,238,I traded with all the countries abroad,238.0,"246,0,0,0,,,"
239,239,"In field farming, rotation method began, and in rice paddy farming, this crop began. As agricultural production increased, markets developed, commerce and handicrafts developed, and money was created.",239.0,"247,0,0,0,,,"
240,240,It is because trade with other countries is brisk,240.0,"248,0,0,0,,,"
241,241,This is because economic trade was active during the Goryeo Dynasty.,241.0,"249,0,0,0,,,"
242,242,The economy during the Goryeo Dynasty was active in trade,242.0,"250,0,0,0,,,"
243,243,"At that time, the Goryeo Haram trade a lot",243.0,"251,0,0,0,,,"
244,244,"At that time, Goryeo people traded a lot.",244.0,"252,0,0,0,,,"
245,245,trade,245.0,"253,0,0,0,,,"
246,246,Because of the brisk trade,246.0,"254,0,0,0,,,"
247,247,Trade with other countries was brisk,247.0,"255,0,0,0,,,"
248,248,edew,248.0,"256,1,0,0,,,"
249,249,I don't know.,249.0,"257,0,0,0,,,"
250,250,M and D,250.0,"258,0,0,0,,,"
251,251,Unknowingness,251.0,"259,0,0,0,,,"
252,252,I don't understand.,252.0,"260,0,0,0,,,"
253,253,I don't know,253.0,"261,1,0,0,,,"
254,254,I don't know.,254.0,"262,1,0,0,,,"
255,255,I don't know.,255.0,"263,0,0,0,,,"
256,256,I don't understand.,256.0,"264,1,0,0,,,"
257,257,Unknowingness,257.0,"265,1,0,0,,,"
258,258,Trade activity was brisk,258.0,"266,0,0,0,,,"
259,259,I don't understand.,259.0,"267,0,0,0,,,"
260,260,I don't know,260.0,"268,0,0,0,,,269,1,0,0,,,"
261,261,Mall,261.0,"270,0,0,0,,,"
262,262,Money,262.0,"271,1,0,0,,,"
263,263,brisk trade,263.0,"272,0,0,0,,,"
264,264,This is because trade activities are active,264.0,"273,1,0,1,,,"
265,265,I don't know,265.0,"274,1,0,0,,,"
266,266,Trade was brisk.,266.0,"275,1,0,0,,,"
267,267,I interacted with Arabian merchants,267.0,"276,0,0,0,,,"
268,268,I don't understand.,268.0,"277,0,0,0,,,"
269,269,M and D,269.0,"278,0,0,0,,,"
270,270,I don't understand.,270.0,"279,0,0,0,,,"
271,271,The exchange was active,271.0,"280,1,0,0,,,"
272,272,Unknowingness,272.0,"281,0,0,0,,,"
273,273,"Considering that the Arabian people are talking about Goryeo, it seems that Goryeo has done a lot of ancient things with our country",273.0,"282,1,0,0,,,"
274,274,I don't know.,274.0,"283,0,0,0,,,"
275,275,diplomatic and exchange activities,275.0,"284,1,0,0,,,"
276,276,Even Abaria was considered and passed down,276.0,"285,0,0,0,,,"
277,277,I can see that I have had a lot of relationships with many countries,277.0,"286,1,0,0,,,"
278,278,?,278.0,"287,0,0,0,,,"
279,279,M and D,279.0,"288,0,0,0,,,"
280,280,What's this?,280.0,"289,0,0,0,,,"
281,281,Our country is good,281.0,"290,0,1,0,,,"
282,282,Oh! Our country was known more abroad in the past. I guess we traded in the past.,282.0,"291,0,0,0,,,"
283,283,yes,283.0,"292,0,0,1,,,"
284,284,"During the Goryeo Dynasty, trade with other countries was active.",284.0,"293,0,0,0,,,"
285,285,ㅓ,285.0,"294,0,0,0,,,"
286,286,interaction with other countries,286.0,"295,0,0,0,,,"
287,287,Well.,287.0,"296,1,0,0,,,"
288,288,You can see that he has interacted with many countries like Arabia,288.0,"297,0,0,0,,,"
289,289,It's changing,289.0,"298,1,0,0,,,299,0,0,0,,,"
290,290,I don't know,290.0,"300,1,0,0,,,"
291,291,Arabian merchants must have used many stores in Korea,291.0,"301,0,0,0,,,"
292,292,The economy is good,292.0,"302,1,0,0,,,"
293,293,"I've never been to the past, so I don't know. The Joseon Dynasty is just a prediction",293.0,"303,0,0,0,,,"
294,294,Korea can see that diplomacy was active,294.0,"304,1,1,0,,,"
295,295,It was tough,295.0,"305,1,0,0,,,"
296,296,"It was difficult.If you're curious, go to the internet",296.0,"306,0,0,0,,,"
297,297,I had a lot of exchanges with Arabia,297.0,"307,0,0,0,,,"
298,298,I don't know.,298.0,"308,1,0,0,,,"
299,299,"During the Goryeo Dynasty, they exchanged with each other overseas",299.0,"309,1,0,0,,,"
300,300,I don't know,300.0,"310,0,0,0,,,"
301,301,I lived with many countries,301.0,"311,1,0,0,,,"
302,302,LOL,302.0,"312,1,0,0,,,"
303,303,We had an exchange.,303.0,"313,1,0,0,,,"
304,304,"During the Goryeo Dynasty, the economy seemed to have been a little unstable when many seals were sent abroad",304.0,"314,1,0,0,,,"
305,305,"Goryeo had the economic power to the point where Arabian merchants came in and out, and overseas exchanges were also active",305.0,"315,1,0,0,,,"
306,306,"At that time, Goryeo sold wild ginseng to Arabian merchants because it was famous",306.0,"316,1,0,0,,,"
307,307,Find it yourself if you're curious,307.0,"317,1,0,0,,,"
308,308,"Oh, victory. Korea",308.0,"318,1,0,0,,,"
309,309,It can be seen that they exchanged a lot with other countries during the Goryeo Dynasty.,309.0,"319,1,0,0,,,"
310,310,I had a lot of interaction with the Arabs,310.0,"320,1,0,0,,,"
311,311,I don't know.,311.0,"321,1,0,0,,,"
312,312,"In addition to China and Japan, he also interacted with Western restaurants such as Arabi.",312.0,"322,1,0,0,,,"
313,313,Very actively interacted with other countries.,313.0,"323,1,1,0,,,"
314,314,I traded with Arabia,314.0,"324,0,0,0,,,"
315,315,active trade with other countries,315.0,"325,1,0,0,,,"
316,316,a trading vessel,316.0,"326,1,0,0,,,"
317,317,I traded with a foreign country.,317.0,"327,1,0,0,,,"
318,318,An international trade port existed.,318.0,"328,1,0,1,,,329,0,0,0,,,"
319,319,foreign trade,319.0,"330,1,0,0,,,"
320,320,be active in exchange,320.0,"331,1,0,0,,,"
321,321,It actively interacted with outside regions and other countries.,321.0,"332,1,0,0,,,"
322,322,Foreign trade would have been brisk.,322.0,"333,1,0,0,,,"
323,323,"During the Goryeo Dynasty, active exchanges took place with foreign countries.",323.0,"334,1,0,0,,,"
324,324,It was the center of trade that not only exchanges in Korea but also overseas. Trade earned the nation's wealth.,324.0,"335,1,0,0,,,"
325,325,Unknowingness,325.0,"336,1,0,0,,,"
326,326,We actively interacted in foreign countries,326.0,"337,0,0,0,,,"
327,327,Trade has developed,327.0,"338,0,0,0,,,"
328,328,"As trade develops,",328.0,"339,0,1,0,,,"
329,329,Trade with other countries was active and culture of other countries was accepted a lot,329.0,"340,0,1,0,,,"
330,330,You're so,330.0,"341,1,0,0,,,"
331,331,Trade has developed,331.0,"342,1,0,0,,,"
332,332,Trade between merchants and our country was brisk.,332.0,"343,1,0,0,,,"
333,333,Trade was active not only in Asia but also in Europe.,333.0,"344,1,0,0,,,"
334,334,Trade was brisk,334.0,"345,1,0,0,,,"
335,335,Trade has developed,335.0,"346,1,0,0,,,"
336,336,I had a lot of trade and exchanges with other countries.,336.0,"347,1,0,0,,,"
337,337,We had a lot of exchanges,337.0,"348,0,1,0,,,"
338,338,"There are many products recognized by foreign countries, so I think the economy was not rich, but it was worth living",338.0,"349,1,0,0,,,"
339,339,"As expected, Global Korea",339.0,"350,1,0,0,,,"
340,340,There were so many items that people from other countries came.,340.0,"351,1,0,0,,,"
341,341,Economic activity was brisk,341.0,"352,1,0,0,,,"
342,342,Goryeo had a lot of exchanges with other countries.,342.0,"353,1,0,0,,,"
343,343,Trade with various countries was brisk,343.0,"354,0,0,0,,,"
344,344,It can be seen that we exchanged with many countries during the Goryeo Dynasty.,344.0,"355,1,0,0,,,"
345,345,"In this era, Korea traded goods with other countries",345.0,"356,1,0,0,,,"
346,346,"When foreign merchants came in, the word Corea came into being.""",346.0,"357,1,0,0,,,"
347,347,I had exchanges with many countries,347.0,"358,1,0,0,,,359,1,0,0,,,"
348,348,I had exchanges with many countries,348.0,"360,1,0,0,,,"
349,349,I can see that I have had a lot of exchanges with other countries,349.0,"361,1,0,0,,,"
350,350,"At that time, a lot of supplies came into Goryeo and a lot of material resources came from Arabia",350.0,"362,1,1,0,,,"
351,351,You can see that Goryeo interacted with many countries around the world.,351.0,"363,0,0,1,,,"
352,352,You can see that I had a lot of exchanges with foreign countries.,352.0,"364,0,0,0,,,"
353,353,I interacted with Arabia.,353.0,"365,0,0,0,,,"
354,354,I had a lot of exchanges with Arabian merchants.,354.0,"366,1,1,0,,,"
355,355,I traded with Arabian merchants,355.0,"367,1,0,0,,,"
356,356,I don't know,356.0,"368,1,0,0,,,"
357,357,"During the Goryeo Dynasty, many international trade took place, including Arabian merchants.",357.0,"369,1,1,0,,,"
358,358,"During the Goryeo Dynasty, our country was a trading power.",358.0,"370,0,0,0,,,"
359,359,"During the Goryeo Dynasty, our country traded with Arabian merchants",359.0,"371,1,0,0,,,"
360,360,"He also traded with foreigners, not only domestic economic activities.",360.0,"372,0,0,1,,,"
361,361,"During the Goryeo Dynasty, merchants interacted a lot with Arabian merchants.",361.0,"373,1,0,0,,,"
362,362,"It can be seen that Goryeo traded not only to nearby countries such as China and Japan, but also to distant regions such as Arabia.",362.0,"374,1,0,0,,,"
363,363,I traded with foreigners.,363.0,"375,1,0,0,,,"
364,364,Goryeo developed its economy by trading with Arabian merchants.,364.0,"376,1,0,0,,,"
365,365,You can see that he's doing diplomacy Byeokran-do is the best,365.0,"377,1,0,0,,,"
366,366,The economy of the Goryeo Dynasty is in its infancy,366.0,"378,0,0,0,,,"
367,367,I don't know,367.0,"379,1,0,0,,,"
368,368,"Through Byeokran Island, economic growth was achieved through many trade with various countries",368.0,"380,0,0,0,,,"
369,369,I lived in communication with foreigners,369.0,"381,1,0,0,,,"
370,370,Trade with other countries has developed.,370.0,"382,0,0,0,,,"
371,371,"During the Goryeo Dynasty, not only Arabian merchants but also around the world through Byeokrando Island, and the economy grew very much.",371.0,"383,0,0,0,,,"
372,372,The economic trade was so huge,372.0,"384,0,0,0,,,"
373,373,"During the Goryeo Dynasty, they exchanged with Arabian merchants",373.0,"385,1,0,0,,,"
374,374,"During the Goryeo Dynasty, I was influenced by other countries and followed them",374.0,"386,1,0,0,,,"
375,375,The Goryeo people interacted with foreign merchants through Byeokrando Island.,375.0,"387,1,0,0,,,"
376,376,The Goryeo people interacted with foreign merchants through Byeokrando Island.,376.0,"388,1,1,0,,,389,1,0,0,,,"
377,377,You can see that they traded with Arabian merchants through Byeokran-do during the Goryeo Dynasty.,377.0,"390,1,0,1,,,"
378,378,"It can be seen that during the Goryeo Dynasty, there were many exchanges with Arabai merchants.",378.0,"391,0,1,0,,,"
379,379,International trade was brisk,379.0,"392,1,0,0,,,"
380,380,Unknowingness,380.0,"393,1,0,0,,,"
381,381,"It can be seen that during the Goryeo Dynasty, he had a lot of exchanges with other countries.",381.0,"394,1,0,0,,,"
382,382,M and D,382.0,"395,0,0,0,,,"
383,383,I had an exchange with Arabian merchants,383.0,"396,1,0,0,,,"
384,384,I don't know,384.0,"397,1,0,0,,,"
385,385,I won't tell you ^^,385.0,"398,1,0,0,,,"
386,386,sorry,386.0,"399,1,0,0,,,"
387,387,It was forming a trade economy.,387.0,"400,1,0,0,,,"
388,388,"It can be seen that during the Goryeo Dynasty, they traded with Arabian merchants.",388.0,"401,1,0,0,,,"
389,389,I think you can see that I traded a lot with other countries.,389.0,"402,1,0,0,,,"
390,390,"During the Goryeo Dynasty, Goryeo would have been economically prosperous by trading a lot with other countries",390.0,"403,1,0,0,,,"
391,391,Trade is fairly advanced.,391.0,"404,0,0,0,,,"
392,392,I have done diplomacy with other countries since the Goryeo Dynasty. Our country was good at developing through exchange.,392.0,"405,1,0,1,,,"
393,393,Business has developed,393.0,"406,1,0,0,,,"
394,394,"You can also see that you interacted with the merchants of Ariba, that you communicated with the merchants of Arabia, and so on.",394.0,"407,1,1,0,,,"
395,395,Trade with foreign countries was brisk.Trade with other countries was very advanced.,395.0,"408,1,0,0,,,"
396,396,"During the Goryeo Dynasty, Korea was built through the port of Byeokrando.",396.0,"409,0,0,0,,,"
397,397,"Not only in Korea, but also in the East and the West.",397.0,"410,1,0,0,,,"
398,398,"During the Goryeo Dynasty, people spent a lot of time interacting with foreign people.",398.0,"411,0,0,0,,,"
399,399,I traded with people from other countries.,399.0,"412,1,0,0,,,"
400,400,"During the Goryeo Dynasty, trade was so active that it was traded with Arabian merchants.",400.0,"413,1,1,0,,,"
401,401,There was frequent interaction with Arabian merchants.,401.0,"414,1,0,0,,,"
402,402,"It can be seen that during the Goryeo Dynasty, they actively engaged in trade activities with foreign countries.",402.0,"415,1,0,0,,,"
403,403,"At that time, there was an exchange with foreign countries.",403.0,"416,1,0,0,,,"
404,404,I traded with many countries.,404.0,"417,1,0,0,,,"
405,405,"The economy of the Goryeo Dynasty seems to have a state-led open economy. Trade in exchange for various technologies and products would not have been possible in a feudal society without institutional support from the government. Therefore, it seems that the state took the lead in the open economy.",405.0,"418,1,0,0,,,419,0,1,0,,,"
406,406,The economy of the Goryeo Dynasty must have had an international character that actively traded not only with domestic and neighboring countries but also with countries on the far side of the globe.,406.0,"420,0,0,0,,,"
407,407,Trade developed and traded with Arabian merchants on Byeollando Island,407.0,"421,0,0,0,,,"
408,408,"During the Goryeo Dynasty, exchanges with foreign countries were active enough to trade with Arabia, earned foreign currency well, and the economy worked well.",408.0,"422,1,0,0,,,"
409,409,"There was a Byeokran-do in Goryeo. Through this trading port, it was opened to Arabian merchants. What can be seen from this is that trade took place very actively during the Goryeo Dynasty.",409.0,"423,1,0,0,,,"
410,410,",",410.0,"424,1,0,0,,,"
411,411,"""Koryo's pronunciation is similar to the word, so it feels like it was bad.""",411.0,"425,1,0,0,,,"
412,412,"It is very surprising that we interacted with Arabia in the context of the times.""",412.0,"426,1,0,0,,,"
413,413,Ankimchi. (Ankimchi in Korean),413.0,"427,0,0,0,,,"
414,414,I also traded with an Arabian merchant,414.0,"428,1,0,0,,,"
415,415,Trade with other countries was active and the economy was active.,415.0,"429,0,0,0,,,"
416,416,I interacted a lot with other countries.,416.0,"430,1,0,0,,,"
417,417,It can be seen that Goryeo traded with many countries at that time. ^^7,417.0,"431,0,0,0,,,"
418,418,"During the Goryeo Dynasty, exchanges with other countries were active",418.0,"432,0,0,0,,,"
419,419,I traded a lot with other countries.,419.0,"433,1,0,0,,,"
420,420,"During the Goryeo Dynasty, he interacted with Arabian merchants and communicated verbally.",420.0,"434,0,1,0,,,"
421,421,The economy seems to have been active,421.0,"435,1,0,0,,,"
422,422,i love korea,422.0,"436,1,0,0,,,"
423,423,I love korea,423.0,"437,1,0,0,,,"
424,424,Many exchanges with Arabian merchants,424.0,"438,1,0,0,,,"
425,425,There was a lot of interaction with Arabian merchants,425.0,"439,1,0,0,,,"
426,426,It can be seen that they exchanged and traded with foreign merchants in the port,426.0,"440,1,0,0,,,"
427,427,It is an economy that trades with other countries.,427.0,"441,1,0,0,,,"
428,428,I traded with many countries.,428.0,"442,1,0,0,,,"
429,429,the birth of a land system,429.0,"443,1,0,0,,,"
430,430,"During the Goryeo Dynasty, the word Korea was born, which means that Western countries pronounced Goryeo Korea because they were not good at Korean, indicating that exchanges with the West were active during the Goryeo Dynasty.",430.0,"444,0,0,0,,,"
431,431,I don't know.,431.0,"445,1,0,0,,,"
432,432,"During the Goryeo Dynasty, there were many communication and exchanges with foreign countries",432.0,"446,1,0,0,,,"
433,433,It is interesting that our country is remembered as Goryeo instead of Korea,433.0,"447,1,0,0,,,"
434,434,I experimented with antenna electricity,434.0,"448,1,0,0,,,449,0,0,0,,,"
435,435,Goryeo was the center of trade.,435.0,"450,0,0,0,,,"
436,436,This is because Goryeo accepted Goguryeo's cultural heritage and was actively carried out in the national economy,436.0,"451,1,0,0,,,"
437,437,"Goryeo also interacted with merchants from the West, including merchants from Arabia",437.0,"452,0,0,0,,,"
438,438,I had a lot of exchanges with foreign countries.,438.0,"453,1,0,0,,,"
439,439,"Due to the development of an international trade port called Byeokrando Island, external exchanges were active.",439.0,"454,0,0,0,,,"
440,440,A local trading port called Byeokrando was activated and even Arabian merchants traveled.,440.0,"455,1,0,0,,,"
441,441,Goryeo interacted with many countries.,441.0,"456,1,0,0,,,"
442,442,Trading with Arabian merchants.,442.0,"457,0,0,0,,,"
443,443,active foreign exchange,443.0,"458,1,1,0,,,"
444,444,"During the Goryeo Dynasty, there was active foreign exchange",444.0,"459,1,0,0,,,"
445,445,Trade flourished in Byeollando Island.,445.0,"460,1,0,0,,,"
446,446,It's because we've improved,446.0,"461,0,0,0,,,"
447,447,Overseas exports are the best,447.0,"462,1,0,0,,,"
448,448,Overseas trade was brisk,448.0,"463,0,0,0,,,"
449,449,Trade has developed.,449.0,"464,1,0,0,,,"
450,450,You can see that there was also interaction with Arabia,450.0,"465,1,0,0,,,"
451,451,I worked hard until Arabia.,451.0,"466,0,0,0,,,"
452,452,That's nice,452.0,"467,1,0,0,,,"
453,453,Alternating current activation,453.0,"468,1,0,0,,,"
454,454,It was lively.,454.0,"469,1,0,0,,,"
455,455,Trade with countries beyond the sea through Byeokran Island,455.0,"470,1,0,0,,,"
456,456,I don't know,456.0,"471,1,0,0,,,"
457,457,Trade and exchanges with foreign countries were active,457.0,"472,1,1,0,,,"
458,458,The trade has developed to the point where Arabian merchants come and go.,458.0,"473,1,1,0,,,"
459,459,It's active,459.0,"474,1,1,0,,,"
460,460,The economy of the Goryeo Dynasty seemed to have developed so much that it was widely known through many trade with other countries.,460.0,"475,1,0,0,,,"
461,461,He engaged in active trade with Arabian merchants.,461.0,"476,0,0,0,,,"
462,462,It was active in exchange with foreign countries.,462.0,"477,1,0,0,,,"
463,463,I don't know.,463.0,"478,0,0,0,,,479,0,0,0,,,"
464,464,They traded with faraway countries like Arabian merchants,464.0,"480,1,0,0,,,"
465,465,The beginning of Silky Boys,465.0,"481,1,0,0,,,"
466,466,It can be seen that the economy of the Goryeo Dynasty traded with foreign countries through a port called Byeokrando.,466.0,"482,1,0,0,,,"
467,467,"It can be seen that during the Goryeo Dynasty, they engaged in trade activities with Arabian merchants.",467.0,"483,0,1,0,,,"
468,468,"Many foreign merchants, including Arabia, were able to enter Goryeo",468.0,"484,0,0,0,,,"
469,469,"During the Goryeo Dynasty, trade was actively carried out with foreign countries.",469.0,"485,1,1,0,,,"
470,470,Goryeo traded with western countries such as Arabia.,470.0,"486,1,0,0,,,"
471,471,Trade has developed.,471.0,"487,1,0,0,,,"
472,472,It can be seen that trade activities were carried out with various countries through the port called Byeokrando Island.,472.0,"488,0,0,0,,,"
473,473,Trade has developed.,473.0,"489,1,0,0,,,"
474,474,"During the Goryeo Dynasty, the port of Byeokran-do was used to exchange not only with China and Japan, but also with far-flung countries. (The geographical nature of the peninsula also influenced the international exchange of Goryeo.)",474.0,"490,0,0,0,,,"
475,475,"It was an economically open country to the point of international trade on Byeokran Island, an economic society with developed commerce and a developed trade economy.",475.0,"491,1,0,0,,,"
476,476,It was an international economy that could trade with Arabian merchants.,476.0,"492,0,0,0,,,"
477,477,I had exchanges with many countries,477.0,"493,0,0,0,,,"
478,478,Unknowingness,478.0,"494,0,0,0,,,"
479,479,Goryeo had excellent trade,479.0,"495,1,0,0,,,"
480,480,Unknowingness,480.0,"496,0,0,0,,,"
481,481,Unknowingness,481.0,"497,0,0,0,,,"
482,482,There was active exchange in foreign countries,482.0,"498,1,1,0,,,"
483,483,an exchange society,483.0,"499,1,0,0,,,"
484,484,We exchanged a lot,484.0,"500,1,0,0,,,"
485,485,The economy has picked up.,485.0,"501,0,0,0,,,"
486,486,You've improved a lot,486.0,"502,1,0,0,,,"
487,487,"As famous ginseng and celadon became known around the world during the Goryeo Dynasty, Goryeo traded with many foreign countries, and Goryeo's economy would have soared.",487.0,"503,0,1,0,,,"
488,488,Korea's trade was so active.,488.0,"504,0,1,0,,,"
489,489,I interacted with Arabia.,489.0,"505,0,0,0,,,"
490,490,Goryeo also knew the existence of Arabia.,490.0,"506,0,0,0,,,"
491,491,active exchange with foreign countries,491.0,"507,1,0,0,,,"
492,492,Unknowingness,492.0,"508,0,0,0,,,509,1,0,0,,,"
493,493,I made a trade.,493.0,"510,1,0,0,,,"
494,494,a good situationI don't know.,494.0,"511,1,0,0,,,"
495,495,Many Arabs and foreigners came and went to our country. There were many merchants.,495.0,"512,0,0,0,,,"
496,496,I had exchanges with other countries.,496.0,"513,1,0,0,,,"
497,497,I don't know.,497.0,"514,1,0,0,,,"
498,498,I don't know,498.0,"515,1,1,0,,,"
499,499,"During the Goryeo Dynasty, the economy was developed by trading with many countries such as Arabia.",499.0,"516,1,0,0,,,"
500,500,Foreign and economic activities were active and Korea's existence was announced abroad.,500.0,"517,1,0,0,,,"
501,501,I had a lot of exchanges with Arabian merchants. The same goes for China,501.0,"518,0,0,0,,,"
502,502,Don't know,502.0,"519,1,0,0,,,"
503,503,He actively engaged in exchanges with various countries.,503.0,"520,1,0,0,,,"
504,504,very wealthy,504.0,"521,0,0,0,,,"
505,505,wealth,505.0,"522,0,0,0,,,"
506,506,Goryeo communicates a lot with neighboring countries.,506.0,"523,0,0,0,,,"
507,507,I don't know.,507.0,"524,1,0,0,,,"
508,508,You can see that they traded with Arabian merchants.,508.0,"525,1,0,0,,,"
509,509,I don't know.,509.0,"526,0,0,0,,,"
510,510,The Goryeo Dynasty was active in foreign countries and in ancient times,510.0,"527,1,0,0,,,"
511,511,Our country seems to have also traded with Arabian merchants.,511.0,"528,1,0,0,,,"
512,512,"He interacted with many countries, including Arabia.",512.0,"529,0,0,0,,,"
513,513,I don't know,513.0,"530,0,0,0,,,"
514,514,They trade with neighboring countries like Arabia.,514.0,"531,1,0,0,,,"
515,515,"""",515.0,"532,1,0,0,,,"
516,516,It can be seen that the Goryeo Dynasty actively engaged in exchanges with countries abroad.,516.0,"533,1,0,0,,,"
517,517,"During the Goryeo Dynasty, there were many exchanges with various countries and the economy was likely to be active.",517.0,"534,1,0,0,,,"
518,518,We exchanged with distant countries such as Arabia and our country was known far away.,518.0,"535,1,0,0,,,"
519,519,"Goryeo had a lot of exchanges with foreigners, and many foreigners went to Goryeo.",519.0,"536,1,0,0,,,"
520,520,Goryeo had a lot of exchanges with Arabian merchants,520.0,"537,1,0,0,,,"
521,521,They also traded with countries far away outside of China and Japan.,521.0,"538,1,0,0,,,539,1,0,0,,,"
522,522,boosted trade,522.0,"540,0,0,0,,,"
523,523,.,523.0,"541,1,0,0,,,"
524,524,I don't know.,524.0,"542,1,0,0,,,"
525,525,I don't know.,525.0,"543,0,0,0,,,"
526,526,the economic age of trade,526.0,"544,1,0,0,,,"
527,527,He actively engaged in exchanges with other countries,527.0,"545,1,0,0,,,"
528,528,Unknowingness,528.0,"546,1,0,0,,,"
529,529,Good at interacting?,529.0,"547,1,0,0,,,"
530,530,The exchange was active,530.0,"548,1,0,0,,,"
531,531,Unknowingness,531.0,"549,1,0,0,,,"
532,532,Unknowingness,532.0,"550,0,0,0,,,"
533,533,The exchange between our country and Arabia was active.,533.0,"551,1,0,0,,,"
534,534,an economy with a lot of interaction with other countries,534.0,"552,1,0,0,,,"
535,535,active exchange,535.0,"553,1,1,0,,,"
536,536,It can be seen that Goryeo traded a lot with many countries.,536.0,"554,1,0,0,,,"
537,537,"""If you look at the economy at that time, the people of Arabia on the other side came to trade",537.0,"555,1,0,0,,,"
538,538,"""At that time, the economic situation of Goryeo was very developed.""",538.0,"556,1,0,0,,,"
539,539,I had a lot of exchanges with other countries.,539.0,"557,0,1,0,,,"
540,540,We have a lot of exchanges,540.0,"558,1,0,0,,,"
541,541,The exchange was active and I think there would have been a lot of Arabian merchants,541.0,"559,0,0,0,,,"
542,542,I was active in trade activities.,542.0,"560,1,1,1,,,"
543,543,I don't know,543.0,"561,1,1,0,,,"
544,544,It was famous for buying and selling,544.0,"562,1,0,0,,,"
545,545,I had a lot of exchanges with merchants from other countries.,545.0,"563,1,0,0,,,"
546,546,I don't know,546.0,"564,1,0,0,,,"
547,547,I engaged in trade activities with many countries,547.0,"565,1,1,0,,,"
548,548,"The fact that Arabian merchants named them can be said to have engaged in economic activities not only in Korea's internal economy, but also outside.  And the information that our country was spread by Arabian merchants through the spread abroad would have made trade more active during the Goryeo Dynasty.",548.0,"566,1,0,0,,,"
549,549,"It can be seen that during the Goryeo Dynasty, they already exchanged with various countries. It can be seen that Goryeo's representative products were popular with Arabian merchants or there were many interesting things, so Goryeo was widely spread.",549.0,"567,1,0,0,,,"
550,550,He traded extensively with various countries.,550.0,"568,1,0,0,,,569,1,1,1,,,"
551,551,We had a lot of international exchanges. It served as a center of international exchange.,551.0,"570,1,0,0,,,"
552,552,"It can be seen that Goryeo did not rely solely on the internal economy to engage in economic activities, but also pioneered routes and created ports based on the domestic economy and traded with various countries around the world.",552.0,"571,1,1,0,,,"
553,553,Under the sun~~~~~~,553.0,"572,1,0,0,,,"
554,554,"Through Byeokran Island, exchanges with foreign countries were active.",554.0,"573,1,0,0,,,"
555,555,trade is brisk,555.0,"574,1,0,0,,,"
556,556,"Trade is brisk, commercial and handicraft development is developed.",556.0,"575,0,0,0,,,"
557,557,Trade is brisk.,557.0,"576,1,0,0,,,"
558,558,active communion with other countries,558.0,"577,0,0,0,,,"
559,559,"During the Goryeo Dynasty, trade centered on Byeokrando Island in the west of Kaesong developed. It mainly traded with the Song Dynasty, with the Japanese, and with Arabian merchants in the West. It also traded with the Kitan and Yeojin people through land, and trade on Japanese goods was mainly carried out in Busan. Therefore, it can be seen that Goryeo had an economy that mainly focused on trade.",559.0,"578,1,1,0,,,"
560,560,It proves that Goryeo commerce was active,560.0,"579,1,0,0,,,"
561,561,I also interacted with Middle Eastern countries through ports,561.0,"580,1,0,0,,,"
562,562,Many Arabian merchants came.,562.0,"581,0,1,0,,,"
563,563,"We achieved economic growth by trading. Unlike the Joseon Dynasty, the government implemented an open policy, not a policy of a powerhouse.",563.0,"582,1,0,0,,,"
564,564,"During the Goryeo Dynasty, it can be thought that the trade economy was activated through active exchanges with foreign countries. In particular, it can be seen that the size of the economy has increased as it exchanges with countries in southwest Asia.",564.0,"583,1,1,0,,,"
565,565,brisk trade,565.0,"584,1,0,0,,,"
566,566,Merchants come and exchange in person.,566.0,"585,0,0,0,,,"
567,567,in exchange,567.0,"586,1,0,0,,,"
568,568,Active trade created a currency for commercial and handicraft development,568.0,"587,1,0,0,,,"
569,569,They interacted with distant countries such as Arabia.,569.0,"588,0,1,0,,,"
570,570,Trade is brisk.,570.0,"589,1,0,0,,,"
571,571,Trade becomes brisk.,571.0,"590,0,1,0,,,"
572,572,"It is thought that trade activities during the Goryeo Dynasty proceeded around the world, maintaining smooth relations with foreign countries, and developing the economy.",572.0,"591,1,0,0,,,"
573,573,I had an exchange with another country.,573.0,"592,1,0,0,,,"
574,574,"""Sea trade flourished and flourished all the Arabian Sea trade flourished",574.0,"593,1,0,0,,,"
575,575,So the economy == grows on a trade basis,575.0,"594,1,0,0,,,"
576,576,"""",576.0,"595,1,0,0,,,"
577,577,Trade was active and made money.,577.0,"596,0,0,0,,,"
578,578,"During the Goryeo Dynasty, trade through the sea was activated, and ceramics and ginseng were traded to the nearby Song Dynasty, Japan, and far west regions.",578.0,"597,1,0,0,,,"
579,579,Trade,579.0,"598,1,0,0,,,599,1,0,0,,,"
580,580,Stay,580.0,"600,1,0,0,,,"
581,581,I had a lot of exchanges with other countries,581.0,"601,1,0,0,,,"
582,582,I don't know...,582.0,"602,1,0,1,,,"
583,583,I made money through trade with many countries.,583.0,"603,1,0,0,,,"
584,584,Interact with other countries.,584.0,"604,1,0,0,,,"
585,585,I had a lot of exchanges with Arabian merchants.,585.0,"605,0,0,1,,,"
586,586,Korea's economy was excellent,586.0,"606,1,0,0,,,"
587,587,"Unlike the Khitan people and the Yeojin people, Goryeo got along well with the Song Dynasty in mainland China, and Song Dynasty was also suffering from Khitan and Yeojin, so they wanted to cooperate with Goryeo.",587.0,"607,1,0,0,,,"
588,588,,588.0,"608,1,0,0,,,"
589,589,"Since it was very difficult to go to the Song Dynasty by land from Goryeo, the waterway was mainly used, and Byeokrando Island at the mouth of the Yeseonggang River was a large port to and from the Song Dynasty.",589.0,"609,0,0,1,,,"
590,590,,590.0,"610,1,0,0,,,"
591,591,"Between Goryeo and the Song Dynasty, many merchants visited the country and trade was active. Around this time, merchants from the Song Dynasty as well as Arabia and Southeast Asia frequented Goryeo.",591.0,"611,1,0,0,,,"
592,592,,592.0,"612,1,0,0,,,"
593,593,"As a result, Byeokrando Island was full of foreign merchants who brought rare items. The goods exported from Goryeo were underground resources such as gold, silver, and copper, as well as wild ginseng, pine nuts, fan, ramie, and paper, and mainly imported from the Song Dynasty were books, silk, and porcelain. Also, Arabian merchants came and went to Byeokran Island with things like mercury and spices, and the name Goryeo was known to the West by them at this time, and foreign countries still call our country Core.""I made a lot of money through trade.",593.0,"613,1,1,0,,,"
594,594,"During the Goryeo Dynasty, I was able to meet merchants from many countries through many exchanges.",594.0,"614,1,1,0,,,"
595,595,Unknowingness,595.0,"615,1,1,0,,,"
596,596,"During the Goryeo Dynasty, trade with Arabs was active",596.0,"616,0,0,0,,,"
597,597,Trade,597.0,"617,0,0,0,,,"
598,598,The economy was active during the Goryeo Dynasty.,598.0,"618,0,0,0,,,"
599,599,"Unlike the Khitan people and the Yeojin people, Goryeo got along well with the Song Dynasty in mainland China, and Song Dynasty was also suffering from Khitan and Yeojin, so they wanted to cooperate with Goryeo.",599.0,"619,1,1,0,,,"
600,600,,600.0,"620,0,0,0,,,"
601,601,"Since it was very difficult to go to the Song Dynasty by land from Goryeo, the waterway was mainly used, and Byeokrando Island at the mouth of the Yeseonggang River was a large port to and from the Song Dynasty.",601.0,"621,1,1,0,,,"
602,602,,602.0,"622,1,0,0,,,"
603,603,"Between Goryeo and the Song Dynasty, many merchants visited the country and trade was active. Around this time, merchants from the Song Dynasty as well as Arabia and Southeast Asia frequented Goryeo.",603.0,"623,1,0,0,,,"
604,604,,604.0,"624,1,0,0,,,"
605,605,"As a result, Byeokrando Island was full of foreign merchants who brought rare items. The goods exported from Goryeo were underground resources such as gold, silver, and copper, as well as wild ginseng, pine nuts, fan, ramie, and paper, and mainly imported from the Song Dynasty were books, silk, and porcelain. In addition, Arabian merchants also went to Byeokran Island with things such as mercury and spices, and the name Goryeo was known to the West by them at this time, and our country is still called Kore in foreign countries.",605.0,"625,1,0,0,,,"
606,606,,606.0,"626,1,0,0,,,"
607,607,"""",607.0,"627,0,0,0,,,"
608,608,The economy of the Goryeo Dynasty was good.,608.0,"628,1,0,0,,,629,1,0,0,,,"
609,609,"Unlike the Khitan people and the Yeojin people, Goryeo got along well with the Song Dynasty in mainland China, and Song Dynasty was also suffering from Khitan and Yeojin, so they wanted to cooperate with Goryeo.",609.0,"630,0,0,0,,,"
610,610,,610.0,"631,0,0,0,,,"
611,611,"Since it was very difficult to go to the Song Dynasty by land from Goryeo, the waterway was mainly used, and Byeokrando Island at the mouth of the Yeseonggang River was a large port to and from the Song Dynasty.",611.0,"632,1,0,0,,,"
612,612,,612.0,"633,1,0,0,,,"
613,613,"Between Goryeo and the Song Dynasty, many merchants visited the country and trade was active. Around this time, merchants from the Song Dynasty as well as Arabia and Southeast Asia frequented Goryeo.",613.0,"634,1,0,0,,,"
614,614,,614.0,"635,1,1,0,,,"
615,615,"As a result, Byeokrando Island was full of foreign merchants who brought rare items. The goods exported from Goryeo were underground resources such as gold, silver, and copper, as well as wild ginseng, pine nuts, fan, ramie, and paper, and mainly imported from the Song Dynasty were books, silk, and porcelain. Arabian merchants also went to Byeokran Island with things like mercury and spices, and the name Goryeo was known to the West by them at this time, and foreign countries still call our country Korea.""",615.0,"636,1,0,0,,,"
616,616,I traded,616.0,"637,1,1,0,,,"
617,617,"During the Goryeo Dynasty, trade was active",617.0,"638,1,0,0,,,"
618,618,We exchanged a lot.,618.0,"639,1,1,0,,,"
619,619,"Unlike the Khitan people and the Yeojin people, Goryeo got along well with the Song Dynasty in mainland China, and Song Dynasty was also suffering from Khitan and Yeojin, so they wanted to cooperate with Goryeo.",619.0,"640,1,1,0,,,"
620,620,,620.0,"641,1,0,0,,,"
621,621,"Since it was very difficult to go to the Song Dynasty by land from Goryeo, the waterway was mainly used, and Byeokrando Island at the mouth of the Yeseonggang River was a large port to and from the Song Dynasty.",621.0,"642,0,0,0,,,"
622,622,,622.0,"643,0,0,0,,,"
623,623,"Between Goryeo and the Song Dynasty, many merchants visited the country and trade was active. Around this time, merchants from the Song Dynasty as well as Arabia and Southeast Asia frequented Goryeo.",623.0,"644,0,0,0,,,"
624,624,,624.0,"645,0,0,0,,,"
625,625,"As a result, Byeokrando Island was full of foreign merchants who brought rare items. The goods exported from Goryeo were underground resources such as gold, silver, and copper, as well as wild ginseng, pine nuts, fan, ramie, and paper, and mainly imported from the Song Dynasty were books, silk, and porcelain. In addition, Arabian merchants also went to Byeokran Island with things such as mercury and spices, and the name Goryeo was known to the West by them at this time, and Korea is still called Korea in foreign countries.""",625.0,"646,0,0,0,,,"
626,626,I could go to another country even if it wasn't my country,626.0,"647,0,0,0,,,"
627,627,I traded with a Middle Eastern country,627.0,"648,1,0,0,,,"
628,628,I traded with Arabia,628.0,"649,0,0,0,,,"
629,629,Foreign trade was brisk.,629.0,"650,0,0,0,,,"
630,630,I carried out economic activities through foreign trade,630.0,"651,0,0,0,,,"
631,631,It traded with Arabian merchants and other countries through the international port of Byeollando.,631.0,"652,0,0,0,,,"
632,632,It seems to have influenced foreign countries enough to trade with distant countries like Arabia.,632.0,"653,0,0,0,,,"
633,633,Overseas trade was brisk,633.0,"654,1,0,0,,,"
634,634,Trade was brisk.,634.0,"655,0,0,0,,,"
635,635,I would have done diplomatic activities with many countries.,635.0,"656,0,0,0,,,"
636,636,It can be seen that there was an exchange with an Arabian merchant at that time.,636.0,"657,0,0,0,,,"
637,637,It can be seen that overseas trade was so active that it exchanged with Arabian merchants who were geographically far from Goryeo.,637.0,"658,1,0,0,,,659,1,0,0,,,"
638,638,You can see that it was widely traded.,638.0,"660,0,0,0,,,"
639,639,I think I would have actively engaged in diplomatic activities with other countries.,639.0,"661,1,0,0,,,"
640,640,Goryeo was a country with active international trade around Byeokran Island,640.0,"662,0,0,0,,,"
641,641,It can be seen that there was an exchange with an Arabian merchant at that time.,641.0,"663,1,0,0,,,"
642,642,Trade was brisk with other countries.,642.0,"664,1,0,0,,,"
643,643,"In the Goryeo Dynasty, trade activities were actively carried out externally, indicating that the economy of Goryeo was very developed.",643.0,"665,0,0,0,,,"
644,644,A more stable economy is formed by an interchangeable economy rather than an economy trapped in a country,644.0,"666,1,0,0,,,"
645,645,We revitalized the economy through trade,645.0,"667,1,0,0,,,"
646,646,The economy of Goryeo is unknown. This is because records do not explain the movement of money in other countries.,646.0,"668,1,0,0,,,"
647,647,Many foreigners came,647.0,"669,1,0,0,,,"
648,648,You can see that the economy of Goryeo was weaker than Arabia,648.0,"670,0,0,0,,,"
649,649,Goryeo developed a lot by interacting with foreign countries,649.0,"671,0,0,0,,,"
650,650,be likely to be poor,650.0,"672,1,0,0,,,"
651,651,Goryeo developed a lot by interacting with foreign countries,651.0,"673,1,0,0,,,"
652,652,"""In my country,",652.0,"674,0,0,0,,,"
653,653,"I interacted a lot with foreign countries.""",653.0,"675,1,0,0,,,"
654,654,It's because Korea has new technologies and exchanges are active,654.0,"676,1,0,0,,,"
655,655,"In other countries, I think Goryeo had a lot of exchanges and trade with foreign countries, considering when it was called Korea.",655.0,"677,1,0,0,,,"
656,656,"As our culture and technology developed, we were able to promote Korea to more countries through trade and exchanges with other countries.",656.0,"678,0,0,0,,,"
657,657,I had exchanges with many other countries,657.0,"679,1,0,0,,,"
658,658,People from other countries can know our country,658.0,"680,1,0,0,,,"
659,659,They start importing from other countries.,659.0,"681,0,0,0,,,"
660,660,We promoted exchanges.,660.0,"682,0,0,0,,,"
661,661,"Many foreign cooks came to Korea during the Goryeo Dynasty and Goryeo became famous, so the name Korea was created",661.0,"683,0,0,0,,,"
662,662,I guess a lot of foreigners came to Goryeo,662.0,"684,1,0,0,,,"
663,663,We promoted exchanges,663.0,"685,0,0,0,,,"
664,664,I can see that trade is active.,664.0,"686,1,0,0,,,"
665,665,It can be seen that they engaged in trade activities in Arabia and Byeollando.,665.0,"687,1,0,0,,,"
666,666,"During the Goryeo Dynasty, the economy of the Goryeo Dynasty was active as people from other countries went to and from Goryeo to buy and sell goods.",666.0,"688,1,0,0,,,689,0,0,0,,,"
667,667,It can be seen that they engaged in trade activities in Arabia and in Byeollando.,667.0,"690,1,0,0,,,"
668,668,brisk economic and trade activities,668.0,"691,0,0,0,,,"
669,669,Trade is likely to have been brisk.,669.0,"692,0,0,0,,,"
670,670,"During the Goryeo Dynasty, people from other countries went to Goryeo to buy and sell goods, and the economy became active",670.0,"693,0,0,0,,,"
671,671,"During the Goryeo Dynasty, the economy became active as people from other countries went to and from Goryeo to buy and sell goods.",671.0,"694,1,0,0,,,"
672,672,Our country has begun to import from other countries,672.0,"695,1,0,0,,,"
673,673,I don't know.,673.0,"696,1,0,0,,,"
674,674,Unknowingness,674.0,"697,1,0,0,,,"
675,675,M and D,675.0,"698,1,0,0,,,"
676,676,I don't understand.,676.0,"699,1,0,0,,,"
677,677,I don't know.,677.0,"700,1,0,0,,,"
678,678,I don't understand.,678.0,"701,0,1,0,,,"
679,679,an alternating current,679.0,"702,0,1,0,,,"
680,680,M and D,680.0,"703,1,0,0,,,"
681,681,I don't understand.,681.0,"704,1,0,0,,,"
682,682,Mall,682.0,"705,0,1,0,,,"
683,683,I don't understand.,683.0,"706,1,0,0,,,"
684,684,I don't understand.,684.0,"707,0,0,0,,,"
685,685,I was engaged in trade activities,685.0,"708,0,1,0,,,"
686,686,M and D,686.0,"709,1,0,0,,,"
687,687,I don't understand.,687.0,"710,1,0,0,,,"
688,688,It seems to have gained high popularity.,688.0,"711,0,0,0,,,"
689,689,It can be seen that trade activities were active.,689.0,"712,1,0,0,,,"
690,690,I think you can see that we had an exchange.,690.0,"713,0,0,0,,,"
691,691,M and D,691.0,"714,1,0,0,,,"
692,692,I interacted with ArabiaI don't understand.,692.0,"715,1,0,0,,,"
693,693,Trade with other countries is brisk,693.0,"716,0,1,0,,,"
694,694,brisk trade,694.0,"717,1,0,0,,,"
695,695,"The aristocracy had inherited land and slaves from generation to generation, and the peasants tried to cauterize the property of others and engaged in economic activities by expanding farmland",695.0,"718,1,1,0,,,719,1,0,0,,,"
696,696,It promoted exchanges and trade.,696.0,"720,1,0,0,,,"
697,697,It was the first time to trade with other countries during the Goryeo Dynasty,697.0,"721,1,0,0,,,"
698,698,There was an active exchange.,698.0,"722,1,0,0,,,"
699,699,active trade activities,699.0,"723,1,1,0,,,"
700,700,I don't know.,700.0,"724,0,0,0,,,"
701,701,"In the Goryeo exhibition and system, from civil service officials to soldiers to Korean soldiers, a battery capable of hangover grain in 18 grades and a limb capable of invading firewood were given.",701.0,"725,0,0,0,,,"
702,702,active trade exchanges,702.0,"726,0,0,0,,,"
703,703,They exchanged with Goryeo until Arabia,703.0,"727,0,0,0,,,"
704,704,Unknowingness,704.0,"728,0,0,0,,,"
705,705,Many exchanges with countries such as Arabia,705.0,"729,0,0,0,,,"
706,706,I interact a lot with foreign people.,706.0,"730,0,0,0,,,"
707,707,We exchanged a lot.,707.0,"731,0,0,0,,,"
708,708,Unknowingness,708.0,"732,0,0,0,,,"
709,709,I had a lot of exchanges with Arabia.,709.0,"733,0,0,0,,,"
710,710,It can be seen that Goryeo traded a lot with other countries.,710.0,"734,0,1,0,,,"
711,711,You've made a good living well,711.0,"735,0,0,0,,,"
712,712,I lived well,712.0,"736,1,0,0,,,"
713,713,That's cool!!!!!!!!!!!!!!!!!!!!!!!!!!!!!!!!!!!!!!!!!!!!!!!,713.0,"737,0,0,0,,,"
714,714,"During the Goryeo Dynasty, there were many merchants from other countries due to active exchanges",714.0,"738,1,0,0,,,"
715,715,That's cool.,715.0,"739,0,0,0,,,"
716,716,a tour of foreign exchange,716.0,"740,0,0,0,,,"
717,717,active exchange with foreign countries,717.0,"741,0,0,0,,,"
718,718,"During the Goryeo Dynasty, exchanges were active.",718.0,"742,0,0,0,,,"
719,719,I think I was active,719.0,"743,0,0,0,,,"
720,720,It can be seen that exchanges were active during the Goryeo Dynasty.,720.0,"744,0,0,0,,,"
721,721,I think Korea is the oldest in Korea,721.0,"745,0,0,0,,,"
722,722,The one-won chrysalis was delicious,722.0,"746,0,0,0,,,"
723,723,I think a lot of foreign merchants came,723.0,"747,0,0,0,,,"
724,724,The exchange was active,724.0,"748,0,0,0,,,749,1,0,0,,,"
725,725,I did a good job dealing with foreign countries,725.0,"750,1,0,0,,,"
726,726,Interactions with other countries were active,726.0,"751,1,0,0,,,"
727,727,"During the Goryeo Dynasty, there were many merchants from other countries because of the active exchange",727.0,"752,1,0,0,,,"
728,728,We exchanged a lot.,728.0,"753,1,0,0,,,"
729,729,I traded with many countries.,729.0,"754,1,0,0,,,"
730,730,"It was very active because merchants from many countries, including Arabs, bought, sold and exchanged with our country",730.0,"755,0,0,0,,,"
731,731,The economy has gradually improved,731.0,"756,1,0,0,,,"
732,732,"Because many foreigners came in, Goryeo's economy is likely to have been active",732.0,"757,1,0,0,,,"
733,733,The Goryeo Dynasty had a lot of exchanges with other countries.,733.0,"758,1,0,0,,,"
734,734,The Goryeo Dynasty had a lot of exchanges,734.0,"759,1,0,0,,,"
735,735,The economy has improved,735.0,"760,1,0,0,,,"
736,736,I had an exchange with other countries,736.0,"761,1,0,0,,,"
737,737,a city of kings,737.0,"762,0,0,0,,,"
738,738,"Considering the spread to overseas countries, the economy of the Goryeo Dynasty seems to have been actively carried out",738.0,"763,1,0,0,,,"
739,739,Trade exchanges were active,739.0,"764,1,0,0,,,"
740,740,actively engaged in trade,740.0,"765,0,0,0,,,"
741,741,It was all right.,741.0,"766,1,0,0,,,"
742,742,I was active in trade with Arabian merchants.,742.0,"767,1,0,0,,,"
743,743,PASS,743.0,"768,1,0,1,,,"
744,744,I traded,744.0,"769,0,1,0,,,"
745,745,I'm going to do it without leaves,745.0,"770,1,0,0,,,"
746,746,"It was spread abroad, so people abroad knew and economically benefited from it.",746.0,"771,1,0,0,,,"
747,747,The Goryeo Dynasty has lived economically by interacting with outside merchants through the port of Byeokrando,747.0,"772,1,0,0,,,"
748,748,"""",748.0,"773,0,0,0,,,"
749,749,Several merchants from abroad traded in Goryeo. Goryeo is the development of the trade economy.,749.0,"774,0,0,0,,,"
750,750,Free Trade Is Active by Arabian Merchants,750.0,"775,1,0,0,,,"
751,751,"During the Goryeo Dynasty, exchanges were active.",751.0,"776,0,1,0,,,"
752,752,"Exchange with foreign countries was active, and through this, the culture was spread.",752.0,"777,1,0,0,,,"
753,753,I traded a lot with foreign countries.,753.0,"778,1,0,0,,,779,0,0,1,,,"
754,754,"Given the brisk trade activities, the economic conditions must have worked very well at the time",754.0,"780,1,0,0,,,"
755,755,1234,755.0,"781,0,0,0,,,"
756,756,I don't know,756.0,"782,1,0,0,,,"
757,757,I don't know,757.0,"783,1,0,1,,,"
758,758,123,758.0,"784,1,0,0,,,"
759,759,123,759.0,"785,1,0,0,,,"
760,760,I don't know.,760.0,"786,1,0,0,,,"
761,761,123,761.0,"787,1,0,0,,,"
762,762,"""I don't know.""",762.0,"788,0,0,0,,,"
763,763,"""",763.0,"789,0,0,0,,,"
764,764,123,764.0,"790,0,0,0,,,"
765,765,I don't know.,765.0,"791,1,0,0,,,"
766,766,Economic activity was active,766.0,"792,0,1,0,,,"
767,767,123,767.0,"793,1,0,0,,,"
768,768,"I actively interacted with neighboring countries such as Song Dynasty, Geogie, Japan, etc.  So we can see that we actively exchanged history. It's an exchange economy.",768.0,"794,1,0,0,,,"
769,769,"""I don't know",769.0,"795,1,0,0,,,"
770,770,"""",770.0,"796,1,0,0,,,"
771,771,"I actively interacted with neighboring countries such as Song Dynasty, Geogie, Japan, etc.  So we can see that we actively exchanged history. It's an exchange economy.",771.0,"797,1,0,0,,,"
772,772,There's a transmission,772.0,"798,1,0,0,,,"
773,773,123,773.0,"799,0,0,0,,,"
774,774,I don't know.,774.0,"800,1,0,0,,,"
775,775,the era of building hanok,775.0,"801,1,0,0,,,"
776,776,I don't know.,776.0,"802,1,0,0,,,"
777,777,123,777.0,"803,1,0,1,,,"
778,778,"The top and bottom are exactly divided, and the people with high social status had a lot of money",778.0,"804,1,0,0,,,"
779,779,123,779.0,"805,1,0,0,,,"
780,780,I don't know.,780.0,"806,1,1,0,,,"
781,781,"Korea refers to Korea and North Korea speaking in stone, and Korea refers to the Goryeo Dynasty",781.0,"807,1,0,0,,,"
782,782,a great deal of interaction,782.0,"808,0,1,0,,,809,0,0,0,,,"
783,783,I traded,783.0,"810,0,0,0,,,"
784,784,The exchange was active,784.0,"811,0,0,1,,,"
785,785,He is good at interacting with other countries,785.0,"812,1,0,1,,,"
786,786,I think we had a lot of exchanges,786.0,"813,1,1,0,,,"
787,787,It felt like we had an exchange,787.0,"814,0,0,0,,,"
788,788,I did a lot of economic activities,788.0,"815,1,0,0,,,"
789,789,I think I would have had a lot of exchanges with Arabian merchants.,789.0,"816,0,0,0,,,"
790,790,The people of Aribia and Goryeo seem to have had a lot of exchanges.,790.0,"817,0,0,0,,,"
791,791,There was a lot of interactionGoryeo seems to be widely known abroad for trading with many countries.,791.0,"818,1,1,0,,,"
792,792,active trade with foreign countries,792.0,"819,1,1,0,,,"
793,793,Trade has developed.,793.0,"820,1,0,0,,,"
794,794,"Seeing the Republic of Korea use the names given by Arabian merchants, it seems that the Republic of Korea has always relied on other countries.",794.0,"821,0,0,0,,,"
795,795,Goryeo also interacted with Arabia.,795.0,"822,1,0,0,,,"
796,796,You can see that he has been active in exchanges with many countries.,796.0,"823,0,0,0,,,"
797,797,I don't know.,797.0,"824,1,0,0,,,"
798,798,I became more active in interacting with people from other countries.,798.0,"825,0,1,0,,,"
799,799,Trade has developed a lot.,799.0,"826,1,0,0,,,"
800,800,There was a lot of external interaction. open-minded,800.0,"827,1,0,0,,,"
801,801,economic development,801.0,"828,0,0,1,,,"
802,802,"During the Goryeo Dynasty, there were many exchanges with neighboring countries, and in China, there were many exchanges with Europe and Arabia through the Silk Road",802.0,"829,0,0,0,,,"
803,803,There was active exchange with foreign countries.,803.0,"830,1,0,0,,,"
804,804,active exchange with foreign countries,804.0,"831,1,0,0,,,"
805,805,I went abroad a lot.,805.0,"832,1,0,0,,,"
806,806,I educated with Arabian merchants.,806.0,"833,1,1,0,,,"
807,807,Trade with other countries was brisk.,807.0,"834,1,0,0,,,"
808,808,The foreign economy was brisk.,808.0,"835,0,0,0,,,"
809,809,Trade was brisk.,809.0,"836,0,0,0,,,"
810,810,He also interacted with Arabia.,810.0,"837,1,0,0,,,"
811,811,It was open.,811.0,"838,1,0,0,,,839,1,1,0,,,"
812,812,He was active in interacting with Arabian merchants.,812.0,"840,0,0,0,,,"
813,813,I don't know,813.0,"841,1,0,0,,,"
814,814,You traded with Arabia,814.0,"842,1,0,0,,,"
815,815,"During the Goryeo Dynasty, they would have exchanged a lot with merchants in Arabia such as the Silk Road and accepted glass crafts and Western culture.",815.0,"843,1,0,0,,,"
816,816,The economy of the Goryeo Dynasty was very interchangeable with foreign countries,816.0,"844,1,0,0,,,"
817,817,Economic activities were actively carried out by trading evenly with other countries,817.0,"845,1,0,0,,,"
818,818,It can be seen that exchanges with other countries were active during the Goryeo Dynasty.,818.0,"846,0,0,1,,,"
819,819,Goryeo traded with other countries.,819.0,"847,1,0,0,,,"
820,820,I don't know.,820.0,"848,1,0,0,,,"
821,821,It was a country with a bright future for foreign trade,821.0,"849,1,0,0,,,"
822,822,a trading king,822.0,"850,0,0,0,,,"
823,823,Trade with Arabian merchants,823.0,"851,1,0,0,,,"
824,824,I think the economy would have been good.,824.0,"852,1,0,0,,,"
825,825,active exchange of foreign exchange,825.0,"853,,,,,,"
826,826,"The economy traded well, but the economic system seems to have been difficult.",826.0,"854,,,,,,"
827,827,It can be seen that the export revenue has been obtained from other countries,827.0,"855,63.0%,10.6%,3.8%,,,"
828,828,The trade activities would have been so active that Arabian merchants traded with Goryeo.,,
829,829,I had an exchange with a foreign country,,
830,830,I did water trade,,
831,831,"""Huh?""",,
832,832,"""",,
833,833,Foreign trade was active during the Goryeo Dynasty,,
834,834,Trade was brisk during the Goryeo Dynasty.,,
835,835,The Goryeo Dynasty was an era of insider countries trading with many countries.,,
836,836,"Open, active trade",,
837,837,I interacted with Arabian merchants,,
838,838,You can see that he had a lot of exchanges with the merchants of Aribia,,
839,839,"At that time, during the Goryeo Dynasty, it was an active economic situation that exchanged with Arabian merchants and engaged in economic activities.",,
840,840,"During the Goryeo Dynasty, trade with other countries was active.",,
841,841,"The spread of Korea's name to remote areas means that Korea's specialties are so famous Therefore, the economy would have been good.",,
842,842,Corea Corporation,,
843,843,I don't know.,,
844,844,Diplomacy was brisk,,
845,845,This is because the port was opened to accommodate other countries' cultural assets.,,
846,846,There were many exchanges with other countries and the economic situation seemed to be very good,,
847,847,The situation is bad,,
848,848,We are in an era where we interact with other countries.,,
849,849,It was lively,,
850,850,Korea University,,
851,851,The trade market was brisk.,,
852,852,I can see that I interacted with other countries and I think the economy was active,,
853,853,It can be seen that they actively interacted during the Goryeo Dynasty.,,
854,854,"Many Arabian merchants traveled to the port, and economic activity was active",,
855,855,"In the Goryeo Dynasty, you can see that they interact with many countries",,
856,856,This is because the economy of the Goryeo Dynasty was weak enough to be named by other countries in this era.,,
857,857,It was confirmed that the economy of the Goryeo Dynasty traded a lot with foreign countries.,,
858,858,The economy of Goryeo was good,,
859,859,"During the Goryeo Dynasty, exchanges with other countries were active",,
860,860,"During the Goryeo Dynasty, exchanges were active.",,
861,861,Goryeo embraced other countries' culture of other countries.,,
862,862,Unknowingness,,
863,863,I traded with Arabian merchants.,,
864,864,I traded with Arabian merchants.,,
865,865,They exchanged with other countries to import and export goods.,,
866,866,"Through trade with merchants such as Arabia in the West, the market economy was achieved by exporting Goryeo's specialties (such as ginseng) and importing silk and jewelry.",,
867,867,"During the Goryeo Dynasty, they interacted with Arabian merchants.",,
868,868,Unknowingness,,
869,869,I don't know.,,
870,870,He traded with Arabia,,
871,871,"During the Goryeo Dynasty, trade became active as the port called Byeokrando Island developed in Goryeo with foreign countries.",,
872,872,It can be seen from this that the economy developed through trade with Arabian merchants during the Goryeo Dynasty.,,
873,873,Unknowingness,,
874,874,"The Goryeo Dynasty actively engaged in trade activities with Arabian merchants. In the case of Goryeo, phosphoric acid, gold, paper, and granite were exported to Arabia, and mercury, spices, and pumpkins were imported from Arabia. At this time, many traders stayed in Byeollando Island.",,
875,875,Goryeo did international trade,,
876,876,Trade and exchanges were active,,
877,877,I traded with Arabian merchants,,
878,878,"It can be seen that during the Goryeo Dynasty, exchanges were held in addition to exchanges within the Korean Peninsula. It was equipped to go far by boat.",,
879,879,He was well received with Western culture.,,
880,880,"It can be seen that during the Goryeo Dynasty, they exchanged tombs to far-off Arab regions through the sea or land.",,
881,881,Goryeo goods were sold abroad.,,
882,882,Trade was brisk,,
883,883,I don't remember. Sorry,,
884,884,brisk foreign trade,,
885,885,Trade with other countries was brisk,,
886,886,Evaluation Only. Created with Aspose.Cells for Python via Java.Copyright 2003 - 2022 Aspose Pty Ltd.,,
