,Unnamed: 0,1) How can I make the compass needle move more without moving the compass (you can add it to the electrical circuit if you need something)? ,Unnamed: 0,", q25_electricity, q25_magnetic, q25_electricity.1, q25_magnetic.1"
0,0,Use more batteries,0.0,"0,1,0, apply a strong electricity, apply a strong magnetic field"
1,1,It sends more current.,1.0,"1,1,0, apply a strong electricity, apply a strong magnetic field"
2,2,I don't know,2.0,"2,0,0, apply a strong electricity, apply a strong magnetic field"
3,3,side by side,3.0,"3,0,0, apply a strong electricity, apply a strong magnetic field"
4,4,More electricity,4.0,"4,1,0, hang a strong electricity, hang a strong magnetic field"
5,5,shake a compass wildly,5.0,"5,0,0, hang a strong electricity, hang a strong magnetic field"
6,6,The electricity is empty,6.0,"6,1,0, hang a strong electricity. Hang a strong magnetic field"
7,7,Use more electricity.,7.0,"7,1,0, strong electricity, strong magnetic field"
8,8,You have to move it.,8.0,"8,0,0, apply a strong current, apply a strong magnetic field"
9,9,You can add positive and negative poles on both sides,9.0,"9,0,0, apply a strong current, apply a strong magnetic field"
10,10,It sends more electricity,10.0,"10,1,0, apply a strong current, apply a strong magnetic field"
11,11,I'll open up more electricity,11.0,"11,1,0, apply a strong current, apply a strong magnetic field"
12,12,Install more electrical circuits.,12.0,"12,1,0, apply a strong current, apply a strong magnetic field"
13,13,I think it will move more if we let more current flow.,13.0,"13,1,0, apply a strong current, hang a strong magnetic field"
14,14,emit a lot of static electricity,14.0,"14,0,0, apply a strong current. Apply a strong magnetic field"
15,15,I don't know,15.0,"15,0,0, strong current, strong magnetic field"
16,16,cause more current to flow,16.0,"16,1,0, apply strong electricity, increase the strength of the magnetic field"
17,17,You have to move the compass,17.0,"17,0,0, apply strong electricity, increase the intensity of the magnetic field"
18,18,It gives a lot of electricity.,18.0,"18,1,0, apply strong electricity, increase the intensity of the magnetic field"
19,19,I've folded the seedlings.,19.0,"19,0,0, it gives you strong electricity, it increases the intensity of the magnetic field"
20,20,.,20.0,"20,0,0, hang strong electricity, increase the strength of the magnetic field"
21,21,I think we should let more current flow.,21.0,"21,1,0, hang strong electricity, increase the strength of the magnetic field"
22,22,It's blowing,22.0,"22,0,0, hang strong electricity, connect more magnets"
23,23,It's blowing,23.0,"23,0,0, with strong electricity, connect more magnets"
24,24,You can put in a stronger battery.,24.0,"24,1,0, apply a strong current, connect the magnet"
25,25,I don't know,25.0,"25,0,0, apply a strong current, connect the magnet"
26,26,Put a magnet on it',26.0,"26,0,1, apply a strong current, add a magnet"
27,27,Put a magnet on it',27.0,"27,0,1, apply a strong current, add a magnet"
28,28,You can put a magnet on it,28.0,"28,0,1, apply a strong current, connect the magnet to the electrical circuit29,1,0, apply a strong current, connect a magnet to an electrical circuit"
29,29,It allows more current to flow.,29.0,"30,0,0, apply a strong current, connect the magnet to the electrical circuit"
30,30,I don't know.,30.0,"31,1,0, apply a strong current, connect the magnet to the electrical circuit"
31,31,It sends more electricity,31.0,"32,1,0, add batteries, connect additional magnets to the electrical circuit"
32,32,We need to send more electricity.,32.0,"33,1,0, add batteries, connect additional magnets to the electrical circuit"
33,33,Increase the current.,33.0,"34,1,1, connect more batteries, connect additional magnets to electrical circuits"
34,34,to move more magnets from the inscription,34.0,"35,0,1, connect more batteries, connect additional magnets to the electrical circuit"
35,35,the force of a magnet's electron,35.0,"36,0,0, add battery to electrical circuit, add magnet to electrical circuit"
36,36,I don't know,36.0,"37,1,0, add battery to electrical circuit, add magnet to electrical circuit"
37,37,cause more current to flow,37.0,"38,0,0, add the battery to the circuit, connect the magnet to the circuit"
38,38,Because it's more challenging,38.0,"39,0,0, add the battery to the circuit, and connect the magnet to the circuit"
39,39,Turn the compass.,39.0,"40,0,0, add batteries, connect additional magnets to the circuit"
40,40,Make more switches and close them,40.0,"41,1,0, add batteries, connect additional magnets to the circuit"
41,41,Install more batteries,41.0,"42,1,0, add batteries, connect additional magnets to the circuit"
42,42,cause more current to flow,42.0,"43,1,0, add battery to circuit, connect additional magnet to circuit"
43,43,Close the switch to keep the current flowing.,43.0,"44,1,0, add battery to circuit, add magnet to circuit"
44,44,Close the switch to keep the current flowing,44.0,"45,1,0, add battery to circuit, add magnet to circuit"
45,45,Close the switch to allow more current to flow.,45.0,"46,1,0, add the battery to the circuit"
46,46,Connect the battery count,46.0,"47,0,0, add batteries to the electrical circuit"
47,47,I don't have it.,47.0,"48,1,0, add batteries to the electrical circuit,"
48,48,Move the electrical circuit.,48.0,"49,0,0, add batteries to the electrical circuit"
49,49,All right.,49.0,"50, 0, 0, add batteries to the electrical circuit"
50,50,ㅇㄴㄹ,50.0,"51,1,0, add batteries to the electrical circuit"
51,51,It allows more current to flow.,51.0,"52,1,0, add batteries to the electrical circuit"
52,52,It gives electricity,52.0,"53,0,0, add batteries to the electrical circuit"
53,53,Add Iron,53.0,"54,1,0, add batteries to the electrical circuit,"
54,54,We need to put in more electricity,54.0,"55,0,0, add batteries to the electric circuit"
55,55,I don't know.,55.0,"56,0,0, adding batteries to the electrical circuit,"
56,56,Real rice thief,56.0,"57,0,0, add a battery to the electrical circuit"
57,57,I don't know.,57.0,"58,0,0, add batteries to the electrical circuit59,0,0, if the current is strong, that's all"
58,58,All right.,58.0,"60,0,0, as long as the current is strong,"
59,59,Compass:...................,59.0,"61,1,0, if the current is strong"
60,60,I'm not sure about that.,60.0,"62,0,1, the current shall be strong,"
61,61,Add more batteries to increase the power of electricity.,61.0,"63,1,0, must have strong current,"
62,62,Place the magnet facing the compass needle.,62.0,"64,0,0, the current must be strong,"
63,63,It makes the electricity go up a lot,63.0,"65,0,0, the current should be stronger"
64,64,I'm sorry,64.0,"66,1,0, the current needs to be stronger,"
65,65,I don't know,65.0,"67, 0, 0, the current is stronger"
66,66,The electricity was transmitted to the compass,66.0,"68,0,0, the current must be stronger"
67,67,I don't know.,67.0,"69,1,0, current must be stronger,"
68,68,Don't know,68.0,"70,1,0, the current must be stronger"
69,69,Connect a lot of batteries,69.0,"71,1,0, the current is stronger"
70,70,It increases the current.,70.0,"72,1,0, the current is stronger"
71,71,Power up the current.,71.0,"73,1,0, the current needs to be stronger,"
72,72,Put on another battery.,72.0,"74,1,0, if the current is stronger,"
73,73,an additional battery,73.0,"75, 1, 0, the current is stronger"
74,74,Connect several batteries in series.,74.0,"76,1,0, the current is stronger"
75,75,Use stronger cells and weaker wires.,75.0,"77,1,0, the current should be stronger"
76,76,Increase the current intensity or increase the number of wires.,76.0,"78,1,0, current should be stronger,"
77,77,a stronger current,77.0,"79,1,0, the current should be stronger"
78,78,Replace with a strong battery.,78.0,"80,1,0, count the current"
79,79,"If you add more batteries to the electric circuit and increase the amount of current, the compass needle will move more.",79.0,"81,1,0, count the current,"
80,80,It makes the current flow harder.,80.0,"82,1,0, count the current"
81,81,Increase the battery power of the electrical circuit.,81.0,"83,1,0, the current should be stronger"
82,82,Add more batteries.,82.0,"84,1,0, the current must be stronger,"
83,83,Bring the compass closer to the wire.,83.0,"85, 1, 0, you need to make the current stronger"
84,84,"More batteries can be added to increase the intensity of the current, making the compass needle move more.",84.0,"86,0,0, you have to increase the current"
85,85,More batteries are installed at direct power to flow a stronger current.,85.0,"87,1,0, the current must be strong,"
86,86,h,86.0,"88,0,0, you have to turn up the current89,1,0, strengthen the strength of the current"
87,87,Connect more batteries in series to increase power.,87.0,"90,1,0, strengthen the strength of the current"
88,88,.,88.0,"91,1,0, increase the strength of the current"
89,89,"The needle in the compass is influenced by the Earth's magnetic field and is then driven by the magnetic field of electric wires. In order to make the compass needle move more, the magnetic field of the wire must be increased, so a stronger current must be sent to the wire, i.e. the number of cells connected in series must be increased.",89.0,"92, 0, 0, strengthen the current"
90,90,The compass contains a magnet because it is a tool that locates through a magnetic field.,90.0,"93,1,0, increase the strength of the current"
91,91,"And the current has a magnetic force as the electricity flows. Compass affected by magnetic force is influenced by magnetic force according to the flow of current, and thus it may be difficult to determine the position of the original work. Therefore, if current is sent to the electric circuit, the needle of the compass moves. As the current increases, the magnetic force becomes stronger, so if more batteries are connected in series to the electrical circuit and a stronger current flows, the compass needle can be moved more without moving the compass.""",91.0,"94,1,0, increase the strength of the current"
92,92,"Stronger current,",92.0,"95,1,0, current flow,"
93,93,.,93.0,"96,1,0, the energy generated by the movement of electrons,"
94,94,"It is an electromagnetic field that makes the compass move, and it can be said that it is due to a conducting wire through which current flows. Therefore, connecting more batteries in series so that more current can flow through the wire will allow the needle to move more.",94.0,"97,1,0, the movement of electrons,"
95,95,"By adding a battery and connecting the battery in series, the intensity of the current is increased and the magnitude of the magnetic field is increased, thereby making the needle of the compass move more.",95.0,"98,1,1, increase the battery"
96,96,Change the direction of the current by placing the wire completely in reverse or inserting the tongs in reverse.,96.0,"99,1,0, increase the battery,"
97,97,"By increasing the voltage of the battery, the intensity of the current passing through the electric circuit is increased.",97.0,"100,1,1, and increase the battery"
98,98,"The battery is further connected in series to increase the intensity of the current.As electric current flows through an electric wire, a magnetic field is formed around the electric wire, so the compass needle will be attracted to the magnetic field and move.",98.0,"101,1,0, if you increase the battery, the current becomes stronger and the needle moves more"
99,99,"It flows a stronger current, making electromagnetic induction more likely. In order to allow a higher current to flow, a battery may be changed or added, and there is a method of reducing resistance by changing a material of an electric wire to allow more current to flow.",99.0,"102,1,0, increasing the battery increases the current and the needle moves more"
100,100,"Since the current will flow using a battery and an electric wire, a magnetic field will naturally be formed. Therefore, because the compass moves under the influence of the magnetic field, the needle of the compass will move more because of the magnetic field formed next to it.",100.0,"103,1,0, increasing the battery will increase the current and cause the needle to move more"
101,101,Increase the voltage.,101.0,"104,1,0, if you increase the battery, the current becomes stronger and the needle moves more"
102,102,Put on more batteries.,102.0,"105,1,0, increasing the battery increases the current and the needle moves more"
103,103,Connect the batteries in series to increase the battery's current.,103.0,"106,1,0, increasing the battery increases the current and the needle moves more"
104,104,Increases the intensity of an electric current.,104.0,"107,1,0, increase the battery"
105,105,Increases the intensity of an electric current.,105.0,"108,1,0, increased battery,"
106,106,Makes the electrical circuit stronger,106.0,"109,1,0, increase the battery"
107,107,a powerful battery,107.0,"110,0,0, you can increase the battery"
108,108,a stronger voltage,108.0,"111,0,0, increase the battery"
109,109,Add more batteries.,109.0,"112, 0, 0, you can stretch the battery further"
110,110,I don't understand.,110.0,"113,0,1, increase the battery"
111,111,I really don't know this either. This is serious.,111.0,"114,1,0, more battery,"
112,112,I don't know.,112.0,"115,1,0, increase the battery"
113,113,Add a magnet?,113.0,"116,1,0, connect more cells"
114,114,Turn the electricity up,114.0,"Connect more cells, 117,1,0"
115,115,Turn up the voltage,115.0,"118,1,0, connecting more batteries,119,1,0, connect more cells"
116,116,Install one more electrical circuit across the existing circuit,116.0,"120,0,0, add more batteries"
117,117,The battery needs to be added.,117.0,"121,0,0, add more batteries,"
118,118,to make the current flow stronger,118.0,"122,1,0, add more cells"
119,119,Put in more batteries.,119.0,"123,1,0, you can add more batteries"
120,120,I can't explain.,120.0,"124,1,0, add more batteries,"
121,121,I don't know.,121.0,"125,1,0, add more batteries"
122,122,to flow an electric current,122.0,"126,1,0, add more batteries"
123,123,Increase the battery and change the current direction from time to time to time,123.0,"127,1,0, adding more batteries,"
124,124,I don't know,124.0,"128,1,0, add more batteries"
125,125,Press and release the switch of the electrical circuit continuously.,125.0,"129,0,0, add the battery"
126,126,Connect more batteries. Connect a battery that has a stronger current.,126.0,"130,0,0, plus battery,"
127,127,Thicken the wires and increase the voltage of the battery.,127.0,"131,0,0, connect the battery"
128,128,Add batteries or place magnets around the compass,128.0,"132,1,0, connecting the batteries,"
129,129,.,129.0,"133,0,0, connect the battery"
130,130,I don't know.,130.0,"134,1,0, add the battery to the electrical circuit"
131,131,I don't know.,131.0,"135,1,0, adding the battery to the electrical circuit,"
132,132,Connect more batteries in parallel,132.0,"136,0,0, increase the battery in series"
133,133,Turn on the switch,133.0,"137,0,0, increase the battery in series"
134,134,cause the current to flow harder,134.0,"138,0,0, increase the battery in series"
135,135,Increase power cooling by adding batteries,135.0,"139,0,0, increase the battery in series"
136,136,I don't know.,136.0,"140,1,0, extending the battery in series,"
137,137,Press the switch.,137.0,"141,1,0, increase the battery in series"
138,138,I don't know,138.0,"142,1,0, increase the battery in series"
139,139,I'm so sorry,139.0,"143,1,0, increase the battery in series"
140,140,"If you add an electrical circuit, more current will flow and work better.",140.0,"144,0,1, increase the battery in series"
141,141,It gives you stronger electricity.,141.0,"145,1,0, increase the battery in series"
142,142,Connect more batteries,142.0,"146,0,0, increasing the battery in series,"
143,143,It allows current to flow. It increases the amount of battery,143.0,"147,0,0, increase the battery in series"
144,144,Bring a magnet to the side.,144.0,"148,0,0, add more cells in series149,1,0, adding more batteries in series,"
145,145,Add more electrical circuits and use batteries with strong electricity,145.0,"150,0,0, add more cells in series"
146,146,I don't know,146.0,"151,0,0, you can add more batteries in series"
147,147,"Mall,m",147.0,"152,1,0, add more batteries in series,"
148,148,No learning,148.0,"153,1,0, add more cells in series"
149,149,It increases the power of the battery harder,149.0,"154,1,0, add more cells in series"
150,150,I have no idea.,150.0,"155,1,0, adding more batteries in series,"
151,151,I don't know about this,151.0,"156,1,0, add more cells in series"
152,152,Change the battery to a stronger one.,152.0,"157,1,0, add batteries in series"
153,153,Turn the electricity off and on and on and on and on,153.0,"158,1,0, adding batteries in series,"
154,154,Add Battery,154.0,"159,1,0, add cells in series"
155,155,Power up the current.,155.0,"160,0,1, add batteries in series"
156,156,Power up the current.,156.0,"161,1,0, added batteries in series,"
157,157,It allows an electric current to flow.,157.0,"162,1,0, add batteries in series"
158,158,Add more batteries.,158.0,"163,0,1, you can increase the battery additionally"
159,159,increase the intensity of an electric current,159.0,"164,0,0, you can increase the battery additionally"
160,160,Bringing a magnet to the dam,160.0,"165,0,1, you can increase the battery further"
161,161,Change to a battery with a large voltage,161.0,"166,1,0, increase the battery additionally"
162,162,It makes electricity work better,162.0,"167,1,0, additional battery extension,"
163,163,The magnet moves more than the needle of the needle moves more,163.0,"168,1,0, increase the battery additionally"
164,164,You should try it yourself ^-^;^ㅡ^;,164.0,"169,1,0, connect the battery additionally"
165,165,You can use a magnet.,165.0,"170,1,0, connect additional batteries,"
166,166,It makes electricity flow more.,166.0,"171,0,0, add a battery"
167,167,Use a stronger battery,167.0,"172,0,0, connect the battery additionally"
168,168,Increase the voltage size by adding batteries.,168.0,"173,0,0, additional batteries connected,"
169,169,Increase the power of the electrical circuit.,169.0,"174,0,0, connect additional batteries"
170,170,Blow more batteries to increase the current intensity,170.0,"175,0,1, add a battery"
171,171,I don't know.,171.0,"176,0,0, add battery,"
172,172,I don't know.,172.0,"177,0,0, add the battery"
173,173,I don't know.,173.0,"178,1,0, add the battery179,0,0, add a battery"
174,174,I don't know,174.0,"You can add 180, 1, 0, cells"
175,175,You can take a magnet and face it.,175.0,"181,1,0, add the battery"
176,176,I don't know.,176.0,"182,0,0, add the battery"
177,177,I don't know.,177.0,"183,1,0, added batteries,"
178,178,Increase the battery.,178.0,"184,1,0, add batteries"
179,179,..;.,179.0,"185,1,0, add the battery to the circuit"
180,180,electricity,180.0,"186,1,0, adding the battery to the circuit,"
181,181,Add the number of batteries.,181.0,"187,0,1, the movement of charged particles,"
182,182,I don't know,182.0,"188,0,0, apply strong electricity to the circuit"
183,183,We need to make the current stronger,183.0,"189,1,0, apply a strong electricity to the circuit"
184,184,Connect a lot of batteries,184.0,"190,1,0, put a strong electricity on the circuit"
185,185,Add batteries.,185.0,"191,1,0, put a strong electricity on the circuit"
186,186,Connect several batteries,186.0,"192, 0, 0, apply a strong current to the circuit"
187,187,It uses a magnet.,187.0,"193,1,0, apply a strong current to the circuit"
188,188,You can put a metal on it,188.0,"194,0,1, apply a strong current to the circuit"
189,189,Add batteries,189.0,"195, 0, 0, apply a strong current to the circuit"
190,190,It changes the direction of electricity,190.0,"196, 0, 0, apply strong electricity to the circuit"
191,191,Change the direction of existence,191.0,"197,1,0, apply strong electricity to the circuit"
192,192,Move the wires,192.0,"198,1,0, put strong electricity on the circuit"
193,193,Add more batteries.,193.0,"199,0,0, put strong electricity on the circuit"
194,194,an electromagnet,194.0,"Apply a strong current to the 200, 1, 0, circuit"
195,195,Place compasses around the wire,195.0,"Apply a strong current to the 201, 1, 0, and circuits"
196,196,I don't know.,196.0,"202,1,0, apply a strong current to the circuit"
197,197,"It changes the flow of electric currentAs electric current flows through an electric wire, a magnetic field is formed around the electric wire, so the compass needle will be attracted to the magnetic field and move.",197.0,"203,0,0, apply a strong current to the circuit"
198,198,"It flows a stronger current, making electromagnetic induction more likely. In order to allow a higher current to flow, a battery may be changed or added, and there is a method of reducing resistance by changing a material of an electric wire to allow more current to flow.",198.0,"Connect more batteries to the 204,1,0, circuit"
199,199,"Since the current will flow using a battery and an electric wire, a magnetic field will naturally be formed. Therefore, because the compass moves under the influence of the magnetic field, the needle of the compass will move more because of the magnetic field formed next to it.",199.0,"205,1,0, connect more batteries to the circuit"
200,200,Increase the voltage.,200.0,"206,1,0, add batteries to the circuit"
201,201,Put on more batteries.,201.0,"207,0, adding batteries to the circuit,"
202,202,Connect the batteries in series to increase the battery's current.,202.0,"208,1,0, add batteries to the circuit209,0,1, add batteries to the circuit"
203,203,Increases the intensity of an electric current.,203.0,"Connect additional batteries to the 210,1,0, circuit"
204,204,Increases the intensity of an electric current.,204.0,"211,1,0, connect additional batteries to the circuit"
205,205,Makes the electrical circuit stronger,205.0,"212,1,0, add batteries to the circuit"
206,206,a powerful battery,206.0,"213,1,0, add batteries to the circuit"
207,207,a stronger voltage,207.0,"214,0,0, connect more batteries to the circuit"
208,208,Add more batteries.,208.0,"215,0,0, connect additional batteries to the circuit"
209,209,I don't understand.,209.0,"216,1,0, add a battery to the circuit"
210,210,I really don't know this either. This is serious.,210.0,"217,1,0, strengthen the strength of the current in the circuit,"
211,211,I don't know.,211.0,"218,0,1, increase the strength of the current in the circuit"
212,212,Add a magnet?,212.0,"219,0,1, increase the strength of the current in the circuit"
213,213,Turn the electricity up,213.0,"220,1,0,,"
214,214,Turn up the voltage,214.0,"221,1,1,,"
215,215,Install one more electrical circuit across the existing circuit,215.0,"222,0,1,,"
216,216,The battery needs to be added.,216.0,"223,1,0,,"
217,217,to make the current flow stronger,217.0,"224,1,0,,"
218,218,Put in more batteries.,218.0,"225,1,0,,"
219,219,I can't explain.,219.0,"226,1,0,,"
220,220,I don't know.,220.0,"227,0,0,,"
221,221,to flow an electric current,221.0,"228,1,0,,"
222,222,Increase the battery and change the current direction from time to time to time,222.0,"229,1,0,,"
223,223,I don't know,223.0,"230,1,0,,"
224,224,Press and release the switch of the electrical circuit continuously.,224.0,"231,1,0,,"
225,225,Connect more batteries. Connect a battery that has a stronger current.,225.0,"232,1,0,,"
226,226,Thicken the wires and increase the voltage of the battery.,226.0,"233,1,0,,"
227,227,Add batteries or place magnets around the compass,227.0,"234,1,0,,"
228,228,.,228.0,"235,1,0,,"
229,229,I don't know.,229.0,"236,1,0,,"
230,230,I don't know.,230.0,"237,1,0,,"
231,231,Connect more batteries in parallel,231.0,"238,1,0,,239,1,0,,"
232,232,Turn on the switch,232.0,"240,1,0,,"
233,233,cause the current to flow harder,233.0,"241,1,0,,"
234,234,Increase power cooling by adding batteries,234.0,"242,1,0,,"
235,235,I don't know.,235.0,"243,1,0,,"
236,236,Press the switch.,236.0,"244,1,0,,"
237,237,I don't know,237.0,"245,1,0,,"
238,238,I'm so sorry,238.0,"246,1,0,,"
239,239,"If you add an electrical circuit, more current will flow and work better.",239.0,"247,1,0,,"
240,240,It gives you stronger electricity.,240.0,"248,1,0,,"
241,241,Connect more batteries,241.0,"249,1,0,,"
242,242,It allows current to flow. It increases the amount of battery,242.0,"250,0,0,,"
243,243,Bring a magnet to the side.,243.0,"251,0,0,,"
244,244,Add more electrical circuits and use batteries with strong electricity,244.0,"252,0,0,,"
245,245,I don't know,245.0,"253,0,0,,"
246,246,"Mall,m",246.0,"254,0,0,,"
247,247,No learning,247.0,"255,0,0,,"
248,248,It increases the power of the battery harder,248.0,"256,0,0,,"
249,249,I have no idea.,249.0,"257,0,0,,"
250,250,I don't know about this,250.0,"258,1,0,,"
251,251,Change the battery to a stronger one.,251.0,"259,1,1,,"
252,252,Turn the electricity off and on and on and on and on,252.0,"260,0,0,,"
253,253,Add Battery,253.0,"261,1,0,,"
254,254,Power up the current.,254.0,"262,0,0,,"
255,255,Power up the current.,255.0,"263,0,0,,"
256,256,It allows an electric current to flow.,256.0,"264,0,0,,"
257,257,Add more batteries.,257.0,"265,0,1,,"
258,258,increase the intensity of an electric current,258.0,"266,1,1,,"
259,259,Bringing a magnet to the dam,259.0,"267,0,0,,"
260,260,Change to a battery with a large voltage,260.0,"268,1,0,,269,0,0,,"
261,261,It makes electricity work better,261.0,"270,1,1,,"
262,262,The magnet moves more than the needle of the needle moves more,262.0,"271,0,1,,"
263,263,You should try it yourself ^-^;^ㅡ^;,263.0,"272,0,0,,"
264,264,You can use a magnet.,264.0,"273,0,0,,"
265,265,It makes electricity flow more.,265.0,"274,1,0,,"
266,266,Use a stronger battery,266.0,"275,1,0,,"
267,267,Increase the voltage size by adding batteries.,267.0,"276,0,0,,"
268,268,Increase the power of the electrical circuit.,268.0,"277,1,0,,"
269,269,Blow more batteries to increase the current intensity,269.0,"278,0,0,,"
270,270,I don't know.,270.0,"279,1,0,,"
271,271,I don't know.,271.0,"280,0,0,,"
272,272,I don't know.,272.0,"281,0,0,,"
273,273,I don't know,273.0,"282,1,0,,"
274,274,You can take a magnet and face it.,274.0,"283,0,0,,"
275,275,I don't know.,275.0,"284,0,0,,"
276,276,I don't know.,276.0,"285,0,0,,"
277,277,Increase the battery.,277.0,"286,1,0,,"
278,278,..;.,278.0,"287,0,1,,"
279,279,electricity,279.0,"288,0,0,,"
280,280,Add the number of batteries.,280.0,"289,1,0,,"
281,281,I don't know,281.0,"290,1,0,,"
282,282,We need to make the current stronger,282.0,"291,1,0,,"
283,283,Connect a lot of batteries,283.0,"292,1,0,,"
284,284,Add batteries.,284.0,"293,1,0,,"
285,285,Connect several batteries,285.0,"294,1,0,,"
286,286,It uses a magnet.,286.0,"295,0,0,,"
287,287,You can put a metal on it,287.0,"296,0,0,,"
288,288,Add batteries,288.0,"297,0,0,,"
289,289,It changes the direction of electricity,289.0,"298,0,0,,299,0,0,,"
290,290,Change the direction of existence,290.0,"300,1,0,,"
291,291,Move the wires,291.0,"301,0,0,,"
292,292,Add more batteries.,292.0,"302,0,0,,"
293,293,an electromagnet,293.0,"303,1,0,,"
294,294,Place compasses around the wire,294.0,"304,0,0,,"
295,295,I don't know.,295.0,"305,1,0,,"
296,296,It changes the flow of electric currentI don't know,296.0,"306,1,0,,"
297,297,Don't know,297.0,"307,1,0,,"
298,298,cause more current to flow,298.0,"308,0,0,,"
299,299,I don't know.,299.0,"309,1,0,,"
300,300,I don't know,300.0,"310,1,0,,"
301,301,Close the switch and let more current flow,301.0,"311,1,0,,"
302,302,Lemon,302.0,"312,1,0,,"
303,303,1) How can I make the compass needle move more without moving the compass (you can add it to the electrical circuit if you need something)? *,303.0,"313,1,0,,"
304,304,use the direction of the current,304.0,"314,0,0,,"
305,305,Connect more electrons,305.0,"315,0,0,,"
306,306,Right,306.0,"316,1,0,,"
307,307,It makes the electricity stronger,307.0,"317,1,0,,"
308,308,to allow electricity to flow into the compass,308.0,"318,0,0,,"
309,309,Connect more batteries.,309.0,"319,0,0,,"
310,310,Connect one more battery.,310.0,"320,1,0,,"
311,311,cause more current to flow,311.0,"321,1,0,,"
312,312,I don't know.,312.0,"322,1,0,,"
313,313,All right.,313.0,"323,1,0,,"
314,314,Install more batteries.,314.0,"324,1,0,,"
315,315,More current needs to be sent.,315.0,"325,1,0,,"
316,316,Move the wires further.,316.0,"326,0,0,,"
317,317,I don't know. I'm sorry. ^^,317.0,"327,0,1,,"
318,318,Increase the electrical circuit.,318.0,"328,1,1,,329,1,0,,"
319,319,It allows the current to flow more.,319.0,"330,0,1,,"
320,320,It sends the same ratio of current to the cathode and anode,320.0,"331,0,1,,"
321,321,Add an electrical circuit,321.0,"332,1,0,,"
322,322,Use an electrical circuit.,322.0,"333,0,1,,"
323,323,"The electric circuit connected in this way flows well, so the compass needle must have moved.",323.0,"334,1,0,,"
324,324,Hold the compass and leave the needle alone to move?,324.0,"335,1,0,,"
325,325,Magnet,325.0,"336,0,0,,"
326,326,The electrical circuit moves with a magnet,326.0,"337,1,0,,"
327,327,Use a stronger current.,327.0,"338,1,0,,"
328,328,Place the magnet next to it.,328.0,"339,1,0,,"
329,329,"Because compass needles are metal, they can be moved using magnets.",329.0,"340,0,0,,"
330,330,Add an electrical circuit,330.0,"341,1,0,,"
331,331,Put a magnet next to you,331.0,"342,1,0,,"
332,332,Add batteries,332.0,"343,0,0,,"
333,333,It sends out a lot of electricity.,333.0,"344,1,0,,"
334,334,.,334.0,"345,1,0,,"
335,335,Connect the battery further in a straight line.,335.0,"346,0,1,,"
336,336,Changes the direction in which the current flows.,336.0,"347,1,0,,"
337,337,Turn on the electricity.,337.0,"348,0,0,,"
338,338,.,338.0,"349,0,0,,"
339,339,Connect in series,339.0,"350,0,0,,"
340,340,Allow more current to flow,340.0,"351,1,0,,"
341,341,.,341.0,"352,1,0,,"
342,342,Power up the electric current.,342.0,"353,0,0,,"
343,343,The current flows more strongly.,343.0,"354,1,0,,"
344,344,There's a magnetic field,344.0,"355,1,0,,"
345,345,More electricity. an increase in battery capacity.,345.0,"356,0,0,,"
346,346,You just have to do well.,346.0,"357,1,0,,"
347,347,.,347.0,"358,0,1,,359,1,0,,"
348,348,.,348.0,"360,1,0,,"
349,349,Add batteries.,349.0,"361,1,0,,"
350,350,to increase the current intensity with a whistle,350.0,"362,1,0,,"
351,351,I don't know.,351.0,"363,1,0,,"
352,352,Add more batteries.,352.0,"364,1,0,,"
353,353,Use a strong battery,353.0,"365,1,0,,"
354,354,I ask the teacher.,354.0,"366,1,0,,"
355,355,Increases the intensity of the current.,355.0,"367,1,0,,"
356,356,I recommend putting a magnet,356.0,"368,1,0,,"
357,357,increase the intensity of an electric current,357.0,"369,1,0,,"
358,358,It flows an electric current,358.0,"370,1,0,,"
359,359,Place several batteries.,359.0,"371,0,0,,"
360,360,increase the electric current,360.0,"372,1,0,,"
361,361,use a stronger battery,361.0,"373,1,0,,"
362,362,The amount of current must be increased.,362.0,"374,1,0,,"
363,363,Press the swatch to allow current to flow,363.0,"375,1,1,,"
364,364,strengthen the intensity of an electric current,364.0,"376,0,0,,"
365,365,strengthen the intensity of an electric current Attach one more battery.,365.0,"377,0,0,,"
366,366,Increase the strength of the battery,366.0,"378,0,0,,"
367,367,"Add battery, write low resistance wires",367.0,"379,0,0,,"
368,368,Connect more cells in series.,368.0,"380,0,0,,"
369,369,I don't know.,369.0,"381,1,0,,"
370,370,It makes the current flow harder. It converts batteries into high-voltage batteries,370.0,"382,1,0,,"
371,371,Connect more batteries.,371.0,"383,1,0,,"
372,372,increase the power,372.0,"384,1,0,,"
373,373,"As the intensity of the magnetic field generated by the current increases, the compass needle moves more, and the resistance must be reduced to increase the current. Therefore, the cross-sectional area is increased by increasing the thickness of the electric wire of the electric furnace.",373.0,"385,1,0,,"
374,374,I don't know.,374.0,"386,1,0,,"
375,375,I don't know,375.0,"387,1,0,,"
376,376,I don't know.,376.0,"388,1,0,,389,1,0,,"
377,377,.,377.0,"390,1,0,,"
378,378,I don't know.,378.0,"391,1,0,,"
379,379,Power up,379.0,"392,1,0,,"
380,380,Put more batteries in series,380.0,"393,0,0,,"
381,381,electricity,381.0,"394,1,0,,"
382,382,with a strong rectification,382.0,"395,1,0,,"
383,383,Change the direction of the current,383.0,"396,1,0,,"
384,384,It allows more current to flow.,384.0,"397,1,0,,"
385,385,Change from serial to parallel,385.0,"398,1,0,,"
386,386,It makes the current flow harder.,386.0,"399,1,0,,"
387,387,Turn up the voltage,387.0,"400,0,0,,"
388,388,Connect the batteries in series,388.0,"401,1,0,,"
389,389,to increase the current,389.0,"402,0,0,,"
390,390,Add batteries in series,390.0,"403,0,0,,"
391,391,It's hard,391.0,"404,0,0,,"
392,392,It allows more current to flow.,392.0,"405,0,0,,"
393,393,Increase the intensity of the current.,393.0,"406,0,0,,"
394,394,Connect more batteries.,394.0,"407,0,0,,"
395,395,Connect all the batteriesa battery,395.0,"408,0,0,,"
396,396,Increase the voltage by adding batteries,396.0,"409,0,0,,"
397,397,I don't know.,397.0,"410,0,1,,"
398,398,turn on the electrical circuit strongly,398.0,"411,0,0,,"
399,399,Make sure that the compass needle and the dotted line are aligned,399.0,"412,0,1,,"
400,400,Break the compass and ask the expert to make it again,400.0,"413,0,0,,"
401,401,I don't know.,401.0,"414,0,1,,"
402,402,I don't know.,402.0,"415,1,0,,"
403,403,?,403.0,"416,0,0,,"
404,404,Put iron on the compass.,404.0,"417,0,0,,"
405,405,I don't know.,405.0,"418,0,0,,419,1,0,,"
406,406,I don't know.,406.0,"420,1,0,,"
407,407,Using a magnet,407.0,"421,1,0,,"
408,408,Turn on the switch,408.0,"422,1,0,,"
409,409,Move the needle with a magnet.,409.0,"423,1,0,,"
410,410,I don't know.,410.0,"424,1,0,,"
411,411,Because there's a magnet,411.0,"425,1,0,,"
412,412,It allows electricity to flow from both sides.,412.0,"426,1,0,,"
413,413,I don't know.,413.0,"427,1,0,,"
414,414,Don't know,414.0,"428,1,0,,"
415,415,ㅊ,415.0,"429,1,0,,"
416,416,Change the direction of the batteries.,416.0,"430,1,0,,"
417,417,The current flows a little more strongly.,417.0,"431,1,0,,"
418,418,The current needs to flow harder.,418.0,"432,0,1,,"
419,419,Apply a higher voltage.,419.0,"433,1,0,,"
420,420,Add more batteries in series,420.0,"434,0,0,,"
421,421,Increase the intensity of an electric current.,421.0,"435,1,0,,"
422,422,It makes the current flow harder.,422.0,"436,1,0,,"
423,423,Increase the voltage.,423.0,"437,1,0,,"
424,424,Increase the voltage.,424.0,"438,1,0,,"
425,425,Add batteries.(Strengthen the current.),425.0,"439,1,0,,"
426,426,It allows more current to flow.,426.0,"440,1,0,,"
427,427,It sends an electric current more strongly,427.0,"441,1,1,,"
428,428,The current flows and then cuts off.,428.0,"442,0,0,,"
429,429,"You can use the magnetic field, but you don't need it, and it moves a lot if you just shake it hard. The end",429.0,"443,0,0,,"
430,430,It blurs a stronger current. Add an electrical circuit.,430.0,"444,1,0,,"
431,431,I don't know.,431.0,"445,0,1,,"
432,432,Connect several batteries in series.,432.0,"446,1,0,,"
433,433,Connect more cells in series.,433.0,"447,1,0,,"
434,434,Increase the number of batteries to strengthen the current.,434.0,"448,0,0,,449,0,0,,"
435,435,Increase the current (in series of batteries),435.0,"450,0,0,,"
436,436,Open and close the swoosh.,436.0,"451,1,0,,"
437,437,Add batteries.,437.0,"452,0,0,,"
438,438,"A magnetic field flows around the current, and the larger the force, the greater the force of the magnetic field, so if a battery is added and connected in series, the needle of the compass moves more.",438.0,"453,1,0,,"
439,439,?,439.0,"454,1,0,,"
440,440,Remove the needle from the compass and turn it around,440.0,"455,0,0,,"
441,441,Add more electricity,441.0,"456,0,0,,"
442,442,Using Magnets,442.0,"457,1,0,,"
443,443,Connect additional batteries in series,443.0,"458,1,0,,"
444,444,Add batteries.,444.0,"459,1,0,,"
445,445,Don't know,445.0,"460,0,0,,"
446,446,I don't know,446.0,"461,1,0,,"
447,447,He he,447.0,"462,1,1,,"
448,448,Put in more batteries.,448.0,"463,1,0,,"
449,449,I don't know.,449.0,"464,1,0,,"
450,450,Use stronger batteries,450.0,"465,1,0,,"
451,451,It sends the electric current harder,451.0,"466,1,0,,"
452,452,coil a compass,452.0,"467,1,0,,"
453,453,?,453.0,"468,1,0,,"
454,454,Use a more powerful battery.,454.0,"469,1,0,,"
455,455,Add batteries. Add batteries,455.0,"470,1,0,,"
456,456,use a battery with a strong current,456.0,"471,0,0,,"
457,457,.,457.0,"472,1,0,,"
458,458,Add more batteries.,458.0,"473,0,0,,"
459,459,I think we can add a magnet,459.0,"474,1,0,,"
460,460,Increase the voltage by adding batteries,460.0,"475,1,0,,"
461,461,increase the intensity of an electric current,461.0,"476,1,0,,"
462,462,Increases the amount of electric current.,462.0,"477,1,0,,"
463,463,Increase the voltage.,463.0,"478,1,0,,479,1,1,,"
464,464,Increase the intensity of the current.,464.0,"480,0,0,,"
465,465,Add more batteries,465.0,"481,1,0,,"
466,466,Add batteries.,466.0,"482,0,0,,"
467,467,Add more batteries.,467.0,"483,1,0,,"
468,468,I don't know...,468.0,"484,1,0,,"
469,469,Increase the number of batteries,469.0,"485,1,0,,"
470,470,"""I'm done",470.0,"486,1,0,,"
471,471,"""",471.0,"487,1,0,,"
472,472,Add more batteries,472.0,"488,1,0,,"
473,473,Increase the voltage of the battery to increase the intensity of the current.,473.0,"489,1,0,,"
474,474,Place the current-carrying wires on both sides and press the right and left switches alternately.,474.0,"490,0,0,,"
475,475,"Connect the batteries in series and make them stronger, allowing more current to flow",475.0,"491,1,0,,"
476,476,Connect the batteries in series and make them stronger so that more batteries flow,476.0,"492,0,0,,"
477,477,Install a tool that can resist electricity,477.0,"493,1,0,,"
478,478,.,478.0,"494,0,1,,"
479,479,Use more batteries,479.0,"495,1,0,,"
480,480,I don't know.,480.0,"496,1,0,,"
481,481,Add more electrical circuits to supply more electricity,481.0,"497,0,1,,"
482,482,Press the switch.,482.0,"498,1,0,,"
483,483,Connect more batteries.,483.0,"499,1,0,,"
484,484,Add batteries.,484.0,"500,0,0,,"
485,485,Connect more batteries in series.,485.0,"501,1,0,,"
486,486,"If you put more batteries together, the compass moves because of the power of the batteries",486.0,"502,1,0,,"
487,487,Connect additional batteries in series.,487.0,"503,1,0,,"
488,488,That's right?,488.0,"504,0,1,,"
489,489,Use the cell as a stronger one.,489.0,"505,0,0,,"
490,490,Don't know,490.0,"506,1,0,,"
491,491,Further connect the cells in a series structure.,491.0,"507,0,0,,"
492,492,You can use the poles of the magnet,492.0,"508,1,0,,509,0,0,,"
493,493,It increases the intensity of the current flowing through the electrical circuit,493.0,"510,0,0,,"
494,494,Increase the power of electricity by adding batteries.use a magnet,494.0,"511,1,0,,"
495,495,It allows more current to flow.,495.0,"512,0,0,,"
496,496,Repeat after connecting the electrical circuit,496.0,"513,0,0,,"
497,497,an asterisk,497.0,"514,0,0,,"
498,498,use electricity to generate magnetic force,498.0,"515,0,0,,"
499,499,Electricity is applied to the compass.,499.0,"516,0,0,,"
500,500,Remove the battery and turn it into electricity,500.0,"517,0,1,,"
501,501,Magnet,501.0,"518,1,0,,"
502,502,All right.,502.0,"519,0,0,,"
503,503,battery,503.0,"520,1,0,,"
504,504,I don't know.,504.0,"521,1,0,,"
505,505,battery,505.0,"522,0,0,,"
506,506,I don't understand.,506.0,"523,1,0,,"
507,507,"""",507.0,"524,0,0,,"
508,508,"""I don't know""",508.0,"525,0,0,,"
509,509,Add a lot of electrical circuits,509.0,"526,0,0,,"
510,510,I don't know.,510.0,"527,1,0,,"
511,511,The compass can be tested without moving,511.0,"528,1,1,,"
512,512,Don't know,512.0,"529,1,0,,"
513,513,I don't know.,513.0,"530,0,0,,"
514,514,I don't know.,514.0,"531,0,0,,"
515,515,"""I'm holding a magnet",515.0,"532,1,0,,"
516,516,"""",516.0,"533,0,0,,"
517,517,Add an electrical circuit,517.0,"534,1,0,,"
518,518,I don't know.,518.0,"535,0,1,,"
519,519,Add batteries,519.0,"536,1,0,,"
520,520,Add more batteries.,520.0,"537,1,0,,"
521,521,Uncover the compass and turn the needle with the propeller.,521.0,"538,1,0,,539,1,0,,"
522,522,Battery,522.0,"540,0,0,,"
523,523,?,523.0,"541,1,0,,"
524,524,to bring an iron-based on the iron stuff,524.0,"542,1,1,,"
525,525,Don't know,525.0,"543,1,0,,"
526,526,"Change the positions of the N and S poles of the wire, change the direction of the current.",526.0,"544,1,0,,"
527,527,Add a magnet.,527.0,"545,0,0,,"
528,528,battery,528.0,"546,1,0,,"
529,529,damn,529.0,"547,1,0,,"
530,530,Change the flow,530.0,"548,1,0,,"
531,531,Add an electrical circuit to move the needle more,531.0,"549,0,0,,"
532,532,Hmm? What?,532.0,"550,1,0,,"
533,533,You can add it,533.0,"551,1,0,,"
534,534,Magnet,534.0,"552,1,0,,"
535,535,change the direction of an electric current,535.0,"553,1,1,,"
536,536,"""Sends more current",536.0,"554,0,0,,"
537,537,"All you need is a battery that sends you more energy.""",537.0,"555,1,0,,"
538,538,Add more batteries,538.0,"556,0,0,,"
539,539,It allows an electric current to flow.,539.0,"557,1,0,,"
540,540,Press the switch,540.0,"558,1,0,,"
541,541,to increase the current,541.0,"559,1,0,,"
542,542,You need to have more magnetism,542.0,"560,1,0,,"
543,543,It sends out greater energy.,543.0,"561,0,1,,"
544,544,Changing the ice direction of electric current in an electric circuit,544.0,"562,1,0,,"
545,545,I don't know yet.,545.0,"563,1,0,,"
546,546,Connect the same pole to the compass using one more battery.,546.0,"564,1,0,,"
547,547,It makes the current flowing stronger.,547.0,"565,1,0,,"
548,548,It allows the current to flow more.,548.0,"566,0,0,,"
549,549,Turn around.,549.0,"567,1,0,,"
550,550,Move more wires,550.0,"568,1,0,,569,0,0,,"
551,551,Connect a lot of batteries.,551.0,"570,0,0,,"
552,552,send more electricity,552.0,"571,0,0,,"
553,553,Use stronger magnets.,553.0,"572,1,0,,"
554,554,I don't know.,554.0,"573,0,0,,"
555,555,I think we need to put more wires and batteries.,555.0,"574,0,0,,"
556,556,I opened the switch Close and repeat.,556.0,"575,1,0,,"
557,557,causing more current to flow,557.0,"576,0,0,,"
558,558,Repeat the switch a lot,558.0,"577,0,0,,"
559,559,causing more current to flow,559.0,"578,0,0,,"
560,560,I think we can make more electricity flow,560.0,"579,0,0,,"
561,561,use a magnet,561.0,"580,0,0,,"
562,562,increase the amount of electricity,562.0,"581,0,0,,"
563,563,It makes the current flow strongly.,563.0,"582,1,0,,"
564,564,Replace batteries with new ones or change electricity.,564.0,"583,1,0,,"
565,565,The current flow is better attached so that it can move well.,565.0,"584,1,1,,"
566,566,"If you play more accurately side by side, you will move more.",566.0,"585,0,1,,"
567,567,It uses more batteries.,567.0,"586,1,0,,"
568,568,You'll just have to let more current flow.,568.0,"587,0,0,,"
569,569,I don't know.,569.0,"588,1,0,,"
570,570,I don't know.,570.0,"589,1,0,,"
571,571,I don't know.,571.0,"590,0,0,,"
572,572,"If the current moves in many directions, the needle on the compass will move more.",572.0,"591,1,0,,"
573,573,Keep turning the desk,573.0,"592,1,0,,"
574,574,I don't know.,574.0,"593,1,1,,"
575,575,Abbreviate electrical current.,575.0,"594,1,1,,"
576,576,I don't know,576.0,"595,1,0,,"
577,577,?,577.0,"596,1,1,,"
578,578,I don't know.,578.0,"597,1,1,,"
579,579,I don't know,579.0,"598,1,0,,599,1,1,,"
580,580,I don't know.,580.0,"600,1,1,,"
581,581,???????????????????????????????????????????????????????????????????????????,581.0,"601,1,0,,"
582,582,Increase the temperature of the electrical circuit.,582.0,"602,1,0,,"
583,583,Add batteries.,583.0,"603,0,0,,"
584,584,It uses electricity and magnets to make it fail.,584.0,"604,0,0,,"
585,585,Put a magnet in.,585.0,"605,1,0,,"
586,586,You can use electricity.,586.0,"606,1,0,,"
587,587,I don't know,587.0,"607,0,0,,"
588,588,I'm going to put on more batteries,588.0,"608,1,0,,"
589,589,Add more batteries to the electrical circuit because more electricity is needed.,589.0,"609,1,0,,"
590,590,"water, sunlight, soil",590.0,"610,1,0,,"
591,591,Electricity is enhanced by adding electric wires to the electrical circuit.,591.0,"611,1,0,,"
592,592,to send an electric current through,592.0,"612,1,0,,"
593,593,It makes the magnet biggerUse magnets or throttle (?).,593.0,"613,1,0,,"
594,594,Add the amount of current.,594.0,"614,1,0,,"
595,595,Make the magnet stronger and buy the necessary tools.,595.0,"615,1,0,,"
596,596,"I don't know, but I think we can just put the magnet and spin it around.",596.0,"616,1,0,,"
597,597,to use a car battery,597.0,"617,0,0,,"
598,598,Use a magnet.,598.0,"618,1,0,,"
599,599,Put a magnet on it.,599.0,"619,0,0,,"
600,600,Add more batteries.,600.0,"620,0,0,,"
601,601,Close the switch to change the direction in which the current flows.,601.0,"621,0,0,,"
602,602,unlearned,602.0,"622,1,0,,"
603,603,You can use centrifugal force to close and open the switch at the right timing.,603.0,"623,0,0,,"
604,604,"If it doesn't move, we'll add more electrical circuits",604.0,"624,1,0,,"
605,605,cause a stronger current to flow,605.0,"625,0,0,,"
606,606,I didn't even learn,606.0,"626,1,0,,"
607,607,Connect the car battery.,607.0,"627,1,0,,"
608,608,"If you let the electricity flow fast and a lot,",608.0,"628,0,1,,629,1,0,,"
609,609,Add batteries,609.0,"630,1,0,,"
610,610,It sends more electric current.,610.0,"631,1,0,,"
611,611,make electricity stronger,611.0,"632,1,0,,"
612,612,"Add another battery. Instead of connecting in series, connect in parallel so that you can receive more force.",612.0,"633,1,0,,"
613,613,Add batteries or substances with current flow electricity,613.0,"634,1,0,,"
614,614,Try moving the switch.,614.0,"635,1,0,,"
615,615,Put the batteries in,615.0,"636,0,0,,"
616,616,Move the desk.,616.0,"637,1,0,,"
617,617,Add more batteries.,617.0,"638,1,0,,"
618,618,I don't know.,618.0,"639,1,0,,"
619,619,I don't know.,619.0,"640,1,0,,"
620,620,I don't know,620.0,"641,1,0,,"
621,621,Increases the magnitude of the current.,621.0,"642,1,0,,"
622,622,.,622.0,"643,1,0,,"
623,623,Connect several batteries.,623.0,"644,1,0,,"
624,624,I don't know,624.0,"645,1,0,,"
625,625,It makes the current flow more,625.0,"646,1,0,,"
626,626,Let's say the battery is strong,626.0,"647,1,0,,"
627,627,Bring a magnet.,627.0,"648,0,0,,"
628,628,Increase the amount of current flowing through the wire.,628.0,"649,0,0,,"
629,629,It makes the current flow harder.,629.0,"650,1,0,,"
630,630,"If you increase the intensity of electricity and speed up the flow of current, the compass needle will move more.",630.0,"651,1,0,,"
631,631,More undercurrents are likely to be needed.,631.0,"652,1,0,,"
632,632,The battery is further connected to allow a strong current to flow.,632.0,"653,1,0,,"
633,633,We need to add batteries,633.0,"654,1,0,,"
634,634,Use a more powerful battery. Use more batteries.,634.0,"655,0,0,,"
635,635,I don't know,635.0,"656,1,0,,"
636,636,cause the current to flow harder,636.0,"657,1,0,,"
637,637,Add batteries or use strong batteries,637.0,"658,1,0,,659,1,0,,"
638,638,Add batteries.,638.0,"660,1,0,,"
639,639,Increase the number of batteries.,639.0,"661,1,0,,"
640,640,Add Battery,640.0,"662,1,0,,"
641,641,Add batteries to allow more current to flow.,641.0,"663,1,0,,"
642,642,Change the positions of the + and - poles of electricity.,642.0,"664,1,0,,"
643,643,Add a battery to allow more current to flow.,643.0,"665,0,1,,"
644,644,use more batteries,644.0,"666,0,0,,"
645,645,Add more batteries to make the current stronger,645.0,"667,1,1,,"
646,646,Add batteries and connect them in series to strengthen the current.,646.0,"668,0,0,,"
647,647,I don't know,647.0,"669,1,0,,"
648,648,Press and release the switch quickly,648.0,"670,1,0,,"
649,649,increase the electric current,649.0,"671,1,0,,"
650,650,Add more batteries.,650.0,"672,1,0,,"
651,651,I'm going to add one more electrical circuit,651.0,"673,0,0,,"
652,652,Increases the power of electrons?,652.0,"674,0,0,,"
653,653,Add an electrical circuit,653.0,"675,0,0,,"
654,654,.,654.0,"676,1,0,,"
655,655,It allows a stronger current to flow.,655.0,"677,1,0,,"
656,656,Add batteries.,656.0,"678,1,0,,"
657,657,Connect more batteries to make the current stronger.,657.0,"679,1,0,,"
658,658,Change the direction of the current.,658.0,"680,1,0,,"
659,659,The current needs to be stronger.,659.0,"681,1,0,,"
660,660,to increase the current,660.0,"682,1,0,,"
661,661,Serial battery connection,661.0,"683,1,0,,"
662,662,Add batteries.,662.0,"684,1,0,,"
663,663,Connect the batteries in series.,663.0,"685,1,0,,"
664,664,Take a magnet and put it on the compass and the needle will move more.,664.0,"686,1,0,,"
665,665,Forgetting,665.0,"687,1,0,,"
666,666,"The number of batteries can be connected more in series. The reason why the needle of the compass moves is due to the magnetic force due to the electric force, and since the intensity of the electric force and the intensity of the magnetic force are proportional, increase the number of batteries that can increase the intensity of the current.",666.0,"688,1,0,,689,1,0,,"
667,667,I don't know,667.0,"690,1,0,,"
668,668,A circuit should be added to allow the compass to move due to friction between the N and S poles.,668.0,"691,0,0,,"
669,669,Turn on the electrical circuit,669.0,"692,0,0,,"
670,670,Let the same biographies meet,670.0,"693,1,0,,"
671,671,to make the current flow more strongly,671.0,"694,0,1,,"
672,672,Place the wires on the compass.,672.0,"695,0,0,,"
673,673,I don't know...,673.0,"696,1,0,,"
674,674,(I don't know),674.0,"697,1,1,,"
675,675,Switch on and off and repeat,675.0,"698,1,0,,"
676,676,Let's make more electrical circuits.,676.0,"699,1,1,,"
677,677,It allows an electric current to flow.,677.0,"700,1,0,,"
678,678,You have to press the switch more to make the current flow better,678.0,"701,1,1,,"
679,679,Connect the battery more by connecting it in series.,679.0,"702,1,0,,"
680,680,Maybe we can make more electricity flow,680.0,"703,1,0,,"
681,681,Add more batteries and batteries,681.0,"704,1,0,,"
682,682,Add batteries and close the switch,682.0,"705,0,0,,"
683,683,a lot of electricity,683.0,"706,1,0,,"
684,684,Add and connect circuits.,684.0,"707,0,0,,"
685,685,"If you connect multiple electrical circuits and place them on a compass, they will move more.",685.0,"708,1,0,,"
686,686,Add an electrical circuit.,686.0,"709,0,1,,"
687,687,Connect more batteries to increase the strength of electricity.,687.0,"710,1,1,,"
688,688,Connect two more wires.,688.0,"711,0,1,,"
689,689,Connect more electrical circuits.,689.0,"712,0,1,,"
690,690,N o m n o m n o m,690.0,"713,0,0,,"
691,691,I don't know,691.0,"714,1,0,,"
692,692,Connect one more battery in seriesput a magnet around,692.0,"715,1,0,,"
693,693,I don't know,693.0,"716,1,0,,"
694,694,Add wires to make more current flow.,694.0,"717,1,0,,"
695,695,"The compass moves according to the magnet, but when you make electricity flow through the wire, the needle in the compass moves",695.0,"718,0,1,,719,1,1,,"
696,696,Use more electricity to make it move,696.0,"720,1,0,,"
697,697,Electricity and magnetism?,697.0,"721,1,0,,"
698,698,Add batteries.,698.0,"722,1,1,,"
699,699,"The compass moves according to the magnet, and the needle of the compass moves when current flows through the wire.",699.0,"723,1,0,,"
700,700,Use battery and cable lines to move,700.0,"724,1,1,,"
701,701,Experiment with two layers of wires.,701.0,"725,1,1,,"
702,702,use more electricity,702.0,"726,1,0,,"
703,703,No.,703.0,"727,0,0,,"
704,704,Add batteries,704.0,"728,1,1,,"
705,705,d,705.0,"729,1,0,,"
706,706,use more electricity,706.0,"730,1,0,,"
707,707,Using a magnet is... What do you think?,707.0,"731,1,0,,"
708,708,I think it would be good to use a magnet instead of electricity.,708.0,"732,1,0,,"
709,709,I think you can put a big magnet on the compass needle and turn it around.,709.0,"733,0,0,,"
710,710,Use a magnet to change the direction of the compass,710.0,"734,0,1,,"
711,711,Move the compass needle and wire in the direction,711.0,"735,1,0,,"
712,712,Let the electricity flow more,712.0,"736,1,0,,"
713,713,You can connect it with two electricity,713.0,"737,1,1,,"
714,714,"A few more batteries are connected in series to increase the intensity of the current, making the needle of the compass move more.",714.0,"738,1,0,,"
715,715,use more electricity,715.0,"739,0,0,,"
716,716,use a magnet,716.0,"740,1,1,,"
717,717,"""What should I do to make the compass needle move more without moving the compass (if you need anything, you can add it to the electrical circuit)? *",717.0,"741,0,0,,"
718,718,"""As the current becomes stronger, the magnetic field around the conductor becomes stronger, so the needle in the compass reacts more loudly by the stronger magnetic field, and the needle in the compass moves more.""",718.0,"742,1,0,,"
719,719,Connect more batteries to increase the current or change the metal used for conducting wires to lower resistance for better electrical conduction. Reduce resistance by shortening the length of the wire and thickening the head system.,719.0,"743,0,0,,"
720,720,"If the battery is possible, connecting a lot in series will make the current stronger, so the compass will move a lot.",720.0,"744,1,0,,"
721,721,Adding a diode to the electrical circuit and continuously changing the direction of the current by continuously changing the direction of the magnetic field can make the compass needle move more.,721.0,"745,1,0,,"
722,722,It makes electricity stronger.,722.0,"746,1,1,,"
723,723,"There is a way to add batteries. The addition of batteries will increase the amount of current flowing through the electrical circuit, thereby making the magnetic field force around the circuit more powerful, so the compass needle made of magnets will also move more.",723.0,"747,1,0,,"
724,724,"This experiment is important because if current flows through a wire, a magnetic field is generated around it. There was no magnetic field in the past, but when the electric current flows to the wire, the magnetic field is formed, so if you use a stronger battery or connect two batteries to make the current stronger, the magnetic field will become stronger and wider, and the needle in the compass will move more.",724.0,"748,1,0,,749,0,0,,"
725,725,The electrical circuit is continuously energized Design and install a device that can be given and given.,725.0,"750,0,0,,"
726,726,I don't know. I don't know.I don't know. I don't know.I don't know. I don't know.I don't know. I don't know.I don't know. I don't know.I don't know. I don't know.I don't know. I don't know.I don't know. I don't know.I don't know. I don't know.I don't know. I don't know.I don't know. I don't know.I don't know. I don't know.I don't know. I don't know.I don't know. I don't know.,726.0,"751,0,0,,"
727,727,"The reason why the compass moves is that the compass needle, which is a magnet, moves because an electric current flows to form a magnetic field. There is a condition that an electric current must flow for the compass needle to move. In order for the compass to move more, more current must flow. In order to let more current flow, more batteries need to be added. Adding a battery will increase the amount of current flowing, so the compass will move more. This method can also make the compass needle move more, as more current can be seen if the wire is thickened.",727.0,"752,0,0,,"
728,728,Connect additional batteries in series.,728.0,"753,0,1,,"
729,729,"Increase the number of cells to increase the intensity of the current. Alternatively, the electric wire is changed to something made of a material with a small resistance to reduce the resistance and increase the strength of the current.",729.0,"754,0,0,,"
730,730,"The movement of the compass needle is affected by the intensity of the current. To make the needle move more, there is a way to increase the intensity of electricity by adding a battery.",730.0,"755,0,1,,"
731,731,"In a situation where the current in the electric circuit flows, if the pole pointed to by the compass is the same as the pole in the electric circuit, it will move a lot.",731.0,"756,0,0,,"
732,732,Move the red in reverse,732.0,"757,0,0,,"
733,733,an electromagnet,733.0,"758,1,0,,"
734,734,I use more batteries,734.0,"759,0,1,,"
735,735,We need to make the power of electricity stronger,735.0,"760,1,0,,"
736,736,Add an electromagnet,736.0,"761,1,0,,"
737,737,Add another battery.,737.0,"762,1,1,,"
738,738,Replacement of .+rang-seul,738.0,"763,1,0,,"
739,739,Use a powerful current or magnet,739.0,"764,1,0,,"
740,740,I don't know,740.0,"765,0,1,,"
741,741,Add more batteries.,741.0,"766,1,0,,"
742,742,an electric wire,742.0,"767,0,0,,"
743,743,Close the switch and the compass moves as the current flows,743.0,"768,1,1,,"
744,744,"The stronger the current, the more it will move For example, connect two batteries in series.",744.0,"769,1,0,,"
745,745,Raise the intensity of the magnetic force line by raising the intensity of the electron.,745.0,"770,0,0,,"
746,746,Increases the intensity of an electric current.,746.0,"771,1,0,,"
747,747,Add batteries in series.,747.0,"772,0,0,,"
748,748,"To move the compass, there are ways to change the wire to a material with less resistance and to make the wire shorter and thicker.",748.0,"773,1,0,,"
749,749,I don't know.,749.0,"774,0,0,,"
750,750,I didn't learned it yet,750.0,"775,1,0,,"
751,751,I don't know,751.0,"776,1,0,,"
752,752,Magnet,752.0,"777,1,0,,"
753,753,I didn't learn it.,753.0,"778,1,0,,779,1,1,,"
754,754,Magnet,754.0,"780,1,0,,"
755,755,I didn't learn it,755.0,"781,1,0,,"
756,756,I don't know.,756.0,"782,1,0,,"
757,757,Turn it in the direction of the current,757.0,"783,1,0,,"
758,758,Move the magnet.,758.0,"784,1,0,,"
759,759,Add another battery,759.0,"785,1,0,,"
760,760,Add an electrical circuit,760.0,"786,1,0,,"
761,761,We need to increase the magnetic force,761.0,"787,1,0,,"
762,762,Add an electrical circuit.,762.0,"788,1,0,,"
763,763,Connect more batteries,763.0,"789,1,0,,"
764,764,Move the compass needle with a magnet.,764.0,"790,1,0,,"
765,765,Position the electrical circuit.,765.0,"791,1,0,,"
766,766,I don't know,766.0,"792,1,0,,"
767,767,Place a magnet near the electrical circuit (additionally),767.0,"793,0,0,,"
768,768,Place wires and compasses side by side to allow more current to flow.,768.0,"794,0,0,,"
769,769,No learning,769.0,"795,1,1,,"
770,770,"""Use batteries and electric wires to make electricity flow.",770.0,"796,1,0,,"
771,771,(The compass moves on current.),771.0,"797,0,1,,"
772,772,I don't know,772.0,"798,1,0,,"
773,773,Put more wires on the compass.,773.0,"799,1,0,,"
774,774,Light it up,774.0,"800,1,0,,"
775,775,increase the intensity of an electric current Connect more in series or increase the voltage.,775.0,"801,1,0,,"
776,776,Increase the intensity of the electric current.,776.0,"802,1,0,,"
777,777,It makes the current stronger.,777.0,"803,1,0,,"
778,778,Increase the voltage.,778.0,"804,1,0,,"
779,779,Put a magnet on it.,779.0,"805,1,0,,"
780,780,Add more batteries.,780.0,"806,1,0,,"
781,781,Insert more batteries.,781.0,"807,1,0,,"
782,782,Add the battery as a serial connection. Bring the wires closer together.,782.0,"808,0,0,,809,1,0,,"
783,783,Use a stronger battery.,783.0,"810,1,0,,"
784,784,Increase the intensity of the current or bring the wire closer to the compass.,784.0,"811,1,0,,"
785,785,Increase the number of batteries.,785.0,"812,1,0,,"
786,786,Reduce resistance or connect cells in series.,786.0,"813,1,0,,"
787,787,Harder batteries,787.0,"814,1,0,,"
788,788,Increase the number of batteries.,788.0,"815,1,0,,"
789,789,Increase the current intensity.,789.0,"816,1,0,,"
790,790,Add batteries in series.,790.0,"817,1,0,,"
791,791,"Increase the voltage.Reduced resistance, increased battery voltage, increased current",791.0,"818,1,0,,"
792,792,He's doing it the opposite,792.0,"819,1,0,,"
793,793,move the front,793.0,"820,1,0,,"
794,794,"The needle of the compass is moved by a magnetic field flowing around the wire. Therefore, in order to move the needle of the compass larger, you can increase the intensity of the magnetic force flowing around the magnetic field, so you can use a battery with a higher voltage.",794.0,"821,1,0,,"
795,795,Connect the batteries to both sides,795.0,"822,0,0,,"
796,796,It uses a magnet.,796.0,"823,1,0,,"
797,797,It causes the current to flow hard.,797.0,"824,1,1,,"
798,798,Apply more power.,798.0,"825,0,0,,"
799,799,lift only three electric currents,799.0,"826,0,1,,"
800,800,Change the battery to something with a stronger current,800.0,"827,1,0,,"
801,801,It makes the battery stronger.,801.0,"828,1,0,,"
802,802,Use a stronger battery.,802.0,"829,0,0,,"
803,803,It allows an electric current to flow.,803.0,"830,1,0,,"
804,804,It gives a stronger current.,804.0,"831,1,0,,"
805,805,Power up the current.,805.0,"832,1,0,,"
806,806,Use more batteries,806.0,"833,1,0,,"
807,807,Turn the switch off and on quickly.,807.0,"834,0,0,,"
808,808,I think you can use a stronger battery.,808.0,"835,1,0,,"
809,809,Power up the current.,809.0,"836,1,0,,"
810,810,Use a battery with a higher voltage or connect the battery in series to allow a larger current to flow through the circuit.,810.0,"837,1,0,,"
811,811,Use stronger cells or connect more cells to allow larger currents to flow.,811.0,"838,1,0,,839,0,0,,"
812,812,It sends the electric current harder,812.0,"840,0,0,,"
813,813,Add more batteries.,813.0,"841,1,0,,"
814,814,Change to a strong battery or connect several batteries.,814.0,"842,1,0,,"
815,815,It makes the cell stronger.,815.0,"843,0,0,,"
816,816,Reduce resistance by connecting more batteries or increasing the thickness of the wires.,816.0,"844,1,0,,"
817,817,Add a battery to increase the magnitude of the current.,817.0,"845,1,1,,"
818,818,Increase the voltage. (Connect the cells in series.),818.0,"846,0,0,,"
819,819,Add more batteries and connect them in series.,819.0,"847,1,0,,"
820,820,"If you add batteries in series to the electrical circuit to increase the voltage, the needle moves more.",820.0,"848,1,0,,"
821,821,I'm hungry,821.0,"849,0,1,,"
822,822,The battery is connected in parallel to amplify the intensity of the current.,822.0,"850,0,1,,"
823,823,"If a battery of higher voltage is used or additional batteries are connected in series to increase the voltage, the current will increase and the magnetic field around the wire will increase. A stronger magnetic field makes the compass needle move more.",823.0,"851,1,0,,"
824,824,Press the switch,824.0,"852,1,1,,"
825,825,Magnet,825.0,"853,1,1,,"
826,826,Additional batteries,826.0,"854,0,0,,"
827,827,make use of electricity,827.0,"855,0,0,,"
828,828,I don't know.,828.0,"856,1,0,,"
829,829,The cells are connected in series to increase the intensity of the current.,829.0,"857,1,0,,"
830,830,Connect additional batteries in series,830.0,"858,0,0,,"
831,831,cause a lot of electricity to flow,831.0,"859,1,0,,"
832,832,Add more batteries in series,832.0,"860,1,0,,"
833,833,I'm touching you touch it.,833.0,"861,1,0,,"
834,834,It increases the intensity of the current.,834.0,"862,1,0,,"
835,835,"""",835.0,"863,1,0,,"
836,836,It changes the flow of electric current,836.0,"864,1,0,,"
837,837,use more electricity,837.0,"865,1,0,,"
838,838,It makes electricity flow,838.0,"866,1,0,,"
839,839,ㅁㄹㅇ,839.0,"867,0,0,,"
840,840,Place the compass on the wire,840.0,"868,0,0,,869,1,0,,"
841,841,"In this situation, the way to make the compass needle move more is if you install a device that turns the direct current battery into alternating current, you can observe more movement. If you install an alternating current, the compass poles are alternately pointed to the left and right, so you can see them continuously vibrating or rotating. But in this situation, if you make the frequency too high, you might not be able to rotate many angles, so if you have a free frequency, you will move more.",841.0,"870,0,0,,"
842,842,Turn the voltage up the voltage,842.0,"871,1,0,,"
843,843,I don't understand.,843.0,"872,1,0,,"
844,844,"If you add more electric circuit and move it, it will move a lot",844.0,"873,1,0,,"
845,845,"Change the position of the wire, such as changing the wire from the bottom to the top, or change the direction of the needle through the magnet by adding a magnet.",845.0,"874,0,0,,"
846,846,Move the wires from bottom to top.,846.0,"875,1,0,,"
847,847,"If I press the switch, the current will be blurred and I think it will move.",847.0,"876,0,0,,"
848,848,Install more circuits,848.0,"877,1,0,,"
849,849,Install electromagnets in various directions,849.0,"878,1,0,,"
850,850,Install electromagnets in various directions,850.0,"879,1,0,,"
851,851,to increase the current,851.0,"880,0,0,,"
852,852,Add an electromagnet and let current flow through the wire.,852.0,"881,1,0,,"
853,853,"Adding an electromagnet, current flowing through the wire",853.0,"882,1,0,,"
854,854,k,854.0,"883,1,0,,"
855,855,I don't know.,855.0,"884,1,0,,"
856,856,It allows a stronger current to flow,856.0,"885,1,0,,"
857,857,causing a stronger current to flow,857.0,"886,1,0,,"
858,858,.,858.0,"887,1,0,,"
859,859,Then let's add more,859.0,"888,1,0,,"
860,860,a strong battery,860.0,"889,1,0,,"
861,861,Increase the number of batteries.,861.0,"890,1,0,,"
862,862,The battery needs to be stronger.,862.0,"891,0,0,,"
863,863,with a strong electric current,863.0,"892,1,0,,"
864,864,strengthen the strength of the battery,864.0,"893,0,0,,"
865,865,Add an electric fan,865.0,"894,1,0,,"
866,866,Add batteries,866.0,"895,1,0,,"
867,867,.,867.0,"896,0,0,,"
868,868,Set up a front around.,868.0,"897,0,0,,"
869,869,Connect more complexly or apply more pressure,869.0,"898,1,0,,899,0,0,,"
870,870,.,870.0,"900,1,0,,"
871,871,Add batteries.,871.0,"901,0,0,,"
872,872,Add more batteries,872.0,"902,1,0,,"
873,873,Turn up the power.,873.0,"903,0,0,,"
874,874,.,874.0,"904,1,0,,"
875,875,Add batteries.,875.0,"905,1,0,,"
876,876,You can't do that,876.0,"906,0,0,,"
877,877,It makes the current flow harder.,877.0,"907,1,0,,"
878,878,increase the electric current,878.0,"908,0,0,,"
879,879,Increase the voltage,879.0,"909,1,0,,"
880,880,What?,880.0,"910,0,0,,"
881,881,It sends electricity,881.0,"911,0,0,,"
882,882,Turns the strength of the cell into something stronger,882.0,"912,0,0,,"
883,883,It makes electricity stronger. Use two batteries.,883.0,"913,1,0,,"
884,884,Add more batteries to the electrical circuit.,884.0,"914,0,0,,"
885,885,Increase the voltage.,885.0,"915,0,0,,"
886,886,Add batteries.,886.0,"916,0,0,,"
887,887,increase the intensity of electricity,887.0,"917,0,0,,"
888,888,Connect more batteries with direct current,888.0,"918,0,0,,"
889,889,It causes the current to flow hard.,889.0,"919,0,0,,"
890,890,It makes the current flow stronger.Power cycle.,890.0,"920,0,0,,"
891,891,"increase the current, weaken the voltage",891.0,"921,1,0,,"
892,892,I don't know,892.0,"922,0,0,,"
893,893,Increase the amount of battery,893.0,"923,1,0,,"
894,894,Connect more cells in series.,894.0,"924,1,0,,"
895,895,Press and hold the switch.,895.0,"925,1,0,,"
896,896,I don't know.,896.0,"926,1,0,,"
897,897,Connect the batteries in series,897.0,"927,0,0,,"
898,898,sorry,898.0,"928,1,0,,929,0,0,,"
899,899,to run out of electrically,899.0,"930,0,0,,"
900,900,M,900.0,"931,0,0,,"
901,901,"Increase the intensity of the current (use a stronger battery, use multiple batteries). )",901.0,"932,0,0,,"
902,902,All right.,902.0,"933,0,0,,"
903,903,Adjust the intensity of the current strongly.,903.0,"934,1,0,,"
904,904,"To make the needle move more, it allows a lot of current to flow.",904.0,"935,0,1,,"
905,905,All right.,905.0,"936,1,0,,"
906,906,Putting the electric wire connected to the battery on the compass,906.0,"937,1,0,,"
907,907,I don't know,907.0,"938,0,0,,"
908,908,We add a wire or something to an electrical circuit,908.0,"939,1,0,,"
909,909,I don't know.,909.0,"940,1,0,,"
910,910,?,910.0,"941,0,0,,"
911,911,I don't know.,911.0,"942,1,0,,"
912,912,It makes electricity flow more.,912.0,"943,0,0,,"
913,913,I don't know,913.0,"944,0,0,,"
914,914,a compositional book,914.0,"945,1,0,,"
915,915,I don't know.,915.0,"946,0,0,,"
916,916,I don't know.,916.0,"947,0,0,,"
917,917,I don't know,917.0,"948,0,0,,"
918,918,I don't know.,918.0,"949,0,0,,"
919,919,I don't know.,919.0,"950,0,0,,"
920,920,Change the direction of the current.,920.0,"951,1,0,,"
921,921,I don't know,921.0,"952,1,0,,"
922,922,We need a sound man and a wire.,922.0,"953,0,0,,"
923,923,Add an electrical circuit.,923.0,"954,1,0,,"
924,924,Change the direction of the current.,924.0,"955,1,0,,"
925,925,Add more electrical circuits,925.0,"956,0,0,,"
926,926,I don't know.,926.0,"957,0,0,,"
927,927,Add one more battery to strengthen the electricity.,927.0,"958,0,0,,959,1,0,,"
928,928,Just press the switch,928.0,"960,1,0,,"
929,929,Just press the switch,929.0,"961,1,0,,"
930,930,It's moving with electronics,930.0,"962,0,0,,"
931,931,Just press the switch,931.0,"963,0,0,,"
932,932,Add an electrical circuit,932.0,"964,1,0,,"
933,933,contacting electrical wires that touch the batteries,933.0,"965,0,0,,"
934,934,It is to use a lot of magnets.,934.0,"966,0,0,,"
935,935,Add an electrical circuit.,935.0,"967,0,0,,"
936,936,"If you use more electrical circuits, the compass will run more",936.0,"968,1,0,,"
937,937,I don't know.,937.0,"969,0,0,,"
938,938,"If you use a lot of electrical circuits, the compass will turn",938.0,"970,0,0,,"
939,939,a battery circuit,939.0,"971,1,0,,"
940,940,I don't know,940.0,"972,0,0,,"
941,941,Add batteries.,941.0,"973,0,0,,"
942,942,I don't know.,942.0,"974,0,0,,"
943,943,I don't know.,943.0,"975,0,0,,"
944,944,We can make more electrical circuits,944.0,"976,0,0,,"
945,945,I don't know,945.0,"977,0,0,,"
946,946,I don't know,946.0,"978,0,0,,"
947,947,I don't know.,947.0,"979,1,0,,"
948,948,"Move what is under the compass without turning it all the time. (e.g., turn the desk around.",948.0,"980,0,0,,"
949,949,I don't know,949.0,"981,1,0,,"
950,950,Place the compass under the wire and close the switch to increase the current.,950.0,"982,0,0,,"
951,951,increase the intensity of an electric current,951.0,"983,0,0,,"
952,952,I don't know,952.0,"984,0,0,,"
953,953,increase the intensity of an electric current,953.0,"985,0,0,,"
954,954,battery,954.0,"986,0,0,,"
955,955,I don't know,955.0,"987,0,0,,"
956,956,Use something with stronger electricity.,956.0,"988,1,0,,989,0,0,,"
957,957,I don't know.,957.0,"990,0,0,,"
958,958,Use an electrical circuit to allow current to flow,958.0,"991,1,0,,"
959,959,increase the intensity of an electric current,959.0,"992,1,0,,"
960,960,"Because compass needles respond to current, when current flows through the compass saliva, the compass saliva moves.",960.0,"993,0,0,,"
961,961,I don't know.,961.0,"994,1,0,,"
962,962,I don't know.,962.0,"995,0,0,,"
963,963,Increase the intensity of the current.,963.0,"996,1,0,,"
964,964,I don't know,964.0,"997,0,0,,"
965,965,I don't know.,965.0,"998,1,0,,"
966,966,I don't know,966.0,"999,0,0,,"
967,967,Keep the electricity closer,967.0,"1000,1,0,,"
968,968,I don't know,968.0,"1001,1,0,,"
969,969,Bring a lot of strong electricity and stick it on,969.0,"1002,0,0,,"
970,970,Bring the current closer,970.0,"1003,1,0,,"
971,971,by the force of the wind,971.0,"1004,1,0,,"
972,972,Don't know,972.0,"1005,1,0,,"
973,973,I haven't done it yet.,973.0,"1006,1,0,,"
974,974,No learning,974.0,"1007,1,0,,"
975,975,I don't know,975.0,"1008,1,0,,"
976,976,I haven't learned it yet,976.0,"1009,1,0,,"
977,977,I don't know,977.0,"1010,0,0,,"
978,978,Make the current flow stronger or increase the switch to connect a lot of wires in many directions,978.0,"1011,1,0,,"
979,979,No learning,979.0,"1012,1,0,,"
980,980,Changing the direction of the current,980.0,"1013,1,0,,"
981,981,I don't know,981.0,"1014,1,0,,"
982,982,I don't know,982.0,"1015,1,0,,"
983,983,I don't know,983.0,"1016,0,0,,"
984,984,line,984.0,"1017,0,0,,"
985,985,I don't know,985.0,"1018,0,0,,1019,0,0,,"
986,986,Because the compass needle has to move to know the location.,986.0,"1020,0,0,,"
987,987,increase the intensity of an electric current,987.0,"1021,0,0,,"
988,988,I don't know,988.0,"1022,0,0,,"
989,989,I don't know.Send the current to your compass,989.0,"1023,1,0,,"
990,990,You have to let more current flow down,990.0,"1024,1,0,,"
991,991,I don't know,991.0,"1025,1,0,,"
992,992,Add batteries.,992.0,"1026,0,0,,"
993,993,The other way around,993.0,"1027,1,0,,"
994,994,Turn on the electricity.,994.0,"1028,0,0,,"
995,995,an increase in electricity,995.0,"1029,0,0,,"
996,996,Increases the voltage strength.,996.0,"1030,0,0,,"
997,997,to provide more electricity,997.0,"1031,1,0,,"
998,998,Turn up the electricity,998.0,"1032,1,0,,"
999,999,Increase the power of electricity.,999.0,"1033,1,0,,"
1000,1000,Press and hit the switch repeatedly.,1000.0,"1034,1,0,,"
1001,1001,It gives a larger current.,1001.0,"1035,1,0,,"
1002,1002,Connect more cells to electrical circuits in series.,1002.0,"1036,1,0,,"
1003,1003,Add one more battery and connect it in series.,1003.0,"1037,1,0,,"
1004,1004,Add an electrical circuit,1004.0,"1038,1,0,,"
1005,1005,send more electricity,1005.0,"1039,1,0,,"
1006,1006,Connect more batteries in series.,1006.0,"1040,1,0,,"
1007,1007,Connect the batteries,1007.0,"1041,0,0,,"
1008,1008,M and D,1008.0,"1042,0,0,,"
1009,1009,Increase the current.,1009.0,"1043,0,0,,"
1010,1010,to install batteries to increase current,1010.0,"1044,0,0,,"
1011,1011,Add batteries.,1011.0,"1045,0,0,,"
1012,1012,Add batteries,1012.0,"1046,1,0,,"
1013,1013,Connect in series or increase the number of batteries,1013.0,"1047,1,0,,"
1014,1014,I don't know...............,1014.0,"1048,0,0,,1049,1,0,,"
1015,1015,I don't know...............,1015.0,"1050,0,0,,"
1016,1016,I don't know,1016.0,"1051,0,0,,"
1017,1017,I don't know.,1017.0,"1052,0,0,,"
1018,1018,I don't know,1018.0,"1053,1,0,,"
1019,1019,I don't know,1019.0,"1054,1,0,,"
1020,1020,I don't know,1020.0,"1055,1,0,,"
1021,1021,It adds three more electrical current.,1021.0,"1056,1,0,,"
1022,1022,increase the intensity of an electric current,1022.0,"1057,1,0,,"
1023,1023,increase the electric current,1023.0,"1058,0,0,,"
1024,1024,I don't know,1024.0,"1059,0,0,,"
1025,1025,Add one more battery,1025.0,"1060,0,0,,"
1026,1026,.,1026.0,"1061,1,0,,"
1027,1027,Don't know,1027.0,"1062,1,0,,"
1028,1028,I don't know,1028.0,"1063,0,0,,"
1029,1029,Increase the amount of current,1029.0,"1064,1,0,,"
1030,1030,Turn up the voltage,1030.0,"1065,0,0,,"
1031,1031,I'm adding a pattery Turn up the voltage,1031.0,"1066,0,0,,"
1032,1032,Flow the AC current,1032.0,"1067,1,0,,"
1033,1033,We need to turn on the electricity★,1033.0,"1068,0,1,,"
1034,1034,Add batteries,1034.0,"1069,1,0,,"
1035,1035,Increase the voltage.,1035.0,"1070,0,0,,"
1036,1036,Makes the current flow stronger or reduces resistance.,1036.0,"1071,1,0,,"
1037,1037,Add batteries.,1037.0,"1072,0,0,,"
1038,1038,Add batteries in series.,1038.0,"1073,1,0,,"
1039,1039,"""I don't know",1039.0,"1074,1,0,,"
1040,1040,"""",1040.0,"1075,1,0,,"
1041,1041,h,1041.0,"1076,1,0,,"
1042,1042,h,1042.0,"1077,1,0,,"
1043,1043,I don't know,1043.0,"1078,1,0,,1079,1,0,,"
1044,1044,.,1044.0,"1080,1,0,,"
1045,1045,It's good for electricity,1045.0,"1081,0,0,,"
1046,1046,to increase the current,1046.0,"1082,0,0,,"
1047,1047,.,1047.0,"1083,0,0,,"
1048,1048,Add batteries,1048.0,"1084,1,0,,"
1049,1049,....,1049.0,"1085,1,0,,"
1050,1050,I don't know,1050.0,"1086,0,0,,"
1051,1051,Put the circuit underneath,1051.0,"1087,0,0,,"
1052,1052,to increase the current by adding batteries,1052.0,"1088,0,0,,"
1053,1053,Add more batteries,1053.0,"1089,1,0,,"
1054,1054,Add more batteries.,1054.0,"1090,0,0,,"
1055,1055,Add more batteries.,1055.0,"1091,1,0,,"
1056,1056,Connect more batteries in series,1056.0,"1092,1,0,,"
1057,1057,Move the direction,1057.0,"1093,1,0,,"
1058,1058,I don't know.,1058.0,"1094,1,0,,"
1059,1059,?,1059.0,"1095,0,0,,"
1060,1060,It sends more electricity,1060.0,"1096,1,0,,"
1061,1061,Add batteries,1061.0,"1097,0,0,,"
1062,1062,I don't know.,1062.0,"1098,0,0,,"
1063,1063,battery,1063.0,"1099,1,0,,"
1064,1064,I don't know.,1064.0,"1100,1,0,,"
1065,1065,I don't know.,1065.0,"1101,1,0,,"
1066,1066,Connect more batteries,1066.0,"1102,1,0,,"
1067,1067,Using Magnets,1067.0,"1103,1,0,,"
1068,1068,It makes the current stronger,1068.0,"1104,0,0,,"
1069,1069,a battery,1069.0,"1105,1,0,,"
1070,1070,Add more batteries,1070.0,"1106,1,0,,"
1071,1071,move the compass with one's fingers,1071.0,"1107,1,0,,"
1072,1072,to increase the current,1072.0,"1108,1,0,,1109,1,0,,"
1073,1073,Add batteries,1073.0,"1110,1,0,,"
1074,1074,change the intensity of an electric current,1074.0,"1111,1,0,,"
1075,1075,Add more cells in series.,1075.0,"1112,1,0,,"
1076,1076,increase the amount of electric current,1076.0,"1113,1,0,,"
1077,1077,The battery is further connected in series to increase the intensity of the current.,1077.0,"1114,1,0,,"
1078,1078,"Increase the intensity of the current to increase the width of the needle shaking of the compass. Alternatively, if the current continues to change for a very short period of time, the direction indicated by the N pole of the compass will continue to move, and the object will continue to move in the opposite direction by acceleration, but the stone will increase over the same period of time.",1078.0,"1115,1,0,,"
1079,1079,Add batteries,1079.0,"1116,1,0,,"
1080,1080,I don't know.,1080.0,"1117,0,1,,"
1081,1081,It's a mess,1081.0,"1118,1,0,,"
1082,1082,give power to,1082.0,"1119,1,0,,"
1083,1083,Increase the battery,1083.0,"1120,1,0,,"
1084,1084,It sends more electricity,1084.0,"1121,1,0,,"
1085,1085,Blowing the Wind,1085.0,"1122,1,0,,"
1086,1086,I don't know any more,1086.0,"1123,1,0,,"
1087,1087,I don't know any more,1087.0,"1124,1,0,,"
1088,1088,Add more batteriesM and D,1088.0,"1125,1,0,,"
1089,1089,to flow more electricity,1089.0,"1126,1,0,,"
1090,1090,Connect the batteries in parallel,1090.0,"1127,0,0,,"
1091,1091,Add batteries,1091.0,"1128,0,0,,"
1092,1092,Add more batteries.,1092.0,"1129,0,1,,"
1093,1093,Move the needle more,1093.0,"1130,1,0,,"
1094,1094,It makes electricity flow,1094.0,"1131,1,0,,"
1095,1095,Wire the compass to another position.,1095.0,"1132,0,0,,"
1096,1096,I don't know.,1096.0,"1133,0,0,,"
1097,1097,Increase the number of batteries by serial connection.,1097.0,"1134,1,0,,"
1098,1098,Wind the coil a lot. Increase the intensity of the current.,1098.0,"1135,0,0,,"
1099,1099,Increase the voltage.,1099.0,"1136,1,0,,"
1100,1100,Apply a stronger current,1100.0,"1137,0,0,,"
1101,1101,Increase the current strength,1101.0,"1138,0,0,,1139,0,0,,"
1102,1102,Move the line below the compass. Change the direction of the battery.,1102.0,"1140,0,0,,"
1103,1103,increase in the intensity of an electric current,1103.0,"1141,0,0,,"
1104,1104,Increase the intensity of the current (additional battery),1104.0,"1142,0,0,,"
1105,1105,Increases the intensity of an electric current.,1105.0,"1143,1,0,,"
1106,1106,Use a battery with a large voltage value.,1106.0,"1144,0,0,,"
1107,1107,Increase the voltage by connecting the batteries in series.,1107.0,"1145,1,0,,"
1108,1108,Increase the battery voltage.,1108.0,"1146,1,0,,"
1109,1109,Increase the intensity of the electric current. Reduce wire resistance.,1109.0,"1147,0,0,,"
1110,1110,Increase the intensity of the electric current.,1110.0,"1148,1,0,,"
1111,1111,Connect more batteries in series.,1111.0,"1149,0,0,,"
1112,1112,Connect more batteries.,1112.0,"1150,0,0,,"
1113,1113,Add batteries to increase the intensity of the electric current.,1113.0,"1151,1,0,,"
1114,1114,More current must be allowed to flow. Put more batteries.,1114.0,"1152,0,0,,"
1115,1115,Put a magnet on it,1115.0,"1153,1,0,,"
1116,1116,Change the battery part to the car battery.,1116.0,"1154,1,0,,"
1117,1117,Add batteries in series,1117.0,"1155,1,0,,"
1118,1118,Use more batteries,1118.0,"1156,1,0,,"
1119,1119,Add batteries,1119.0,"1157,1,0,,"
1120,1120,It allows an electric current to flow.,1120.0,"1158,1,0,,"
1121,1121,Add batteries,1121.0,"1159,1,0,,"
1122,1122,strengthen the intensity of an electric current,1122.0,"1160,0,0,,"
1123,1123,Add more batteries.,1123.0,"1161,0,0,,"
1124,1124,strengthen an electric current,1124.0,"1162,1,0,,"
1125,1125,Connect more wires,1125.0,"1163,0,0,,"
1126,1126,L.,1126.0,"1164,1,0,,"
1127,1127,Put a magnet on it,1127.0,"1165,1,0,,"
1128,1128,Connect more batteries.,1128.0,"1166,1,0,,"
1129,1129,Increase the intensity of the current.,1129.0,"1167,1,0,,"
1130,1130,I don't know.,1130.0,"1168,1,0,,1169,0,1,,"
1131,1131,I don't understand.,1131.0,"1170,1,0,,"
1132,1132,It sends an electric current more strongly,1132.0,"1171,0,1,,"
1133,1133,"If you press the switch and repeat it, it moves a lot",1133.0,"1172,1,0,,"
1134,1134,"""1. Use a lot of batteries.",1134.0,"1173,1,0,,"
1135,1135,"2. Use a strong battery.""",1135.0,"1174,1,0,,"
1136,1136,I don't know,1136.0,"1175,1,0,,"
1137,1137,All right.,1137.0,"1176,0,0,,"
1138,1138,Strengthen electrical power,1138.0,"1177,1,0,,"
1139,1139,I don't know.,1139.0,"1178,1,0,,"
1140,1140,I have no idea.,1140.0,"1179,1,0,,"
1141,1141,I don't know,1141.0,"1180,1,0,,"
1142,1142,"""Make the current stronger",1142.0,"1181,1,0,,"
1143,1143,"""It's flowing""",1143.0,"1182,0,1,,"
1144,1144,I don't remember,1144.0,"1183,0,0,,"
1145,1145,It sends electricity hard,1145.0,"1184,1,0,,"
1146,1146,Insert the battery,1146.0,"1185,1,0,,"
1147,1147,Add a wire,1147.0,"1186,1,0,,"
1148,1148,More batteries are connected to strengthen the intensity of the flowing current.,1148.0,"1187,1,0,,"
1149,1149,I don't know,1149.0,"1188,1,0,,"
1150,1150,Touch the wires.,1150.0,"1189,1,0,,"
1151,1151,It flows electricity,1151.0,"1190,1,0,,"
1152,1152,I don't know,1152.0,"1191,1,0,,"
1153,1153,The electric current flows strongly,1153.0,"1192,1,0,,"
1154,1154,The electric current flows strongly.,1154.0,"1193,1,0,,"
1155,1155,The electric current flows strongly.,1155.0,"1194,1,0,,"
1156,1156,It sends an electric current stronger.,1156.0,"1195,1,0,,"
1157,1157,"If you increase the amount of battery, it will move more.",1157.0,"1196,1,0,,"
1158,1158,Place the electrical circuit in a reverse direction on the Nazi's.,1158.0,"1197,1,0,,"
1159,1159,Add batteries.,1159.0,"1198,1,0,,1199,1,0,,"
1160,1160,strengthen the magnetism,1160.0,"1200,0,1,,"
1161,1161,"I'm sorry, friends",1161.0,"1201,1,0,,"
1162,1162,Add more electrical circuits.,1162.0,"1202,1,0,,"
1163,1163,All right.,1163.0,"1203,1,0,,"
1164,1164,Send electricity here and there,1164.0,"1204,0,0,,"
1165,1165,Add the battery to the electrical circuit.,1165.0,"1205,1,0,,"
1166,1166,Change the direction of the current,1166.0,"1206,1,0,,"
1167,1167,"""The direction of the current",1167.0,"1207,0,0,,"
1168,1168,"""I'm changing it""",1168.0,"1208,1,0,,"
1169,1169,Change the direction of the current,1169.0,"1209,1,0,,"
1170,1170,Take a magnet and spin it around the compass,1170.0,"1210,0,0,,"
1171,1171,Connect one more battery in series,1171.0,"1211,0,0,,"
1172,1172,It makes it move with a magnet.,1172.0,"1212,1,0,,"
1173,1173,"Shake it.""",1173.0,"1213,1,0,,"
1174,1174,"First, we need to increase the strength, so prepare one more battery and add two more wires to increase the strength by connecting them in parallel",1174.0,"1214,1,0,,"
1175,1175,Connect more batteries,1175.0,"1215,0,0,,"
1176,1176,Add more battery connections to make the current stronger.,1176.0,"1216,0,0,,"
1177,1177,Add an electrical circuit,1177.0,"1217,0,0,,"
1178,1178,Take the electrical circuit's wires in a straight line to the compass consistent with the compass needle.,1178.0,"1218,0,0,,"
1179,1179,Connect the current.,1179.0,"1219,1,0,,"
1180,1180,"Increase voltage, increase power, or decrease resistance.",1180.0,"1220,0,0,,"
1181,1181,It makes the compass needle move by making magnetic with the energy of the battery.,1181.0,"1221,0,0,,"
1182,1182,increase the intensity of an electric current,1182.0,"1222,1,0,,"
1183,1183,Lower the resistance and increase the voltage,1183.0,"1223,0,0,,"
1184,1184,"I think if you attach a magnet with a very strong magnetic force, it can move around a lot.",1184.0,"1224,0,0,,"
1185,1185,Lowering resistance,1185.0,"1225,0,0,,"
1186,1186,Lower the resistance and increase the voltage,1186.0,"1226,0,0,,"
1187,1187,I'm using more batteriesLower the resistance and increase the voltage,1187.0,"1227,1,0,,"
1188,1188,You have to use electricity.,1188.0,"1228,1,0,,1229,1,0,,"
1189,1189,Put a lot of batteries in the electrical circuit and let a lot of current flow out,1189.0,"1230,1,0,,"
1190,1190,It allows more current to flow.,1190.0,"1231,1,0,,"
1191,1191,Connect the batteries in series,1191.0,"1232,1,0,,"
1192,1192,cause an electric current to flow,1192.0,"1233,1,0,,"
1193,1193,Put more batteries so that more electricity flows.,1193.0,"1234,1,0,,"
1194,1194,Add one more battery.,1194.0,"1235,0,0,,"
1195,1195,Lower the resistance and increase the voltage,1195.0,"1236,1,0,,"
1196,1196,Lower resistance and increase current.,1196.0,"1237,0,1,,"
1197,1197,Lower the resistance and increase the voltage,1197.0,"1238,1,0,,"
1198,1198,"Connect more batteries in series to the original electrical circuit, making the current stronger, causing the compass needle to move more",1198.0,"1239,0,0,,"
1199,1199,"As much as the electric wires are added in series to the compass, a lot of switches are added to flow a lot of current.",1199.0,"1240,1,0,,"
1200,1200,Connect the batteries in series,1200.0,"1241,1,0,,"
1201,1201,"If you use a magnet, you can move more.",1201.0,"1242,0,0,,"
1202,1202,Add one more battery in series.,1202.0,"1243,0,0,,"
1203,1203,Add batteries to increase the intensity of the current.,1203.0,"1244,1,0,,"
1204,1204,Make the current stronger or connect one more battery in series to the original electrical circuit.,1204.0,"1245,0,0,,"
1205,1205,"""1. Make sure electricity flows.",1205.0,"1246,1,0,,"
1206,1206,"2. Prepare a lot of supplies.""",1206.0,"1247,1,0,,"
1207,1207,Add batteries and wires to the electrical circuit.,1207.0,"1248,1,0,,"
1208,1208,"Connect batteries to electrical circuits in series.""",1208.0,"1249,0,0,,"
1209,1209,Increase the current intensity,1209.0,"1250,1,1,,"
1210,1210,reverse the circuit,1210.0,"1251,0,1,,"
1211,1211,Turn the electrical circuit from side to side,1211.0,"1252,0,0,,"
1212,1212,"If you want the compass to move more needles in the compass without moving it, you need to add batteries as much as you move more.",1212.0,"1253,1,1,,"
1213,1213,Change the direction of the compass,1213.0,"1254,1,0,,"
1214,1214,I don't know.,1214.0,"1255,0,0,,"
1215,1215,Add reproduction,1215.0,"1256,0,1,,"
1216,1216,Increase the number of batteries,1216.0,"1257,0,1,,"
1217,1217,It allows more current to flow.And increase the number of cells.,1217.0,"1258,1,0,,1259,0,1,,"
1218,1218,.-.ㅡ,1218.0,"1260,1,0,,"
1219,1219,처The first time,1219.0,"1261,0,1,,"
1220,1220,I don't know,1220.0,"1262,0,0,,"
1221,1221,Don't know,1221.0,"1263,0,1,,"
1222,1222,to make the current stronger,1222.0,"1264,1,0,,"
1223,1223,I don't know,1223.0,"1265,0,0,,"
1224,1224,Put it on various sides and put it on the side that moves a lot.,1224.0,"1266,0,0,,"
1225,1225,Blur the current hard.,1225.0,"1267,0,0,,"
1226,1226,I don't know,1226.0,"1268,0,0,,"
1227,1227,I don't know,1227.0,"1269,1,0,,"
1228,1228,I don't know.,1228.0,"1270,0,0,,"
1229,1229,I don't know.,1229.0,"1271,0,0,,"
1230,1230,Connect in parallel,1230.0,"1272,1,0,,"
1231,1231,A lot of voltage!,1231.0,"1273,0,0,,"
1232,1232,Additional battery,1232.0,"1274,0,0,,"
1233,1233,Add batteries,1233.0,"1275,1,0,,"
1234,1234,It sends an electric current more strongly.,1234.0,"1276,0,0,,"
1235,1235,Increase the number of batteries,1235.0,"1277,1,0,,"
1236,1236,Change the battery voltage to a stronger one,1236.0,"1278,1,0,,"
1237,1237,Add a lot of batteries or use a wire with a higher electrical power.,1237.0,"1279,1,0,,"
1238,1238,I don't know.,1238.0,"1280,0,0,,"
1239,1239,It makes the current flow harder.,1239.0,"1281,0,0,,"
1240,1240,I'm bringing a magnet,1240.0,"1282,0,0,,"
1241,1241,It allows more current to flow.,1241.0,"1283,0,0,,"
1242,1242,Because of the n pole and the s pole,1242.0,"1284,0,0,,"
1243,1243,"""㉠Create an electrical circuit by connecting cells, pincer wires, switches, and wires.",1243.0,"1285,0,0,,"
1244,1244,Align the compass needle north-south and bring the wires of the electrical circuit straight to the compass consistent with the compass needle.,1244.0,"1286,0,0,,"
1245,1245,Open and close the switch to observe the movement of the compass needle.,1245.0,"1287,1,0,,"
1246,1246,"Change the direction in which the current flows and repeat the experiment.""",1246.0,"1288,0,0,,1289,1,0,,"
1247,1247,Close the switch and let the current flow harder,1247.0,"1290,1,0,,"
1248,1248,I'm going counterclockwise,1248.0,"1291,1,0,,"
1249,1249,I don't know,1249.0,"1292,1,0,,"
1250,1250,Add an electrical circuit.,1250.0,"1293,1,0,,"
1251,1251,I don't know,1251.0,"1294,1,1,,"
1252,1252,It moves using an electrical circuit.,1252.0,"1295,0,1,,"
1253,1253,It sends out a stronger current.,1253.0,"1296,0,0,,"
1254,1254,"If you bring the electric wire close to the compass,",1254.0,"1297,1,0,,"
1255,1255,Turn the compass,1255.0,"1298,1,0,,"
1256,1256,"""",1256.0,"1299,1,0,,"
1257,1257,"The more electricity you wind, the stronger the electromagnetic induction, so the stronger the magnetic field becomes and the more it moves.""",1257.0,"1300,1,0,,"
1258,1258,You may need a magnet or a metal object rubbed against the magnet.,1258.0,"1301,1,0,,"
1259,1259,I don't know,1259.0,"1302,1,0,,"
1260,1260,"""The reason the compass needle moves is because of the influence of (magnetic field) or (electric field).The N pole of the compass needle refers to the S pole of the bar magnet, and the S pole refers to the N pole of the bar magnet.Connecting the direction indicated by the N pole of the compass leaves the N pole of the bar magnet and enters the S pole.",1260.0,"1303,1,0,,"
1261,1261,"Needle placed under the enamel line: ·If the current is north-south, the N pole turns west.·If the current is in the north-south direction, the N pole returns to the east",1261.0,"1304,1,0,,"
1262,1262,"Needle placed on the enamel line: ·If the current is north-south, the N pole turns east.",1262.0,"1305,1,0,,"
1263,1263,"·If the current is in the north-south direction, the N pole returns to the west.",1263.0,"1306,1,0,,"
1264,1264,"Connecting the battery in the opposite direction will change the direction of the current and reverse the needle in the compass.""",1264.0,"1307,1,0,,"
1265,1265,Change the direction of the current.,1265.0,"1308,0,0,,"
1266,1266,I don't know,1266.0,"1309,1,0,,"
1267,1267,Put the magnet close to the compass.,1267.0,"1310,1,0,,"
1268,1268,The needle moves in the direction of the magnetic field formed on the enamel line.,1268.0,"1311,0,0,,"
1269,1269,It sends out a slightly stronger current.,1269.0,"1312,0,1,,"
1270,1270,It moves with an electromagnet.,1270.0,"1313,0,0,,"
1271,1271,It allows more current to flow.,1271.0,"1314,1,0,,"
1272,1272,It moves with a magnet or a metal object.,1272.0,"1315,0,0,,"
1273,1273,I don't know,1273.0,"1316,1,0,,"
1274,1274,use a magnet,1274.0,"1317,1,0,,"
1275,1275,electricity,1275.0,"1318,1,0,,1319,1,0,,"
1276,1276,I have no idea.,1276.0,"1320,0,0,,"
1277,1277,Get close to the electronics,1277.0,"1321,1,0,,"
1278,1278,keep the wires from side by side,1278.0,"1322,1,0,,"
1279,1279,I'm turning it,1279.0,"1323,1,0,,"
1280,1280,I need an electrical circuit.,1280.0,"1324,1,0,,"
1281,1281,I don't know,1281.0,"1325,1,0,,"
1282,1282,Move the line.,1282.0,"1326,0,0,,"
1283,1283,"If you let more current flow, the needle will move more.",1283.0,"1327,1,0,,"
1284,1284,What...?,1284.0,"1328,1,0,,"
1285,1285,I'm turning it,1285.0,"1329,1,0,,"
1286,1286,It sends a lot of electricity.Connect more wires to the compass.,1286.0,"1330,1,0,,"
1287,1287,Add more electrical circuits to allow stronger currents to flow,1287.0,"1331,,,,"
1288,1288,Add more electricity,1288.0,"1332,,,,"
1289,1289,It sends a stronger current,1289.0,"1333,62.6%,8.8%,,"
1290,1290,Changing directions,,
1291,1291,Using the power of electricity,,
1292,1292,I think we can put the compass under the wire and adjust the direction so that the compass needle and the wire are side by side,,
1293,1293,"When electrons and wires are moved, the compass moves by electrical action.",,
1294,1294,Shake the wires,,
1295,1295,I don't know.,,
1296,1296,I don't know.,,
1297,1297,More battery connections,,
1298,1298,I don't know.,,
1299,1299,increase the intensity of an electric current,,
1300,1300,Connect more batteries in series,,
1301,1301,increase the intensity of an electric current,,
1302,1302,Strong current flow,,
1303,1303,Connect several batteries,,
1304,1304,It will increase the power.,,
1305,1305,"It uses a magnet.""",,
1306,1306,Put a magnet on it',,
1307,1307,be in a state of confusion,,
1308,1308,increase the electric current,,
1309,1309,Connect more batteries,,
1310,1310,It causes a stronger current to flow.,,
1311,1311,cause a stronger current to flow,,
1312,1312,Add more batteries to increase the intensity of the current,,
1313,1313,to make the current stronger,,
1314,1314,increase the intensity of an electric current,,
1315,1315,increase the intensity of an electric current,,
1316,1316,Increase the intensity of an electric current.,,
1317,1317,Connect more batteries in series to increase the amount of current.,,
1318,1318,Turn up the voltage,,
1319,1319,Yeah.,,
1320,1320,The electric current?,,
1321,1321,Add the battery in the serial direction.,,
1322,1322,ㅗ,,
1323,1323,Put a magnet on it,,
1324,1324,I don't know.,,
1325,1325,Add batteries,,
1326,1326,I don't understand.,,
1327,1327,"""Connect in a series structure.",,
1328,1328,"""",,
1329,1329,Connect the batteries in series,,
1330,1330,Connect the batteries in series and cycle the switch.,,
1331,1331,Do not connect the poles of the battery in reverse.,,
1332,1332,I don't know.,,
1333,1333,"V=IR. Therefore, to increase the intensity of the current, there is a way to equalize the voltage and reduce the resistance.",,
1334,1334,"V=IR. Therefore, to increase the intensity of the current, there is a way to equalize the voltage and reduce the resistance.",,
1335,1335,Increase the power.,,
1336,1336,strengthen an electric current,,
1337,1337,increase the intensity of an electric current,,
1338,1338,I'm tired,,
1339,1339,It increases the current,,
1340,1340,Turn the voltage up.,,
1341,1341,increase the strength of the rectification stream,,
1342,1342,The cells are connected more in series to make the current thinner.,,
1343,1343,Evaluation Only. Created with Aspose.Cells for Python via Java.Copyright 2003 - 2022 Aspose Pty Ltd.,,
