,Unnamed: 0,"2) In the experiment above, if you change the direction of the current, how does the compass needle move? ",Unnamed: 0,", q26_against, q26_against.1"
0,0,It's turning the other way around,0.0,"0,1,As the direction of the current changes, the compass needle also changes in reverse"
1,1,The direction of the needle changes.,1.0,"1,1,Changing the direction of the current reverses the direction of the magnetic field, changing the needle of the compass"
2,2,It's the other way around,2.0,"2,1, Compass needle changes direction in reverse"
3,3,I think it's going to go the other way,3.0,"3,1,The direction of the compass needle changes in reverse"
4,4,It turns upside down,4.0,"4,1, Compass needle reversed direction"
5,5,N and S are likely to change,5.0,"5,1,The compass needle changes direction"
6,6,I don't know. All of them.,6.0,"6,0,The compass needle is reversed"
7,7,"On the contrary,",7.0,"7,1,Compass needle is reversed"
8,8,It's turning.,8.0,"8,0,Compass needle reversed direction"
9,9,I think I'll keep going back and forth.,9.0,"9,0,The direction of the compass needle is reversed"
10,10,It's changing,10.0,"10,1,the compass needle turns upside down"
11,11,I think it's going to be ruined,11.0,"11,0, the needle changes direction"
12,12,The needle in the compass will also move.,12.0,"12,0, the needle changes direction"
13,13,"If you change the direction of the current, the current will go in reverse, so the needle on the compass will change in reverse.",13.0,"13,1 The direction of the needle changes"
14,14,I think it's going to move the other way around,14.0,"14, 1. The direction of the needle changes"
15,15,I don't know,15.0,"15,0 Needle orientation reversed"
16,16,It's moving the other way around,16.0,"16,1. The needle turns upside down"
17,17,I don't know because I don't understand.,17.0,"17,0, the needle turns upside down"
18,18,It will move to where the battlefield flows,18.0,"18, 1. The direction of the needle changes in the opposite direction"
19,19,I've folded the seedlings.,19.0,"19,0, the direction of the needle changes in reverse"
20,20,.,20.0,"20,0 Needles reversed"
21,21,I think I'll move back to the other side.,21.0,"21, 1. The needle changes direction the other way around"
22,22,somewhere,22.0,"22,0 The needle is in reverse direction"
23,23,somewhere,23.0,"23,0, Needle is reversed"
24,24,It's moving the other way around.,24.0,"24,1, Needle direction reversed"
25,25,I think it's going to go the other way around,25.0,"25,1, the direction of the needle is reversed"
26,26,In the opposite direction,26.0,"26,1. The needle turns upside down"
27,27,The other way around,27.0,"27,1,"
28,28,You can do it in the opposite direction,28.0,"28,1,29,0,"
29,29,It's hard to budge.,29.0,"30,0,"
30,30,I don't know.,30.0,"31,1,"
31,31,I'll go the other way,31.0,"32,1,"
32,32,It will move in a different direction.,32.0,"33,0,"
33,33,I don't know.,33.0,"34,0,"
34,34,I think it's going to turn north or south,34.0,"35,0,"
35,35,the magnetic force of an electron,35.0,"36,0,"
36,36,I don't know,36.0,"37,1,"
37,37,The needle will move in the direction of the current,37.0,"38,0,"
38,38,ㅂ and 쪽,38.0,"39,0,"
39,39,Do it yourself. It's worth seeing,39.0,"40,1,"
40,40,I think the needle is going to move the other way,40.0,"41,1,"
41,41,It looks like it's going to change in the opposite direction,41.0,"42,1,"
42,42,It goes back in a different direction.,42.0,"43,1,"
43,43,"If the compass was on the left, it would change to the right.",43.0,"44,1,"
44,44,"For example, if the compass was on the left, it would change to the right.",44.0,"45,1,"
45,45,The compass needle turns the other way around.,45.0,"46,1,"
46,46,It changes the other way around.,46.0,"47,1,"
47,47,I went in the direction of the current,47.0,"48,1,"
48,48,The needle will go in that direction.,48.0,"49,1,"
49,49,It's the opposite,49.0,"50,1,"
50,50,Changed,50.0,"51,0,"
51,51,It will spin faster.,51.0,"52,1,"
52,52,change one's course,52.0,"53,0,"
53,53,It's getting faster,53.0,"54,1,"
54,54,It will change,54.0,"55,0,"
55,55,I doubt it.,55.0,"56,1,"
56,56,It's going the other way around,56.0,"57,0,"
57,57,I don't know.,57.0,"58,0,59,0,"
58,58,We're going east,58.0,"60,0,"
59,59,I don't know,59.0,"61,1,"
60,60,I don't know.,60.0,"62,0,"
61,61,"The compass is likely to change direction, too",61.0,"63,1,"
62,62,The direction of movement is likely to move more and more.,62.0,"64,0,"
63,63,It's turning the other way around,63.0,"65,0,"
64,64,I'm sorry,64.0,"66,1,"
65,65,I don't know,65.0,"67,0,"
66,66,It will change differently,66.0,"68,0,"
67,67,I don't know.,67.0,"69,1,"
68,68,Don't know,68.0,"70,1,"
69,69,I'm changing it the other way around,69.0,"71,1,"
70,70,N and S are switched.,70.0,"72,1,"
71,71,It changes the other way around.,71.0,"73,1,"
72,72,It changes symmetrically.,72.0,"74,1,"
73,73,Move in the opposite direction,73.0,"75,1,"
74,74,It's moving the other way around.,74.0,"76,1,"
75,75,It changes the other way around.,75.0,"77,1,"
76,76,It's moving the other way around.,76.0,"78,1,"
77,77,It changes the other way around.,77.0,"79,1,"
78,78,It rotates 180 degrees.,78.0,"80,1,"
79,79,It will move in the opposite direction to the existing direction.,79.0,"81,1,"
80,80,The compass needle moves in the opposite direction to the original direction.,80.0,"82,1,"
81,81,The compass needle will move to the other side.,81.0,"83,1,"
82,82,Changing the direction of the current changes the needle on the compass in the opposite direction.,82.0,"84,1,"
83,83,It's moving in the opposite direction,83.0,"85,1,"
84,84,Changing the direction of the current reverses the direction of the needle on the compass.,84.0,"86,0,"
85,85,It will be opposite to the direction of rotation before changing direction.,85.0,"87,1,"
86,86,h,86.0,"88,0,89,1,"
87,87,It will rotate in the opposite direction.,87.0,"90,1,"
88,88,.,88.0,"91,1,"
89,89,"Changing the direction of the current also changes the direction of the magnetic field created by the wire, and the movement of the compass needle also changes in the opposite way.",89.0,"92,0,"
90,90,"Since the direction of the current is changed by receiving a magnetic force according to the flow of the existing current, the direction of the magnetic force is changed accordingly, and the direction indicated by the compass is reversed unlike the original.",90.0,"93,1,"
91,91,The direction is reversed.,91.0,"94,1,"
92,92,.,92.0,"95,1,"
93,93,"When the direction in which the current flows is called the right thumb and the other four fingers of the right hand are bent, these four fingers indicate the movement of the magnetic field that occurs. When the direction of the current changes, the direction of the thumb changes, and the movement of the four fingers also moves in the opposite direction, so the compass needle will move in the opposite direction.",93.0,"96,1,"
94,94,"The compass needle changes direction from north to south. This is because the direction in which the current flows is reversed, so the direction of the magnetic field generated in the compass changes.",94.0,"97,1,"
95,95,It goes back to 180 degrees.,95.0,"98,1,"
96,96,Changing the direction of the current causes the compass needle to move in reverse.,96.0,"99,1,"
97,97,"When the direction of the current changes, the direction of the magnetic field changes, so the needle's movement changes in reverse",97.0,"100,1,"
98,98,"When the direction of the current changes, the direction of the magnetic field also changes in reverse, so the compass moves backwards.Changing the direction of the current will cause the compass needle to rotate 180 degrees from the conventional direction.",98.0,"101,1,"
99,99,"Changing the direction of the current will also reverse the direction of the magnetic field formed. Thus, the opposite direction of the magnetic field means that the compass's reaction is also the opposite, so the compass needle will move in the opposite direction instead of turning back.",99.0,"102,1,"
100,100,the opposite direction,100.0,"103,1,"
101,101,The direction changes.,101.0,"104,1,"
102,102,Move in the opposite direction.,102.0,"105,1,"
103,103,"On the contrary,",103.0,"106,1,"
104,104,"On the contrary,",104.0,"107,1,"
105,105,"On the contrary,",105.0,"108,1,"
106,106,It's changing,106.0,"109,1,"
107,107,move accordingly,107.0,"110,0,"
108,108,It's moving the other way around.,108.0,"111,1,"
109,109,I don't understand.,109.0,"112,0,"
110,110,The movement of the compass needle changes along the direction of the current,110.0,"113,1,"
111,111,I don't know.,111.0,"114,1,"
112,112,It will change in a different direction.,112.0,"115,1,"
113,113,It changes in the direction of the current,113.0,"116,1,"
114,114,It's moving the other way around.,114.0,"117,1,"
115,115,It's going the other way around,115.0,"118,1,119,1,"
116,116,It changes the other way around.,116.0,"120,0,"
117,117,I think the compass will change the direction of the car,117.0,"121,0,"
118,118,It changes the other way around.,118.0,"122,0,"
119,119,The movement will change.,119.0,"123,1,"
120,120,I don't know.,120.0,"124,1,"
121,121,I don't understand.,121.0,"125,1,"
122,122,The needle moves in the direction of the current,122.0,"126,1,"
123,123,To change in the opposite direction,123.0,"127,1,"
124,124,It changes in the opposite direction of the changing current.,124.0,"128,1,"
125,125,It's moving the other way around.,125.0,"129,0,"
126,126,It's moving the other way around,126.0,"130,0,"
127,127,It moves in the opposite direction to before changing the direction of the current,127.0,"131,0,"
128,128,.,128.0,"132,1,"
129,129,It's changing,129.0,"133,1,"
130,130,It's changing,130.0,"134,1,"
131,131,It's moving backwards,131.0,"135,1,"
132,132,Hold it the other way around,132.0,"136,0,"
133,133,It's moving in the opposite direction,133.0,"137,1,"
134,134,It's turning the other way around,134.0,"138,1,"
135,135,I don't know.,135.0,"139,1,"
136,136,It's going the other way,136.0,"140,1,"
137,137,The needle goes where the current flows,137.0,"141,1,"
138,138,"On the contrary,",138.0,"142,1,"
139,139,Opposition,139.0,"143,1,"
140,140,It changes in the opposite direction,140.0,"144,1,"
141,141,"Compass changed direction, too",141.0,"145,0,"
142,142,"The compass changes direction, too",142.0,"146,0,"
143,143,It's going the other way around.,143.0,"147,0,"
144,144,I'm just gonna move around in a giddy way,144.0,"148,1,149,1,"
145,145,I don't know,145.0,"150,0,"
146,146,I don't know,146.0,"151,1,"
147,147,"On the contrary,",147.0,"152,1,"
148,148,The compass needle moves the other way around,148.0,"153,1,"
149,149,I have no idea.,149.0,"154,1,"
150,150,The compass turns in the opposite direction,150.0,"155,1,"
151,151,It will change the other way around.,151.0,"156,0,"
152,152,The compass needle moves in reverse,152.0,"157,1,"
153,153,It will turn the other way around.,153.0,"158,1,"
154,154,It changes the other way around.,154.0,"159,1,"
155,155,Let's go back,155.0,"160,1,"
156,156,"On the contrary,",156.0,"161,1,"
157,157,It's going the other way around.,157.0,"162,1,"
158,158,It changes the other way around,158.0,"163,1,"
159,159,The other way around,159.0,"164,0,"
160,160,It changes the other way around.,160.0,"165,1,"
161,161,It changes the other way around,161.0,"166,1,"
162,162,The compass needle changes direction.,162.0,"167,1,"
163,163,Just don't experiment;;,163.0,"168,1,"
164,164,It changes the other way around,164.0,"169,1,"
165,165,The compass needle changes direction.,165.0,"170,1,"
166,166,It changes the other way around,166.0,"171,0,"
167,167,point in the opposite direction,167.0,"172,0,"
168,168,It changes the other way around.,168.0,"173,0,"
169,169,It changes the other way around,169.0,"174,0,"
170,170,It's hard.,170.0,"175,1,"
171,171,I don't know.,171.0,"176,0,"
172,172,I don't know.,172.0,"177,0,"
173,173,right,173.0,"178,1,179,0,"
174,174,It's going the other way around,174.0,"180,1,"
175,175,It's changing,175.0,"181,1,"
176,176,I don't know.,176.0,"182,0,"
177,177,It's changing.,177.0,"183,1,"
178,178,..;.,178.0,"184,1,"
179,179,It's changing.,179.0,"185,1,"
180,180,It will turn in the opposite direction.,180.0,"186,1,"
181,181,I don't know,181.0,"187,1,"
182,182,Move in the opposite direction,182.0,"188,1,"
183,183,in the opposite direction,183.0,"189,1,"
184,184,It's going the other way around.,184.0,"190,1,"
185,185,The needle changes in the opposite direction,185.0,"191,1,"
186,186,It's going the other way around.,186.0,"192,1,"
187,187,The direction of the n pole and the s pole changes.,187.0,"193,1,"
188,188,The compass needle also changes its movement,188.0,"194,1,"
189,189,The compass turns the other way around,189.0,"195,1,"
190,190,It's moving the other way around,190.0,"196,0,"
191,191,"Because the compass needle is now in the opposite direction to the original needle, it returns to the original direction",191.0,"197,1,"
192,192,It changes the other way around.,192.0,"198,1,"
193,193,"On the contrary, from south to north",193.0,"199,0,"
194,194,The direction of the needle is reversed,194.0,"200,1,"
195,195,I don't know.,195.0,"201,0,"
196,196,It changes into a current-flowing direction,196.0,"202,1,"
197,197,The compass needle is in the opposite directionI don't know,197.0,"203,0,"
198,198,It's moving the other way around.,198.0,"204,0,"
199,199,I don't know.,199.0,"205,1,"
200,200,It's moving the other way around,200.0,"206,1,"
201,201,I have no idea.,201.0,"207,1,"
202,202,The needle on the compass moves.,202.0,"208,1,209,1,"
203,203,It's moving the other way around,203.0,"210,1,"
204,204,It's moving the other way around.,204.0,"211,1,"
205,205,The needle moves the other way around,205.0,"212,1,"
206,206,The movement of the compass needle changes to the opposite side.,206.0,"213,1,"
207,207,It changes the other way around.,207.0,"214,0,"
208,208,It moves in the opposite direction.,208.0,"215,0,"
209,209,The compass will also move at the discharge of electricity,209.0,"216,1,"
210,210,The compass needle also changes in the direction of the current,210.0,"217,1,"
211,211,The compass needle changes its direction of movement,211.0,"218,0,"
212,212,.,212.0,"219,1,"
213,213,I don't know.,213.0,"220,1,"
214,214,The current changes to the stronger side.,214.0,"221,1,"
215,215,"When changing the direction of the current, the compass needle moves in the opposite shape of the wire.",215.0,"222,1,"
216,216,It's not turning.,216.0,"223,1,"
217,217,The needle moves in the direction of the current.,217.0,"224,0,"
218,218,It's going the other way!,218.0,"225,0,"
219,219,It's moving the other way around,219.0,"226,0,"
220,220,It's moving the other way around,220.0,"227,1,"
221,221,The compass needle moves with a different direction of current,221.0,"228,1,"
222,222,It's not moving,222.0,"229,0,"
223,223,You'll just be shaking.,223.0,"230,1,"
224,224,It spins faster,224.0,"231,1,"
225,225,It's the other way around,225.0,"232,1,"
226,226,Turn the other way around,226.0,"233,1,"
227,227,The needle in the compass won't move,227.0,"234,0,"
228,228,It's changing,228.0,"235,0,"
229,229,Boyfriends change the other way around,229.0,"236,0,"
230,230,The needle moves the other way around,230.0,"237,1,"
231,231,It changes the other way around,231.0,"238,1,239,1,"
232,232,The position of the compass needle changes,232.0,"240,0,"
233,233,The movement of the compass needle intensifies.,233.0,"241,1,"
234,234,It's not moving,234.0,"242,1,"
235,235,It's turning the other way around,235.0,"243,1,"
236,236,The compass needle also changes direction.,236.0,"244,0,"
237,237,It's turning 180 degrees,237.0,"245,1,"
238,238,It breaks down.,238.0,"246,1,"
239,239,I think it will move in the opposite direction.,239.0,"247,0,"
240,240,It's going the other way around.,240.0,"248,1,"
241,241,It changes to the opposite direction of the first one.,241.0,"249,1,"
242,242,It doesn't move,242.0,"250,1,"
243,243,It's moving the other way around.,243.0,"251,0,"
244,244,It's going the other way around.,244.0,"252,0,"
245,245,I don't know,245.0,"253,1,"
246,246,It's moving the other way around,246.0,"254,1,"
247,247,It's going the other way around,247.0,"255,0,"
248,248,I'll turn the other way around,248.0,"256,0,"
249,249,I don't know.,249.0,"257,0,"
250,250,I don't know,250.0,"258,1,"
251,251,I think it's going to move the other way around or break down,251.0,"259,1,"
252,252,I'll go to the other side,252.0,"260,0,"
253,253,I don't know,253.0,"261,1,"
254,254,I don't know,254.0,"262,0,"
255,255,As much as I could move... :'),255.0,"263,1,"
256,256,The compass also returns to the opposite direction of the original current flowing,256.0,"264,0,"
257,257,It changes the other way around,257.0,"265,0,"
258,258,with one's right foot,258.0,"266,0,"
259,259,The compass needle turns the other way,259.0,"267,0,"
260,260,I don't know,260.0,"268,1,269,0,"
261,261,I'll go the other way,261.0,"270,0,"
262,262,I don't know,262.0,"271,1,"
263,263,You'll know when you try it,263.0,"272,1,"
264,264,Change the direction of motor rotation,264.0,"273,0,"
265,265,I don't know.,265.0,"274,1,"
266,266,It's going the other way around,266.0,"275,1,"
267,267,It's changing nicely,267.0,"276,1,"
268,268,North,268.0,"277,1,"
269,269,It seems to change the direction of a needle.,269.0,"278,0,"
270,270,"On the contrary,",270.0,"279,1,"
271,271,I don't know.,271.0,"280,1,"
272,272,Will change the direction of the compass is.,272.0,"281,0,"
273,273,Moving backwards.,273.0,"282,0,"
274,274,"On the contrary, changed.",274.0,"283,0,"
275,275,Will go back to the opposite direction of the compass needle.,275.0,"284,0,"
276,276,Moving.,276.0,"285,1,"
277,277,"We change the direction of a compass over the contrary, the compass of eddy current.",277.0,"286,1,"
278,278,The compass needle is moving in the opposite direction in the direction of the first time.,278.0,"287,0,"
279,279,Biased to the side.,279.0,"288,0,"
280,280,Was taken.,280.0,"289,1,"
281,281,I don't know.,281.0,"290,1,"
282,282,I don't know.,282.0,"291,1,"
283,283,Rub of,283.0,"292,1,"
284,284,I don't know.,284.0,"293,0,"
285,285,I don't know,285.0,"294,1,"
286,286,?,286.0,"295,0,"
287,287,The opposite turns into a movement of the needle.,287.0,"296,0,"
288,288,The compass needle is the first time and to change the direction of current movement.,288.0,"297,0,"
289,289,"On the contrary, changed.",289.0,"298,0,299,0,"
290,290,Compass needle is heading to the changes.,290.0,"300,0,"
291,291,Moreugesseum,291.0,"301,1,"
292,292,It changes from the direction of the needle to the opposite direction.,292.0,"302,0,"
293,293,Opposite side,293.0,"303,1,"
294,294,The speed changes,294.0,"304,1,"
295,295,"Sorry, I don't know ~",295.0,"305,0,"
296,296,I don't knowDon't know,296.0,"306,0,"
297,297,In the opposite direction,297.0,"307,1,"
298,298,"On the contrary, go.",298.0,"308,0,"
299,299,Moreugesseum,299.0,"309,1,"
300,300,Compass direction of the opposite trends.,300.0,"310,1,"
301,301,"On the contrary, wouldn't go round?",301.0,"311,1,"
302,302,"2) Changing the direction of the current experiment, the movement of the compass needle is on what happens? *",302.0,"312,1,"
303,303,Will be a great compass needle moves.,303.0,"313,0,"
304,304,Changing,304.0,"314,0,"
305,305,"Big man,",305.0,"315,0,"
306,306,Is it to change the direction of,306.0,"316,1,"
307,307,Along with the direction of current.,307.0,"317,1,"
308,308,The direction is reversed.,308.0,"318,1,"
309,309,The compass pointed in opposite directions be.,309.0,"319,0,"
310,310,"Needle eumjigin for all flow, too.",310.0,"320,1,"
311,311,I don't know.,311.0,"321,1,"
312,312,"I don't know I don't know I don't know I don't know I don't know I don't know I don't know I don't know I don't know I don't know I don't know yomollayomollayomollayomollayomollayomollayomollayomollayomollayomollayomol rayomollayomollayomollayomollayomollayomollayomollayomollayomollayomollayo mollayomollayomollayomollayomollayomollayomollayomollayomollayomollayomolla yomollayomollayomollayomollayomollayomollayomollayomollayomollayomollayomol rayomollayomollayomollayomollayomollayomollayomollayomollayomollayomollayo mollayomollayomollayomollayomollayomollayomollayomollayomollayomollayomolla yomollayomollayomollayomollayomollayomollayomollayomollayomollayomollayomol rayomollayomollayomollayomollayomollayomollayomollayomollayomollayomollayo mollayomollayomollayomollayomollayomollayomollayomollayomollayomollayomolla yomollayomollayomollayomollayomollayomollayomollayomollayomollayoDon't knowYomolla, I don't know I don't know I don't know I don't know I don't know I don't know I don't know I don't know I don't know Mall rayomollayomollayomollayomollayomollayomollayomollayomollayomollayomollayo mollayomollayomollayomollayomollayomollayomollayomollayomollayomollayomolla yomollayomollayomollayomollayomollayomollayomollayomollayomollayomollayomol rayomollayomollayomollayo",312.0,"322,1,"
313,313,Namchimban a needle is going to turn elsewhere.,313.0,"323,1,"
314,314,The compass will turn the other way.,314.0,"324,0,"
315,315,The electric current is likely to go in the direction that it is going.,315.0,"325,1,"
316,316,I don't know.,316.0,"326,1,"
317,317,It turns upside down.,317.0,"327,0,"
318,318,Turn in the other direction.,318.0,"328,0,329,1,"
319,319,The needle will move in the other direction.,319.0,"330,1,"
320,320,It's going the other way around,320.0,"331,1,"
321,321,The needle is about to move ninety degrees.,321.0,"332,0,"
322,322,"If you change the direction of the current, the compass needle will also move in the changed direction.",322.0,"333,1,"
323,323,I think it will move the other way around.,323.0,"334,1,"
324,324,Magnet,324.0,"335,0,"
325,325,It won't move,325.0,"336,0,"
326,326,It is likely to move along with the current.,326.0,"337,1,"
327,327,It will move the other way around.,327.0,"338,1,"
328,328,The compass needle will move towards the current.,328.0,"339,1,"
329,329,I think the compass will move strangely,329.0,"340,0,"
330,330,"On the contrary,",330.0,"341,1,"
331,331,It's moving the other way around,331.0,"342,0,"
332,332,I think we'll move together.,332.0,"343,0,"
333,333,.,333.0,"344,1,"
334,334,It will change the other way around.,334.0,"345,0,"
335,335,The N pole points to the - direction and the S pole points to the + direction.,335.0,"346,1,"
336,336,Turn the other way around.,336.0,"347,1,"
337,337,.,337.0,"348,1,"
338,338,"On the contrary,",338.0,"349,0,"
339,339,It's stopping,339.0,"350,1,"
340,340,.,340.0,"351,1,"
341,341,The compass will be in the opposite direction.,341.0,"352,1,"
342,342,No change.,342.0,"353,1,"
343,343,"On the contrary, changed.",343.0,"354,1,"
344,344,Opposition,344.0,"355,1,"
345,345,It's changing.,345.0,"356,0,"
346,346,.,346.0,"357,1,"
347,347,It's turning 180 degrees.,347.0,"358,1,359,1,"
348,348,"On the contrary, changed.",348.0,"360,1,"
349,349,Of course. Turn 180 degrees.,349.0,"361,1,"
350,350,It changes the other way around,350.0,"362,1,"
351,351,The needle in the compass changes.,351.0,"363,1,"
352,352,It changes the other way around,352.0,"364,1,"
353,353,It's moving very minutely,353.0,"365,1,"
354,354,The position of the NS pole changes.,354.0,"366,1,"
355,355,It's going to be the opposite,355.0,"367,1,"
356,356,"The compass needle changes, too",356.0,"368,1,"
357,357,It's moving the other way around,357.0,"369,1,"
358,358,The compass moves in the opposite direction.,358.0,"370,1,"
359,359,It changes the other way around,359.0,"371,0,"
360,360,It's changing,360.0,"372,1,"
361,361,It's moving the other way around.,361.0,"373,1,"
362,362,It changes the other way around,362.0,"374,1,"
363,363,Move in the opposite direction.,363.0,"375,1,"
364,364,It will be in the opposite direction.,364.0,"376,0,"
365,365,"On the contrary,",365.0,"377,0,"
366,366,The other way around,366.0,"378,1,"
367,367,Move in the opposite direction.,367.0,"379,0,"
368,368,I don't know.,368.0,"380,1,"
369,369,"The direction of the magnetic field by the current is reversed, and the compass needle rotates in the opposite direction.",369.0,"381,1,"
370,370,It will be the other way around.,370.0,"382,1,"
371,371,It's changing,371.0,"383,0,"
372,372,"Changing the direction of the current changes the direction of the magnetic field according to Anper's law of the right screw, so the needle of the compass rotates in reverse.",372.0,"384,1,"
373,373,I don't know.,373.0,"385,1,"
374,374,I don't know,374.0,"386,1,"
375,375,It's moving in the opposite direction,375.0,"387,1,"
376,376,.,376.0,"388,1,389,1,"
377,377,"On the contrary,",377.0,"390,1,"
378,378,the opposite direction,378.0,"391,1,"
379,379,Opposition,379.0,"392,0,"
380,380,counterclockwise,380.0,"393,0,"
381,381,Changed,381.0,"394,1,"
382,382,It changes in the opposite direction,382.0,"395,1,"
383,383,It's going the other way around.,383.0,"396,1,"
384,384,It turns 180 degrees,384.0,"397,1,"
385,385,The movement of the needle will change in reverse.,385.0,"398,1,"
386,386,Opposition,386.0,"399,1,"
387,387,It changes the other way around,387.0,"400,0,"
388,388,It changes the other way around,388.0,"401,1,"
389,389,It's the same,389.0,"402,0,"
390,390,"Oh, come on",390.0,"403,0,"
391,391,The compass needle moves in reverse.,391.0,"404,0,"
392,392,"On the contrary, changed.",392.0,"405,1,"
393,393,The compass needle changes direction.,393.0,"406,0,"
394,394,The direction of the needle will be the opposite,394.0,"407,1,"
395,395,It changes in the opposite directionChanging,395.0,"408,0,"
396,396,I don't know.,396.0,"409,1,"
397,397,It's moving the other way around,397.0,"410,1,"
398,398,What are you doing?,398.0,"411,1,"
399,399,The compass is moving at will,399.0,"412,1,"
400,400,I don't know,400.0,"413,0,"
401,401,Turn the other way around.,401.0,"414,0,"
402,402,?,402.0,"415,1,"
403,403,The direction changes.,403.0,"416,0,"
404,404,I don't know.,404.0,"417,0,"
405,405,The direction of the compass changes according to the direction of the current.,405.0,"418,0,419,1,"
406,406,Needle moving to another place,406.0,"420,1,"
407,407,It's moving the other way around,407.0,"421,1,"
408,408,The needle moves to another place.,408.0,"422,1,"
409,409,It's changing,409.0,"423,1,"
410,410,It's moving fast,410.0,"424,1,"
411,411,It moves according to the current.,411.0,"425,1,"
412,412,I don't know.,412.0,"426,1,"
413,413,Don't know,413.0,"427,1,"
414,414,ㅊ,414.0,"428,1,"
415,415,It's flipped upside down.,415.0,"429,1,"
416,416,The direction of the needle changes in reverse.,416.0,"430,1,"
417,417,It changes depending on the direction of the current.,417.0,"431,1,"
418,418,The movement of the compass needle changes because the flow of the magnetic field changes,418.0,"432,0,"
419,419,It's the other way around,419.0,"433,1,"
420,420,It moves in the opposite direction.,420.0,"434,0,"
421,421,Move in the opposite direction.,421.0,"435,0,"
422,422,The same reaction occurs in the opposite direction.,422.0,"436,1,"
423,423,It's moving the other way around.,423.0,"437,1,"
424,424,The needle rotates in the opposite direction.,424.0,"438,1,"
425,425,It changes the other way around,425.0,"439,0,"
426,426,The direction of the compass needle is reversed.,426.0,"440,1,"
427,427,I don't know,427.0,"441,1,"
428,428,It will move the other way around.,428.0,"442,0,"
429,429,I don't know.,429.0,"443,1,"
430,430,"In the picture, the compass needle rotates to the right.",430.0,"444,1,"
431,431,The direction of the compass needle is the opposite.,431.0,"445,0,"
432,432,The compass is in the opposite direction.,432.0,"446,1,"
433,433,"On the contrary, go.",433.0,"447,1,"
434,434,It goes back and forth.,434.0,"448,0,449,0,"
435,435,It moves the other way around.,435.0,"450,0,"
436,436,"When the direction of the current is changed, the direction of the magnetic field is also changed, so the compass needle also moves in a different direction from the previous direction.",436.0,"451,0,"
437,437,?,437.0,"452,0,"
438,438,It's the other way around,438.0,"453,1,"
439,439,"""On the contrary,",439.0,"454,1,"
440,440,"""",440.0,"455,1,"
441,441,Back to the original position,441.0,"456,0,"
442,442,"On the contrary,",442.0,"457,1,"
443,443,The compass needle moves the other way around.,443.0,"458,0,"
444,444,Don't know,444.0,"459,1,"
445,445,I don't know,445.0,"460,0,"
446,446,He he,446.0,"461,1,"
447,447,Because of the magnet,447.0,"462,1,"
448,448,I don't know,448.0,"463,1,"
449,449,It's moving the other way around.,449.0,"464,1,"
450,450,"Turn the other way around, move the same",450.0,"465,1,"
451,451,Changing,451.0,"466,1,"
452,452,?,452.0,"467,1,"
453,453,It's moving the other way around.,453.0,"468,1,"
454,454,?,454.0,"469,1,"
455,455,I think it's going to move the other way around,455.0,"470,1,"
456,456,.,456.0,"471,1,"
457,457,It's moving the other way around,457.0,"472,1,"
458,458,It's likely to change in the direction of current flow,458.0,"473,0,"
459,459,The compass needle moves in the opposite direction.,459.0,"474,0,"
460,460,"If the direction of the current changes, the direction of the magnetic field changes, and the compass moves in the opposite direction",460.0,"475,1,"
461,461,It's moving the other way around.,461.0,"476,0,"
462,462,It's moving the other way around.,462.0,"477,1,"
463,463,It's going the other way around.,463.0,"478,1,479,1,"
464,464,"If you change the direction of the current, the needle in the compass moves 180 degrees, making it the opposite direction",464.0,"480,0,"
465,465,"""It's the other way around, 180 degrees",465.0,"481,1,"
466,466,"""",466.0,"482,1,"
467,467,It moves in the opposite direction.,467.0,"483,1,"
468,468,It's moving the other way around,468.0,"484,1,"
469,469,It's going the other way,469.0,"485,1,"
470,470,69 74,470.0,"486,1,"
471,471,It's not moving,471.0,"487,1,"
472,472,"The direction of the current changes the direction of the magnetic field, so the compass needle moves in the opposite direction",472.0,"488,1,"
473,473,I'm going to go around once.,473.0,"489,1,"
474,474,It's moving the other way around,474.0,"490,0,"
475,475,It's moving the other way around,475.0,"491,1,"
476,476,It changes the other way around,476.0,"492,0,"
477,477,.,477.0,"493,1,"
478,478,It will change the other way around,478.0,"494,0,"
479,479,It shrinks in the opposite direction,479.0,"495,1,"
480,480,Changing,480.0,"496,1,"
481,481,"On the contrary, changed.",481.0,"497,1,"
482,482,It turns in the opposite direction,482.0,"498,1,"
483,483,The direction in which the N pole and the S pole are viewed changes.,483.0,"499,1,"
484,484,It moves the other way around.,484.0,"500,0,"
485,485,It changes the other way around,485.0,"501,1,"
486,486,It will rotate in the opposite direction to the original one.,486.0,"502,1,"
487,487,I don't know.,487.0,"503,1,"
488,488,It's moving the other way around.,488.0,"504,1,"
489,489,Don't know,489.0,"505,0,"
490,490,The compass will start to turn the other way around.,490.0,"506,1,"
491,491,The compass needle will not stop moving,491.0,"507,0,"
492,492,Rotate 180 degrees in the original direction,492.0,"508,1,509,0,"
493,493,The compass needle moves in reverse.,493.0,"510,0,"
494,494,It depends on the currentIt's moving the other way around,494.0,"511,0,"
495,495,Changing,495.0,"512,0,"
496,496,It moves a lot,496.0,"513,1,"
497,497,It's moving towards the current,497.0,"514,0,"
498,498,It's moving the other way around.,498.0,"515,0,"
499,499,"On the contrary,",499.0,"516,0,"
500,500,Changing,500.0,"517,1,"
501,501,It's move,501.0,"518,1,"
502,502,It's moving the other way around.,502.0,"519,0,"
503,503,Turn left,503.0,"520,1,"
504,504,It's moving the other way around.,504.0,"521,1,"
505,505,I think the needle will keep going that way.,505.0,"522,1,"
506,506,I think we'll move over there,506.0,"523,1,"
507,507,It's not moving,507.0,"524,0,"
508,508,I don't know.,508.0,"525,1,"
509,509,It moves a lot.,509.0,"526,1,"
510,510,I don't know,510.0,"527,1,"
511,511,I don't know.,511.0,"528,1,"
512,512,It changes the other way around,512.0,"529,1,"
513,513,"On the contrary,",513.0,"530,1,"
514,514,I don't know.,514.0,"531,0,"
515,515,I'm going to the other side,515.0,"532,1,"
516,516,It's moving backwards.,516.0,"533,0,"
517,517,It changes the other way around.,517.0,"534,0,"
518,518,The position turns upside down,518.0,"535,1,"
519,519,Push or pull,519.0,"536,1,"
520,520,The needle changes direction.,520.0,"537,1,"
521,521,Opposition,521.0,"538,1,539,1,"
522,522,It changes the other way around,522.0,"540,1,"
523,523,The needle also changes direction,523.0,"541,1,"
524,524,Changing,524.0,"542,1,"
525,525,damn,525.0,"543,1,"
526,526,I don't know.,526.0,"544,1,"
527,527,The needle turns the other way around,527.0,"545,0,"
528,528,I don't know. It's a yo-yo요Yoyo ㅇㅇㅛ,528.0,"546,0,"
529,529,I don't know.,529.0,"547,1,"
530,530,The compass will also be reversed,530.0,"548,1,"
531,531,It's moving the other way around,531.0,"549,0,"
532,532,It's moving the other way around,532.0,"550,0,"
533,533,The compass needle turns the other way around,533.0,"551,1,"
534,534,It works the other way around,534.0,"552,0,"
535,535,It's the other way around,535.0,"553,1,"
536,536,The compass needle moves in a different direction from the initial direction,536.0,"554,0,"
537,537,"""It turns the other way around",537.0,"555,1,"
538,538,"""",538.0,"556,1,"
539,539,The needle is reversed.,539.0,"557,1,"
540,540,It's moving the other way around,540.0,"558,1,"
541,541,I'll study harder.,541.0,"559,1,"
542,542,It's halfway around.,542.0,"560,1,"
543,543,I think it will move the other way around.,543.0,"561,0,"
544,544,I think it's going to go the other way around.,544.0,"562,1,"
545,545,I think it will go to n,545.0,"563,1,"
546,546,The needle in the compass moves more,546.0,"564,1,"
547,547,I think it's going to move the other way around.,547.0,"565,1,"
548,548,I don't think the compass needle will move.,548.0,"566,0,"
549,549,The compass needle points in the direction of the current.,549.0,"567,1,"
550,550,I don't know.,550.0,"568,1,569,1,"
551,551,I think it will move the other way around.,551.0,"570,1,"
552,552,It looks like it's going to move to the other side.,552.0,"571,0,"
553,553,It's moving in the opposite direction,553.0,"572,1,"
554,554,"I think the direction will change, too",554.0,"573,1,"
555,555,It's likely to follow the direction of the current,555.0,"574,1,"
556,556,I think it's going to move the other way around,556.0,"575,0,"
557,557,"""Magnet makes the needle move",557.0,"576,1,"
558,558,"""",558.0,"577,0,"
559,559,It's moving in the opposite direction,559.0,"578,0,"
560,560,It will head the other way around.,560.0,"579,1,"
561,561,"""It turns the other way around",561.0,"580,1,"
562,562,"""",562.0,"581,1,"
563,563,"If you change the direction of the current, it'll go the other way",563.0,"582,0,"
564,564,The compass needle wouldn't move.,564.0,"583,1,"
565,565,The compass needle will also change direction.,565.0,"584,0,"
566,566,The compass needle will follow in the direction of the current.,566.0,"585,0,"
567,567,I think the compass direction will also change direction.,567.0,"586,1,"
568,568,Changing the direction of the current will change the compass needle in the direction of the current.,568.0,"587,1,"
569,569,I don't know.,569.0,"588,1,"
570,570,It will move with the flow of electric current.,570.0,"589,1,"
571,571,It rotates in the same direction as the current,571.0,"590,1,"
572,572,The needle in the compass will move upside down.,572.0,"591,1,"
573,573,The needle is moving,573.0,"592,1,"
574,574,It changes the other way around,574.0,"593,1,"
575,575,?,575.0,"594,0,"
576,576,I don't know.,576.0,"595,1,"
577,577,Opposition,577.0,"596,1,"
578,578,It will go backwards.,578.0,"597,1,"
579,579,It will move in the opposite direction,579.0,"598,1,599,1,"
580,580,The compass moves the needle.,580.0,"600,0,"
581,581,The needle turns to the other side.,581.0,"601,0,"
582,582,I think I'm going to spin as I want.,582.0,"602,1,"
583,583,I don't know,583.0,"603,0,"
584,584,"You can move to the left, not the right.",584.0,"604,1,"
585,585,the opposite direction,585.0,"605,0,"
586,586,I'm going backwards,586.0,"606,1,"
587,587,The needle on the compass will move the other way around.,587.0,"607,0,"
588,588,It changes in the opposite direction,588.0,"608,1,"
589,589,It's moving the other way around.,589.0,"609,1,"
590,590,It's turning upside down,590.0,"610,1,"
591,591,Turn in the opposite direction,591.0,"611,0,"
592,592,Stopped and moved.,592.0,"612,1,"
593,593,It's moving the other way around.The opposite direction will change the direction of Antarctica and the North Pole.,593.0,"613,1,"
594,594,I think the compass vanel will turn the other way around,594.0,"614,1,"
595,595,I think I'm going to turn the other way,595.0,"615,1,"
596,596,"On the contrary, changed.",596.0,"616,1,"
597,597,It's turning into a cool thing.,597.0,"617,0,"
598,598,I don't know,598.0,"618,1,"
599,599,The movement of the compass needle toward the current is likely to follow.,599.0,"619,0,"
600,600,I don't know.,600.0,"620,1,"
601,601,Move it the other way around.,601.0,"621,1,"
602,602,to be able to move well,602.0,"622,1,"
603,603,It is likely to move as the current has changed its direction.,603.0,"623,0,"
604,604,I didn't even learn,604.0,"624,1,"
605,605,Let's go to the other side.,605.0,"625,0,"
606,606,I think it's going to go the other way,606.0,"626,1,"
607,607,In the opposite direction,607.0,"627,0,"
608,608,??,608.0,"628,1,629,1,"
609,609,The compass moves in reverse,609.0,"630,1,"
610,610,"When connected in reverse, the current flows in reverse, but it seems to move in the same way because it flows in the same way.",610.0,"631,1,"
611,611,The compass will move in the opposite direction,611.0,"632,1,"
612,612,It's going to change to the other side.,612.0,"633,1,"
613,613,The compass changes direction,613.0,"634,1,"
614,614,I don't understand.,614.0,"635,1,"
615,615,The compass changes direction.,615.0,"636,1,"
616,616,I don't know.,616.0,"637,1,"
617,617,It changes the other way around,617.0,"638,1,"
618,618,It's moving the other way around,618.0,"639,0,"
619,619,It changes the other way around.,619.0,"640,1,"
620,620,I don't know.,620.0,"641,1,"
621,621,"On the contrary,",621.0,"642,1,"
622,622,to the north,622.0,"643,1,"
623,623,Opposition,623.0,"644,0,"
624,624,There's a lot of fluctuation,624.0,"645,1,"
625,625,"On the contrary, changed.",625.0,"646,1,"
626,626,"The compass turns in the opposite direction, unlike the original one.",626.0,"647,0,"
627,627,The movement will be reversed.,627.0,"648,0,"
628,628,It will change the other way around,628.0,"649,1,"
629,629,It changes the other way around.,629.0,"650,1,"
630,630,the opposite direction,630.0,"651,1,"
631,631,The movement changes,631.0,"652,1,"
632,632,Move to the other side.,632.0,"653,1,"
633,633,It's turning the other way around,633.0,"654,1,"
634,634,It'll move the other way around,634.0,"655,0,"
635,635,It moves in the opposite direction,635.0,"656,1,"
636,636,There will be no movement of the needle.,636.0,"657,1,"
637,637,It's moving the other way around.,637.0,"658,1,659,1,"
638,638,It will go the other way around.,638.0,"660,1,"
639,639,The movement of the compass is likely to change so that the needles are placed side by side according to the direction of the current.,639.0,"661,1,"
640,640,The needle in the compass will point in the opposite direction.,640.0,"662,1,"
641,641,remain unchanged,641.0,"663,1,"
642,642,It's moving in the opposite direction,642.0,"664,1,"
643,643,The compass needle is expected to rotate in the direction of the current.,643.0,"665,1,"
644,644,It's changing,644.0,"666,1,"
645,645,I don't know,645.0,"667,1,"
646,646,"On the contrary,",646.0,"668,1,"
647,647,Changing,647.0,"669,1,"
648,648,It moves in the opposite direction.,648.0,"670,1,"
649,649,It's moving in the opposite direction,649.0,"671,1,"
650,650,Changing,650.0,"672,1,"
651,651,It will change the other way around,651.0,"673,1,"
652,652,..,652.0,"674,1,"
653,653,It changes the other way around.,653.0,"675,1,"
654,654,It changes the other way around.,654.0,"676,1,"
655,655,"On the contrary, changed.",655.0,"677,1,"
656,656,It's moving the other way around.,656.0,"678,1,"
657,657,The compass needle turns in the opposite direction.,657.0,"679,1,"
658,658,It's moving the other way around,658.0,"680,1,"
659,659,The other way around,659.0,"681,1,"
660,660,It changes the other way around,660.0,"682,1,"
661,661,It goes the other way around.,661.0,"683,1,"
662,662,It will change the other way around.,662.0,"684,1,"
663,663,It will move the other way around,663.0,"685,1,"
664,664,It works the other way,664.0,"686,1,"
665,665,"On the contrary, changed.",665.0,"687,1,"
666,666,It will go the other way around.,666.0,"688,1,689,1,"
667,667,It's the other way around,667.0,"690,1,"
668,668,"On the contrary,",668.0,"691,0,"
669,669,It's moving in the opposite direction,669.0,"692,0,"
670,670,Turn in the opposite direction.,670.0,"693,1,"
671,671,The compass needle also changes direction,671.0,"694,0,"
672,672,The compass needle also changes direction,672.0,"695,0,"
673,673,I don't know,673.0,"696,1,"
674,674,The direction changes to the direction of the current.,674.0,"697,1,"
675,675,It's moving the other way around.,675.0,"698,1,"
676,676,The movement of the compass needle is reversed.,676.0,"699,0,"
677,677,The direction of the needle is reversed,677.0,"700,1,"
678,678,The direction of the compass needle changes the same.,678.0,"701,1,"
679,679,The other way around,679.0,"702,0,"
680,680,It changes the other way around,680.0,"703,0,"
681,681,a backward movement,681.0,"704,0,"
682,682,It will be the opposite of before the compass needle changed.,682.0,"705,0,"
683,683,The compass needle will move the opposite way before changing.,683.0,"706,1,"
684,684,It's moving the other way around.,684.0,"707,0,"
685,685,The compass will turn the other way.,685.0,"708,1,"
686,686,The compass moves in reverse.,686.0,"709,1,"
687,687,"The compass will change direction, too.",687.0,"710,1,"
688,688,N o m n o m,688.0,"711,0,"
689,689,I don't know that again.,689.0,"712,1,"
690,690,The N and S poles change,690.0,"713,1,"
691,691,I don't know,691.0,"714,1,"
692,692,Point northThe needle is likely to move in the direction of the current.,692.0,"715,0,"
693,693,The needle moves in reverse,693.0,"716,1,"
694,694,Follow the direction of the current,694.0,"717,0,"
695,695,"Left? Right? Right? Left, right, right",695.0,"718,1,719,1,"
696,696,It looks like it's going to move the other way.,696.0,"720,1,"
697,697,The movement of the needle is reversed.,697.0,"721,1,"
698,698,I feel like I'm going to keep spinning like a propeller,698.0,"722,1,"
699,699,I don't think the compass needle will move.,699.0,"723,0,"
700,700,The needle keeps spinning,700.0,"724,1,"
701,701,The needle shakes from side to side,701.0,"725,1,"
702,702,It's turning the other way around,702.0,"726,1,"
703,703,d,703.0,"727,0,"
704,704,It's moving the other way around,704.0,"728,1,"
705,705,It will change,705.0,"729,1,"
706,706,I think the direction will go the other way.,706.0,"730,1,"
707,707,I think I'll stay still.,707.0,"731,1,"
708,708,It's the other way around,708.0,"732,0,"
709,709,"If we change the direction of the current, the compass will turn in the opposite direction",709.0,"733,1,"
710,710,I think the needle's movement will be reversed,710.0,"734,0,"
711,711,I don't know.,711.0,"735,1,"
712,712,"Changing the direction of the current will change the N and S poles. Therefore, the direction of movement of the N pole and the S pole of the compass will be changed, and the compass needle will be changed in the opposite direction.",712.0,"736,1,"
713,713,You can move the compass little by little with the magnetically,713.0,"737,1,"
714,714,It changes in a different direction,714.0,"738,1,"
715,715,"Changing the direction of the current changes the direction in which the current flows If the direction of the current changes, the direction of the magnetic field also changes The needle in the compass will move in the opposite direction of its original motion by a changed magnetic field",715.0,"739,0,"
716,716,It's going to move in the opposite direction of the original direction.,716.0,"740,1,"
717,717,The needle is likely to move in reverse or erratically.,717.0,"741,0,"
718,718,"When the upper side is called the -pole, the direction of the magnetic field is counterclockwise around the wire, so the direction of the needle of the first compass located on the wire is the n pole on the right side and the s pole on the left side. If the direction of the current changes, the direction of the magnetic field from the bottom is the -pole, and the direction of the magnetic field is counterclockwise around the wire, so the direction of the needle of the compass is the n pole on the left and the s pole on the right.",718.0,"742,0,"
719,719,The compass needle is about to spin.,719.0,"743,0,"
720,720,"Changing the direction of the current also changes the direction of the magnetic field flowing around the circuit. Therefore, the movement of the compass needle will also change.",720.0,"744,0,"
721,721,"When a current flows to an electric wire, a magnetic field is formed in a counterclockwise circle around the electric wire. Therefore, if the direction of the current changes, the direction of the magnetic field will change, and so will the direction indicated by the compass needle.",721.0,"745,1,"
722,722,It changes the other way around,722.0,"746,1,"
723,723,I don't know. I don't know.I don't know. I don't know.I don't know. I don't know.I don't know. I don't know.I don't know. I don't know.I don't know. I don't know.I don't know. I don't know.I don't know. I don't know.I don't know. I don't know.I don't know. I don't know.I don't know. I don't know.I don't know. I don't know.I don't know. I don't know.I don't know. I don't know.,723.0,"747,1,"
724,724,"A magnetic field is formed along the direction in which the current flows. If the direction of the current changes, the flow of the current will change, and if the flow of the current changes, the direction of the magnetic field will also change. The compass moves according to the direction of the magnetic field, and when the direction of the magnetic field changes, the direction of the magnet also changes.",724.0,"748,1,749,1,"
725,725,"""",725.0,"750,0,"
726,726,The compass needle turns the other way around.,726.0,"751,0,"
727,727,The compass needle will move to the same degree and only the direction will be reversed.,727.0,"752,0,"
728,728,"The magnetic field is greatly affected by electric current. Changing the direction of the current causes the magnetic field to act in reverse. Therefore, the compass needle will also move in reverse compared to before changing the direction of the current.",728.0,"753,1,"
729,729,"If you change the direction of the current, the compass needle will not move.",729.0,"754,0,"
730,730,"On the contrary,",730.0,"755,0,"
731,731,You see the south,731.0,"756,0,"
732,732,It's moving the other way around,732.0,"757,0,"
733,733,The current changes in the direction of flow,733.0,"758,1,"
734,734,It changes the other way around.,734.0,"759,1,"
735,735,It changes the other way around,735.0,"760,0,"
736,736,It's a good turn,736.0,"761,1,"
737,737,The compass needle in the first experiment is likely to move in reverse.,737.0,"762,1,"
738,738,I don't think it's gonna move,738.0,"763,1,"
739,739,It doesn't move.,739.0,"764,1,"
740,740,It's moving,740.0,"765,1,"
741,741,The compass moves westward,741.0,"766,1,"
742,742,It moves in the opposite direction.,742.0,"767,0,"
743,743,"On the contrary, changed.",743.0,"768,1,"
744,744,It changes the other way around.,744.0,"769,1,"
745,745,It's moving the other way around.,745.0,"770,1,"
746,746,"In the above experiment, the way to change the direction of the current is to change the position of the electrode and change the direction of the current",746.0,"771,1,"
747,747,I don't know.,747.0,"772,0,"
748,748,I haven't learned it yet.,748.0,"773,1,"
749,749,I don't know,749.0,"774,0,"
750,750,I'm following you,750.0,"775,1,"
751,751,I didn't learn it.,751.0,"776,1,"
752,752,I'm following you,752.0,"777,1,"
753,753,I didn't learn it,753.0,"778,1,779,1,"
754,754,It sounds strange.,754.0,"780,1,"
755,755,It's turning to the other side,755.0,"781,1,"
756,756,Follow the current.,756.0,"782,1,"
757,757,The needle moves to the other side,757.0,"783,1,"
758,758,I think it'll go the other way,758.0,"784,1,"
759,759,It's moving the other way around,759.0,"785,1,"
760,760,I'll follow you.,760.0,"786,1,"
761,761,The movement of the needle is the opposite,761.0,"787,1,"
762,762,The compass needle is likely to move in the direction of the current.,762.0,"788,1,"
763,763,Go back to the other side,763.0,"789,1,"
764,764,I don't know,764.0,"790,1,"
765,765,be likely to return in the direction of electricity,765.0,"791,1,"
766,766,The needle is likely to move to the other side.,766.0,"792,1,"
767,767,I'm going that way,767.0,"793,1,"
768,768,I think it will change as it is.,768.0,"794,0,"
769,769,Movements,769.0,"795,1,"
770,770,"If you change the direction of the current, the red needle goes the other way.",770.0,"796,1,"
771,771,It's breaking,771.0,"797,1,"
772,772,"On the contrary, changed.",772.0,"798,1,"
773,773,It changes the other way around.,773.0,"799,1,"
774,774,facing in the opposite direction,774.0,"800,1,"
775,775,It works the other way around.,775.0,"801,1,"
776,776,The direction of the needle bending is reversed.,776.0,"802,1,"
777,777,The needle changes to the other side.,777.0,"803,1,"
778,778,The movement changes in reverse.,778.0,"804,1,"
779,779,It's moving the other way around.,779.0,"805,1,"
780,780,"On the contrary, changed.",780.0,"806,1,"
781,781,"On the contrary, changed.",781.0,"807,1,"
782,782,It becomes the opposite.,782.0,"808,0,809,1,"
783,783,It works the other way around.,783.0,"810,1,"
784,784,"On the contrary,",784.0,"811,1,"
785,785,It changes the other way around.,785.0,"812,1,"
786,786,It's going the other way around.,786.0,"813,1,"
787,787,It's moving the other way around.,787.0,"814,1,"
788,788,It changes the other way around.,788.0,"815,1,"
789,789,Move the other way around.,789.0,"816,1,"
790,790,"On the contrary,",790.0,"817,1,"
791,791,"Move in the direction of the wireAccording to the right screw's law, the compass moves in the opposite direction of the original movement (from the view shown in the picture to the left).",791.0,"818,1,"
792,792,It's moving the other way around,792.0,"819,1,"
793,793,It becomes a station.,793.0,"820,1,"
794,794,Move to the other side.,794.0,"821,1,"
795,795,It will move the other way around.,795.0,"822,0,"
796,796,It becomes the opposite,796.0,"823,1,"
797,797,The needle of the compass appears in the opposite direction of the previous experiment.,797.0,"824,1,"
798,798,It's going the other way around.,798.0,"825,0,"
799,799,The compass is in the opposite direction.,799.0,"826,1,"
800,800,Changing,800.0,"827,1,"
801,801,It changes in the opposite direction,801.0,"828,1,"
802,802,"On the contrary, changed.",802.0,"829,0,"
803,803,It's moving the other way around,803.0,"830,1,"
804,804,Same.,804.0,"831,1,"
805,805,It's moving the other way around.,805.0,"832,1,"
806,806,"On the contrary, changed.",806.0,"833,1,"
807,807,It is pointed in the opposite direction.,807.0,"834,0,"
808,808,It's moving the other way around.,808.0,"835,1,"
809,809,It'll move the other way around,809.0,"836,1,"
810,810,Turn to the other side,810.0,"837,1,"
811,811,"Unlike the experiment above, the current moves in reverse.",811.0,"838,1,839,0,"
812,812,Face the opposite side.,812.0,"840,1,"
813,813,It will turn the other way around,813.0,"841,1,"
814,814,The needle moves in the direction of the changed current.,814.0,"842,1,"
815,815,The direction of the compass needle is reversed.,815.0,"843,1,"
816,816,It's going the other way around.,816.0,"844,1,"
817,817,"Before changing, the needle rotates in the opposite direction of rotation.",817.0,"845,1,"
818,818,I don't know,818.0,"846,1,"
819,819,It's moving the other way around.,819.0,"847,0,"
820,820,"When the direction of the current changes, the direction of the magnetic field around the wire changes, and the needle of the compass moves in the opposite direction to the first.",820.0,"848,1,"
821,821,I'm not sure.,821.0,"849,0,"
822,822,"On the contrary,",822.0,"850,0,"
823,823,The needle moves in reverse.,823.0,"851,1,"
824,824,It's moving in the opposite direction,824.0,"852,1,"
825,825,It's moving,825.0,"853,1,"
826,826,Move in the opposite direction to the first movement.,826.0,"854,0,"
827,827,It changes the other way around,827.0,"855,0,"
828,828,It changes in a different direction,828.0,"856,1,"
829,829,It changes the other way around,829.0,"857,1,"
830,830,Quickly.,830.0,"858,0,"
831,831,"If the intensity of the current is the same, it will return to the same angle and the opposite direction.",831.0,"859,0,"
832,832,"It'll change with the flow of electricity, right?",832.0,"860,1,"
833,833,Wouldn't it move the other way?,833.0,"861,1,"
834,834,I think it'll change the other way around,834.0,"862,1,"
835,835,ㅁㄹㅇ,835.0,"863,1,"
836,836,It moves in the direction of the current,836.0,"864,1,"
837,837,You're going to point in the opposite direction.,837.0,"865,1,"
838,838,the opposite movement,838.0,"866,1,"
839,839,I think it's going to go the other way around and shake it,839.0,"867,0,"
840,840,The movement is likely to change the other way around,840.0,"868,1,869,1,"
841,841,"Changing the direction of the current changes the direction of the + pole and the - pole, so the movement of the compass needle changes in reverse.",841.0,"870,0,"
842,842,It will change the other way around.,842.0,"871,1,"
843,843,I think it will be the same.,843.0,"872,1,"
844,844,It changes the other way around,844.0,"873,0,"
845,845,It will spin around,845.0,"874,1,"
846,846,It will spin around,846.0,"875,1,"
847,847,I think it's going to move with the current,847.0,"876,0,"
848,848,The needle follows the direction of the current,848.0,"877,1,"
849,849,Move in the direction of the current,849.0,"878,1,"
850,850,k,850.0,"879,1,"
851,851,I don't know.,851.0,"880,0,"
852,852,It's going the other way around,852.0,"881,1,"
853,853,It's the other way around,853.0,"882,1,"
854,854,.,854.0,"883,1,"
855,855,It's not moving,855.0,"884,1,"
856,856,"On the contrary,",856.0,"885,1,"
857,857,Move in the opposite direction.,857.0,"886,1,"
858,858,"On the contrary,",858.0,"887,1,"
859,859,"On the contrary,",859.0,"888,1,"
860,860,to change in the opposite direction,860.0,"889,1,"
861,861,It changes the other way around,861.0,"890,1,"
862,862,It's turning the other way around,862.0,"891,1,"
863,863,.,863.0,"892,0,"
864,864,It changes to the other side,864.0,"893,0,"
865,865,It changes to the other side,865.0,"894,0,"
866,866,.,866.0,"895,1,"
867,867,The movement moves in reverse.,867.0,"896,1,"
868,868,It's the other way around,868.0,"897,0,"
869,869,.,869.0,"898,1,899,0,"
870,870,It changes the other way around,870.0,"900,1,"
871,871,It's the opposite,871.0,"901,0,"
872,872,in all directions,872.0,"902,1,"
873,873,The direction of the compass needle will be reversed.,873.0,"903,0,"
874,874,It changes the other way around,874.0,"904,1,"
875,875,It changes the other way around,875.0,"905,1,"
876,876,What?,876.0,"906,1,"
877,877,It's moving in the opposite direction,877.0,"907,1,"
878,878,It turns in the opposite direction,878.0,"908,1,"
879,879,It's moving the other way around.,879.0,"909,1,"
880,880,Move to the other side.,880.0,"910,0,"
881,881,The direction of the current changes.,881.0,"911,0,"
882,882,It changes the other way around,882.0,"912,1,"
883,883,It turns in the opposite direction,883.0,"913,1,"
884,884,Move to the other side,884.0,"914,0,"
885,885,It turns in the opposite direction.,885.0,"915,0,"
886,886,It becomes the opposite,886.0,"916,0,"
887,887,Turn in the opposite direction.,887.0,"917,0,"
888,888,It's not moving,888.0,"918,1,"
889,889,I don't know.,889.0,"919,0,"
890,890,I don't know.It will move in the opposite direction to the first.,890.0,"920,0,"
891,891,It spins in the opposite direction,891.0,"921,1,"
892,892,I don't know.,892.0,"922,0,"
893,893,"On the contrary, changed.",893.0,"923,1,"
894,894,sorry,894.0,"924,1,"
895,895,It changes the other way around,895.0,"925,1,"
896,896,M,896.0,"926,1,"
897,897,It changes the other way around.,897.0,"927,0,"
898,898,It's spinning,898.0,"928,1,929,1,"
899,899,The needle in the compass moves the other way around.,899.0,"930,1,"
900,900,Changing the direction of the current causes the compass needle to move in reverse.,900.0,"931,1,"
901,901,It changes the other way around,901.0,"932,1,"
902,902,"On the contrary,",902.0,"933,0,"
903,903,The direction changes to the current,903.0,"934,1,"
904,904,I'll go backwards,904.0,"935,1,"
905,905,I don't know.,905.0,"936,0,"
906,906,?,906.0,"937,1,"
907,907,Changing,907.0,"938,1,"
908,908,"On the contrary, go.",908.0,"939,1,"
909,909,ㄷㄴㄹㄴㄷㄹㅈㄷㄱㅈ죻뇾ㄷㅈㄷㅅ,909.0,"940,0,"
910,910,I don't know,910.0,"941,0,"
911,911,"Here, here",911.0,"942,1,"
912,912,I don't know.,912.0,"943,0,"
913,913,"If the current is redirected, the compass needle is likely to go towards the current.",913.0,"944,0,"
914,914,I don't know.,914.0,"945,1,"
915,915,I went to look west.,915.0,"946,0,"
916,916,"On the contrary, go.",916.0,"947,0,"
917,917,I think it's going to change,917.0,"948,0,"
918,918,I change it the other way around.,918.0,"949,0,"
919,919,It changes the other way around,919.0,"950,0,"
920,920,The compass needle moves in the same direction as the current goes in the direction.,920.0,"951,1,"
921,921,The direction of the current changes,921.0,"952,1,"
922,922,The compass needle won't move.,922.0,"953,0,"
923,923,It changes the other way around.,923.0,"954,1,"
924,924,upside down,924.0,"955,1,"
925,925,upside down,925.0,"956,1,"
926,926,The compass moves in the opposite direction,926.0,"957,1,"
927,927,It will move in the direction of the current.,927.0,"958,1,959,1,"
928,928,The compass needle moves.,928.0,"960,1,"
929,929,"On the contrary,",929.0,"961,1,"
930,930,The compass movement also returns as the current changes direction.,930.0,"962,0,"
931,931,The compass needle moves.,931.0,"963,0,"
932,932,Turn your compass in the opposite direction,932.0,"964,1,"
933,933,It will be the other way around.,933.0,"965,0,"
934,934,I'm going in the opposite direction,934.0,"966,1,"
935,935,It works well.,935.0,"967,0,"
936,936,I don't know,936.0,"968,1,"
937,937,It will turn the other way around.,937.0,"969,0,"
938,938,I don't know,938.0,"970,0,"
939,939,I don't know.,939.0,"971,1,"
940,940,It's likely to move in the opposite direction,940.0,"972,0,"
941,941,I don't know,941.0,"973,0,"
942,942,I don't know,942.0,"974,0,"
943,943,I don't know.,943.0,"975,0,"
944,944,It's going halfway around,944.0,"976,0,"
945,945,I don't know,945.0,"977,0,"
946,946,It moves in the opposite direction.,946.0,"978,0,"
947,947,The motion changes in the opposite direction,947.0,"979,1,"
948,948,I don't know,948.0,"980,0,"
949,949,The motion changes in the opposite direction.,949.0,"981,0,"
950,950,It's moving the other way around,950.0,"982,0,"
951,951,"""The relationship between the flow of electric current and the magnetic field is called the law of the right screw, which is:",951.0,"983,1,"
952,952,"If you turn the right screw and say that the direction of the current is the direction the screw is going, the magnetic field that occurs is the direction the screw is turning.""",952.0,"984,0,"
953,953,It's moving the other way around.,953.0,"985,0,"
954,954,"""The relationship between the flow of electric current and the magnetic field is called the law of the rising screw.",954.0,"986,1,"
955,955,"If the direction of the current is the direction in which the screw goes by by rotating the right screw, the magnetic field generated is the same as the direction in which the screw is rotated.""",955.0,"987,1,"
956,956,The compass moves in the direction of the current.,956.0,"988,1,989,0,"
957,957,It changes in the opposite direction.,957.0,"990,1,"
958,958,The compass saliva turns in the opposite direction.,958.0,"991,0,"
959,959,I don't know.,959.0,"992,1,"
960,960,I don't know.,960.0,"993,0,"
961,961,It changes in the opposite direction.,961.0,"994,1,"
962,962,I don't know,962.0,"995,0,"
963,963,It looks like it's going to turn the other way.,963.0,"996,1,"
964,964,I don't know,964.0,"997,1,"
965,965,It's moving the other way around,965.0,"998,1,"
966,966,from east to west,966.0,"999,1,"
967,967,I'm going to keep coming and going back and forth,967.0,"1000,0,"
968,968,The compass needle moves backwards,968.0,"1001,1,"
969,969,I'll buzz around,969.0,"1002,1,"
970,970,"I don't know, I don't know",970.0,"1003,1,"
971,971,I don't know.,971.0,"1004,1,"
972,972,I don't know,972.0,"1005,1,"
973,973,I don't know,973.0,"1006,1,"
974,974,I haven't learned it yet,974.0,"1007,1,"
975,975,I think I'm going to stop and suddenly I'm going to feel better,975.0,"1008,1,"
976,976,"""It's moving the other way around",976.0,"1009,1,"
977,977,"""",977.0,"1010,0,"
978,978,No learning,978.0,"1011,1,"
979,979,The needle is moving,979.0,"1012,1,"
980,980,The needle is moving,980.0,"1013,0,"
981,981,Turn it the other way around,981.0,"1014,1,"
982,982,I don't know,982.0,"1015,1,"
983,983,I don't know,983.0,"1016,0,"
984,984,The compass needle will move in the direction of the current change.,984.0,"1017,0,"
985,985,It's through electricity.,985.0,"1018,1,1019,0,"
986,986,The needle moves in the changed direction,986.0,"1020,0,"
987,987,I don't know,987.0,"1021,0,"
988,988,I think the direction will change.,988.0,"1022,0,"
989,989,The compass needle is spinningIt'll go the other way around differently,989.0,"1023,0,"
990,990,I don't know,990.0,"1024,1,"
991,991,It's moving the other way around.,991.0,"1025,1,"
992,992,Grasha,992.0,"1026,0,"
993,993,It's moving the other way around.,993.0,"1027,0,"
994,994,Changing,994.0,"1028,1,"
995,995,It changes direction.,995.0,"1029,1,"
996,996,It's turning the other way around,996.0,"1030,1,"
997,997,Don't know,997.0,"1031,1,"
998,998,Move it the other way around.,998.0,"1032,1,"
999,999,It works the other way around.,999.0,"1033,1,"
1000,1000,change the pole of the battery,1000.0,"1034,1,"
1001,1001,The needle on the compass changes 180 degrees.,1001.0,"1035,0,"
1002,1002,"On the contrary, changed.",1002.0,"1036,1,"
1003,1003,"""Turned the other way around",1003.0,"1037,1,"
1004,1004,"""",1004.0,"1038,1,"
1005,1005,The needle changes direction,1005.0,"1039,1,"
1006,1006,It's moving the other way around.,1006.0,"1040,1,"
1007,1007,It changes the other way around,1007.0,"1041,0,"
1008,1008,"Yes, yes",1008.0,"1042,0,"
1009,1009,It changes the other way around,1009.0,"1043,0,"
1010,1010,It changes the other way around,1010.0,"1044,1,"
1011,1011,It's not moving,1011.0,"1045,0,"
1012,1012,Changing,1012.0,"1046,1,"
1013,1013,It's going the other way,1013.0,"1047,1,"
1014,1014,It's going to the side,1014.0,"1048,0,1049,1,"
1015,1015,It's going to the side,1015.0,"1050,0,"
1016,1016,The direction changes,1016.0,"1051,0,"
1017,1017,I don't know.,1017.0,"1052,1,"
1018,1018,Stay,1018.0,"1053,1,"
1019,1019,Mumm,1019.0,"1054,1,"
1020,1020,I don't know,1020.0,"1055,1,"
1021,1021,I don't know.,1021.0,"1056,1,"
1022,1022,The movement changes,1022.0,"1057,1,"
1023,1023,It's moving in the opposite direction,1023.0,"1058,1,"
1024,1024,I don't know,1024.0,"1059,0,"
1025,1025,It spins the same way,1025.0,"1060,0,"
1026,1026,It's changing,1026.0,"1061,1,"
1027,1027,It's moving the other way around.,1027.0,"1062,1,"
1028,1028,the opposite movement,1028.0,"1063,0,"
1029,1029,It's bent the other way around,1029.0,"1064,1,"
1030,1030,The direction of the N pole and the S pole changes,1030.0,"1065,1,"
1031,1031,The direction of the compass changes in reverse.,1031.0,"1066,0,"
1032,1032,It changes in the direction of the current,1032.0,"1067,1,"
1033,1033,I don't know ♥,1033.0,"1068,1,"
1034,1034,It's moving in the opposite direction,1034.0,"1069,1,"
1035,1035,The needle moves in reverse.,1035.0,"1070,1,"
1036,1036,It changes the other way around,1036.0,"1071,0,"
1037,1037,The compass needle moves in the direction in which the current flows.,1037.0,"1072,1,"
1038,1038,It changes in the opposite direction.,1038.0,"1073,1,"
1039,1039,"""I don't know",1039.0,"1074,1,"
1040,1040,"""",1040.0,"1075,0,"
1041,1041,h,1041.0,"1076,1,"
1042,1042,h,1042.0,"1077,1,"
1043,1043,The direction changes,1043.0,"1078,1,1079,1,"
1044,1044,.,1044.0,"1080,1,"
1045,1045,It's going the other way around,1045.0,"1081,0,"
1046,1046,Changing,1046.0,"1082,0,"
1047,1047,.,1047.0,"1083,0,"
1048,1048,It's moving towards the current,1048.0,"1084,0,"
1049,1049,....,1049.0,"1085,1,"
1050,1050,"""I don't know""",1050.0,"1086,1,"
1051,1051,"""",1051.0,"1087,1,"
1052,1052,The needle goes the other way,1052.0,"1088,1,"
1053,1053,It changes the other way around,1053.0,"1089,1,"
1054,1054,It will change the other way around,1054.0,"1090,0,"
1055,1055,The compass turns the other way around.,1055.0,"1091,1,"
1056,1056,The needle will move the other way around.,1056.0,"1092,0,"
1057,1057,The compass needle changes its movement,1057.0,"1093,1,"
1058,1058,The direction of the current moves towards the flow,1058.0,"1094,1,"
1059,1059,I don't know.,1059.0,"1095,1,"
1060,1060,?,1060.0,"1096,0,"
1061,1061,"On the contrary,",1061.0,"1097,0,"
1062,1062,It changes the other way around,1062.0,"1098,0,"
1063,1063,I don't know.,1063.0,"1099,1,"
1064,1064,It's moving the other way around,1064.0,"1100,1,"
1065,1065,"On the contrary, go.",1065.0,"1101,1,"
1066,1066,I don't know.,1066.0,"1102,1,"
1067,1067,It will move the other way around.,1067.0,"1103,1,"
1068,1068,"On the contrary, changed.",1068.0,"1104,1,"
1069,1069,The movement of the needle will also change,1069.0,"1105,1,"
1070,1070,Point the other way around.,1070.0,"1106,1,"
1071,1071,It's moving to the right,1071.0,"1107,1,"
1072,1072,Turn around and stop at 180 degrees.,1072.0,"1108,1,1109,1,"
1073,1073,It's going the other way around,1073.0,"1110,1,"
1074,1074,It changes the other way around,1074.0,"1111,1,"
1075,1075,It moves more,1075.0,"1112,1,"
1076,1076,The compass needle moves in reverse.,1076.0,"1113,1,"
1077,1077,Changing,1077.0,"1114,1,"
1078,1078,"Since the N pole of the compass is the direction of the current, when the direction of the current is changed, the direction of the needle moves in reverse.",1078.0,"1115,1,"
1079,1079,"If the direction of the current is reversed, the direction indicated by the N pole of the compass is reversed. This means that the magnetic field is formed counterclockwise with respect to the direction of the current flowing through the conductor, and the N pole points to the direction of the tangent of the magnetic field. When the direction of the current changes, the direction of the magnetic field is reversed, so the direction indicated by the N pole of the compass is also reversed.",1079.0,"1116,1,"
1080,1080,It changes the other way around,1080.0,"1117,1,"
1081,1081,I don't know.,1081.0,"1118,1,"
1082,1082,I don't know,1082.0,"1119,1,"
1083,1083,It keeps moving,1083.0,"1120,1,"
1084,1084,It's moving like crazy,1084.0,"1121,1,"
1085,1085,Changing,1085.0,"1122,1,"
1086,1086,Counterclockwise,1086.0,"1123,1,"
1087,1087,in the direction of current flow,1087.0,"1124,1,"
1088,1088,in the direction of current flowChanging,1088.0,"1125,0,"
1089,1089,Mr,1089.0,"1126,1,"
1090,1090,Changed,1090.0,"1127,0,"
1091,1091,It doesn't move,1091.0,"1128,0,"
1092,1092,It's moving in the opposite direction,1092.0,"1129,1,"
1093,1093,"On the contrary, changed.",1093.0,"1130,1,"
1094,1094,Changing,1094.0,"1131,0,"
1095,1095,It goes back and forth,1095.0,"1132,1,"
1096,1096,M토Yutoㅓ,1096.0,"1133,0,"
1097,1097,The needle will move,1097.0,"1134,1,"
1098,1098,It changes the other way around.,1098.0,"1135,1,"
1099,1099,It turns in the opposite direction.,1099.0,"1136,1,"
1100,1100,It changes in the opposite direction.,1100.0,"1137,0,"
1101,1101,the opposite direction,1101.0,"1138,0,1139,1,"
1102,1102,the opposite direction,1102.0,"1140,0,"
1103,1103,"On the contrary, changed.",1103.0,"1141,1,"
1104,1104,"On the contrary, changed.",1104.0,"1142,1,"
1105,1105,The compass needle moves in reverse.,1105.0,"1143,1,"
1106,1106,It changes the other way around.,1106.0,"1144,0,"
1107,1107,"On the contrary,",1107.0,"1145,0,"
1108,1108,"On the contrary, changed.",1108.0,"1146,0,"
1109,1109,"Opposite direction (N,S changed)",1109.0,"1147,1,"
1110,1110,the opposite direction,1110.0,"1148,1,"
1111,1111,"On the contrary, changed.",1111.0,"1149,0,"
1112,1112,It moves in the opposite direction.,1112.0,"1150,1,"
1113,1113,It works the other way around.,1113.0,"1151,1,"
1114,1114,It changes in the opposite direction.,1114.0,"1152,0,"
1115,1115,The direction of the compass is reversed.,1115.0,"1153,1,"
1116,1116,It works the other way around,1116.0,"1154,1,"
1117,1117,Go back to bed.,1117.0,"1155,1,"
1118,1118,It changes the other way around,1118.0,"1156,1,"
1119,1119,It changes the other way around,1119.0,"1157,1,"
1120,1120,It's going the other way around,1120.0,"1158,1,"
1121,1121,It's moving the other way around.,1121.0,"1159,1,"
1122,1122,It's moving the other way around,1122.0,"1160,1,"
1123,1123,It changes the other way around,1123.0,"1161,1,"
1124,1124,The movement of the compass needle changes as much as it changes.,1124.0,"1162,0,"
1125,1125,It works the other way around.,1125.0,"1163,1,"
1126,1126,It's getting slower,1126.0,"1164,1,"
1127,1127,L.,1127.0,"1165,1,"
1128,1128,"The compass changes direction, too",1128.0,"1166,1,"
1129,1129,It's moving the other way around.,1129.0,"1167,1,"
1130,1130,It doesn't move.,1130.0,"1168,1,1169,1,"
1131,1131,It will go in the opposite direction.,1131.0,"1170,1,"
1132,1132,I don't know.,1132.0,"1171,1,"
1133,1133,It changes in the opposite direction,1133.0,"1172,1,"
1134,1134,The needle moves in reverse where it was originally meant to be,1134.0,"1173,1,"
1135,1135,It's moving the other way around.,1135.0,"1174,1,"
1136,1136,right,1136.0,"1175,1,"
1137,1137,It's moving well,1137.0,"1176,1,"
1138,1138,It's turning the other way around,1138.0,"1177,0,"
1139,1139,I don't know.,1139.0,"1178,1,"
1140,1140,It will change the other way around,1140.0,"1179,1,"
1141,1141,The compass moves the other way around,1141.0,"1180,1,"
1142,1142,It's moving the other way around,1142.0,"1181,1,"
1143,1143,I don't know,1143.0,"1182,1,"
1144,1144,As it is,1144.0,"1183,1,"
1145,1145,It's moving fast,1145.0,"1184,1,"
1146,1146,It's moving the other way around,1146.0,"1185,1,"
1147,1147,It will move the other way around.,1147.0,"1186,1,"
1148,1148,I don't know,1148.0,"1187,0,"
1149,1149,It moves in the direction of the current.,1149.0,"1188,1,"
1150,1150,The current flows in reverse,1150.0,"1189,1,"
1151,1151,I don't know.,1151.0,"1190,1,"
1152,1152,The movement of the compass needle is the opposite,1152.0,"1191,1,"
1153,1153,It changes in the opposite direction.,1153.0,"1192,1,"
1154,1154,It changes in the opposite direction.,1154.0,"1193,1,"
1155,1155,The compass changes direction.,1155.0,"1194,1,"
1156,1156,It will move the other way around.,1156.0,"1195,1,"
1157,1157,"As the direction of the current changes, the direction of the compass will also change.",1157.0,"1196,1,"
1158,1158,Move it the other way around.,1158.0,"1197,1,"
1159,1159,It's turning the other way around,1159.0,"1198,1,1199,1,"
1160,1160,The needle will face the opposite direction of the direction it now,1160.0,"1200,1,"
1161,1161,"""I will go back and forth.",1161.0,"1201,1,"
1162,1162,,1162.0,"1202,1,"
1163,1163,"""",1163.0,"1203,1,"
1164,1164,the other way around,1164.0,"1204,1,"
1165,1165,The current changes in the direction of flow,1165.0,"1205,1,"
1166,1166,I think it will move the other way around.,1166.0,"1206,1,"
1167,1167,The compass needle also changes the direction it points to,1167.0,"1207,0,"
1168,1168,"""The needle in the compass",1168.0,"1208,1,"
1169,1169,"It also changes the direction of the point.""",1169.0,"1209,1,"
1170,1170,The compass needle also changes the direction it points to,1170.0,"1210,0,"
1171,1171,It works the other way around,1171.0,"1211,1,"
1172,1172,It's going the other way around,1172.0,"1212,1,"
1173,1173,"""It turns in the opposite direction.",1173.0,"1213,1,"
1174,1174,"It's amazing.""",1174.0,"1214,1,"
1175,1175,"""The current is magnetic, so the compass follows, so if you change the direction of the current,",1175.0,"1215,0,"
1176,1176,It follows the direction of its current,1176.0,"1216,0,"
1177,1177,The other way around,1177.0,"1217,0,"
1178,1178,Turn the other way around.,1178.0,"1218,0,"
1179,1179,the other way around,1179.0,"1219,1,"
1180,1180,The direction of the compass needle changes direction.,1180.0,"1220,1,"
1181,1181,It's moving fast.,1181.0,"1221,1,"
1182,1182,It's moving the other way around.,1182.0,"1222,1,"
1183,1183,"The compass will change direction, too.",1183.0,"1223,1,"
1184,1184,It's going the other way around,1184.0,"1224,0,"
1185,1185,It changes the other way around,1185.0,"1225,0,"
1186,1186,"I don't think it will move in the opposite direction or at all, but I think I'll know if I experiment.",1186.0,"1226,0,"
1187,1187,Changed to the opposite 😀It's the other way around,1187.0,"1227,1,"
1188,1188,I'll go the other way,1188.0,"1228,0,1229,1,"
1189,1189,It's moving the other way around,1189.0,"1230,1,"
1190,1190,It's powered by electricity.,1190.0,"1231,1,"
1191,1191,The needle in the compass turns the other way around,1191.0,"1232,1,"
1192,1192,I think it's going to go the other way around.,1192.0,"1233,1,"
1193,1193,The direction changes,1193.0,"1234,0,"
1194,1194,The compass changes in the opposite direction,1194.0,"1235,0,"
1195,1195,I think it'll work the other way around,1195.0,"1236,1,"
1196,1196,The compass will change direction.,1196.0,"1237,1,"
1197,1197,It changes the other way around,1197.0,"1238,1,"
1198,1198,It's moving the other way around.,1198.0,"1239,0,"
1199,1199,The direction is reversed,1199.0,"1240,0,"
1200,1200,"If you change the direction of the current, it moves in the opposite direction of the compass needle that first moved",1200.0,"1241,0,"
1201,1201,The compass needle moves in the direction of the current.,1201.0,"1242,0,"
1202,1202,The direction is reversed,1202.0,"1243,0,"
1203,1203,It looks like it's going to move in the opposite direction.,1203.0,"1244,1,"
1204,1204,The direction of the compass needle changes before the change.,1204.0,"1245,1,"
1205,1205,"When the direction of the current changes, the direction of the compass needle also changes.",1205.0,"1246,1,"
1206,1206,Changing the direction of the current is likely to cause the initial needle movement of the compass to move in reverse.,1206.0,"1247,1,"
1207,1207,"""1. Do not move or move in any other direction.",1207.0,"1248,1,"
1208,1208,"2. Go in that direction or go in another direction.""",1208.0,"1249,0,"
1209,1209,"""Because we turned the current in the opposite direction, the compass needle moves in the opposite direction of the compass needle before.",1209.0,"1250,1,"
1210,1210,"""",1210.0,"1251,1,"
1211,1211,It will move in the opposite direction according to the direction of the current.,1211.0,"1252,0,"
1212,1212,Turn right,1212.0,"1253,1,"
1213,1213,It's going the other way around,1213.0,"1254,0,"
1214,1214,"In the above experiment, changing the direction of the current changes the movement of the compass needle.",1214.0,"1255,0,"
1215,1215,It's getting faster,1215.0,"1256,0,"
1216,1216,"The compass movement will change, too",1216.0,"1257,0,"
1217,1217,The current changes in the direction of flow,1217.0,"1258,1,1259,0,"
1218,1218,"The compass needle movement changes, too",1218.0,"1260,1,"
1219,1219,It's moving the other way around.,1219.0,"1261,0,"
1220,1220,..,1220.0,"1262,0,"
1221,1221,the site of the site,1221.0,"1263,0,"
1222,1222,I don't know,1222.0,"1264,1,"
1223,1223,Don't know,1223.0,"1265,0,"
1224,1224,It's moving the other way around,1224.0,"1266,1,"
1225,1225,Changing,1225.0,"1267,1,"
1226,1226,The current is reversed,1226.0,"1268,0,"
1227,1227,The compass is reversed.,1227.0,"1269,1,"
1228,1228,Changing,1228.0,"1270,0,"
1229,1229,I don't know,1229.0,"1271,1,"
1230,1230,I don't know.,1230.0,"1272,1,"
1231,1231,I don't know.,1231.0,"1273,1,"
1232,1232,It changes the other way around,1232.0,"1274,0,"
1233,1233,Change it to parallel,1233.0,"1275,1,"
1234,1234,It's changing.,1234.0,"1276,1,"
1235,1235,"On the contrary,",1235.0,"1277,1,"
1236,1236,The direction of the N and S poles of the needle is reversed.,1236.0,"1278,1,"
1237,1237,It changes in the opposite direction,1237.0,"1279,1,"
1238,1238,I'll change it the other way around,1238.0,"1280,0,"
1239,1239,It's going round and spinning.,1239.0,"1281,1,"
1240,1240,I don't know.,1240.0,"1282,0,"
1241,1241,It's going backwards.,1241.0,"1283,1,"
1242,1242,It's going backwards,1242.0,"1284,1,"
1243,1243,The needle on the compass is likely to move in the same direction as the current.,1243.0,"1285,1,"
1244,1244,The needle will move,1244.0,"1286,1,"
1245,1245,It depends on where it moves.,1245.0,"1287,0,"
1246,1246,The needle in the compass will follow you,1246.0,"1288,1,1289,1,"
1247,1247,I think it's going to move towards the clock,1247.0,"1290,1,"
1248,1248,I don't know,1248.0,"1291,1,"
1249,1249,The S pole will be facing left.,1249.0,"1292,1,"
1250,1250,It looks like it's going to move,1250.0,"1293,1,"
1251,1251,I think it's going to move the other way around.,1251.0,"1294,1,"
1252,1252,"Since I changed direction, I will move in the opposite direction.",1252.0,"1295,1,"
1253,1253,"""The compass is watering",1253.0,"1296,0,"
1254,1254,"""",1254.0,"1297,1,"
1255,1255,I don't know,1255.0,"1298,1,"
1256,1256,I think it's going to turn the other way,1256.0,"1299,1,"
1257,1257,"If the current is reversed, the compass needle moves in the opposite direction.",1257.0,"1300,1,"
1258,1258,I don't know,1258.0,"1301,1,"
1259,1259,The compass needle turns the other way around.,1259.0,"1302,1,"
1260,1260,I don't know,1260.0,"1303,1,"
1261,1261,horizontally,1261.0,"1304,1,"
1262,1262,The compass needle on the wire will see the left S pole.,1262.0,"1305,1,"
1263,1263,The relationship between the flow of electric current and the magnetic field is the law of the right screw.,1263.0,"1306,1,"
1264,1264,The compass needle will change direction.,1264.0,"1307,1,"
1265,1265,I don't know,1265.0,"1308,0,"
1266,1266,The needle of the compass is likely to move with the flow of current.,1266.0,"1309,1,"
1267,1267,Follow the magnet.,1267.0,"1310,1,"
1268,1268,I don't know,1268.0,"1311,1,"
1269,1269,I think it'll be the same,1269.0,"1312,1,"
1270,1270,Changing,1270.0,"1313,0,"
1271,1271,I have no idea.,1271.0,"1314,1,"
1272,1272,It's turning the other way around,1272.0,"1315,1,"
1273,1273,It's moving the other way around,1273.0,"1316,1,"
1274,1274,I have no idea.,1274.0,"1317,1,"
1275,1275,Turn the other way around.,1275.0,"1318,1,1319,1,"
1276,1276,I don't know,1276.0,"1320,0,"
1277,1277,The compass changes direction.,1277.0,"1321,1,"
1278,1278,It will move in the opposite direction of the original flow.,1278.0,"1322,1,"
1279,1279,It's the other way around,1279.0,"1323,1,"
1280,1280,I don't know,1280.0,"1324,1,"
1281,1281,I think it will change to the right if I change direction to the right.,1281.0,"1325,1,"
1282,1282,It turns in the opposite direction.,1282.0,"1326,0,"
1283,1283,the compass needle moves to the other side,1283.0,"1327,1,"
1284,1284,The compass needle is likely to change direction,1284.0,"1328,1,"
1285,1285,The other way around,1285.0,"1329,1,"
1286,1286,It's a little moreThe compass also changes direction.,1286.0,"1330,1,"
1287,1287,I think the compass needle will move weirdly,1287.0,"1331,,"
1288,1288,The compass needle also changes direction.,1288.0,"1332,,"
1289,1289,It changes the other way around,1289.0,"1333,69.8%,"
1290,1290,Changing,,
1291,1291,It turns in the opposite direction,,
1292,1292,I don't know.,,
1293,1293,"On the contrary,",,
1294,1294,Changing,,
1295,1295,It will change the other way around,,
1296,1296,It changes the other way around,,
1297,1297,It's changing,,
1298,1298,It's moving the other way around,,
1299,1299,The movement of the needle changes in reverse.,,
1300,1300,The N pole and the S pole change,,
1301,1301,be in a state of mooring,,
1302,1302,It changes the other way around,,
1303,1303,It's moving in the opposite direction,,
1304,1304,The needle changes direction.,,
1305,1305,The direction of the needle is reversed,,
1306,1306,move in the opposite direction,,
1307,1307,The play will change,,
1308,1308,It changes the other way around.,,
1309,1309,It changes the other way around,,
1310,1310,It works the other way around,,
1311,1311,Move in the opposite direction.,,
1312,1312,It changes the other way around,,
1313,1313,I think it's the same,,
1314,1314,It changes the other way around,,
1315,1315,It's going backwards.,,
1316,1316,"On the contrary,",,
1317,1317,the other way around,,
1318,1318,I don't know,,
1319,1319,It turns in the opposite direction,,
1320,1320,It'll move the other way around.,,
1321,1321,"""It's moving the other way around",,
1322,1322,"""",,
1323,1323,It's the opposite,,
1324,1324,It's moving the other way around,,
1325,1325,Don't move the other way around.,,
1326,1326,I don't know.,,
1327,1327,"It's going to turn the other way, right? Hahaha",,
1328,1328,The compass needle movement will be reversed.,,
1329,1329,The direction of the needle is reversed.,,
1330,1330,The needle in the compass also changes in the opposite direction,,
1331,1331,It's changing,,
1332,1332,I'm upset,,
1333,1333,The compass turns the other way around,,
1334,1334,It changes the other way around.,,
1335,1335,It's moving the other way around.,,
1336,1336,The needle in the compass moves the other way around.,,
1337,1337,Evaluation Only. Created with Aspose.Cells for Python via Java.Copyright 2003 - 2022 Aspose Pty Ltd.,,
