,Unnamed: 0,1) Let's talk about the exploration process that the scientist who discovered the unexplained phenomenon decides on the inquiry problem and then goes on to the next step,Unnamed: 0,",q27_hypothesis,q27_Other exploration"
0,0,1. Make an exploration plan 2. Explore. 3. Organize the contents of the exploration.,0.0,"0,0,1"
1,1,Planning for Exploration,1.0,"1,0,1"
2,2,keep an inquiry diary,2.0,"2,0,1"
3,3,Organize the phenomenon of inquiry.,3.0,"3,0,1"
4,4,I'll see it for myself,4.0,"4,0,0"
5,5,Planning for Exploration,5.0,"5,0,1"
6,6,a subject of inquiry,6.0,"6,0,1"
7,7,I'm experiment,7.0,"7,0,1"
8,8,an exploratory plan,8.0,"8,0,1"
9,9,I don't know.,9.0,"9,0,0"
10,10,Let's do an experiment.,10.0,"10,0,1"
11,11,Variable control,11.0,"11,0,1"
12,12,make an estimate of the problem,12.0,"12,0,1"
13,13,"After making an inquiry plan, conduct an experiment and presentation",13.0,"13,0,1"
14,14,Knowledge,14.0,"14,0,0"
15,15,Think about why this phenomenon occurred and experiment with it.,15.0,"15,0,1"
16,16,Think about why this phenomenon happened and experiment,16.0,"16,0,1"
17,17,"""I get knowledge from similar examples or other scientists about unexplained phenomena",17.0,"17,0,0"
18,18,"""",18.0,"18,0,1"
19,19,to predict or anticipate the matter,19.0,"19,0,0"
20,20,I don't know,20.0,"20,0,1"
21,21,I'm experiment,21.0,"21,0,1"
22,22,Let's do an experiment.,22.0,"22,0,1"
23,23,"You can set up a topic of inquiry, decide what you need, and write an experiment that you have explored in one go",23.0,"23,0,1"
24,24,"Financial statements, the need for exploration, materials, and exploration",24.0,"24,0,1"
25,25,I'm exploring,25.0,"25,0,0"
26,26,I don't know,26.0,"26,0,1"
27,27,Deciding what to prepare for the expedition,27.0,"27,0,0"
28,28,Museum exhibition,28.0,"28,0,129,0,1"
29,29,Collect data observed and measured during the experiment.,29.0,"30,0,0"
30,30,Collecting materials for inquiry materials,30.0,"31,0,1"
31,31,ㅇ,31.0,"32,0,1"
32,32,I think I will think about the knowledge I know about the inquiry problem and look for or observe the data I don't know.,32.0,"33,0,1"
33,33,Experiment,33.0,"34,0,1"
34,34,"Investigate, practice, organize.",34.0,"35,0,1"
35,35,"Experiments, government photographs, and collects measured data.",35.0,"36,0,1"
36,36,Deciding what process to explore,36.0,"37,0,1"
37,37,planning one's,37.0,"38,0,0"
38,38,"First, write the material or explanation of inquiry.",38.0,"39,0,1"
39,39,I don't know.,39.0,"40,0,1"
40,40,Collect data.,40.0,"41,0,1"
41,41,I'm going to do an experiment myself,41.0,"42,0,1"
42,42,Study until you know it,42.0,"43,0,1"
43,43,"When you're done exploring, organize and let many people know.",43.0,"44,1,1"
44,44,I think I'll be ready to explore.,44.0,"45,0,0"
45,45,Hypothesis Setting -> Experimental Design -> Experimental -> Conclusion Drawing,45.0,"46,1,0"
46,46,.,46.0,"47,0,0"
47,47,a hypothetical,47.0,"48,0,0"
48,48,"Research, fighting!",48.0,"49,1,0"
49,49,I don't know,49.0,"50,0,1"
50,50,hypothesis setting,50.0,"51,0,1"
51,51,I'm observing,51.0,"52,0,1"
52,52,I'm going to explore again,52.0,"53,0,0"
53,53,an exploratory investigation,53.0,"54,1,0"
54,54,"Choose a topic, explore a topic,",54.0,"55,1,0"
55,55,establish a hypothesis,55.0,"56,0,0"
56,56,Establish a hypothesis.,56.0,"57,0,0"
57,57,I don't like it.,57.0,"58,1,059,0,1"
58,58,All right.,58.0,"60,0,1"
59,59,Establish a hypothesis.,59.0,"61,0,0"
60,60,to investigate the problem,60.0,"62,1,0"
61,61,Observation,61.0,"63,1,1"
62,62,I have no idea.,62.0,"64,0,0"
63,63,establish a hypothesis,63.0,"65,1,0"
64,64,make a hypothesis to predict the outcome,64.0,"66,1,1"
65,65,I don't know,65.0,"67,1,0"
66,66,Hypothesis setting,66.0,"68,1,1"
67,67,Establish a hypothesis and conduct an experiment to verify the hypothesis.,67.0,"69,0,1"
68,68,Establish a hypothesis that is a tentative answer.,68.0,"70,1,0"
69,69,"Establish hypotheses, design experiments, conduct experiments, derive results, generalize",69.0,"71,1,1"
70,70,Planning for Exploration,70.0,"72,1,0"
71,71,establish a hypothesis,71.0,"73,0,1"
72,72,to re-estimate and explore phenomena,72.0,"74,1,0"
73,73,hypothesis setting,73.0,"75,0,1"
74,74,I'll look into the data on the problem,74.0,"76,0,1"
75,75,hypothesis setting,75.0,"77,1,0"
76,76,"Observation, data collection",76.0,"78,1,0"
77,77,Observation of the phenomenon of inquiry,77.0,"79,0,0"
78,78,Establish a hypothesis.,78.0,"80,0,1"
79,79,Establish a hypothesis.,79.0,"81,1,0"
80,80,I don't know.,80.0,"82,1,1"
81,81,look for relevant data,81.0,"83,0,1"
82,82,hypothesis setting,82.0,"84,1,1"
83,83,Establish a hypothesis for the question of inquiry. Then do the experiment.,83.0,"85,1,1"
84,84,Experimental Design - Experimental Results - Results Derived - Generalization,84.0,"86,0,1"
85,85,"Hypothesis. It is to anticipate the outcome of this quest. However, if the hypothesis and the experimental results are different, the hypothesis must be re-established.",85.0,"87,0,1"
86,86,Problem Awareness- Hypothesis Setting- Variable Control- Data Transformation- Results- Generalization,86.0,"88,0,089,0,0"
87,87,observe the phenomenon,87.0,"90,1,0"
88,88,"Do research or experiment, or use various methods.",88.0,"91,0,1"
89,89,Yes,89.0,"92,1,0"
90,90,B and B?,90.0,"93,1,1"
91,91,Make a hypothesis.,91.0,"94,1,0"
92,92,Investigate the question of inquiry,92.0,"95,1,1"
93,93,make a hypothesis,93.0,"96,1,0"
94,94,"Establishing a hypothesis, defining a problem, exploring, comparing it to a hypothesis",94.0,"97,0,0"
95,95,Hypothesis setting,95.0,"98,0,0"
96,96,"After deciding on the question of inquiry (the subject), we set up a hypothesis, and conduct an experiment according to that hypothesis.",96.0,"99,0,1"
97,97,"Here, the road is divided into two branches, and first, if the hypothesis is correct, the experiment is completed and the report is written.(Organizing Theory)",97.0,"100,0,0"
98,98,"Second, if the hypothesis is not correct, it is hypothesized again.Experiment with the hypothesis and write a report when it is correct.(Summary of Theory)""",98.0,"101,0,1"
99,99,Hypothesis setting,99.0,"102,1,0"
100,100,L.,100.0,"103,0,0"
101,101,I don't know.,101.0,"104,1,1"
102,102,Setting a topic for inquiry Organizing the results of an investigation,102.0,"105,1,0"
103,103,Organize what you know and look for what you don't know,103.0,"106,1,0"
104,104,a subject of inquiry,104.0,"107,0,0"
105,105,Establishing a hypothesis,105.0,"108,0,0"
106,106,Decide on the subject.,106.0,"109,0,0"
107,107,Establish a hypothesis and set up an experiment accordingly,107.0,"110,0,1"
108,108,Hypothesis is established based on the results from the phenomenon,108.0,"111,0,1"
109,109,make a hypothesis,109.0,"112,1,0"
110,110,I don't know.,110.0,"113,0,1"
111,111,Don't know,111.0,"114,0,0"
112,112,What...?,112.0,"115,0,0"
113,113,Identify and compare scientific situations similar to the phenomenon and explore phenomena that cannot be explained.,113.0,"116,0,1"
114,114,presentation of data research theory,114.0,"117,0,0"
115,115,A hypothesis must be established.,115.0,"118,0,0119,0,0"
116,116,find a way to solve the question of inquiry,116.0,"120,0,1"
117,117,hs and hs,117.0,"121,0,0"
118,118,"Yes, 3 lines",118.0,"122,0,0"
119,119,make an inquiry plan,119.0,"123,0,0"
120,120,I don't know.,120.0,"124,0,0"
121,121,I don't know.,121.0,"125,0,1"
122,122,It's amazing,122.0,"126,0,0"
123,123,Start of inquiry,123.0,"127,0,0"
124,124,I don't know.,124.0,"128,0,0"
125,125,I'm just going to announce it,125.0,"129,0,0"
126,126,I'm so cute.,126.0,"130,0,0"
127,127,Well,127.0,"131,0,0"
128,128,Observation-Creating Results-Submission (or presentation),128.0,"132,0,0"
129,129,.,129.0,"133,0,1"
130,130,I'm inventing it,130.0,"134,0,1"
131,131,.,131.0,"135,0,1"
132,132,careful consideration of the process of explanation,132.0,"136,0,1"
133,133,I don't know.,133.0,"137,0,1"
134,134,Planning,134.0,"138,1,1"
135,135,All right.,135.0,"139,0,0"
136,136,do research,136.0,"140,1,1"
137,137,"Planning an inquiry, conducting an inquiry, organizing an experiment",137.0,"141,0,1"
138,138,"After exploring the question of inquiry and finding the correct answer, make a presentation, put it in a textbook, and give more test questions to students.",138.0,"142,1,1"
139,139,I'm exploring,139.0,"143,0,0"
140,140,Collect data from observations and measurements during the experiment,140.0,"144,0,0"
141,141,Make a hypothesis with thoughts or inquiry results.,141.0,"145,0,1"
142,142,ㄴ ㄴ ㄴ ㄹ ㄹ ㅇ,142.0,"146,1,0"
143,143,"""Making a Hypothesis""",143.0,"147,1,0"
144,144,Planning,144.0,"148,1,0149,1,0"
145,145,Observing,145.0,"150,1,0"
146,146,"""Organizing""",146.0,"151,1,0"
147,147,I'm exploring,147.0,"152,1,0"
148,148,"Hypothesis-making, planning, observing, organizing",148.0,"153,0,0"
149,149,..............,149.0,"154,1,1"
150,150,"theory, knowledge",150.0,"155,0,1"
151,151,Let's find out and experiment with the phenomenon,151.0,"156,0,1"
152,152,Make a hypothesis.,152.0,"157,0,0"
153,153,make a hypothesis,153.0,"158,0,0"
154,154,Creating a Hypothesis,154.0,"159,0,1"
155,155,Make a hypothesis,155.0,"160,0,1"
156,156,Making a hypothesis.,156.0,"161,0,0"
157,157,hypothesizing,157.0,"162,0,1"
158,158,"Establishing a hypothesis, giving examples, and giving accurate conclusions",158.0,"163,0,1"
159,159,I'm measuring it,159.0,"164,0,0"
160,160,Scientists set a problem and explore it or make a hypothesis,160.0,"165,0,1"
161,161,"After creating a scientific research paper, it organizes theories, knowledge, and thoughts.",161.0,"166,0,0"
162,162,Use knowledge of the process of inquiry.,162.0,"167,1,0"
163,163,solve it,163.0,"168,0,0"
164,164,?,164.0,"169,0,0"
165,165,make an inquiry plan,165.0,"170,0,1"
166,166,"Collect data from experiments, observations, and measurements",166.0,"171,0,0"
167,167,Scientists are essential for future life,167.0,"172,0,1"
168,168,Let's begin our quest,168.0,"173,0,1"
169,169,Make an inquiry plan with prior research.,169.0,"174,0,1"
170,170,ㅐ,170.0,"175,0,0"
171,171,planning an inquiry,171.0,"176,0,1"
172,172,I don't know.,172.0,"177,0,1"
173,173,a hypothetical,173.0,"178,0,1179,0,1"
174,174,I don't know,174.0,"180,1,0"
175,175,All right.,175.0,"181,0,1"
176,176,Investigate in order,176.0,"182,0,1"
177,177,Yes.,177.0,"183,0,0"
178,178,make an inquiry plan,178.0,"184,0,1"
179,179,Determine the question of inquiry and investigate the problem.,179.0,"185,0,1"
180,180,Let's do an experiment,180.0,"186,0,1"
181,181,I don't like it.,181.0,"187,0,1"
182,182,Investigate the subject of inquiry.,182.0,"188,0,0"
183,183,Investigate the accuracy of whether the problem can be safe or appropriate and debatable.,183.0,"189,0,0"
184,184,an exploratory plan,184.0,"190,0,1"
185,185,Find and experiment with data related to the phenomenon and observe it.,185.0,"191,0,0"
186,186,"1. Make a hypothesis. 2. Test the hypothesis (if wrong, make a different hypothesis).",186.0,"192,0,1"
187,187,exploratory observation,187.0,"193,0,1"
188,188,I think I'll check it again and make an announcement.,188.0,"194,0,0"
189,189,I look for phenomena related to it,189.0,"195,0,0"
190,190,examine the subject of inquiry in detail,190.0,"196,0,1"
191,191,"Uh, collecting evidence?",191.0,"197,0,1"
192,192,data collection,192.0,"198,0,1"
193,193,to investigate the question of inquiry,193.0,"199,0,0"
194,194,I don't know.,194.0,"200,0,1"
195,195,I forgot.,195.0,"201,0,1"
196,196,Exploring,196.0,"202,0,0"
197,197,I don't know.collecting research materials,197.0,"203,0,1"
198,198,"""To investigate",198.0,"204,0,0"
199,199,"""",199.0,"205,0,0"
200,200,determine the cause of,200.0,"206,0,1"
201,201,?,201.0,"207,0,1"
202,202,Start exploring and put into knowledge.,202.0,"208,0,1209,0,1"
203,203,Let's do an experiment.,203.0,"210,0,1"
204,204,To think of ways to solve an inquiry problem/collect its related materials,204.0,"211,0,0"
205,205,I don't know...,205.0,"212,0,0"
206,206,To set a topic for exploration,206.0,"213,0,1"
207,207,"If you prepare materials for inquiry, do experiments, submit reports, and find out something special, patent(?) I don't know much about it",207.0,"214,0,0"
208,208,I don't know.,208.0,"215,0,0"
209,209,Study hard.,209.0,"216,0,0"
210,210,Forgot.,210.0,"217,0,1"
211,211,?,211.0,"218,0,0"
212,212,Think about the object of inquiry.,212.0,"219,0,1"
213,213,Investigating and collecting data on inquiry problems,213.0,"220,0,0"
214,214,"After that, think more about the inquiry problem and pre-investigate and record what is necessary for the inquiry problem. We need to investigate.",214.0,"221,0,0"
215,215,Find out about the problems you're going to explore,215.0,"222,0,1"
216,216,Obtain the necessary supplies for exploration.,216.0,"223,0,0"
217,217,.,217.0,"224,0,0"
218,218,I don't know,218.0,"225,1,0"
219,219,Exploring,219.0,"226,0,1"
220,220,I'm going to ask NAVER's,220.0,"227,1,0"
221,221,It's a must-have question,221.0,"228,0,0"
222,222,I don't know.,222.0,"229,1,0"
223,223,Then I explore it.,223.0,"230,1,0"
224,224,I don't know.,224.0,"231,1,0"
225,225,planning an inquiry,225.0,"232,0,0"
226,226,Haha,226.0,"233,0,0"
227,227,"Uh, um, I don't know",227.0,"234,0,1"
228,228,planning an inquiry,228.0,"235,0,1"
229,229,I don't know,229.0,"236,0,1"
230,230,I don't know,230.0,"237,0,1"
231,231,Hypothesis setting,231.0,"238,0,0239,0,1"
232,232,To gather evidence to prove the phenomenon,232.0,"240,0,1"
233,233,Hypothesis setting,233.0,"241,0,0"
234,234,I think about the way I thought of it,234.0,"242,0,1"
235,235,Hypothesis setting,235.0,"243,0,1"
236,236,hypothesis setting,236.0,"244,0,1"
237,237,make a hypothesis,237.0,"245,0,1"
238,238,I don't know,238.0,"246,0,1"
239,239,I don't know.,239.0,"247,0,0"
240,240,Research knowledge or books related to the phenomenon.,240.0,"248,0,0"
241,241,"First, I research with a computer, and secondly, I ask scientist HANTAE",241.0,"249,0,1"
242,242,I'm investigating,242.0,"250,0,0"
243,243,Observe and measure,243.0,"251,0,0"
244,244,I don't know.,244.0,"252,1,0"
245,245,Find the data on what to explore in places such as the Internet.,245.0,"253,0,1"
246,246,"Find the data or go to the site to prepare for the experiment, and when it is ready, officially start",246.0,"254,0,1"
247,247,I don't know.,247.0,"255,0,1"
248,248,"First, decide the subject to be explored, then find out the subject to be investigated, and write the contents to question the exploration.",248.0,"256,0,0"
249,249,I ponder why I cannot explain why. And they collect data from observations.,249.0,"257,1,0"
250,250,Let's explore if we can explain it,250.0,"258,1,0"
251,251,keep an eye on the problem,251.0,"259,0,0"
252,252,I observe...,252.0,"260,0,1"
253,253,I don't know.,253.0,"261,1,0"
254,254,I don't know.,254.0,"262,1,0"
255,255,collect data,255.0,"263,0,1"
256,256,I forgot...,256.0,"264,0,0"
257,257,? Do not understand the problem,257.0,"265,1,1"
258,258,establish a hypothesis about the phenomenon,258.0,"266,1,0"
259,259,Let's observe,259.0,"267,1,1"
260,260,I'm going to do an experiment,260.0,"268,1,0269,1,1"
261,261,Expected experimental results,261.0,"270,0,1"
262,262,Hmm? I don't know,262.0,"271,0,1"
263,263,Establish a hypothesis,263.0,"272,0,1"
264,264,Hypothesis setting,264.0,"273,0,0"
265,265,I don't know,265.0,"274,1,1"
266,266,We expect the results of the experiment,266.0,"275,1,0"
267,267,hypothesis setting,267.0,"276,0,1"
268,268,establish a hypothesis,268.0,"277,0,1"
269,269,conduct an experiment to solve a problem,269.0,"278,0,1"
270,270,a liberal arts major,270.0,"279,0,1"
271,271,Establish a hypothesis and then conduct an experiment.,271.0,"280,0,1"
272,272,hypothesis setting,272.0,"281,0,1"
273,273,"Establishes a hypothesis about why, obtains results through experiments and inquiry, and determines the hypothesis through the results",273.0,"282,0,0"
274,274,Make a hypothesis.,274.0,"283,1,0"
275,275,Establish a hypothesis and explore it.,275.0,"284,0,1"
276,276,a deductive inquiry process,276.0,"285,1,1"
277,277,Observation,277.0,"286,1,0"
278,278,Development of a plan of inquiry activities,278.0,"287,0,0"
279,279,I don't know.,279.0,"288,0,0"
280,280,Hypothesis Deductive Exploration Method,280.0,"289,0,1"
281,281,Make a hypothesis.,281.0,"290,0,1"
282,282,Assume the phenomenon and predict the results of the inquiry.,282.0,"291,0,0"
283,283,"To modify a theory by generating principles through observation or intuition, and then empirically verifying specific results derived through deductive reasoning",283.0,"292,0,0"
284,284,devise a way to explore,284.0,"293,0,1"
285,285,Development of a plan of inquiry activities,285.0,"294,1,0"
286,286,"Design observation methods and procedures, make actual observations, and interpret observation results.",286.0,"295,0,0"
287,287,It is the design of the observation method and procedures.,287.0,"296,1,0"
288,288,I don't know,288.0,"297,0,1"
289,289,Hypothesis setting,289.0,"298,0,1299,1,0"
290,290,Find a formula or experiment that can explain this phenomenon,290.0,"300,1,1"
291,291,"After considering the hypothesis, research related data.",291.0,"301,1,0"
292,292,hypothesis setting,292.0,"302,1,0"
293,293,Sorry,293.0,"303,1,0"
294,294,All right.,294.0,"304,0,0"
295,295,Collection of data,295.0,"305,1,0"
296,296,Designing an ExplorationI don't know.,296.0,"306,1,1"
297,297,I don't understand.,297.0,"307,0,0"
298,298,deductive inquiry method,298.0,"308,1,1"
299,299,Hypothesis setting,299.0,"309,0,0"
300,300,I don't know,300.0,"310,0,0"
301,301,Hypothesis setting,301.0,"311,0,0"
302,302,deductive methods of inquiry,302.0,"312,0,0"
303,303,Planning an inquiry,303.0,"313,1,1"
304,304,Hypothesis setting,304.0,"314,1,0"
305,305,Hypothesis Setting-Experiment-Conclusion Drawing,305.0,"315,1,0"
306,306,hypothesis setting,306.0,"316,0,1"
307,307,Hypothesis setting,307.0,"317,1,0"
308,308,establish a hypothesis,308.0,"318,0,1"
309,309,I don't know.,309.0,"319,0,1"
310,310,establish a hypothesis,310.0,"320,1,0"
311,311,Establish a hypothesis and proceed with the experiment.,311.0,"321,1,0"
312,312,M and D,312.0,"322,1,1"
313,313,"Make observations. Recognize problems. Establish a hypothesis. Design an exploratory experiment. Conduct an exploratory experiment. Analyze the results. Draw a conclusion. Check with the hypothesis and generalize if it is correct, reset the hypothesis if it is wrong",313.0,"323,1,0"
314,314,I don't know.,314.0,"324,1,0"
315,315,.,315.0,"325,1,0"
316,316,I don't know.,316.0,"326,0,0"
317,317,It's going to be far.,317.0,"327,1,1"
318,318,Estimate the associated phenomena by setting a hypothesis.,318.0,"328,1,0329,1,1"
319,319,Make a hypothesis.,319.0,"330,1,0"
320,320,Establishing a hypothesis,320.0,"331,1,0"
321,321,find a way to prove the question of inquiry,321.0,"332,0,1"
322,322,hypothesis setting,322.0,"333,0,1"
323,323,I want to experiment more on the problem and know it in detail,323.0,"334,0,0"
324,324,Data collection,324.0,"335,0,0"
325,325,hypothesis setting,325.0,"336,0,0"
326,326,establish a hypothesis,326.0,"337,0,0"
327,327,Observation > Hypothesis > Experimental Design > Experiment > Results Analysis > Conclusions > Generalization,327.0,"338,0,0"
328,328,tentative conclusion setting,328.0,"339,0,0"
329,329,Hypothesis setting,329.0,"340,0,0"
330,330,hypothesis setting,330.0,"341,0,0"
331,331,Identifying the Problem,331.0,"342,0,1"
332,332,Hypothesis Setting - Manipulation - Observation Experience - Verification,332.0,"343,0,0"
333,333,Establish a hypothesis that is a tentative answer.,333.0,"344,0,0"
334,334,1)Hypothesis Setting Experimental Planning Experimental Exploration Conclusion,334.0,"345,0,1"
335,335,"Write down your thoughts in advance, such as hypotheses.",335.0,"346,0,1"
336,336,Establish a hypothesis,336.0,"347,0,0"
337,337,I'm going to do an experiment,337.0,"348,0,1"
338,338,Research preparation,338.0,"349,0,0"
339,339,I don't know.,339.0,"350,0,1"
340,340,ㅇ,340.0,"351,0,0"
341,341,very well,341.0,"352,0,1"
342,342,I don't know,342.0,"353,0,1"
343,343,I don't know,343.0,"354,0,1"
344,344,I don't know,344.0,"355,0,1"
345,345,I don't know.,345.0,"356,0,0"
346,346,in a very pretty way,346.0,"357,1,1"
347,347,"Make observations, gather data to measure.",347.0,"358,0,1359,1,0"
348,348,"""I don't know",348.0,"360,0,1"
349,349,"""",349.0,"361,0,0"
350,350,QUESTION,350.0,"362,0,1"
351,351,I'm experiment,351.0,"363,0,0"
352,352,It explores and observes the process of inquiry and collects data.,352.0,"364,0,0"
353,353,....,353.0,"365,0,1"
354,354,Collect ancient data from experiments.,354.0,"366,0,0"
355,355,I think scientists will do their best even if they fail.,355.0,"367,0,0"
356,356,Explore.,356.0,"368,0,0"
357,357,I don't know,357.0,"369,0,0"
358,358,explore the phenomenon,358.0,"370,0,1"
359,359,make observations,359.0,"371,1,0"
360,360,Observation and data on the problem.I think I need to collect pictures,360.0,"372,0,0"
361,361,"After the investigation, we start by exploring the suspicious areas",361.0,"373,0,0"
362,362,I don't know.,362.0,"374,0,0"
363,363,Continue to study the hypothesis outside of tax,363.0,"375,0,0"
364,364,Collecting data,364.0,"376,0,0"
365,365,Hypothesis setting,365.0,"377,0,1"
366,366,explored,366.0,"378,0,0"
367,367,1.a week 3.well,367.0,"379,0,0"
368,368,Observation,368.0,"380,0,1"
369,369,I don't know,369.0,"381,0,1"
370,370,See how it changes,370.0,"382,0,0"
371,371,I'm observing,371.0,"383,1,1"
372,372,I don't know,372.0,"384,0,1"
373,373,''',373.0,"385,0,0"
374,374,I don't know.,374.0,"386,0,0"
375,375,look up the phenomenon,375.0,"387,0,1"
376,376,"Observe it, gather data.",376.0,"388,0,1389,0,0"
377,377,Make a hypothesis.,377.0,"390,0,1"
378,378,I don't know.,378.0,"391,0,0"
379,379,Regret 1,379.0,"392,0,0"
380,380,ㅇ,380.0,"393,0,0"
381,381,ㅇ,381.0,"394,0,1"
382,382,Collect and select various information.,382.0,"395,0,1"
383,383,I'm experiment,383.0,"396,0,1"
384,384,I don't know.,384.0,"397,0,1"
385,385,I'm planning.,385.0,"398,0,1"
386,386,Data analysis,386.0,"399,0,1"
387,387,"To learn, experiment and explore the phenomenon",387.0,"400,0,1"
388,388,Yeah.,388.0,"401,0,1"
389,389,"Hypothesis setting, inquiry design, inquiry performance, data collection and interpretation, conclusion drawing, generalization",389.0,"402,0,1"
390,390,conducting an inquiry,390.0,"403,0,1"
391,391,planning,391.0,"404,0,0"
392,392,I don't know,392.0,"405,0,1"
393,393,to study unexplained phenomena,393.0,"406,0,0"
394,394,Resting eye control,394.0,"407,0,1"
395,395,decide on a topicI'm just exploring.,395.0,"408,0,1"
396,396,I don't know.,396.0,"409,0,1"
397,397,I don't know.,397.0,"410,0,0"
398,398,I don't know,398.0,"411,0,1"
399,399,Observation,399.0,"412,0,1"
400,400,Establishing an inquiry,400.0,"413,0,1"
401,401,Plan and prepare for the experiment,401.0,"414,0,1"
402,402,I'm exploring that's all,402.0,"415,0,1"
403,403,Variable control,403.0,"416,0,1"
404,404,make an inquiry plan,404.0,"417,0,1"
405,405,Determining an inquiry plan,405.0,"418,0,1419,0,1"
406,406,make observations and conduct experiments,406.0,"420,0,1"
407,407,make observations,407.0,"421,0,1"
408,408,I'm exploring,408.0,"422,0,1"
409,409,We keep looking at the phenomenon,409.0,"423,0,1"
410,410,Collect data.,410.0,"424,0,1"
411,411,Troubleshooting,411.0,"425,0,1"
412,412,Do an investigation.,412.0,"426,0,1"
413,413,investigation,413.0,"427,0,1"
414,414,an investigation into the matter,414.0,"428,0,1"
415,415,I don't know.,415.0,"429,0,1"
416,416,Decide on the question of inquiry and write down what to explore,416.0,"430,1,0"
417,417,conduct experiments in person,417.0,"431,1,0"
418,418,We look at the data measured during the experiment and learn the opinions of various scientists.,418.0,"432,1,0"
419,419,"It is to observe, measure, and investigate.",419.0,"433,1,0"
420,420,Prepare for exploration.,420.0,"434,1,1"
421,421,Collect data on the subject.,421.0,"435,0,1"
422,422,I'm studying why it happens,422.0,"436,1,0"
423,423,collecting data,423.0,"437,1,0"
424,424,study the phenomenon,424.0,"438,0,0"
425,425,I'm exploring,425.0,"439,0,1"
426,426,Observe and record.,426.0,"440,0,1"
427,427,Study hard.,427.0,"441,0,1"
428,428,Do an investigation.,428.0,"442,1,1"
429,429,Experiment. - So that you know the question of exploration,429.0,"443,0,0"
430,430,Create an exploration plan.,430.0,"444,1,0"
431,431,I'm going to do my research in detail and organize what I've explored things,431.0,"445,1,0"
432,432,Scientists begin to explore the question of inquiry,432.0,"446,1,0"
433,433,make a plan of inquiry,433.0,"447,1,1"
434,434,It seems that it is to continue to observe phenomena that cannot be explained and find characteristics.,434.0,"448,0,1449,1,1"
435,435,hypothesis setting,435.0,"450,0,1"
436,436,Establish a hypothesis.,436.0,"451,1,0"
437,437,Hypothesis setting,437.0,"452,0,1"
438,438,Establish a hypothesis.,438.0,"453,1,0"
439,439,Prepare for exploration by establishing a hypothesis.,439.0,"454,0,0"
440,440,Analyze the determined inquiry problem.,440.0,"455,0,1"
441,441,establish a hypothesis,441.0,"456,0,1"
442,442,establish a hypothesis,442.0,"457,0,1"
443,443,We need to find evidence,443.0,"458,0,1"
444,444,Survey,444.0,"459,0,0"
445,445,I'm experiment,445.0,"460,0,1"
446,446,Analyze the question of inquiry,446.0,"461,0,1"
447,447,We establish a hypothesis that predicts the results that can be derived by obtaining an inquiry.,447.0,"462,0,1"
448,448,Why did this happen?,448.0,"463,0,1"
449,449,Setting up a hypothesis,449.0,"464,0,1"
450,450,Make a hypothesis.,450.0,"465,0,1"
451,451,Hypothesis setting,451.0,"466,0,1"
452,452,We will set up a hypothesis to predict the results in advance.,452.0,"467,0,1"
453,453,It is a summary of the contents to be explored on the question of inquiry.,453.0,"468,0,1"
454,454,"For the first time, a hypothesis is established based on the phenomenon. Next, I do various experiments to see if my hypothesis is correct. It would be nice if the experiment succeeded at once, but if not, we continue this process until we can explain the phenomenon by establishing another hypothesis.",454.0,"469,0,1"
455,455,I don't know the process of inquiry,455.0,"470,0,1"
456,456,Make a hypothesis.,456.0,"471,0,1"
457,457,Experimental preparation,457.0,"472,0,0"
458,458,Let's make a hypothesis,458.0,"473,1,0"
459,459,Decide whether it is right or not.,459.0,"474,1,0"
460,460,deductive inquiry experiment,460.0,"475,1,1"
461,461,Collect data from observations and measurements during the experiment,461.0,"476,1,0"
462,462,Execution of the inquiry process,462.0,"477,0,1"
463,463,Find evidence on the question of inquiry,463.0,"478,0,1479,0,1"
464,464,I don't know,464.0,"480,0,1"
465,465,Evidence data,465.0,"481,0,1"
466,466,Exploration activities,466.0,"482,0,1"
467,467,Write the action and experimental conditions on the plan to be explored.,467.0,"483,0,1"
468,468,experiment,468.0,"484,0,1"
469,469,Observation,469.0,"485,0,1"
470,470,I'm exploring?,470.0,"486,1,0"
471,471,collect data,471.0,"487,0,1"
472,472,explore in more detail,472.0,"488,0,1"
473,473,Collect measured data.,473.0,"489,0,1"
474,474,Collect measured data.,474.0,"490,0,1"
475,475,Collect data observed and measured during the experiment.,475.0,"491,0,1"
476,476,likely to explore,476.0,"492,0,1"
477,477,I don't know.,477.0,"493,0,0"
478,478,make a hypothesis,478.0,"494,0,1"
479,479,write a hypothesis,479.0,"495,0,0"
480,480,가설을 먼저 세우고 그 가설을 기준으로 이게 가설에 맞는지 생각하고 그현상을 관찰한다. If them one by one and assumptions and assumptions and other points after writing the reasons for why that happens with different.,480.0,"496,0,0"
481,481,Make a hypothesis.,481.0,"497,0,1"
482,482,A Study on the experiment and observe.,482.0,"498,0,1"
483,483,Pass the plan inquiry,483.0,"499,0,0"
484,484,그 현상에 대해 관찰한다.,484.0,"500,0,1"
485,485,Observation and experiment.,485.0,"501,0,0"
486,486,Experiment,486.0,"502,0,0"
487,487,탐구계획을 짜고 변인통제도 한다음 실험을한다.,487.0,"503,0,0"
488,488,Exploration plans.,488.0,"504,0,0"
489,489,I were at the scene to investigate them.,489.0,"505,0,0"
490,490,Experiment.,490.0,"506,0,0"
491,491,Make a hypothesis.,491.0,"507,0,0"
492,492,Explore to make a plan.,492.0,"508,0,0509,0,0"
493,493,Experiment.,493.0,"510,0,0"
494,494,Test plans.Make a plan for an experiment.,494.0,"511,0,0"
495,495,Experiment.,495.0,"512,0,1"
496,496,Prepare plans and supplies to conduct the experiment.,496.0,"513,0,1"
497,497,I don't know,497.0,"514,0,0"
498,498,Experiment.,498.0,"515,0,1"
499,499,I don't understand...,499.0,"516,0,1"
500,500,I don't know.,500.0,"517,0,0"
501,501,Experiment.,501.0,"518,0,1"
502,502,I'm experiment,502.0,"519,0,0"
503,503,I don't know.,503.0,"520,0,1"
504,504,Observing,504.0,"521,0,1"
505,505,I don't know,505.0,"522,0,0"
506,506,I don't know,506.0,"523,0,1"
507,507,"""I don't know",507.0,"524,0,1"
508,508,"""",508.0,"525,0,0"
509,509,I don't know.,509.0,"526,0,0"
510,510,I don't know...,510.0,"527,0,0"
511,511,I don't know,511.0,"528,0,1"
512,512,I can let people know.,512.0,"529,0,0"
513,513,M and D,513.0,"530,0,0"
514,514,"If it's a phenomenon that you can't explain with knowledge, you can explain it with knowledge.",514.0,"531,1,1"
515,515,I don't know.,515.0,"532,1,1"
516,516,I don't know,516.0,"533,1,1"
517,517,Experiment and observe,517.0,"534,1,0"
518,518,"After completing the study, we will study why this phenomenon looks like again.",518.0,"535,1,1"
519,519,have no idea,519.0,"536,0,1"
520,520,study the phenomenon,520.0,"537,1,1"
521,521,I think I will study and study the phenomenon.,521.0,"538,0,1539,0,1"
522,522,I don't know,522.0,"540,1,1"
523,523,Investigate the scene of him.,523.0,"541,1,1"
524,524,I don't know.,524.0,"542,1,1"
525,525,To investigate and study matters of inquiry,525.0,"543,1,1"
526,526,to study the phenomenon,526.0,"544,1,1"
527,527,I don't know.,527.0,"545,1,1"
528,528,You need to investigate and observe the unexplained phenomenon and know about it,528.0,"546,1,1"
529,529,Let's begin our quest,529.0,"547,1,1"
530,530,I'm sorry. I don't knowcrying,530.0,"548,0,1"
531,531,I don't know.,531.0,"549,1,1"
532,532,The answer to the question must be considered.,532.0,"550,1,1"
533,533,Survey,533.0,"551,1,1"
534,534,I don't understand.,534.0,"552,1,1"
535,535,What did you do?,535.0,"553,0,1"
536,536,We will find evidence and judge facts in an inductive way by setting inquiry problems and establishing hypotheses.,536.0,"554,0,1"
537,537,"After establishing a hypothesis, it is confirmed how consistent it is with the hypothesis through various experiments or studies according to the hypothesis.",537.0,"555,1,1"
538,538,A specific hypothesis for the inquiry problem is established.,538.0,"556,0,1"
539,539,Let's hypothesize that the problem will be solved in some way.,539.0,"557,1,0"
540,540,"Establish a hypothesis after establishing a question of inquiry. And experiment with that hypothesis. If the experiment was successful, the hypothesis was generalized through several more experiments, and if the experiment failed, a new hypothesis was made through feedback on where the problem was.",540.0,"558,0,0"
541,541,"Look for similar phenomena, plan an experiment on unexplained phenomena, and then if you find out about them through experiments, you will disconnect the results and write a report",541.0,"559,0,0"
542,542,"Make a hypothesis about the phenomenon you think. And experiment and explore according to the hypothesis. If the hypothesis is proved to be wrong in the process of exploration, it is explored again by establishing a correct hypothesis.",542.0,"560,0,1"
543,543,"Data Research - Establishing a Method of Exploration - Exploration, Experiment - Drawing Conclusions - Generalization",543.0,"561,1,0"
544,544,Think about how this happens and plan how to analyze and explore it,544.0,"562,1,1"
545,545,"After determining the inquiry problem, investigate related phenomena and investigate similar phenomena. Based on the research, find out if there are any principles or knowledge that can be applied to the inquiry questions you have set. After analyzing the inquiry problem and clearly analyzing what you know and don't know, research is conducted to know and find out what you don't know. Guess what you don't know through the commonalities or characteristics that can be found in what you know. Based on the results of the study, various hypotheses are established and proved.",545.0,"563,0,1"
546,546,"As a deductive inquiry method, a hypothesis is first established, and the hypothesis is tested to determine whether the hypothesis is true, and as an inductive inquiry method, various phenomena are first investigated and data are collected to draw common conclusions from the data.",546.0,"564,0,0"
547,547,I will think about the phenomenon first and then make a predictable hypothesis.,547.0,"565,0,1"
548,548,"First, when the inquiry problem is determined, a solution to the inquiry problem or a hypothesis about the cause of it is established, and the problem is expected and predicted. And we start working on the problem in earnest. First, the cause or background of the problem is investigated according to the scientific phenomenon, various information is obtained, and various information is organized into several branches to draw conclusions.",548.0,"566,0,0"
549,549,Make a hypothesis and conduct an experiment to prove it. Analyze the experimental results and repeat the experiment until the results match the hypothesis.,549.0,"567,1,0"
550,550,"When the inquiry problem is determined, a hypothesis that seems to be able to explain the inquiry topic is established, and an experiment is conducted to prove the hypothesis.",550.0,"568,0,0569,0,0"
551,551,"To solve the inquiry problem, we first hypothesize. After establishing a hypothesis, data is collected accordingly, experimented accordingly, and evidence is collected to prove one's hypothesis. And if the conclusion and your hypothesis match, your hypothesis becomes true, and if it does not match the hypothesis, you must repeat the previous part again.",551.0,"570,0,1"
552,552,Establish a hypothesis for the set inquiry problem.,552.0,"571,1,0"
553,553,"By studying previous studies and basic knowledge related to unexplained phenomena, background knowledge on unexplained phenomena is activated. In addition, experiments are conducted in relation to unexplained phenomena and previous studies or in relation to the regularity of the phenomena, accumulated data, and then investigated based on the data.",553.0,"572,0,0"
554,554,"If a scientist finds a phenomenon, he or she should hypothesize that it occurs. In order to understand the reason for the phenomenon, experiments and observations must be conducted, because the purpose of such a process is the right or wrong of the hypothesis. If an experiment is conducted without a hypothesis, a proper experiment cannot be selected, and it is difficult to draw a conclusion.",554.0,"573,0,1"
555,555,"After determining the inquiry problem, hypothesize the problem, control various variables, design experiments, and conduct experiments. Various results obtained through experiments are synthesized and analyzed to draw common and generalizable conclusions.",555.0,"574,0,1"
556,556,"First, you establish a hypothesis for the phenomenon, design an experiment based on the hypothesis, derive statistical experimental results through many experiments under various conditions, and compare it with your hypothesis to determine whether your hypothesis is correct or wrong.",556.0,"575,0,0"
557,557,"After the scientist has decided on the question of inquiry, he will hypothesize it. After establishing a hypothesis, experiment and observe based on it and measure the data.",557.0,"576,0,1"
558,558,"After deciding on the question of inquiry, I will first accumulate background knowledge through various materials related to the topic. After accumulating background knowledge, I will make an inquiry plan related to the topic. Such an inquiry plan may include an experimental plan or an observation plan. After conducting an inquiry based on this inquiry plan, the inquiry problem can be solved by deriving the results.",558.0,"577,1,0"
559,559,"After seeing the phenomenon, investigate the environment and time in which the phenomenon occurred. And observe the phenomenon and collect data. Based on the data, the phenomenon is viewed again and the causal relationship is organized. It then presents opinions on unexplained phenomena and supplements them and draws conclusions by discussing them with other scientists.",559.0,"578,0,1"
560,560,"""I expect that.",560.0,"579,0,1"
561,561,"make a hypothesis about the question of inquiry""",561.0,"580,0,0"
562,562,"After discovering a problem, we inductively grasp and explore new knowledge through various knowledge",562.0,"581,0,1"
563,563,set a problem and hypothesize about the problem,563.0,"582,1,0"
564,564,inductive,564.0,"583,1,0"
565,565,.,565.0,"584,1,0"
566,566,Research activities such as experiments are conducted to investigate similar cases or to verify that the answer is correct by arbitrarily setting the answer.,566.0,"585,0,1"
567,567,Hypothesis setting,567.0,"586,1,0"
568,568,Phenomenon discovery-Hypothesis setting-Experiment setting-Experiment initiation-Result analysis-Result derivation...,568.0,"587,1,1"
569,569,Experiment,569.0,"588,1,1"
570,570,You'll be amazed,570.0,"589,1,0"
571,571,Deductive Exploration Method,571.0,"590,0,0"
572,572,I don't know,572.0,"591,1,0"
573,573,Make a hypothesis.,573.0,"592,0,1"
574,574,I'm going to solve the problem,574.0,"593,0,1"
575,575,I don't know.,575.0,"594,0,0"
576,576,Data research,576.0,"595,1,0"
577,577,Establishing a hypothesis,577.0,"596,0,1"
578,578,I don't know.,578.0,"597,0,0"
579,579,Observe and record,579.0,"598,0,1599,0,0"
580,580,Investigate and present it in theory,580.0,"600,0,0"
581,581,I don't know.,581.0,"601,0,1"
582,582,collect data,582.0,"602,0,1"
583,583,Hypothesis setting,583.0,"603,0,1"
584,584,Experiment.,584.0,"604,0,1"
585,585,deductive inquiry process,585.0,"605,1,1"
586,586,Find another example.,586.0,"606,0,1"
587,587,I'm experiment,587.0,"607,0,1"
588,588,hypothesis setting,588.0,"608,0,1"
589,589,"Recheck whether there is any knowledge missed about the phenomenon, and if there is no knowledge, establish a hypothesis with the knowledge you know as much as possible.",589.0,"609,0,0"
590,590,Make a hypothesis.,590.0,"610,0,1"
591,591,Experiment,591.0,"611,0,1"
592,592,draw a conclusion,592.0,"612,1,1"
593,593,"You start to hypothesize why the object to be explored is so and prove the hypothesis.After establishing a hypothesis, conduct an experiment accordingly",593.0,"613,1,0"
594,594,I set up a hypothesis,594.0,"614,0,1"
595,595,`,595.0,"615,1,1"
596,596,Hypothesis setting,596.0,"616,1,1"
597,597,a scientific process of inquiry,597.0,"617,1,1"
598,598,an experimental plan,598.0,"618,1,0"
599,599,Planning,599.0,"619,0,0"
600,600,a hypothetical,600.0,"620,0,0"
601,601,Experiment,601.0,"621,0,0"
602,602,Mora,602.0,"622,0,1"
603,603,Experiment,603.0,"623,1,0"
604,604,ㅗ,604.0,"624,0,1"
605,605,Well.,605.0,"625,1,0"
606,606,deductive inquiry,606.0,"626,0,0"
607,607,Findings,607.0,"627,0,1"
608,608,design an experiment,608.0,"628,0,1629,0,0"
609,609,deductive inquiry,609.0,"630,0,1"
610,610,Hypothesis Experiment Draw conclusions,610.0,"631,1,1"
611,611,We experiment with the phenomenon under various conditions.,611.0,"632,1,1"
612,612,"""",612.0,"633,1,0"
613,613,deductive inquiry,613.0,"634,0,1"
614,614,Problem recognition -> observe many phenomena -> derive general principles,614.0,"635,1,1"
615,615,I don't know,615.0,"636,0,0"
616,616,Find the cause and effect of the phenomenon and experiment on a small scale or partial basis,616.0,"637,0,1"
617,617,Consider how to observe.,617.0,"638,0,1"
618,618,"Establish a hypothesis and conduct an experiment to verify that your hypothesis is correct, and if not, modify the hypothesis.",618.0,"639,1,1"
619,619,a hypothesis-up,619.0,"640,0,0"
620,620,It is a deductive method of inquiry.,620.0,"641,0,1"
621,621,hypothetical deductive,621.0,"642,0,1"
622,622,Make a hypothesis and conduct an experiment to explore.,622.0,"643,1,1"
623,623,hypothesis deductive inquiry,623.0,"644,1,0"
624,624,establish a hypothesis,624.0,"645,0,0"
625,625,Writing a thesis,625.0,"646,1,0"
626,626,I'm not sure.,626.0,"647,1,1"
627,627,Problem recognition,627.0,"648,0,1"
628,628,Collect data.,628.0,"649,0,1"
629,629,Make a hypothesis.,629.0,"650,0,0"
630,630,Continue to observe and find the laws or rules in them.,630.0,"651,1,1"
631,631,Hypothesis setting,631.0,"652,0,0"
632,632,Let's see. Sexy,632.0,"653,0,1"
633,633,Experiment.,633.0,"654,0,1"
634,634,Try to explore.(Observation),634.0,"655,0,1"
635,635,I'm finding out,635.0,"656,0,0"
636,636,I look for materials related to the subject.,636.0,"657,0,1"
637,637,Setting up hypotheses Planning experiments Demonstrating phenomena based on data from experiments,637.0,"658,0,1659,0,0"
638,638,Set Hypothesis > Explore > Check Hypothesis > Decide,638.0,"660,0,1"
639,639,establish a hypothesis,639.0,"661,0,1"
640,640,Planning an inquiry,640.0,"662,1,1"
641,641,Establish a hypothesis based on the experimental results predicted by yourself.,641.0,"663,1,1"
642,642,I think I'll figure it out any way.,642.0,"664,1,1"
643,643,Let's look into the phenomenon in more detail.,643.0,"665,0,1"
644,644,Let's explore first.,644.0,"666,1,1"
645,645,"Make a hypothesis about the cause of the phenomenon. Experimental groups and control groups are set according to the hypothesis, experiments are designed, and experiments are conducted. Check if the hypothesis is correct based on the experimental results.",645.0,"667,0,0"
646,646,I look it up,646.0,"668,0,0"
647,647,"Deciding on topics, exploring, organizing research",647.0,"669,0,0"
648,648,gather data from observations and measurements,648.0,"670,1,0"
649,649,Hypothesis Setting-Experimental Design-Experimental Conduct-Conclusion-Generalization,649.0,"671,0,0"
650,650,A hypothesis is established by guessing the cause of the phenomenon through the situation in which the phenomenon occurred.,650.0,"672,0,0"
651,651,Let people know,651.0,"673,1,1"
652,652,Establish a hypothesis.,652.0,"674,0,0"
653,653,Hypothesis Setting-Experimental Design-Experimental Results-Generalization,653.0,"675,0,1"
654,654,Assignment research,654.0,"676,0,1"
655,655,Collect data observed and measured while exploring.,655.0,"677,1,1"
656,656,"After that, I will find the content, record it as it is, and let people know.",656.0,"678,0,0"
657,657,Hypothesis Setting-Experimental Design-Experimental Conduct-Feedback-Conclusion-Generalization,657.0,"679,0,0"
658,658,informing people about the situation,658.0,"680,1,0"
659,659,"Get your things ready, start your quest according to the process of inquiry, and organize the process of inquiry",659.0,"681,1,0"
660,660,"After deciding on the question of inquiry, we do the process of inquiry",660.0,"682,0,1"
661,661,"""Exploration Topic""",661.0,"683,0,1"
662,662,Can't people fly like birds?,662.0,"684,0,1"
663,663,1. Compare the body of a bird with the body of a person.,663.0,"685,0,1"
664,664,2. Think about why birds can fly.,664.0,"686,1,0"
665,665,"3. After installing the safety device, try following the bird's flight.""",665.0,"687,1,1"
666,666,I don't know.,666.0,"688,1,1689,1,0"
667,667,Explore unexplained phenomena.,667.0,"690,0,1"
668,668,"Find data about the problem or find knowledge that would be good to know more about it, or summarize the reasons for the problem",668.0,"691,0,1"
669,669,It is taken to the Blue House to seek advice from Princess Park Geun Hye.,669.0,"692,0,1"
670,670,"You look for data on the problem, you come up with a plan to explore, and you follow the plan",670.0,"693,0,1"
671,671,To determine the necessary preparations for exploration,671.0,"694,0,1"
672,672,Make a hypothesis and experiment And make sure it matches your hypothesis and draw conclusions,672.0,"695,0,1"
673,673,Make a hypothesis and do an experiment,673.0,"696,0,1"
674,674,"Establish a hypothesis, conduct an experiment, and verify that it fits the initial hypothesis",674.0,"697,0,0"
675,675,Let's do research,675.0,"698,0,1"
676,676,"When you start an exploration, you make a hypothesis to show the phenomenon you want to seek, and you do an exploration or experiment to find out why the phenomenon occurs, draw a conclusion if it is right, or if the experiment is wrong, you re-explore the hypothesis.",676.0,"699,0,1"
677,677,Ah.,677.0,"700,0,0"
678,678,I don't like it.,678.0,"701,0,0"
679,679,Iron Man,679.0,"702,0,0"
680,680,Hypothesis setting,680.0,"703,1,1"
681,681,"Owl, owl, owl",681.0,"704,0,1"
682,682,Don't know,682.0,"705,0,1"
683,683,Exploring the Hypothesis Setting for Observation of Phenomenon Problems Drawing Conclusions,683.0,"706,0,1"
684,684,I see,684.0,"707,0,1"
685,685,deductive inquiry,685.0,"708,0,1"
686,686,Exploration design,686.0,"709,0,1"
687,687,Exploration Design Problem Recognition Hypothesis Setting Exploration Design Exploration Performance Conclusion Drawing Conclusion Analysis Generalization,687.0,"710,0,1"
688,688,Chinese zodiac sign,688.0,"711,0,0"
689,689,It's far away,689.0,"712,1,1"
690,690,hypothesis setting,690.0,"713,0,1"
691,691,establish a hypothesis,691.0,"714,1,0"
692,692,Exploration Process DesignLet's look at the object of inquiry,692.0,"715,0,0"
693,693,"Now that we've decided on a question of inquiry, we should start exploring.",693.0,"716,0,0"
694,694,Prepare for exploration,694.0,"717,1,0"
695,695,Hypothesis setting,695.0,"718,1,0719,0,1"
696,696,We make several hypotheses and experiment on them,696.0,"720,0,1"
697,697,Symptom Observation > Problem Recognition > Hypothesis Settings > Exploration Design > Exploration Performance > Conclusion Drawing > Generalization,697.0,"721,0,1"
698,698,establish a hypothesis,698.0,"722,0,1"
699,699,I'm going to do an inquiry and design,699.0,"723,0,1"
700,700,various experiments,700.0,"724,1,0"
701,701,Exploring,701.0,"725,1,0"
702,702,I will write an inquiry report.,702.0,"726,1,0"
703,703,Study why that happens.,703.0,"727,0,0"
704,704,Wouldn't it be the beginning of an inquiry after seeing the question of inquiry?,704.0,"728,0,0"
705,705,It's an investigation,705.0,"729,0,0"
706,706,Organize and write it down,706.0,"730,1,0"
707,707,Exploration plan → Exploration start → Exploration memo → Exploration organization → Exploration presentation,707.0,"731,0,0"
708,708,Experiment,708.0,"732,0,0"
709,709,Find out why that is happening.,709.0,"733,0,1"
710,710,Find out why that is happening.,710.0,"734,0,1"
711,711,See why that's happening,711.0,"735,1,0"
712,712,Hypothesis Setting - The process of establishing a hypothesis in anticipation of the results of the inquiry.,712.0,"736,0,0"
713,713,Collect data that are observed and measured during experiments.,713.0,"737,1,0"
714,714,We study why that happens,714.0,"738,0,1"
715,715,I will investigate and observe the phenomenon as much as I can,715.0,"739,1,0"
716,716,"After collecting the data, analyze and interpret it.",716.0,"740,1,1"
717,717,"Data are collected, analyzed, and interpreted.",717.0,"741,0,1"
718,718,Let's start exploring.,718.0,"742,0,0"
719,719,explore to solve the inexplicable phenomenon,719.0,"743,0,0"
720,720,discover its properties and provide supporting be able to make money,720.0,"744,0,0"
721,721,"Hypothesis, exploration design, investigation performance",721.0,"745,1,1"
722,722,Observe phenomena that cannot be explained and collect measured data.,722.0,"746,1,0"
723,723,Making a theory,723.0,"747,0,0"
724,724,"Once you have decided on a problem, you should solve the problem to solve it.",724.0,"748,0,0749,0,1"
725,725,discover its properties and provide supporting Because I can make money.,725.0,"750,0,0"
726,726,Making a theory,726.0,"751,0,0"
727,727,Making a theory,727.0,"752,1,1"
728,728,Let's solve the question of inquiry,728.0,"753,0,0"
729,729,"After collecting data, experiment and explore.",729.0,"754,1,0"
730,730,Design an experiment and try it.,730.0,"755,1,0"
731,731,"To solve the question of inquiry, we begin to explore",731.0,"756,1,1"
732,732,"Recognition of problems, design of observation methods and procedures, performance of observation, interpretation of observation results, and conclusion drawing",732.0,"757,1,1"
733,733,hypothesis setting,733.0,"758,1,0"
734,734,"Establish a hypothesis, solve it, and produce results",734.0,"759,1,0"
735,735,"Establish a hypothesis, solve it, and produce results",735.0,"760,1,1"
736,736,I don't know.,736.0,"761,0,1"
737,737,E,737.0,"762,1,0"
738,738,I don't know,738.0,"763,1,0"
739,739,hypothesis setting,739.0,"764,1,0"
740,740,Problem recognition,740.0,"765,1,0"
741,741,I don't know.,741.0,"766,1,0"
742,742,"By mobilizing all the knowledge you know, you explore based on the knowledge that connects and connects to the inquiry topic as much as possible.",742.0,"767,1,0"
743,743,"By mobilizing all the knowledge you know, you explore based on the knowledge that connects and connects to the inquiry topic as much as possible.",743.0,"768,1,0"
744,744,Establish a hypothesis.,744.0,"769,1,0"
745,745,planning,745.0,"770,1,0"
746,746,Hypothesis setting,746.0,"771,1,1"
747,747,"""Raising the Question""",747.0,"772,1,0"
748,748,Setting up the falsetto,748.0,"773,1,0"
749,749,Experiment,749.0,"774,1,0"
750,750,"Deriving results""",750.0,"775,1,1"
751,751,Make a hypothesis.,751.0,"776,1,0"
752,752,Hypothesis Setting - Control Variable - Operation Variable,752.0,"777,1,1"
753,753,make an inquiry and observation,753.0,"778,1,0779,0,0"
754,754,I don't know,754.0,"780,0,0"
755,755,I don't know.,755.0,"781,1,0"
756,756,I don't know.,756.0,"782,0,1"
757,757,Hypothesis-setting experiment Draw conclusions,757.0,"783,0,1"
758,758,home,758.0,"784,0,1"
759,759,Aah…...,759.0,"785,0,0"
760,760,I don't know,760.0,"786,0,1"
761,761,anticipation,761.0,"787,1,0"
762,762,Troubleshooting,762.0,"788,1,0"
763,763,an official photograph,763.0,"789,1,1"
764,764,home search observation results,764.0,"790,1,0"
765,765,I don't know.,765.0,"791,1,0"
766,766,make a hypothesis,766.0,"792,0,0"
767,767,hypothesis setting,767.0,"793,1,0"
768,768,"After observation, a hypothesis is established and conclusions are drawn through experimental groups and controls or examples thereof.",768.0,"794,1,0"
769,769,"Establish a hypothesis, design and proceed with the experiment, and confirm whether the hypothesis is correct through conclusion drawing and interpretation.",769.0,"795,1,1"
770,770,Hypothesis setting,770.0,"796,0,0"
771,771,Make a hypothesis.,771.0,"797,1,0"
772,772,We hypothesize and experiment,772.0,"798,1,1"
773,773,Observe while conducting an experiment.,773.0,"799,1,1"
774,774,to make a hypothesis by speculating the cause of the phenomenon,774.0,"800,1,0"
775,775,Establish a hypothesis.,775.0,"801,0,1"
776,776,Hypothesis setting,776.0,"802,0,0"
777,777,Hypothesis setting,777.0,"803,1,1"
778,778,Establish a hypothesis.,778.0,"804,1,1"
779,779,Hypothesis setting,779.0,"805,0,1"
780,780,Establish a hypothesis.,780.0,"806,0,1"
781,781,Hypothesis setting,781.0,"807,1,0"
782,782,Hypothesis setting,782.0,"808,0,1809,0,1"
783,783,Establish a hypothesis for the question of inquiry.,783.0,"810,1,1"
784,784,Hypothesis setting,784.0,"811,1,1"
785,785,Create a new theory.,785.0,"812,1,1"
786,786,Hypothesis setting,786.0,"813,1,1"
787,787,Establish a hypothesis and plan a specific experiments,787.0,"814,1,1"
788,788,Establish a hypothesis.,788.0,"815,1,0"
789,789,Exploring Hypothesis Setting,789.0,"816,1,1"
790,790,Hypothesis setting,790.0,"817,0,0"
791,791,and so onI don't understand.,791.0,"818,1,1"
792,792,Establish and solve hypotheses.,792.0,"819,1,1"
793,793,Experiment,793.0,"820,0,0"
794,794,I'm going to do an experiment,794.0,"821,0,0"
795,795,Topic Selection > Research > Results,795.0,"822,1,1"
796,796,Planned,796.0,"823,1,0"
797,797,I'm going to do an experiment,797.0,"824,0,1"
798,798,hypothesis setting,798.0,"825,0,1"
799,799,hypothesis setting,799.0,"826,0,1"
800,800,"This is because after establishing a hypothesis, it is confirmed that the hypothesis is correct.",800.0,"827,0,1"
801,801,Hypothesis setting,801.0,"828,0,0"
802,802,Establish a hypothesis.,802.0,"829,0,1"
803,803,I don't know.,803.0,"830,0,0"
804,804,Make a hypothesis.,804.0,"831,0,0"
805,805,Exploring even a little related thesis Finding a thesis similar to one's hypothesis,805.0,"832,0,0"
806,806,"After establishing a hypothesis, prove it with an experiment or theory, and draw conclusions. At this time, if the hypothesis is proved to be incorrect, set the hypothesis again",806.0,"833,0,1"
807,807,H and O,807.0,"834,0,1"
808,808,Hypothesis setting,808.0,"835,0,0"
809,809,Let's do an experiment. prove a hypothesis,809.0,"836,0,0"
810,810,Hypothesis Setting->Experiment,810.0,"837,0,0"
811,811,It's a hypothesis.,811.0,"838,0,0839,0,1"
812,812,"observe, experiment, and do many things",812.0,"840,0,1"
813,813,1,813.0,"841,0,1"
814,814,Establish a hypothesis for the question of inquiry.,814.0,"842,0,0"
815,815,"After recognizing the problem, we establish a hypothesis and design the exploration. It then conducts exploration, interprets the data, and draws conclusions.",815.0,"843,1,0"
816,816,a scientific exploration process,816.0,"844,0,0"
817,817,Design an experiment and run it several times to generalize the relational expression or derive general principles from it.,817.0,"845,1,0"
818,818,"Establish a hypothesis that is the answer that the scientist thought about how phenomena that the scientist himself cannot explain progress and end. It may be less, but it is omitted because there is not enough time.",818.0,"846,0,1"
819,819,Knowledge related to the inquiry problem is obtained by looking at information related to the inquiry problem or research results related to the inquiry problem.,819.0,"847,0,0"
820,820,"Government, record, research, ask, ask.",820.0,"848,0,0"
821,821,"Problem recognition, hypothesis setting, experimental design, experimental progress, hypothesis verification, experimental report and conclusion drawing.",821.0,"849,0,1"
822,822,"Scientists who discover unexplained phenomena set the unexplained phenomena as hypotheses after deciding on the inquiry problem. After the hypothesis is established, the experiment is designed, and the experimental results are explored in a way that results from the experiment. However, if the experimental results come in a different direction from the hypothesis, the experimental results can be produced while reducing the error occurring in the experimental process again.",822.0,"850,0,0"
823,823,"After the scientist who discovered the unexplained phenomenon determines the inquiry problem, the next inquiry process is a step of hypothesis setting to predict the results to be derived when the inquiry process is conducted.",823.0,"851,1,1"
824,824,"We establish hypotheses for the inquiry problem of unexplained phenomena, conduct experiments, and organize results.",824.0,"852,1,1"
825,825,"Scientists should discover phenomena that cannot be explained, determine inquiry problems, establish hypotheses about the inquiry problems, and design the process of inquiry experiments.",825.0,"853,0,1"
826,826,"It will be to think about whether it is a paradigm recognized in the current normal science. Science aims at the ability to continue learning paradigms and solve problems within the framework. However, the number of exceptions occurs in the process, which leads to a crisis in normal science. In the process, normal science recognizes this as the number of exceptions, but if the number of exceptions increases, it will bring about a crisis in normal science and shake the paradigm, and in the process, a new paradigm will emerge",826.0,"854,1,1"
827,827,"Set the question of inquiry, then set up a hypothesis, and if there is a prior study, look for it, experiment, and collect the measured data.",827.0,"855,0,0"
828,828,Find out the phenomena that can be explained.,828.0,"856,0,1"
829,829,"We first establish a hypothesis for the phenomenon, and then plan and run an experiment on a phenomenon that can be verified and cannot be explained. After the experiment, the experimental results are checked, and conclusions are drawn based on the experimental results to explain the phenomenon that cannot be explained.",829.0,"857,0,0"
830,830,"1.Determine the problem you want to explore (create the problem). 2. Establish a hypothesis about what you want to explore (Hypothesis Setting). 3. Design an inquiry method. (Explore design) 4. Execute an inquiry. (Explore execution) 5. Organize the results you have explored and compare them with your own designed hypothesis. If the results and hypotheses are different, go back to the hypothesis setting step and experiment.(Conclusion drawing) 6. Make a report and share it with people.(Announcement)",830.0,"858,0,0"
831,831,I'm sorry.,831.0,"859,0,1"
832,832,...,832.0,"860,1,0"
833,833,Make a hypothesis and explore it until you can explain it,833.0,"861,0,0"
834,834,hypothesizing,834.0,"862,0,1"
835,835,Predicting Results,835.0,"863,0,0"
836,836,Variable control experiment,836.0,"864,1,0"
837,837,Predicting,837.0,"865,1,0"
838,838,Predict the results of the inquiry.,838.0,"866,0,0"
839,839,I don't know,839.0,"867,0,0"
840,840,have variable control,840.0,"868,0,0869,1,0"
841,841,I don't know,841.0,"870,1,0"
842,842,M and D,842.0,"871,0,0"
843,843,I don't know.,843.0,"872,0,1"
844,844,I'm experiment,844.0,"873,0,0"
845,845,I'm going to do that question and do some research,845.0,"874,1,1"
846,846,I search for it.,846.0,"875,0,1"
847,847,I don't know.,847.0,"876,0,1"
848,848,I don't know,848.0,"877,0,1"
849,849,I don't know.,849.0,"878,0,1"
850,850,We study how it happens,850.0,"879,0,1"
851,851,variable control,851.0,"880,0,1"
852,852,I'm investigating,852.0,"881,0,0"
853,853,I don't know,853.0,"882,0,1"
854,854,hypothesis setting,854.0,"883,1,1"
855,855,I don't know,855.0,"884,1,1"
856,856,Hypothesis setting,856.0,"885,0,1"
857,857,Experiment,857.0,"886,0,1"
858,858,Preparation of supplies,858.0,"887,0,1"
859,859,?,859.0,"888,1,0"
860,860,I make observations while experimenting,860.0,"889,1,1"
861,861,"If you can't explain, isn't it right not to?",861.0,"890,0,1"
862,862,Hypothesis Setting ->: Experiment -> Proof -> Data Interpretation -> Conclusion,862.0,"891,0,1"
863,863,Hypothesis Setting - Make a hypothesis and predict what results will come out.,863.0,"892,0,1"
864,864,Make an inquiry plan and find data,864.0,"893,0,1"
865,865,Hypothesis Setting->Experiment->Proof->Data Interpretation->Conclusion,865.0,"894,0,1"
866,866,submitting one's thoughts,866.0,"895,0,1"
867,867,Experiment.,867.0,"896,0,1"
868,868,Planning,868.0,"897,0,1"
869,869,I don't know.,869.0,"898,0,1899,0,1"
870,870,variable preservation,870.0,"900,0,0"
871,871,"Hypothesis building,",871.0,"901,0,0"
872,872,....................,872.0,"902,0,0"
873,873,Experiment,873.0,"903,0,0"
874,874,See if the phenomenon has ever happened,874.0,"904,0,1"
875,875,establish a hypothesis,875.0,"905,0,1"
876,876,Establishing a hypothesis,876.0,"906,0,0"
877,877,Find out the information about it.,877.0,"907,0,1"
878,878,I don't know.,878.0,"908,0,0"
879,879,I don't know.,879.0,"909,0,1"
880,880,Establishing a hypothesis,880.0,"910,0,0"
881,881,various hypotheses,881.0,"911,0,1"
882,882,I don't know.,882.0,"912,0,1"
883,883,Make sure it was discovered a long time ago,883.0,"913,0,0"
884,884,I don't understand.,884.0,"914,0,0"
885,885,"After hypothesis setting, investigation design, investigation, material analysis, and conclusion drawing",885.0,"915,0,1"
886,886,Collect data from observations and measurements during the experiment,886.0,"916,0,1"
887,887,Collect data observed and measured during the experiment.,887.0,"917,0,1"
888,888,Collect data from observations and measurements during the experiment,888.0,"918,0,1"
889,889,Collect data from observations and measurements during the experiment,889.0,"919,0,0"
890,890,"Then we'll do an experiment and analyze it with the results.After exploring and analyzing the problem, you should organize the investigated contents.This is the process of inquiry.",890.0,"920,0,1"
891,891,Apply for a patent,891.0,"921,0,1"
892,892,data observed and measured,892.0,"922,0,1"
893,893,"Make a hypothesis, design an inquiry, conduct an inquiry, interpret the data, and draw conclusions",893.0,"923,0,1"
894,894,"Make a hypothesis, design an inquiry, conduct an inquiry, interpret the data, and draw conclusions",894.0,"924,0,0"
895,895,"I'm going to invest my time in what's going to happen, and I'm going to do experiments",895.0,"925,0,0"
896,896,"""",896.0,"926,0,1"
897,897,"to observe the phenomenon while experimenting with it""",897.0,"927,0,0"
898,898,Collection of observations and measurements,898.0,"928,0,1929,0,1"
899,899,I set up a hypothesis,899.0,"930,0,1"
900,900,"Establish a hypothesis, design an exploration, conduct an exploration, and interpret the data and draw conclusions",900.0,"931,0,1"
901,901,"After searching the data, explore the unexplained phenomenon further",901.0,"932,0,1"
902,902,Look up the data and investigate more phenomena that cannot be explained.,902.0,"933,0,1"
903,903,I look for data and find what people post.,903.0,"934,1,1"
904,904,"Go to the place where you came out and explore.""",904.0,"935,1,1"
905,905,Collect data observed and measured during the experiment.,905.0,"936,0,1"
906,906,"Before searching and researching the inquiry problem, I will set up a plan to find and achieve it step by step. I will have meetings and experiments.",906.0,"937,0,0"
907,907,End of observation/analysis.,907.0,"938,0,0"
908,908,I think I'll make a plan on how to explore.,908.0,"939,0,0"
909,909,Make and record a plan to solve the question of inquiry,909.0,"940,0,0"
910,910,I'm exploring,910.0,"941,1,0"
911,911,"Planning, observing, experimenting, writing reports.",911.0,"942,0,0"
912,912,Don't know,912.0,"943,0,0"
913,913,Don't know,913.0,"944,0,1"
914,914,...,914.0,"945,0,1"
915,915,:(,915.0,"946,0,0"
916,916,an exploratory experiment,916.0,"947,0,0"
917,917,"Set up an inquiry topic, start an inquiry, record an inquiry",917.0,"948,0,0"
918,918,",",918.0,"949,0,0"
919,919,to look for data,919.0,"950,0,0"
920,920,the phenomenon of light,920.0,"951,0,1"
921,921,Scientists explore many things.,921.0,"952,0,0"
922,922,Check the problem again.,922.0,"953,0,0"
923,923,Writing an inquiry process,923.0,"954,0,0"
924,924,"Analysis, Observation",924.0,"955,0,0"
925,925,I don't know. I'm sorry.,925.0,"956,0,0"
926,926,.....,926.0,"957,0,1"
927,927,Observation,927.0,"958,0,1959,1,0"
928,928,Observation,928.0,"960,0,1"
929,929,make a plan of inquiry,929.0,"961,1,1"
930,930,draw up an inquiry plan,930.0,"962,1,0"
931,931,Keep a secret.,931.0,"963,1,1"
932,932,Data research,932.0,"964,1,0"
933,933,"Investigation, organization,",933.0,"965,1,0"
934,934,I think we're going to look at unexplained phenomena and look for something similar.,934.0,"966,0,1"
935,935,Observation,935.0,"967,0,1"
936,936,Write answers based on theoretical knowledge.,936.0,"968,1,0"
937,937,I'm going to try it,937.0,"969,0,1"
938,938,Need to explore,938.0,"970,0,0"
939,939,"""Should I? But I don't know."" Ahhhhhhhhhhhhhhhhhhhhhhhhhhhhhhhhhhhhhhhhhhhhhhhhhhhhhh",939.0,"971,0,0"
940,940,Ahhhhhhhhhhhhhhhhhhhhhhhhhhhhhhhhhhhhhhhhhhhhhhhhhhhhhhhhh,940.0,"972,0,0"
941,941,"It appears in the order of purpose of inquiry, preparation, what to do differently from what to do, inquiry, inquiry result, and conclusion.",941.0,"973,0,0"
942,942,Plan and investigate,942.0,"974,0,1"
943,943,plan and investigate,943.0,"975,0,0"
944,944,Investigate after establishing an investigation plan,944.0,"976,0,0"
945,945,plan and investigate,945.0,"977,0,0"
946,946,Make a plan first and investigate,946.0,"978,0,1"
947,947,The scientist sets the subject of inquiry and makes a tentative hypothesis of the question of inquiry with his own thoughts,947.0,"979,0,1"
948,948,"Prepare the supplies.Hypothesis building, experimenting, observing.Collecting measurement data",948.0,"980,0,0"
949,949,"After the scientist has established several exploration problems, it is done in the next order, and the scientist experiments again.",949.0,"981,0,0"
950,950,.,950.0,"982,0,0"
951,951,I don't know,951.0,"983,0,1"
952,952,I don't know,952.0,"984,0,1"
953,953,I don't know.,953.0,"985,0,1"
954,954,Make a hypothesis.,954.0,"986,0,0"
955,955,I don't know.,955.0,"987,0,0"
956,956,Well ..,956.0,"988,0,1989,0,0"
957,957,Determine and experiment with inquiry problems (not sure),957.0,"990,0,0"
958,958,Observation and collection of data on inquiry issues,958.0,"991,0,0"
959,959,I don't know.,959.0,"992,0,0"
960,960,I don't know,960.0,"993,0,0"
961,961,Don't know,961.0,"994,1,0"
962,962,I don't know,962.0,"995,0,0"
963,963,Collecting information,963.0,"996,0,0"
964,964,I'm exploring,964.0,"997,0,0"
965,965,I can't think of anything,965.0,"998,0,0"
966,966,I don't know.,966.0,"999,1,1"
967,967,I don't know.,967.0,"1000,0,0"
968,968,dissecting,968.0,"1001,0,1"
969,969,Thinking,969.0,"1002,1,1"
970,970,Set inquiry objectives,970.0,"1003,0,1"
971,971,A Passion Check on the Question of Inquiry,971.0,"1004,1,0"
972,972,Make a hypothesis.,972.0,"1005,1,0"
973,973,Collecting data,973.0,"1006,1,1"
974,974,Problem Identification-Hypothesis-Experiment-Results,974.0,"1007,0,1"
975,975,hypothesis setting,975.0,"1008,0,1"
976,976,Problem identification-Hypothesis setting-Hypothesis pool-Define confirmed facts,976.0,"1009,1,0"
977,977,Establish a hypothesis.,977.0,"1010,1,1"
978,978,"Check the fundamental assumptions of previous studies. For example, blackbody radiation had a problem of classical ultraviolet decay, which uses the quantization hypothesis of energy to solve this problem, which is a different approach from the fact that energy has a continuous value.",978.0,"1011,1,0"
979,979,Make a plan first and investigate,979.0,"1012,0,1"
980,980,"After examining previous studies, the inquiry method is determined and the inquiry procedure is established to verify the unexplained phenomenon. After that, the investigation is conducted, and if a conclusion is drawn, it is completed, and if not, it is proceeded again.",980.0,"1013,0,0"
981,981,Hypothesis setting,981.0,"1014,0,0"
982,982,Investigate after establishing an investigation plan,982.0,"1015,0,0"
983,983,I don't know,983.0,"1016,0,0"
984,984,I don't know,984.0,"1017,1,1"
985,985,I don't know,985.0,"1018,1,11019,0,0"
986,986,I don't know,986.0,"1020,0,0"
987,987,Observation,987.0,"1021,0,1"
988,988,I don't know. I didn't learn it,988.0,"1022,0,0"
989,989,I don't knowI don't know because I didn't learn it,989.0,"1023,0,0"
990,990,"Again, scientists and researchers are studying the phenomenon",990.0,"1024,1,0"
991,991,Investigate the phenomenon in detail and name it.,991.0,"1025,0,0"
992,992,I don't know.,992.0,"1026,1,1"
993,993,I will analyze the phenomenon as much as I can.,993.0,"1027,1,1"
994,994,Let's take a good look at how the phenomenon happens.,994.0,"1028,0,1"
995,995,Observe.,995.0,"1029,0,1"
996,996,"Determine the object of inquiry, investigate the object, and explore.And then write an inquiry process.",996.0,"1030,1,1"
997,997,"Find what is a question of inquiry, put in an explanation of what happens, and announce the results of the inquiry",997.0,"1031,1,1"
998,998,I don't know,998.0,"1032,0,0"
999,999,I don't know.,999.0,"1033,0,0"
1000,1000,Let's take a look at the characteristics of the subject of inquiry.,1000.0,"1034,0,1"
1001,1001,I have no idea.,1001.0,"1035,0,0"
1002,1002,Letting People Know,1002.0,"1036,1,1"
1003,1003,I don't know,1003.0,"1037,0,1"
1004,1004,?,1004.0,"1038,0,1"
1005,1005,I don't know.,1005.0,"1039,0,1"
1006,1006,hypothesis setting,1006.0,"1040,0,0"
1007,1007,I don't know,1007.0,"1041,0,0"
1008,1008,Problem recognition,1008.0,"1042,0,1"
1009,1009,I don't know.,1009.0,"1043,0,0"
1010,1010,overspore,1010.0,"1044,0,0"
1011,1011,Problem recognition hypothesis setting inquiry planning inquiry execution conclusion drawing,1011.0,"1045,0,0"
1012,1012,No.,1012.0,"1046,0,0"
1013,1013,Observation,1013.0,"1047,0,1"
1014,1014,make an experiment by hypothesizing,1014.0,"1048,0,11049,0,1"
1015,1015,Survey,1015.0,"1050,1,1"
1016,1016,establish a hypothesis,1016.0,"1051,1,1"
1017,1017,establishing a hypothesis,1017.0,"1052,0,0"
1018,1018,Make a hypothesis and experiment accordingly,1018.0,"1053,0,1"
1019,1019,investigation,1019.0,"1054,1,0"
1020,1020,investigate the status quo,1020.0,"1055,0,0"
1021,1021,hypothesis setting,1021.0,"1056,1,0"
1022,1022,Make a hypothesis and experiment accordingly,1022.0,"1057,0,1"
1023,1023,make a hypothesis,1023.0,"1058,0,0"
1024,1024,Experiment,1024.0,"1059,1,0"
1025,1025,No.,1025.0,"1060,0,1"
1026,1026,I don't know,1026.0,"1061,1,1"
1027,1027,How do I know? I'm not a scientist,1027.0,"1062,1,0"
1028,1028,Nayoung is lazy,1028.0,"1063,0,1"
1029,1029,Data Research - Hypothesis Setting - Experiment Performed - Results Analysis - Feedback and Hypothesis Reset Repeat,1029.0,"1064,1,0"
1030,1030,Make an observation and then make a hypothesis.,1030.0,"1065,1,1"
1031,1031,Well,1031.0,"1066,1,0"
1032,1032,I don't know,1032.0,"1067,0,0"
1033,1033,I wonder if the question of inquiry can help the college entrance examination.,1033.0,"1068,1,0"
1034,1034,I wonder if the topic helps my student record,1034.0,"1069,1,1"
1035,1035,Because I'm going bald,1035.0,"1070,0,1"
1036,1036,Establish a hypothesis,1036.0,"1071,0,1"
1037,1037,M and D,1037.0,"1072,1,1"
1038,1038,"Establish a hypothesis, plan an experiment, conduct an experiment, and return to the hypothesis-setting stage if the hypothesis and the results are different and publish the results if the results",1038.0,"1073,1,1"
1039,1039,Hypothesis Setting-Experiment Design-Experiment-Result Drawing-Hypothesis Evaluation and Modification,1039.0,"1074,1,0"
1040,1040,"He leaves the research to his students or juniors, and intercepts it when it comes to results",1040.0,"1075,0,1"
1041,1041,Look for relevant information on the question of inquiry.,1041.0,"1076,0,1"
1042,1042,"After establishing a hypothesis, plan an experiment.",1042.0,"1077,1,1"
1043,1043,Make a hypothesis about the phenomenon of the inquiry problem.,1043.0,"1078,1,11079,1,0"
1044,1044,I don't know,1044.0,"1080,1,1"
1045,1045,I really don't know about this,1045.0,"1081,1,1"
1046,1046,"After deciding on the question of inquiry, you should prepare an inquiry plan. In order to prepare an inquiry plan, it is necessary to think of the purpose and method of inquiry and to establish an experimental plan, and to investigate the theoretical background. After writing an inquiry plan, you should think about whether it is an experiment that you can actually do through in-depth conversation with your teacher and design an inquiry in a way that reduces trial and error as much as possible. After the exploration design is completed, the actual exploration is carried out. If something goes wrong while exploring, go back to designing the exploration, repeat the above process, and conclude when the exploration is completed well. As a final step, prepare a result report.",1046.0,"1082,1,1"
1047,1047,Let's find a way to explain the phenomenon by looking for various academic papers that have already been published.,1047.0,"1083,1,1"
1048,1048,"After discovering an unexplained phenomenon, establishing an inquiry problem, then establishing a hypothesis for the phenomenon. The hypothesis is a little speculative, not a definitive phrase that may be ~face, so the scientist begins to explore the hypothesis. If the hypothesis established by the scientist is correct, additional exploration can be made afterwards, but if there is a contradiction between the hypothesis and the actual phenomenon, the exploration is resumed by resetting the hypothesis.",1048.0,"1084,0,1"
1049,1049,"Prior research is conducted, experimental design is conducted, prior experiments are conducted, this experiment is conducted, conclusions are made, and thesis is organized.",1049.0,"1085,1,1"
1050,1050,Establish expected results for the question of inquiry.,1050.0,"1086,1,1"
1051,1051,gather data from observations and measurements,1051.0,"1087,0,1"
1052,1052,I don't know.,1052.0,"1088,0,1"
1053,1053,I don't know.,1053.0,"1089,1,1"
1054,1054,Experiment,1054.0,"1090,1,1"
1055,1055,I don't know.,1055.0,"1091,0,1"
1056,1056,I don't know,1056.0,"1092,0,1"
1057,1057,I don't understand.,1057.0,"1093,1,1"
1058,1058,I don't know.,1058.0,"1094,1,1"
1059,1059,Collect and observe the measured data.,1059.0,"1095,1,1"
1060,1060,I'm going to do an experiment,1060.0,"1096,1,1"
1061,1061,to investigate the phenomenon deeply,1061.0,"1097,0,1"
1062,1062,"Establish a hypothesis and experiment if possible. Derive the result of the luminance, and summarize the difference between the first hypothesis and the result.",1062.0,"1098,1,1"
1063,1063,Hypothesis to explain the phenomenon and experimental design to prove the hypothesis according to the hypothesis,1063.0,"1099,1,1"
1064,1064,Well,1064.0,"1100,1,1"
1065,1065,Collect data observed and measured during the experiment.,1065.0,"1101,0,0"
1066,1066,establish a hypothesis,1066.0,"1102,0,0"
1067,1067,I doubt it.,1067.0,"1103,0,0"
1068,1068,Hypothesis setting-Hypothesis proof-feedback stage-Hypothesis setting or hypothesis proof-feedback process continues to derive results.,1068.0,"1104,0,1"
1069,1069,"""Observing Targets""",1069.0,"1105,0,0"
1070,1070,Categorize observations by overview,1070.0,"1106,0,1"
1071,1071,Periodically and regularly observe and record changes,1071.0,"1107,0,0"
1072,1072,Summary of what you've,1072.0,"1108,0,01109,0,0"
1073,1073,"""",1073.0,"1110,0,1"
1074,1074,Make a solution and plan for how to solve it,1074.0,"1111,0,0"
1075,1075,make a hypothesis,1075.0,"1112,0,1"
1076,1076,All but one variable is controlled and explored by changing the variable.,1076.0,"1113,0,0"
1077,1077,"Establish a hypothesis, plan an inquiry, conduct an experiment, and verify the hypothesis.",1077.0,"1114,0,1"
1078,1078,Hypothesis setting,1078.0,"1115,0,0"
1079,1079,Observation,1079.0,"1116,1,0"
1080,1080,Make a hypothesis about why an unexplained phenomenon appears,1080.0,"1117,1,0"
1081,1081,Hypothesis setting → Hypothesis verification,1081.0,"1118,0,0"
1082,1082,Hypothesis setting,1082.0,"1119,0,0"
1083,1083,Go and stop,1083.0,"1120,0,0"
1084,1084,establish a hypothesis,1084.0,"1121,0,0"
1085,1085,Presentation and verification of hypotheses,1085.0,"1122,0,0"
1086,1086,"theoretical background, theoretical exploration",1086.0,"1123,0,0"
1087,1087,Make an inquiry plan,1087.0,"1124,1,1"
1088,1088,"Make a hypothesis. Create an experimental plan that can verify the hypothesis. Verify the hypothesis. Make a conclusion.Hypothesis setting, exploration, conclusion drawing, hypothesis verification",1088.0,"1125,0,0"
1089,1089,Establishing a hypothesis,1089.0,"1126,0,0"
1090,1090,experiment and observe the question of inquiry,1090.0,"1127,0,1"
1091,1091,I'm studying,1091.0,"1128,0,0"
1092,1092,"While establishing a hypothesis and conducting experiments or observations, we explore whether the hypothesis is correct.",1092.0,"1129,0,1"
1093,1093,"Establish a hypothesis, design an experiment, and explore, and draw conclusions if they fit the hypothesis, and return to hypothesis setting if they are wrong.",1093.0,"1130,1,0"
1094,1094,This is probably why this is coming out~~! hypothesis setting,1094.0,"1131,0,0"
1095,1095,A hypothesis is established for a problem and proved through experiments related to it.,1095.0,"1132,0,1"
1096,1096,"We establish a hypothesis that some results will come out, then plan an experiment, conduct an experiment, and analyze the results to draw conclusions. When a conclusion different from the hypothesis is reached, a new hypothesis is established.",1096.0,"1133,0,0"
1097,1097,"""Set up a hypothesis, then experiment one after another and compare it to a hypothesis.",1097.0,"1134,0,1"
1098,1098,"Inductive and deductive methods of inquiry...""",1098.0,"1135,0,0"
1099,1099,"The experiment is conducted after establishing a hypothesis for the selected inquiry problem, and designing an experiment by setting various variables. After the experiment, it goes through a procedure to verify whether the hypothesis is right or wrong based on the results and various data.  If the hypothesis is wrong, go back to the hypothesis setting stage and perform the previous process again. And as a final process, we apply what we got through experiments in many ways.",1099.0,"1136,0,0"
1100,1100,It collects and analyzes data and statistics by finding phenomena similar to those found.,1100.0,"1137,1,0"
1101,1101,What you do after deciding on the inquiry question is hypothesis setting. Hypothesis setting refers to making assumptions that can explain a phenomenon. Scientists decide on the problem they are exploring and predict what will happen through this problem.,1101.0,"1138,1,01139,0,0"
1102,1102,"The process that should be done immediately after setting the inquiry problem is probably hypothesized. If it is an activity that writes based on a previously proven phenomenon, a hypothesis may not be necessary because a conclusion has already been drawn, but if a new phenomenon is discovered and a conclusion is drawn, a hypothesis is required. After the hypothesis establishment is over, I think the inquiry process can be conducted in the order of establishing a research plan, researching, drawing conclusions, and feedback.",1102.0,"1140,0,0"
1103,1103,"When an unexplained phenomenon is discovered, the scientist decides the question of inquiry. After that, the scientist will start analyzing the parts he or she does not know based on his or her knowledge of the inquiry problem. Various media, books, news, and media media will be used to fill in the deficiencies. In the future, we will analyze the phenomenon based on the filled knowledge.",1103.0,"1141,0,1"
1104,1104,"Consider the observation method, perform the observation, and analyze the observation results to draw conclusions.",1104.0,"1142,0,0"
1105,1105,Establish a hypothesis that can explain the inquiry problem.,1105.0,"1143,1,0"
1106,1106,"Make a hypothesis about the unexplained phenomenon you have discovered. This is because you can compare it with the results after completing your own inquiry through the process of hypothesizing, and you can decide your own inquiry method.",1106.0,"1144,0,1"
1107,1107,"Prior research related to the phenomenon should be initiated. Since general phenomena never occur independently and are necessarily linked to other phenomena, research related to phenomena will serve as the basis for discovering new scientific principles.",1107.0,"1145,0,0"
1108,1108,"This method is called an inductive inquiry method. After discovering an unexplained phenomenon and determining an inquiry problem, you should think about and determine the observation method and observation procedure.",1108.0,"1146,1,0"
1109,1109,Establish a hypothesis and design an experiment to prove it.,1109.0,"1147,0,1"
1110,1110,"After deciding on the question of inquiry, predict the results. This is a hypothesis, and the hypothesis may be wrong or correct, so you should not be recklessly convinced. After the hypothesis is established, the experiment is conducted. The results are checked and analyzed after dividing into a control group that did not change in the pre-experiment state and an experimental group to obtain the experimental results. After that, compared with the hypothesis, if the hypothesis is correct, the conclusion is made as it is, and if the hypothesis is wrong, the conclusion is corrected and then concluded",1110.0,"1148,0,1"
1111,1111,"After making a hypothesis, we design an experiment to prove the hypothesis.",1111.0,"1149,0,1"
1112,1112,"Rather than taking the fact for granted and passing it over just because it cannot be explained, I think it is worth exploring if you think deeply about why such a phenomenon occurred. Scientists will design experiments or studies in that direction before deciding on a question of inquiry and thinking about how to solve it. If it is finally concluded that the hypothesis is wrong, I think it is the exploration that the scientist should make by constantly researching a new hypothesis and reaching a close conclusion.",1112.0,"1150,1,1"
1113,1113,"It is an inductive process of inquiry. This process of inquiry begins with observing natural phenomena that are not easily explained and difficult to experiment with. Next, Darwin's theory of evolution and the extinction of dinosaurs are explained by interpreting the observed results and drawing conclusions.",1113.0,"1151,,"
1114,1114,"After exploring the phenomenon, we will make a hypothesis about the results, check whether the hypothesis is correct, and conduct an experiment.",1114.0,"1152,,"
1115,1115,"Scientists establish hypotheses after deciding on the question of inquiry. Design and implement experimental processes or studies that can prove this hypothesis. When the results come out, analyze these results to see if the hypothesis you set is correct. If the hypothesis is not correct, reset the hypothesis and repeat the process of designing the experiment.",1115.0,"1153,28.8%,53.0%"
1116,1116,"After deciding on an inquiry problem, conduct a data survey to ensure that it is a subject to be explored. After that, when, where, and how to explore are embodied and organized. After that, a full-fledged exploration begins by setting up a hypothesis.",,
1117,1117,ㅇ,,
1118,1118,Don't know,,
1119,1119,I don't know,,
1120,1120,Solve the question of inquiry,,
1121,1121,I don't know.,,
1122,1122,Solve the question of inquiry,,
1123,1123,I don't know...,,
1124,1124,I don't know,,
1125,1125,I don't know,,
1126,1126,I'm going to experiment,,
1127,1127,I'll look into it.,,
1128,1128,They actually experiment.,,
1129,1129,I don't know,,
1130,1130,Investigate what is basically visible about the phenomenon.,,
1131,1131,"After that, we try to match it based on the basis of several different phenomena.""",,
1132,1132,I don't know.,,
1133,1133,Hypothesis setting,,
1134,1134,Hypothesis setting,,
1135,1135,I don't know.,,
1136,1136,I don't know.,,
1137,1137,I don't know.,,
1138,1138,consciousness of a problem,,
1139,1139,I don't know.,,
1140,1140,consciousness of a problem,,
1141,1141,"Find previous studies related to inquiry problems and learn the necessary knowledge. Based on them, they build their own hypotheses and design experiments to verify them. Experiments prove that your hypothesis is correct or wrong, and generalize it if your hypothesis and experimental results match. If the hypothesis and the experimental results do not match, return to the hypothesis setting step and repeat the process.",,
1142,1142,I'm going to pack my things,,
1143,1143,M and D,,
1144,1144,Experiment.,,
1145,1145,Search NAVER,,
1146,1146,investigation of research data,,
1147,1147,Establish a hypothesis.,,
1148,1148,Let's take a slow look at the reasons why unknown phenomena have occurred.,,
1149,1149,Design and conduct inquiry.,,
1150,1150,.,,
1151,1151,Let's explore more about explanations that cannot be explained.,,
1152,1152,to decide on the necessary,,
1153,1153,I don't know,,
1154,1154,make a hypothesis,,
1155,1155,Establishing a hypothesis,,
1156,1156,I don't know.,,
1157,1157,.,,
1158,1158,I'm exploring,,
1159,1159,learn more about the problem,,
1160,1160,Hypothesis setting,,
1161,1161,determine how to explore,,
1162,1162,.,,
1163,1163,make a hypothesis about a problem,,
1164,1164,"First, we anticipate what will happen after that.",,
1165,1165,an exploratory experiment,,
1166,1166,an exploratory experiment,,
1167,1167,Hypothesis setting-> Exploration design and performance-> Collecting data.Analysis and Interpretation -> Variable Control -> Conclusion Drawing and Generalization,,
1168,1168,Evaluation Only. Created with Aspose.Cells for Python via Java.Copyright 2003 - 2022 Aspose Pty Ltd.,,
