,Unnamed: 0,"2) Let's gather the data that we observed and measured during the experiment, and then explain the process of exploration in the next order",Unnamed: 0,",q28_Data Interpretation, q28_Data Interpretation and Exploration Process"
0,0,I'm announcing.,0.0,"0,0,1"
1,1,Organizing materials,1.0,"1,1,0"
2,2,I'll announce it,2.0,"2,0,1"
3,3,Report the phenomenon of inquiry and organize it.,3.0,"3,1,1"
4,4,Announcement,4.0,"4,0,1"
5,5,Organize it into data and convert it into easy to see and understand (data conversion),5.0,"5,1,0"
6,6,Exploratory organization,6.0,"6,1,1"
7,7,Try it again.,7.0,"7,0,1"
8,8,an inquiry journal,8.0,"8,0,1"
9,9,I don't know.,9.0,"9,0,0"
10,10,Think about the mistakes and re-experiment.,10.0,"10,0,1"
11,11,generalization,11.0,"11,0,1"
12,12,Study the results.,12.0,"12,1,0"
13,13,Announcement.,13.0,"13,0,1"
14,14,Knowledge,14.0,"14,0,0"
15,15,Think about the mistakes and re-experiment,15.0,"15,0,1"
16,16,Think about the mistakes and re-experiment,16.0,"16,0,1"
17,17,be unable to explain,17.0,"17,0,0"
18,18,Results?,18.0,"18,0,1"
19,19,I don't know,19.0,"19,0,0"
20,20,Organize data,20.0,"20,1,0"
21,21,?,21.0,"21,0,0"
22,22,I'll put the data in the drawing paper,22.0,"22,0,0"
23,23,"Organizing, presenting",23.0,"23,1,1"
24,24,Let's do an experiment,24.0,"24,0,1"
25,25,I don't know,25.0,"25,0,0"
26,26,To organize your research into a table or graph,26.0,"26,1,0"
27,27,Well,27.0,"27,0,0"
28,28,Let the world know.,28.0,"28,0,029,0,0"
29,29,Explanation,29.0,"30,0,0"
30,30,h,30.0,"31,1,0"
31,31,I think I will study and analyze whether the data I measured are correct.,31.0,"32,1,0"
32,32,Organize the results of the inquiry.,32.0,"33,1,0"
33,33,Organizing,33.0,"34,0,1"
34,34,Collect the data and make a conclusion about the data.,34.0,"35,0,1"
35,35,I'm going to,35.0,"36,1,0"
36,36,inquiry theorem,36.0,"37,0,1"
37,37,I look for content to supplement my inquiry.,37.0,"38,0,0"
38,38,I don't know.,38.0,"39,0,1"
39,39,make a research presentation,39.0,"40,0,1"
40,40,I'm going to do an experiment,40.0,"41,0,1"
41,41,Preparation for presentation,41.0,"42,1,1"
42,42,Scientists organize their research and inform many people and others.,42.0,"43,0,0"
43,43,I think we'll let a lot of people know what we don't know.,43.0,"44,0,1"
44,44,"Draw conclusions. If not, set the hypothesis again",44.0,"45,0,0"
45,45,.,45.0,"46,0,0"
46,46,I don't know,46.0,"47,0,1"
47,47,Wishing for success in the experiment,47.0,"48,0,0"
48,48,I don't know,48.0,"49,1,0"
49,49,Organize the contents,49.0,"50,0,0"
50,50,I send the data to a famous science magazine,50.0,"51,1,0"
51,51,I think and organize it,51.0,"52,0,1"
52,52,a survey of research materials,52.0,"53,0,0"
53,53,I don't know,53.0,"54,0,1"
54,54,Derive the results of the experiment and produce results,54.0,"55,1,0"
55,55,Organize and interpret results,55.0,"56,0,0"
56,56,No.,56.0,"57,0,0"
57,57,All right.,57.0,"58,1,059,1,0"
58,58,Analyze the data and verify that the hypothesis is correct.,58.0,"60,0,0"
59,59,organize the data,59.0,"61,0,0"
60,60,Thesis Junbi,60.0,"62,0,1"
61,61,I don't remember,61.0,"63,0,1"
62,62,Generalize.,62.0,"64,0,0"
63,63,produce results,63.0,"65,0,1"
64,64,I don't know,64.0,"66,1,0"
65,65,Making Inquiry Conclusions,65.0,"67,0,0"
66,66,Statistics are produced based on the measured data.,66.0,"68,0,1"
67,67,"Based on the collected data, the true truth of the hypothesis is revealed.",67.0,"69,1,0"
68,68,"Generalize if it matches the hypothesis, and return to the hypothesis setting if it does not",68.0,"70,1,0"
69,69,Classifying,69.0,"71,0,1"
70,70,Organize the results and interpret the results.,70.0,"72,1,0"
71,71,draw a conclusion,71.0,"73,0,1"
72,72,interpretation of data,72.0,"74,1,0"
73,73,It's an experimental action,73.0,"75,0,1"
74,74,Data interpretation,74.0,"76,1,0"
75,75,Experiment,75.0,"77,0,1"
76,76,Organize the data and check the accuracy of the data,76.0,"78,0,1"
77,77,"After judging the consistency with the hypothesis, the conclusion is generalized if it is consistent, and the hypothesis is modified otherwise.",77.0,"79,0,0"
78,78,Draw a conclusion.,78.0,"80,1,0"
79,79,I don't know.,79.0,"81,0,1"
80,80,organize the collected data,80.0,"82,0,1"
81,81,Derive the results of the data,81.0,"83,0,1"
82,82,"If a conclusion is drawn based on the experimental results, but it is different from your own, you must change the experimental method or reset the hypothesis. Finally, a generalized conclusion is drawn.",82.0,"84,1,1"
83,83,Inductive Exploration Method,83.0,"85,0,0"
84,84,Interpret data and draw conclusions.Interpret the data and draw conclusions based on the interpretation-ㅡ,84.0,"86,1,0"
85,85,variable control,85.0,"87,1,0"
86,86,Analyze the data.,86.0,"88,0,089,0,1"
87,87,Analyze and compare.,87.0,"90,0,1"
88,88,What?,88.0,"91,0,1"
89,89,I'm exploring,89.0,"92,1,0"
90,90,It's a conclusion drawing.,90.0,"93,0,1"
91,91,draw a conclusion,91.0,"94,0,0"
92,92,"After collecting the measured data, we compare it with the hypothesis and draw conclusions.",92.0,"95,1,1"
93,93,"""",93.0,"96,0,1"
94,94,Exploring,94.0,"97,0,0"
95,95,I don't know,95.0,"98,0,0"
96,96,We will see if all of them are logically correct.,96.0,"99,1,0"
97,97,"Then write a report.(Summary of Theory)""",97.0,"100,1,0"
98,98,I have to make a presentation.L.,98.0,"101,1,0"
99,99,I don't know.,99.0,"102,0,0"
100,100,Organize data,100.0,"103,0,1"
101,101,Organize the measured data,101.0,"104,0,1"
102,102,inquiry theorem,102.0,"105,0,0"
103,103,I don't know,103.0,"106,1,0"
104,104,Prove it.,104.0,"107,0,0"
105,105,draw a conclusion,105.0,"108,0,0"
106,106,I'm setting up a hypothesis,106.0,"109,0,0"
107,107,draw a conclusion by comparing it with the hypothesis,107.0,"110,0,0"
108,108,a double-crossing,108.0,"111,0,1"
109,109,Don't know,109.0,"112,1,0"
110,110,What?,110.0,"113,1,0"
111,111,Collect and synthesize the observed and measured data.,111.0,"114,0,0"
112,112,Experiment,112.0,"115,0,0"
113,113,I need to organize the data.,113.0,"116,0,1"
114,114,to gather and organize data,114.0,"117,0,0"
115,115,Haha,115.0,"118,0,0119,0,1"
116,116,I'll blow it out,116.0,"120,1,0"
117,117,write an inquiry report,117.0,"121,0,0"
118,118,I don't know.,118.0,"122,0,1"
119,119,I don't know.,119.0,"123,0,0"
120,120,I think I'll do a lot of research with my colleagues,120.0,"124,0,1"
121,121,Organizing the results of the inquiry,121.0,"125,0,1"
122,122,I don't know.,122.0,"126,0,0"
123,123,"I'm going to announce this, too",123.0,"127,0,1"
124,124,I don't know because I'm so cute.,124.0,"128,0,0"
125,125,Announcement,125.0,"129,0,0"
126,126,Create Results-Submit (or Present),126.0,"130,0,0"
127,127,.,127.0,"131,0,1"
128,128,Write an inquiry report,128.0,"132,0,0"
129,129,.,129.0,"133,0,1"
130,130,write in that order,130.0,"134,1,0"
131,131,I don't know.,131.0,"135,0,0"
132,132,Creating a report,132.0,"136,0,1"
133,133,All right.,133.0,"137,0,1"
134,134,They're actually doing an experiment,134.0,"138,1,0"
135,135,Organize data,135.0,"139,0,1"
136,136,"Find answers, put them in textbooks, and give more test questions to students.",136.0,"140,1,0"
137,137,I'm going to experiment,137.0,"141,0,1"
138,138,Let's do an experiment,138.0,"142,1,0"
139,139,Analyze the results or organize the results.,139.0,"143,0,0"
140,140,Announcement,140.0,"144,0,0"
141,141,Organizing,141.0,"145,1,1"
142,142,I'm exploring,142.0,"146,1,0"
143,143,Organizing,143.0,"147,1,0"
144,144,............?,144.0,"148,1,0149,1,0"
145,145,Make a graph or table.,145.0,"150,1,0"
146,146,Let's do the experiment again with the theorem,146.0,"151,1,0"
147,147,Interpreting,147.0,"152,0,1"
148,148,Table and analyze.,148.0,"153,0,0"
149,149,Interpret and fit into a hypothesis,149.0,"154,1,0"
150,150,Interpreting,150.0,"155,1,0"
151,151,Analyze and compare.,151.0,"156,1,0"
152,152,interpretation of the meaning of data,152.0,"157,0,1"
153,153,"Gather accurate data, present accurate conclusions",153.0,"158,0,0"
154,154,Finish,154.0,"159,0,1"
155,155,Analyze the meaning of a table or graph,155.0,"160,0,1"
156,156,Analyzing data,156.0,"161,0,0"
157,157,"Analyze with tables, graphs, etc.",157.0,"162,0,1"
158,158,I'll announce it,158.0,"163,1,0"
159,159,?,159.0,"164,0,0"
160,160,"Present research or present data in a chart, etc. for easy viewing",160.0,"165,0,0"
161,161,Let people know,161.0,"166,0,0"
162,162,be inexplicably great,162.0,"167,0,1"
163,163,I'll announce it,163.0,"168,0,0"
164,164,Summarize the results of the inquiry.,164.0,"169,0,0"
165,165,ㅐ,165.0,"170,1,0"
166,166,I doubt it.,166.0,"171,0,0"
167,167,I don't know.,167.0,"172,0,1"
168,168,Creating a report,168.0,"173,0,1"
169,169,I don't know,169.0,"174,0,0"
170,170,All right.,170.0,"175,0,1"
171,171,organize the contents of one's inquiry,171.0,"176,1,0"
172,172,Yes.,172.0,"177,0,1"
173,173,Preparation of inquiry report,173.0,"178,0,0179,1,0"
174,174,Find out the results through experiments if you have any questions from the survey,174.0,"180,1,0"
175,175,find a way to explain,175.0,"181,0,1"
176,176,Announcement,176.0,"182,0,0"
177,177,Let's clean it up.,177.0,"183,0,0"
178,178,Make a report based on the measured data and let people know about it.,178.0,"184,0,1"
179,179,I don't know,179.0,"185,0,0"
180,180,Let's see if the data has specific rules.,180.0,"186,0,1"
181,181,Organize data and experimental results.,181.0,"187,1,0"
182,182,a record of inquiry,182.0,"188,0,0"
183,183,Write it down on a memo or computer and show it to me.,183.0,"189,0,0"
184,184,find a solid basis,184.0,"190,0,0"
185,185,Find data that may be related to the question of inquiry.,185.0,"191,0,0"
186,186,I don't know,186.0,"192,0,0"
187,187,Investigate.,187.0,"193,1,0"
188,188,organize the data,188.0,"194,0,0"
189,189,I don't know.,189.0,"195,0,0"
190,190,I don't know.,190.0,"196,0,1"
191,191,Review.,191.0,"197,1,0"
192,192,I don't know.,192.0,"198,0,1"
193,193,Exploring,193.0,"199,0,0"
194,194,"""Organizing""",194.0,"200,1,1"
195,195,"""",195.0,"201,0,0"
196,196,Make sure the data are correct,196.0,"202,0,0"
197,197,?It presents people with an inquiry process and a reason for starting an inquiry.,197.0,"203,1,0"
198,198,Check again that the logic is not clear.,198.0,"204,0,0"
199,199,We investigate the problem based on the data,199.0,"205,0,0"
200,200,I don't know this either...,200.0,"206,1,0"
201,201,"Organizing results, presenting",201.0,"207,1,1"
202,202,"You go to the Korean Intellectual Property Office using transportation facilities, apply for a patent, and you shouldn't be denied a patent, and if you get a patent, you should issue a patent",202.0,"208,1,1209,0,0"
203,203,I don't know.,203.0,"210,1,0"
204,204,Let's clean it up.,204.0,"211,0,0"
205,205,I don't know.,205.0,"212,0,0"
206,206,?,206.0,"213,1,0"
207,207,Organize the observed and measured data for easy viewing.,207.0,"214,0,0"
208,208,Organize presentation materials,208.0,"215,0,0"
209,209,"After that, you have to organize your inquiry. It is necessary to conclude the inquiry investigation and organize the inquiry data once again.",209.0,"216,0,0"
210,210,Find the materials you need.,210.0,"217,1,1"
211,211,Let's clean it up.,211.0,"218,0,0"
212,212,.,212.0,"219,0,1"
213,213,I don't know,213.0,"220,0,0"
214,214,Organize the contents with the collected data,214.0,"221,0,1"
215,215,I'll take it,215.0,"222,0,1"
216,216,All right.,216.0,"223,0,0"
217,217,I don't know.,217.0,"224,0,0"
218,218,"After collecting them, they organize their thoughts and make a presentation.",218.0,"225,1,0"
219,219,I don't know.,219.0,"226,0,0"
220,220,betting on experimental results,220.0,"227,1,0"
221,221,It's,221.0,"228,1,0"
222,222,Writing a report,222.0,"229,1,0"
223,223,Drawing a conclusion,223.0,"230,0,1"
224,224,Collection,224.0,"231,1,0"
225,225,I don't know,225.0,"232,0,0"
226,226,Data review,226.0,"233,0,0"
227,227,Feedback,227.0,"234,1,0"
228,228,arrangement,228.0,"235,0,0"
229,229,organize the data,229.0,"236,0,0"
230,230,Organize results,230.0,"237,0,0"
231,231,Generalization,231.0,"238,0,0239,1,0"
232,232,Analyze the data,232.0,"240,1,0"
233,233,I don't know,233.0,"241,0,0"
234,234,I don't know.,234.0,"242,0,0"
235,235,Organize the data for easy viewing,235.0,"243,1,0"
236,236,I don't know,236.0,"244,1,0"
237,237,I guess,237.0,"245,0,0"
238,238,I'm going to make a promise,238.0,"246,0,1"
239,239,I don't know.,239.0,"247,0,1"
240,240,Put the data together,240.0,"248,0,0"
241,241,Organize the contents and results of the experiment,241.0,"249,1,1"
242,242,in order to make life better,242.0,"250,0,0"
243,243,I don't know...,243.0,"251,0,1"
244,244,Let's clean up.,244.0,"252,1,0"
245,245,Organize the contents of the materials,245.0,"253,1,0"
246,246,Find the logic that fits the problem to make people believe.,246.0,"254,1,0"
247,247,Experiment.,247.0,"255,1,0"
248,248,make an investigation,248.0,"256,0,0"
249,249,I don't know.,249.0,"257,0,1"
250,250,I'm going to summarize and present it,250.0,"258,0,0"
251,251,I forgot...,251.0,"259,0,0"
252,252,An experiment?,252.0,"260,1,0"
253,253,Analyze the measured data,253.0,"261,1,0"
254,254,Organize your collection sequentially,254.0,"262,0,1"
255,255,Organize the results of the experiment,255.0,"263,0,1"
256,256,Organize the process,256.0,"264,0,0"
257,257,I don't know 💘,257.0,"265,0,0"
258,258,Experimental design,258.0,"266,0,0"
259,259,Preparation of data,259.0,"267,0,0"
260,260,I don't know,260.0,"268,1,0269,1,0"
261,261,Organize the results of the experiment,261.0,"270,0,0"
262,262,Organize data,262.0,"271,0,0"
263,263,produce results,263.0,"272,0,1"
264,264,to show the results through measured data,264.0,"273,0,0"
265,265,I don't know,265.0,"274,1,0"
266,266,Set up the experimental group and the control group.,266.0,"275,0,1"
267,267,I don't know.,267.0,"276,0,0"
268,268,Judging hypotheses from the results,268.0,"277,0,1"
269,269,Compare it with the hypothesis.,269.0,"278,1,0"
270,270,Let's clean it up.,270.0,"279,0,1"
271,271,I don't know.,271.0,"280,1,0"
272,272,Thinking,272.0,"281,0,0"
273,273,Representation of results,273.0,"282,0,0"
274,274,?,274.0,"283,0,0"
275,275,Statistics,275.0,"284,0,0"
276,276,Let's draw a conclusion.,276.0,"285,0,1"
277,277,I don't know,277.0,"286,0,1"
278,278,Empirically verify the specific results derived through deductive reasoning,278.0,"287,0,0"
279,279,The process of interpreting the materials explored is necessary,279.0,"288,0,0"
280,280,Derive results,280.0,"289,0,1"
281,281,Interpret the observations.,281.0,"290,0,0"
282,282,It's an observation,282.0,"291,0,0"
283,283,I don't know,283.0,"292,0,0"
284,284,Hypothesis judgment,284.0,"293,0,0"
285,285,Proof,285.0,"294,1,0"
286,286,Confirm consistency with hypotheses and announce conclusions,286.0,"295,0,0"
287,287,Experiment,287.0,"296,0,1"
288,288,observe a common phenomenon,288.0,"297,0,1"
289,289,All right.,289.0,"298,0,0299,0,1"
290,290,Experiment,290.0,"300,0,1"
291,291,Execute,291.0,"301,1,0"
292,292,I don't know.,292.0,"302,0,0"
293,293,I don't understand.,293.0,"303,1,0"
294,294,Hypothesis setting,294.0,"304,0,0"
295,295,Statistics,295.0,"305,1,0"
296,296,"I don't know""I'm experimenting",296.0,"306,0,1"
297,297,"""",297.0,"307,0,1"
298,298,an inductive method of inquiry,298.0,"308,1,1"
299,299,See if the hypothesis is correct.,299.0,"309,0,0"
300,300,Drawing conclusions,300.0,"310,0,0"
301,301,experiment,301.0,"311,0,0"
302,302,Analysis of results,302.0,"312,0,1"
303,303,Hypothesis setting,303.0,"313,1,1"
304,304,Compare with a pre-established hypothesis.,304.0,"314,1,0"
305,305,I don't know.,305.0,"315,0,0"
306,306,organize the data,306.0,"316,1,0"
307,307,judge the facts on the basis of the data,307.0,"317,1,0"
308,308,Experiment,308.0,"318,0,1"
309,309,Draw conclusions and analyze the results,309.0,"319,0,0"
310,310,I don't know.,310.0,"320,1,1"
311,311,.,311.0,"321,0,1"
312,312,I don't know.,312.0,"322,1,0"
313,313,The results for the next experiment are.,313.0,"323,0,1"
314,314,Prepare a report and organize all the contents.,314.0,"324,0,1"
315,315,Analyze the data.,315.0,"325,0,1"
316,316,Haha,316.0,"326,0,1"
317,317,Organize the results of the experiment,317.0,"327,0,1"
318,318,Analysis,318.0,"328,0,1329,0,1"
319,319,"Experiment and observe, gather data, and gather evidence to prove it",319.0,"330,1,0"
320,320,Hypothesis setting,320.0,"331,1,0"
321,321,"Compare with your own hypothesis, and if the hypothesis is wrong, make a hypothesis again and experiment.",321.0,"332,1,0"
322,322,draw a conclusion,322.0,"333,1,0"
323,323,Analysis of test results,323.0,"334,0,0"
324,324,Draw a conclusion,324.0,"335,0,0"
325,325,Exploring and conducting,325.0,"336,0,1"
326,326,Draw a conclusion,326.0,"337,0,0"
327,327,Verification,327.0,"338,0,0"
328,328,"Observation, Experience - Validation",328.0,"339,0,0"
329,329,"If the result is the same as the hypothesis, generalization is made through the derivation of conclusions, and if it is not correct, the hypothesis is re-established through the feedback process.",329.0,"340,0,0"
330,330,"With the measured data, an experimental plan suitable for the pre-established hypothesis is established and explored accordingly.",330.0,"341,0,0"
331,331,Organize the observed and measured data.,331.0,"342,0,1"
332,332,arrangement,332.0,"343,0,0"
333,333,statistics on the data,333.0,"344,0,0"
334,334,Data analysis,334.0,"345,0,1"
335,335,르It's going to be hard,335.0,"346,0,1"
336,336,"Yes, yes",336.0,"347,0,0"
337,337,Announcement,337.0,"348,0,0"
338,338,I don't know,338.0,"349,0,0"
339,339,I don't know,339.0,"350,0,0"
340,340,I don't know,340.0,"351,0,0"
341,341,I don't know.,341.0,"352,0,0"
342,342,Kim Doyoon is a fool,342.0,"353,1,0"
343,343,Let's investigate why this happens.,343.0,"354,0,0"
344,344,ㅈ,344.0,"355,1,1"
345,345,QUESTION,345.0,"356,0,0"
346,346,Announcement,346.0,"357,0,0"
347,347,Present to people based on the phenomena and data they have studied,347.0,"358,0,0359,0,1"
348,348,..,348.0,"360,0,1"
349,349,Explain why this phenomenon occurs.,349.0,"361,0,0"
350,350,You'd better collect the tools first before you write them when you want to tag.,350.0,"362,0,0"
351,351,I don't know,351.0,"363,0,0"
352,352,I don't know,352.0,"364,1,0"
353,353,Explain the data.,353.0,"365,1,0"
354,354,I'm organizing,354.0,"366,1,0"
355,355,"You have to write an article that tells your opinion, grounds, and supports it",355.0,"367,0,0"
356,356,Organize materials and create reports,356.0,"368,0,0"
357,357,I don't know.,357.0,"369,0,0"
358,358,Proof,358.0,"370,0,0"
359,359,Variable control,359.0,"371,0,1"
360,360,Create Results,360.0,"372,1,0"
361,361,Let's do an experiment,361.0,"373,0,0"
362,362,1.well 2.well 3.well,362.0,"374,0,0"
363,363,Verification,363.0,"375,0,0"
364,364,I'm sorry,364.0,"376,0,1"
365,365,Let's organize it,365.0,"377,1,0"
366,366,I'm organizing it,366.0,"378,0,0"
367,367,arrangement,367.0,"379,1,0"
368,368,''''''''''''',368.0,"380,0,0"
369,369,I don't know.,369.0,"381,0,1"
370,370,h,370.0,"382,0,0"
371,371,We control variables.,371.0,"383,1,1"
372,372,Write a report.,372.0,"384,1,0"
373,373,to write a compilation of inquiry materials,373.0,"385,0,1"
374,374,Regret 2,374.0,"386,0,0"
375,375,h,375.0,"387,0,0"
376,376,h,376.0,"388,0,1389,1,0"
377,377,I'lllllllllllllllly,377.0,"390,0,0"
378,378,Organize data,378.0,"391,0,0"
379,379,I don't know.,379.0,"392,0,0"
380,380,Organize data,380.0,"393,0,0"
381,381,Write it down,381.0,"394,0,0"
382,382,Write a report,382.0,"395,0,1"
383,383,Let's do it,383.0,"396,0,0"
384,384,"Data interpretation, conclusion drawing",384.0,"397,0,1"
385,385,Organize research materials,385.0,"398,0,0"
386,386,drawing a conclusion,386.0,"399,1,0"
387,387,I don't know,387.0,"400,0,0"
388,388,I give it to my boss,388.0,"401,0,1"
389,389,concluding,389.0,"402,0,1"
390,390,Organize the measured data,390.0,"403,1,0"
391,391,It's perfect.,391.0,"404,0,1"
392,392,I don't know.,392.0,"405,0,1"
393,393,Variable control,393.0,"406,1,0"
394,394,I don't know,394.0,"407,0,0"
395,395,Variable controlCreate Exploration Materials,395.0,"408,0,1"
396,396,Variable control,396.0,"409,1,0"
397,397,I'll announce it.,397.0,"410,0,0"
398,398,Experimental process,398.0,"411,1,0"
399,399,Organize data (experimental results),399.0,"412,1,0"
400,400,Variable control,400.0,"413,0,0"
401,401,Make a conclusion and present the results to people.,401.0,"414,0,0"
402,402,I'm,402.0,"415,0,1"
403,403,Organize the results of the experiment,403.0,"416,0,1"
404,404,Know the results,404.0,"417,0,1"
405,405,Write a survey.,405.0,"418,1,0419,0,1"
406,406,Organizing things,406.0,"420,1,0"
407,407,discussion,407.0,"421,1,1"
408,408,research and recording,408.0,"422,1,0"
409,409,Organize the process of inquiry.,409.0,"423,0,1"
410,410,I don't know.,410.0,"424,1,0"
411,411,Let's clean it up.,411.0,"425,1,0"
412,412,Organize the observed data.,412.0,"426,0,1"
413,413,the process of solving,413.0,"427,1,0"
414,414,It's a meeting.,414.0,"428,1,0"
415,415,Write a report.,415.0,"429,0,1"
416,416,Research is conducted using the data.,416.0,"430,0,0"
417,417,Write the results.,417.0,"431,0,1"
418,418,Organize data,418.0,"432,0,1"
419,419,Execute the measured data.,419.0,"433,0,0"
420,420,Organize what you've explored,420.0,"434,1,1"
421,421,"Summary, presentation.",421.0,"435,0,1"
422,422,Let's clean it up.,422.0,"436,0,1"
423,423,Let others know.,423.0,"437,0,0"
424,424,Organizing materials,424.0,"438,1,0"
425,425,Analyze the data.,425.0,"439,1,0"
426,426,Let people know,426.0,"440,1,0"
427,427,Analyze the data,427.0,"441,0,1"
428,428,Analyze the data.,428.0,"442,1,0"
429,429,They make speeches using data and present the contents of the simulation to other scientists for evaluation.,429.0,"443,1,0"
430,430,Check the measured data,430.0,"444,0,1"
431,431,draw a conclusion,431.0,"445,0,1"
432,432,make an inquiry based on,432.0,"446,1,0"
433,433,hypothesis setting,433.0,"447,0,1"
434,434,Organize the data to produce results.,434.0,"448,1,1449,0,1"
435,435,Check that the observed results are accurate.,435.0,"450,0,0"
436,436,Draw a conclusion,436.0,"451,0,0"
437,437,Make sure that the hypothesis is correct.,437.0,"452,1,0"
438,438,We need to organize the results,438.0,"453,1,0"
439,439,arrangement,439.0,"454,0,0"
440,440,organizing a collection of measured data,440.0,"455,0,0"
441,441,draw a conclusion,441.0,"456,0,0"
442,442,Analyze the collected data to find the connection,442.0,"457,1,0"
443,443,Organize measurement data,443.0,"458,0,1"
444,444,Drawing conclusions,444.0,"459,0,0"
445,445,Check the results of the experiment.,445.0,"460,0,1"
446,446,I'm organizing it,446.0,"461,0,1"
447,447,"After collecting the data, the search begins based on the data.",447.0,"462,1,0"
448,448,It is to organize the data and then write a report.,448.0,"463,1,0"
449,449,an experiment based on the data,449.0,"464,0,0"
450,450,I don't know,450.0,"465,0,1"
451,451,Confirm that it fits the hypothesis and feedback.,451.0,"466,0,0"
452,452,Organize the contents,452.0,"467,0,1"
453,453,Organize data,453.0,"468,0,1"
454,454,Clean up the observed data.,454.0,"469,0,0"
455,455,I don't know,455.0,"470,0,0"
456,456,I don't know.,456.0,"471,1,0"
457,457,organizing the records of the inquiry process,457.0,"472,0,0"
458,458,Write things about experiments,458.0,"473,1,0"
459,459,I don't know,459.0,"474,1,0"
460,460,Announcement,460.0,"475,0,1"
461,461,an inquiry presentation,461.0,"476,1,0"
462,462,Write the results of the experiment by organizing them based on the contents of the inquiry.,462.0,"477,0,1"
463,463,Organize the contents,463.0,"478,1,0479,0,0"
464,464,Record,464.0,"480,0,0"
465,465,I'm exploring?,465.0,"481,0,0"
466,466,Write it down.,466.0,"482,0,1"
467,467,presentation,467.0,"483,1,0"
468,468,Determine the outcome.,468.0,"484,0,1"
469,469,Record it after completing the observation.,469.0,"485,0,0"
470,470,Make a hypothesis.,470.0,"486,1,0"
471,471,I think I'll organize the contents.,471.0,"487,1,0"
472,472,I don't know.,472.0,"488,1,0"
473,473,Organize data and compare hypotheses and experimental results,473.0,"489,0,0"
474,474,Organize data,474.0,"490,0,1"
475,475,"Then, the sequential theory announces the reason for the phenomenon that it has experimented with.",475.0,"491,1,0"
476,476,Organize the contents of the experiment.,476.0,"492,0,0"
477,477,Let the world know,477.0,"493,0,0"
478,478,Organize the results of the experiment,478.0,"494,1,1"
479,479,explain by reference to the data,479.0,"495,0,0"
480,480,I'll check again to see if it's right and submit it,480.0,"496,0,0"
481,481,Record,481.0,"497,0,1"
482,482,Write the results.,482.0,"498,0,0"
483,483,Summarize the results of the inquiry.,483.0,"499,0,0"
484,484,I'm announcing.,484.0,"500,0,1"
485,485,Write it down.,485.0,"501,0,0"
486,486,Compare with hypothesis.,486.0,"502,0,0"
487,487,Organize the observed and measured data.,487.0,"503,0,0"
488,488,Organize the data in a table or graph.,488.0,"504,0,0"
489,489,Make a hypothesis based on the experimental plan.,489.0,"505,0,0"
490,490,Make the results of the measured data.,490.0,"506,0,0"
491,491,Organize the results.,491.0,"507,0,0"
492,492,Check the contents of the measured data.,492.0,"508,0,0509,0,0"
493,493,I don't know,493.0,"510,0,1"
494,494,Organize the contents of the experiment in a report.I don't understand...,494.0,"511,0,0"
495,495,I don't know.,495.0,"512,0,0"
496,496,I'm announcing.,496.0,"513,0,0"
497,497,I'm not doing anything.,497.0,"514,0,0"
498,498,I don't know,498.0,"515,0,0"
499,499,Submit a report,499.0,"516,1,0"
500,500,I don't know,500.0,"517,0,0"
501,501,I don't know,501.0,"518,0,1"
502,502,"""I don't know",502.0,"519,0,0"
503,503,"""",503.0,"520,1,0"
504,504,I don't know.,504.0,"521,0,0"
505,505,I don't know...,505.0,"522,0,0"
506,506,I want to stop,506.0,"523,0,0"
507,507,It was fun.,507.0,"524,1,0"
508,508,M and D,508.0,"525,0,0"
509,509,The reason why that happens...? Maybe...?,509.0,"526,0,0"
510,510,Experiment.,510.0,"527,1,0"
511,511,I don't know,511.0,"528,1,0"
512,512,"""?????????????????????????????????????",512.0,"529,0,0"
513,513,"""",513.0,"530,0,0"
514,514,Observe the surroundings.,514.0,"531,1,1"
515,515,I don't know.,515.0,"532,1,0"
516,516,I'm going to you,516.0,"533,0,1"
517,517,Organize the data.,517.0,"534,0,1"
518,518,I don't know.,518.0,"535,1,1"
519,519,Present in public.,519.0,"536,0,1"
520,520,I don't know,520.0,"537,1,0"
521,521,Let's gather up and organize,521.0,"538,0,1539,0,1"
522,522,Sums up,522.0,"540,1,0"
523,523,I don't know.,523.0,"541,0,0"
524,524,Then you have to let the world know.,524.0,"542,0,0"
525,525,Organize the measured data,525.0,"543,0,1"
526,526,save a person,526.0,"544,1,1"
527,527,I don't know,527.0,"545,0,1"
528,528,Organizing,528.0,"546,1,0"
529,529,Let's clean it up.,529.0,"547,0,1"
530,530,I don't understand.,530.0,"548,0,1"
531,531,What?,531.0,"549,0,1"
532,532,Data will be analyzed through inductive inquiry methods and valid conclusions will be drawn.,532.0,"550,0,1"
533,533,It summarizes the facts that can be confirmed in common through the data.,533.0,"551,1,0"
534,534,"Based on the measured data, determine whether the hypothesis is correct or not, and draw conclusions.",534.0,"552,0,1"
535,535,The obtained data are collected and generalized to conclude universal facts.,535.0,"553,1,1"
536,536,"Classify the data according to any criteria. The data are then converted to a table or graph format, used according to the experimental criteria, or designated as the basis for generalization of the hypothesis.",536.0,"554,1,1"
537,537,Derive results from observations and measured data and apply the results to other similar situations,537.0,"555,1,0"
538,538,Organize the data and prove the hypothesis based on the data.,538.0,"556,0,1"
539,539,"Based on the experiments and measured data, conclusions on the inquiry problem are drawn and generalized.",539.0,"557,0,1"
540,540,Derive the answers to the subject of the experiment and a valid basis for it,540.0,"558,0,0"
541,541,"Establish and classify the measured data. Analyze the classified experimental data, organize commonalities, differences, and characteristics of each data, and organize them so that they can be used as necessary.",541.0,"559,0,0"
542,542,Check that the hypothesis matches the measured data.,542.0,"560,0,0"
543,543,They will judge whether it is consistent with the hypothesis they have established.,543.0,"561,0,1"
544,544,They separate the various data through certain criteria and draw their own conclusions based on the necessary and reliable information among the separated data,544.0,"562,1,1"
545,545,Analyze the observed and measured data to derive results and verify that the results are consistent with the hypothesis.,545.0,"563,0,0"
546,546,"Draw a conclusion based on the data observed and measured and verify that the conclusion is consistent with the hypothesis. If the conclusions and hypotheses do not match, a new hypothesis is established and a new experiment is conducted.",546.0,"564,0,0"
547,547,"After collecting the measured data, make a conclusion. Then compare whether the conclusion is consistent with your hypothesis, and if it is consistent, your hypothesis becomes true, and if it is not, you must redo the process before it.",547.0,"565,0,1"
548,548,The hypothesis initially established is reviewed and conclusions are drawn from it.,548.0,"566,0,0"
549,549,Scientists' theories explain phenomena that cannot be explained by finding regularity and generalizing or deriving scientific facts from the measured data.,549.0,"567,1,0"
550,550,"Data obtained through experiments should be expressed in various formats such as tables and graphs first and analyzed. If the hypothesis is correct and the experiment is conducted correctly, the results of the experiment show a certain direction. By grasping such direction, it can be seen that it applies to all phenomena other than specific experiments. This process is called generalization.",550.0,"568,1,0569,0,0"
551,551,"Various data are collected, data are synthesized, and analyzed by methods such as deductive or inductive methods to draw common conclusions. We also verify whether this conclusion conforms to or opposes the hypothesis established before the experiment and observation.",551.0,"570,0,1"
552,552,The experimental results are organized based on statistics and the right or wrong of one's hypothesis is judged.,552.0,"571,0,1"
553,553,"Check if the hypothesis established based on the measured data is correct, draw it as a conclusion if the hypothesis is correct, and if not, modify the hypothesis to repeat the process.",553.0,"572,0,0"
554,554,"The data to be obtained through the experiment will be classified into various fields. We will find commonalities and differences between the data divided in this way, and draw desired conclusions through these commonalities and differences.",554.0,"573,0,0"
555,555,Organize the measurement data and explore the phenomenon again. And interpret this observation and draw conclusions.,555.0,"574,0,1"
556,556,Organize and analyze.,556.0,"575,0,0"
557,557,Gather and explore the information you want to gather based on the results of the experiment,557.0,"576,0,1"
558,558,Start the research based on the data,558.0,"577,0,1"
559,559,deductive,559.0,"578,0,1"
560,560,.,560.0,"579,0,1"
561,561,We will verify whether the experiment process is wrong or the theory is wrong,561.0,"580,0,0"
562,562,Experiment after hypothesis setup,562.0,"581,1,0"
563,563,Data collection-data classification-resulting-generalization..,563.0,"582,0,0"
564,564,"First, getting the ingredients",564.0,"583,0,1"
565,565,I'll explain to people,565.0,"584,0,0"
566,566,inductive method,566.0,"585,0,1"
567,567,I don't know.,567.0,"586,1,0"
568,568,Summarize the results of the inquiry.,568.0,"587,1,0"
569,569,Organize things using data,569.0,"588,1,0"
570,570,I don't know.,570.0,"589,1,0"
571,571,Check the results of the inquiry,571.0,"590,0,0"
572,572,experiment,572.0,"591,1,0"
573,573,I don't know.,573.0,"592,0,1"
574,574,make a hypothesis based on the data,574.0,"593,0,1"
575,575,I'm still working on it,575.0,"594,0,1"
576,576,I don't know.,576.0,"595,0,0"
577,577,I'm investigating,577.0,"596,0,0"
578,578,Drawing conclusions,578.0,"597,0,0"
579,579,produce results,579.0,"598,0,0599,0,0"
580,580,an inductive process of inquiry,580.0,"600,0,0"
581,581,Check for errors,581.0,"601,0,1"
582,582,Let's wrap it up,582.0,"602,0,0"
583,583,I don't know,583.0,"603,1,0"
584,584,"After conducting an experiment to verify the hypothesis established as a prior process, the conclusion is drawn through generalization, such as giving feedback.",584.0,"604,0,1"
585,585,Measure it.,585.0,"605,0,1"
586,586,draw a result,586.0,"606,0,1"
587,587,statistics on the data,587.0,"607,0,1"
588,588,"Organize the data, check if the hypothesis is correct, and write a thesis.",588.0,"608,1,0"
589,589,Data analysis is conducted,589.0,"609,0,0"
590,590,Data analysis is conducted,590.0,"610,0,0"
591,591,We need to consider it,591.0,"611,0,1"
592,592,Data analysis,592.0,"612,1,0"
593,593,an inductive process of inquiryDraw a conclusion,593.0,"613,0,0"
594,594,Creating a report,594.0,"614,0,1"
595,595,Record,595.0,"615,0,0"
596,596,Feedback,596.0,"616,1,0"
597,597,I said I don't know.,597.0,"617,0,1"
598,598,There's no battery,598.0,"618,0,1"
599,599,"I love you, Love Weighted Broadcast",599.0,"619,0,0"
600,600,.,600.0,"620,0,0"
601,601,inductive inquiry,601.0,"621,0,0"
602,602,Exploration and Species Design,602.0,"622,1,0"
603,603,Organize the results of the experiment,603.0,"623,1,0"
604,604,inductive inquiry,604.0,"624,0,1"
605,605,Conclusion Duo,605.0,"625,1,0"
606,606,draw a result,606.0,"626,0,0"
607,607,Result,607.0,"627,0,1"
608,608,Data analysis,608.0,"628,1,0629,0,0"
609,609,I don't know,609.0,"630,1,0"
610,610,I don't know,610.0,"631,0,0"
611,611,Design an experiment based on the data.,611.0,"632,0,0"
612,612,We need to interpret the data,612.0,"633,0,1"
613,613,The data are corrected.,613.0,"634,1,0"
614,614,It is an inductive method of inquiry.,614.0,"635,0,1"
615,615,inquiry,615.0,"636,1,0"
616,616,Organize the data and display it as visual data at once.,616.0,"637,1,0"
617,617,inductive inquiry,617.0,"638,0,0"
618,618,I'm exploring!,618.0,"639,0,1"
619,619,Exploring data,619.0,"640,0,0"
620,620,I don't know.,620.0,"641,1,0"
621,621,Hypothesis setting,621.0,"642,1,0"
622,622,Organize the data.,622.0,"643,0,1"
623,623,Compare it with the hypothesis you have established and modify the hypothesis.,623.0,"644,1,0"
624,624,"Collect data, find out the statistical results through graphs or tables, and draw conclusions.",624.0,"645,0,1"
625,625,interpretation of data,625.0,"646,0,1"
626,626,Let's see. Sexy,626.0,"647,0,1"
627,627,Submit a report.,627.0,"648,0,1"
628,628,Organize the contents.,628.0,"649,0,0"
629,629,"""I don't know",629.0,"650,0,1"
630,630,"""",630.0,"651,0,1"
631,631,Organize the observed and measured data.,631.0,"652,0,0"
632,632,"Based on the data, we prove various phenomena to be proved.",632.0,"653,0,0"
633,633,Confirmation of hypothesis,633.0,"654,0,0"
634,634,Make an experimental plan.,634.0,"655,0,0"
635,635,inquiry theorem,635.0,"656,0,0"
636,636,generalize with general knowledge,636.0,"657,0,0"
637,637,I think I will organize it with the data obtained from the experiment.,637.0,"658,1,0659,0,0"
638,638,compile the materials into documents,638.0,"660,1,0"
639,639,"Now that we have collected the measured data, the inquiry process is easy",639.0,"661,1,0"
640,640,"Based on the data, conclusions are made and what the meaning is.",640.0,"662,1,0"
641,641,I'll find out,641.0,"663,0,1"
642,642,Organizing,642.0,"664,0,1"
643,643,organize the results,643.0,"665,1,1"
644,644,an inductive method of inquiry,644.0,"666,0,1"
645,645,The collected data are organized and the results are organized into tables or graphs to interpret the results.,645.0,"667,0,0"
646,646,Let people know,646.0,"668,0,0"
647,647,It is an inductive method of inquiry.,647.0,"669,0,0"
648,648,Draw a conclusion,648.0,"670,0,1"
649,649,Assignment research,649.0,"671,0,0"
650,650,I tell people the data I found.,650.0,"672,0,0"
651,651,"Record it and let people know, then let the news know so that people around the world know, so that people know on TV",651.0,"673,0,1"
652,652,"Design the experiment specifically.{Set control, variable control, etc.)",652.0,"674,0,0"
653,653,informing people about the situation,653.0,"675,0,1"
654,654,plan the process of inquiry,654.0,"676,0,1"
655,655,Let's explain the process of inquiry,655.0,"677,0,1"
656,656,It just opens and closes things that can't fly with a human body.So I take a tool made in the shape of a bird's wing and try to fall off again.,656.0,"678,0,0"
657,657,I don't know.,657.0,"679,0,0"
658,658,Get permission to let people know,658.0,"680,0,1"
659,659,Organize the measured data.,659.0,"681,0,1"
660,660,Please put this data in the Galaxy tab and ask the shaman Choi Soon-sil to review it.,660.0,"682,0,1"
661,661,Organize the results of the experiment,661.0,"683,0,0"
662,662,Organize the contents of the inquiry,662.0,"684,0,1"
663,663,Organize and write a paper based on observations and measurements,663.0,"685,1,1"
664,664,Write a report.,664.0,"686,1,0"
665,665,draw a conclusion from the data,665.0,"687,0,0"
666,666,Let's compare and experiment again,666.0,"688,0,0689,0,0"
667,667,"Set up a number of cases, conduct each experiment, and find out whether they are correct or not",667.0,"690,0,1"
668,668,Uh.,668.0,"691,1,0"
669,669,difficulty,669.0,"692,0,1"
670,670,Hulk,670.0,"693,0,1"
671,671,Drawing conclusions,671.0,"694,1,0"
672,672,Let's go to Owl Rock,672.0,"695,0,0"
673,673,Don't know,673.0,"696,0,0"
674,674,Drawing conclusions,674.0,"697,0,0"
675,675,Yes,675.0,"698,1,1"
676,676,Generalization,676.0,"699,0,0"
677,677,Analysis of results,677.0,"700,1,0"
678,678,Generalize hypothesis reset,678.0,"701,1,0"
679,679,an ancient raincoat,679.0,"702,1,0"
680,680,What?,680.0,"703,0,1"
681,681,Draw a conclusion,681.0,"704,1,0"
682,682,Analysis of results,682.0,"705,1,0"
683,683,Drawing conclusions,683.0,"706,1,0"
684,684,Let's check,684.0,"707,0,1"
685,685,"If you observe, measure, and collect data from experiments, you should start exploring, right?",685.0,"708,1,0"
686,686,"After organizing the data, draw conclusions.",686.0,"709,0,1"
687,687,Data analysis,687.0,"710,1,0"
688,688,examine whether the hypothesis is correct or wrong,688.0,"711,0,1"
689,689,I don't know.,689.0,"712,1,1"
690,690,Problem Analysis,690.0,"713,1,0"
691,691,conducting research,691.0,"714,0,1"
692,692,Organize what you did during the experiment in orderWriting an inquiry report,692.0,"715,0,0"
693,693,Write down an inquiry report.,693.0,"716,0,0"
694,694,Look at the collected data and organize it.,694.0,"717,0,1"
695,695,Let people know?,695.0,"718,0,1719,0,1"
696,696,Let's combine them and analyze them,696.0,"720,0,1"
697,697,Make a record and make it like a book,697.0,"721,1,0"
698,698,"Start the exploration, observe, and organize the contents briefly.",698.0,"722,1,0"
699,699,discussion,699.0,"723,1,0"
700,700,Organize and review the collected data.,700.0,"724,1,0"
701,701,Organize and review the collected data.,701.0,"725,1,0"
702,702,Organize and review all data,702.0,"726,1,0"
703,703,Deriving conclusions-The process of drawing conclusions based on the results of experiments and measured,703.0,"727,0,0"
704,704,Interpret the data.,704.0,"728,0,0"
705,705,I look through all the data and organize them,705.0,"729,0,0"
706,706,organize the data,706.0,"730,1,0"
707,707,Research with the data and conduct various experiments.,707.0,"731,0,0"
708,708,Organize the collected data.,708.0,"732,1,0"
709,709,Investigate.,709.0,"733,0,1"
710,710,Analyze and interpret the results and data,710.0,"734,0,1"
711,711,I live a beautiful life where I present and receive Nobel Prize and spend all my money and die. Two weeks,711.0,"735,1,0"
712,712,Analyze the data and draw conclusions,712.0,"736,0,1"
713,713,We analyze and interpret the data.,713.0,"737,0,1"
714,714,"""",714.0,"738,1,0"
715,715,Research is conducted on the data.,715.0,"739,1,0"
716,716,"If you collect data, you can easily collect data and combine them.",716.0,"740,0,1"
717,717,"Write the measured data in a notepad, make a PPT, and prepare your mind.",717.0,"741,0,1"
718,718,look into the data,718.0,"742,0,0"
719,719,a detailed examination of the data,719.0,"743,0,0"
720,720,I'm experiment,720.0,"744,0,0"
721,721,Do an experiment.,721.0,"745,0,1"
722,722,Interpret the data.,722.0,"746,0,1"
723,723,interpret the data,723.0,"747,0,0"
724,724,interpret the data,724.0,"748,0,0749,0,1"
725,725,Organize results,725.0,"750,0,0"
726,726,organize data and produce results,726.0,"751,1,0"
727,727,organize data and produce results,727.0,"752,1,0"
728,728,I don't know.,728.0,"753,0,0"
729,729,a hypothetical,729.0,"754,0,1"
730,730,I don't know,730.0,"755,0,1"
731,731,Data analysis,731.0,"756,0,1"
732,732,Hypothesis setting,732.0,"757,1,1"
733,733,Organize data,733.0,"758,0,1"
734,734,Confirmation of research results,734.0,"759,1,0"
735,735,Confirmation of research results,735.0,"760,1,0"
736,736,Organize the results of the experiment.,736.0,"761,0,0"
737,737,Writing a report,737.0,"762,0,1"
738,738,Drawing conclusions,738.0,"763,0,1"
739,739,compare the results with each other,739.0,"764,1,0"
740,740,The results of the experiment are summarized.,740.0,"765,1,0"
741,741,Present the measured results and consult with various group members.,741.0,"766,0,0"
742,742,review one's quest,742.0,"767,0,0"
743,743,I don't know,743.0,"768,1,0"
744,744,I don't know.,744.0,"769,0,1"
745,745,I don't know.,745.0,"770,1,0"
746,746,It's called drawing conclusions;,746.0,"771,0,1"
747,747,Result,747.0,"772,0,0"
748,748,·ㆍ,748.0,"773,0,0"
749,749,I don't know,749.0,"774,0,0"
750,750,Result,750.0,"775,0,1"
751,751,data observation,751.0,"776,1,0"
752,752,arrangement,752.0,"777,0,0"
753,753,Data analysis,753.0,"778,1,1779,0,0"
754,754,I don't know,754.0,"780,0,0"
755,755,Result,755.0,"781,0,1"
756,756,Draw a conclusion,756.0,"782,0,0"
757,757,Drawing conclusions,757.0,"783,0,0"
758,758,Draw and interpret conclusions.,758.0,"784,0,0"
759,759,Drawing conclusions,759.0,"785,1,0"
760,760,Analyze the data.,760.0,"786,0,0"
761,761,Compare data and compare it to your hypothesis (theory),761.0,"787,1,0"
762,762,Make sure the hypothesis is correct,762.0,"788,0,0"
763,763,Submission of Conclusion,763.0,"789,0,0"
764,764,Summarize the data to draw conclusions.,764.0,"790,0,0"
765,765,Data interpretation,765.0,"791,0,0"
766,766,Data interpretation,766.0,"792,0,0"
767,767,Check the progress of the inquiry.,767.0,"793,1,0"
768,768,?,768.0,"794,0,0"
769,769,Analyze the results of the experiment.,769.0,"795,1,0"
770,770,Drawing conclusions,770.0,"796,0,0"
771,771,"After organizing and analyzing the data, the conclusion is made.",771.0,"797,1,0"
772,772,Draw conclusions based on the collected data.,772.0,"798,0,1"
773,773,Analysis,773.0,"799,1,0"
774,774,Data Analysis,774.0,"800,0,0"
775,775,Analysis,775.0,"801,0,0"
776,776,Statistics are produced or analyzed based on measurement data to produce results and conclusions,776.0,"802,0,0"
777,777,Analyze the data.,777.0,"803,1,1"
778,778,Analysis,778.0,"804,1,1"
779,779,Analysis of results,779.0,"805,0,1"
780,780,and so on,780.0,"806,1,0"
781,781,I don't understand.,781.0,"807,1,1"
782,782,Experiment.,782.0,"808,0,1809,0,1"
783,783,Feedback,783.0,"810,1,1"
784,784,I'm observing,784.0,"811,1,0"
785,785,I don't know,785.0,"812,1,1"
786,786,Organize data,786.0,"813,0,0"
787,787,bark one's name,787.0,"814,1,1"
788,788,Organize and interpret results,788.0,"815,0,0"
789,789,Feedback,789.0,"816,1,1"
790,790,"After checking if the hypothesis is correct, if it is wrong, set the hypothesis again and proceed.",790.0,"817,0,1"
791,791,"Hypothesis setting,Review whether the hypothesis is correct.",791.0,"818,0,1"
792,792,I don't know.,792.0,"819,0,1"
793,793,Analyze the data.,793.0,"820,0,0"
794,794,"If it is a deductive method, make sure it fits your hypothesis.",794.0,"821,0,0"
795,795,"After organizing the data, interpret the results.",795.0,"822,0,0"
796,796,yes,796.0,"823,1,0"
797,797,Data analysis,797.0,"824,0,1"
798,798,produce results,798.0,"825,0,1"
799,799,comparison with hypothesis,799.0,"826,1,0"
800,800,It's an inquiry design.,800.0,"827,0,1"
801,801,Finish,801.0,"828,0,0"
802,802,2,802.0,"829,0,1"
803,803,"After organizing the experimental results, prepare a report and check if the hypothesis that has been set is correct, and if it does not, set the hypothesis again.",803.0,"830,0,0"
804,804,Interpret the data so that it can be entered into my head and draw conclusions based on data interpretation.,804.0,"831,0,0"
805,805,Write a report.,805.0,"832,0,0"
806,806,make statistics,806.0,"833,1,0"
807,807,"When all of the designed exploration is performed, the data derived through the exploration are analyzed and reviewed to fit the hypothesis established. If it is different from the hypothesis, modify the hypothesis and proceed with the above procedure again. If the hypothesis is correct, conclusions are drawn through the hypothesis and the results of the inquiry, and such conclusions are generalized to fit any situation. It may be less, but it is omitted because there is not enough time.",807.0,"834,1,0"
808,808,"""After collecting data, establishing hypotheses, and actually researching or experimenting with thoughts, results",808.0,"835,0,0"
809,809,"derive.""",809.0,"836,0,0"
810,810,".Experiment and experiment. make endless efforts Even if they die, they are prepared to get the knowledge they want to study.",810.0,"837,0,0"
811,811,"Check if the hypothesis and results set are correct, analyze the results based on the results, draw conclusions, and write error analysis, what you learned, and what you felt.",811.0,"838,0,0839,0,0"
812,812,"While comparing the measured data with the unknown phenomenon, the experimental error can be analyzed and explained using it.",812.0,"840,0,1"
813,813,"After collecting the data observed and measured during the experiment, the inquiry process to be performed should analyze the collected data and draw conclusions based on it.If the measured data is only collected, the relationship between the inquiry process and the experiment cannot be drawn, so it is necessary to draw conclusions through the analysis of the collected data.",813.0,"841,0,0"
814,814,I don't understand.,814.0,"842,0,0"
815,815,"After collecting the data observed and measured during the experiment, analyze it, and if the hypothesis is wrong, repeat the process of resetting the hypothesis through feedback, designing the experiment again, and conducting the experiment. If the hypothesis is correct, the results are summarized.",815.0,"843,0,1"
816,816,a shortage of time,816.0,"844,0,0"
817,817,"Reorganize the measured data to produce statistics, check if the hypothesis is correct, and draw conclusions.",817.0,"845,1,0"
818,818,Draw a conclusion.,818.0,"846,0,1"
819,819,"After collecting the observed and measured data, draw conclusions on the data and check if it fits the hypothesis you have established. If correct, it becomes an explainable phenomenon, and if wrong, explore why the experimental results came out wrong.",819.0,"847,1,0"
820,820,"Draw a conclusion. And make and present present presentation materials (presentation, thesis, etc.).",820.0,"848,0,0"
821,821,I'm sorry.,821.0,"849,1,0"
822,822,...,822.0,"850,0,0"
823,823,I write a paper and post it,823.0,"851,0,0"
824,824,Organizing,824.0,"852,1,0"
825,825,To create a report,825.0,"853,0,1"
826,826,collect data and produce results,826.0,"854,0,0"
827,827,"making a ticket, organizing",827.0,"855,0,0"
828,828,To create a report.,828.0,"856,0,1"
829,829,I don't know,829.0,"857,0,1"
830,830,Draw a conclusion.,830.0,"858,0,0"
831,831,I don't know,831.0,"859,0,0"
832,832,M and D,832.0,"860,0,0"
833,833,I don't know.,833.0,"861,0,0"
834,834,I'm organizing it,834.0,"862,0,0"
835,835,I'm organizing it,835.0,"863,1,0"
836,836,Let's begin a full-fledged investigation.,836.0,"864,1,0"
837,837,I don't know.,837.0,"865,0,0"
838,838,hypothesis setting,838.0,"866,0,1"
839,839,I don't know.,839.0,"867,0,0"
840,840,be recognized for explaining the reason why the phenomenon occurs,840.0,"868,0,0869,0,0"
841,841,Draw a conclusion,841.0,"870,0,0"
842,842,hypothesis setting,842.0,"871,1,0"
843,843,I don't know,843.0,"872,0,0"
844,844,conclusion,844.0,"873,0,0"
845,845,I don't know,845.0,"874,0,0"
846,846,Data interpretation,846.0,"875,0,1"
847,847,Drawing conclusions,847.0,"876,0,1"
848,848,arrangement,848.0,"877,0,1"
849,849,?,849.0,"878,0,1"
850,850,Organize the data,850.0,"879,0,1"
851,851,I'll try it myself and explain it,851.0,"880,0,0"
852,852,Proof,852.0,"881,0,0"
853,853,Data Interpretation - Results are derived by interpreting data with data collected by observing and measuring during experiments.,853.0,"882,0,1"
854,854,Experiment and make sure this is really right,854.0,"883,0,0"
855,855,Proof,855.0,"884,0,0"
856,856,Collect and Grease. Recommendation.ㄹ추,856.0,"885,0,0"
857,857,Let people know.,857.0,"886,0,0"
858,858,experiment,858.0,"887,0,1"
859,859,I don't know.,859.0,"888,0,1"
860,860,problem solving,860.0,"889,0,1"
861,861,I don't know.,861.0,"890,0,1"
862,862,.......................,862.0,"891,0,1"
863,863,represent in a table or graph,863.0,"892,0,1"
864,864,I organize the data and look at it again,864.0,"893,0,1"
865,865,Organize the results of the inquiry,865.0,"894,1,1"
866,866,?,866.0,"895,0,0"
867,867,I'm going to do an experiment.,867.0,"896,0,0"
868,868,I don't know.,868.0,"897,1,0"
869,869,I don't know.,869.0,"898,1,0899,0,1"
870,870,Create a table,870.0,"900,0,0"
871,871,Create a table or graph.,871.0,"901,0,0"
872,872,"Organize: On paper, summarize the process of exploring your thoughts and results.",872.0,"902,0,0"
873,873,Scientists gather and talk,873.0,"903,0,0"
874,874,I don't understand.,874.0,"904,0,0"
875,875,Hypothesis setting?,875.0,"905,0,0"
876,876,predict the outcome,876.0,"906,0,0"
877,877,Predict the results.,877.0,"907,1,0"
878,878,predict the outcome,878.0,"908,0,1"
879,879,predict the outcome,879.0,"909,0,1"
880,880,I'll make a presentation to the world.,880.0,"910,0,0"
881,881,assign a title to the subject of inquiry,881.0,"911,0,1"
882,882,I'm not sure about this,882.0,"912,1,1"
883,883,"For example, by examining volcanic eruptions, we can know what is inside the earth",883.0,"913,0,1"
884,884,"I'm sorry, friends",884.0,"914,0,0"
885,885,I'm sorry. I should have studied more.,885.0,"915,0,0"
886,886,I'll think about how to use this,886.0,"916,1,0"
887,887,I set up a hypothesis,887.0,"917,0,1"
888,888,"After collecting the data observed and measured during the experiment, it seems that the data is verified and published.",888.0,"918,0,1"
889,889,draw condensation,889.0,"919,1,0"
890,890,We're going through the process of courseLet's predict the results,890.0,"920,1,1"
891,891,Predict the results.,891.0,"921,1,0"
892,892,Predict the results.,892.0,"922,0,1"
893,893,Predict the results.,893.0,"923,0,0"
894,894,"I think I will not use the materials that I don't need, but organize important contents well and hold meetings with others to conduct various experiments and exploration.",894.0,"924,1,0"
895,895,Decide on a name.,895.0,"925,0,0"
896,896,I think I'll look at the plant dictionary or the animal dictionary Internet dictionary to see what it's like.,896.0,"926,0,1"
897,897,"Organize the observations and measured data, display them in a table, and record them.",897.0,"927,0,0"
898,898,organize the collected data,898.0,"928,0,1929,1,0"
899,899,Write a report and experimental results.,899.0,"930,1,0"
900,900,Don't know,900.0,"931,1,0"
901,901,Don't know,901.0,"932,1,0"
902,902,..,902.0,"933,1,0"
903,903,:(,903.0,"934,1,0"
904,904,Written notes,904.0,"935,0,0"
905,905,completion of an inquiry record,905.0,"936,0,1"
906,906,.,906.0,"937,0,0"
907,907,Organize and compare the data,907.0,"938,0,0"
908,908,presentation,908.0,"939,0,0"
909,909,Work hard on the exploration!,909.0,"940,0,0"
910,910,I'm watching it again,910.0,"941,0,0"
911,911,To study,911.0,"942,0,0"
912,912,"Analysis, Investigation",912.0,"943,0,0"
913,913,Present and discuss with your friend.,913.0,"944,0,0"
914,914,.....,914.0,"945,1,0"
915,915,I don't know,915.0,"946,1,0"
916,916,Organize data,916.0,"947,0,0"
917,917,Write a report.,917.0,"948,0,0"
918,918,Write an experimental report.,918.0,"949,0,0"
919,919,Organize them step by step.,919.0,"950,0,1"
920,920,Organize reports,920.0,"951,1,0"
921,921,"Check, clean up",921.0,"952,0,0"
922,922,I think I'll use the data to explore...,922.0,"953,0,0"
923,923,I understand.,923.0,"954,1,0"
924,924,Interpret analysis with graphs or tables,924.0,"955,1,0"
925,925,"Find the important part, the central part",925.0,"956,1,0"
926,926,We need to experiment,926.0,"957,1,0"
927,927,"I don't know, I don't know, I don't know, get it.Yes & ^^",927.0,"958,1,0959,0,0"
928,928,We look at the results of the inquiry and then we come to a conclusion.,928.0,"960,1,0"
929,929,Organize data,929.0,"961,0,0"
930,930,Organize data,930.0,"962,1,0"
931,931,Organize data,931.0,"963,0,0"
932,932,Organize data,932.0,"964,1,0"
933,933,Organize data,933.0,"965,1,0"
934,934,"When you acquire experimental data, you can interpret the meaning of the data by analyzing it while changing it to a graph or table based on it",934.0,"966,1,0"
935,935,I don't know.,935.0,"967,0,1"
936,936,The scientist who is doing the experiment thinks that he quit the experiment to do the inquiry problem.,936.0,"968,0,1"
937,937,.,937.0,"969,1,0"
938,938,I don't know,938.0,"970,0,0"
939,939,I don't know,939.0,"971,0,0"
940,940,I don't know.,940.0,"972,0,0"
941,941,Make a hypothesis.,941.0,"973,0,0"
942,942,I don't know.,942.0,"974,0,0"
943,943,"""I don't know.",943.0,"975,0,0"
944,944,"""",944.0,"976,0,0"
945,945,I don't know after collecting them.,945.0,"977,0,0"
946,946,Organize and modify data,946.0,"978,0,1"
947,947,"Analyze data, and submit samples",947.0,"979,0,0"
948,948,I don't know,948.0,"980,0,0"
949,949,Don't know,949.0,"981,0,0"
950,950,I don't know,950.0,"982,0,0"
951,951,draw a conclusion,951.0,"983,0,1"
952,952,Organize data,952.0,"984,0,0"
953,953,I don't know.,953.0,"985,0,1"
954,954,I don't know.,954.0,"986,0,0"
955,955,I'm organizing it,955.0,"987,0,0"
956,956,Organizing,956.0,"988,0,0989,0,0"
957,957,Organizing,957.0,"990,0,0"
958,958,Organize your experiments,958.0,"991,0,0"
959,959,Gather it and clean up the surroundings,959.0,"992,0,0"
960,960,I don't know.,960.0,"993,0,0"
961,961,Organizing,961.0,"994,0,1"
962,962,Debate,962.0,"995,0,0"
963,963,Analyze the data,963.0,"996,0,0"
964,964,Debate,964.0,"997,0,0"
965,965,Analyze the data.,965.0,"998,0,0"
966,966,Analyze the measured data.,966.0,"999,0,1"
967,967,Organize data,967.0,"1000,0,0"
968,968,"By analyzing the measured data, the process of finding regularity and unity and drawing conclusions is conducted.",968.0,"1001,0,0"
969,969,Reporting,969.0,"1002,1,1"
970,970,Organize data,970.0,"1003,0,0"
971,971,I don't know,971.0,"1004,0,1"
972,972,I don't know,972.0,"1005,0,0"
973,973,I don't know,973.0,"1006,1,0"
974,974,I don't know,974.0,"1007,0,1"
975,975,Record,975.0,"1008,0,0"
976,976,"I think there will be 123 order, solving each of the branches",976.0,"1009,1,1"
977,977,I don't know,977.0,"1010,1,1"
978,978,I don't know because I didn't learn it,978.0,"1011,1,0"
979,979,Research,979.0,"1012,0,1"
980,980,"I claim this, and I name it.",980.0,"1013,0,0"
981,981,I don't know,981.0,"1014,0,0"
982,982,I don't know.,982.0,"1015,0,0"
983,983,Check the performance of the product,983.0,"1016,0,0"
984,984,Findings,984.0,"1017,0,1"
985,985,I look around.,985.0,"1018,0,01019,0,0"
986,986,"We do various experiments and find out what we need today, side effects, etc",986.0,"1020,0,0"
987,987,I don't know,987.0,"1021,0,0"
988,988,Observe the quality of the product,988.0,"1022,0,0"
989,989,Decide how to measure.I have no idea.,989.0,"1023,0,0"
990,990,I don't know,990.0,"1024,0,1"
991,991,I can't remember,991.0,"1025,0,0"
992,992,?,992.0,"1026,0,0"
993,993,I don't know.,993.0,"1027,0,0"
994,994,Drawing conclusions,994.0,"1028,0,0"
995,995,I don't know,995.0,"1029,0,1"
996,996,Observation,996.0,"1030,1,1"
997,997,I don't like it.,997.0,"1031,1,0"
998,998,overspore,998.0,"1032,0,0"
999,999,Drawing conclusions,999.0,"1033,0,0"
1000,1000,No.,1000.0,"1034,0,0"
1001,1001,Proof,1001.0,"1035,1,1"
1002,1002,Organize and draw conclusions,1002.0,"1036,1,1"
1003,1003,Check.,1003.0,"1037,1,0"
1004,1004,draw a conclusion,1004.0,"1038,0,1"
1005,1005,Make sure it matches the hypothesis,1005.0,"1039,0,0"
1006,1006,Organize the data in order,1006.0,"1040,0,0"
1007,1007,I'm investigating,1007.0,"1041,0,0"
1008,1008,Put it together,1008.0,"1042,0,0"
1009,1009,Data Analysis and Conclusion Drawing,1009.0,"1043,0,0"
1010,1010,draw a conclusion by organizing the data,1010.0,"1044,0,0"
1011,1011,interpret based on the results,1011.0,"1045,0,0"
1012,1012,Report and presentation,1012.0,"1046,1,0"
1013,1013,No.,1013.0,"1047,0,0"
1014,1014,I don't know,1014.0,"1048,0,01049,0,0"
1015,1015,"I don't know, damn it",1015.0,"1050,1,1"
1016,1016,"No, no...",1016.0,"1051,0,1"
1017,1017,The experiment may be repeated by analyzing the experimental results and resetting the hypothesis.,1017.0,"1052,0,0"
1018,1018,Give an answer to the data.,1018.0,"1053,0,0"
1019,1019,Well,1019.0,"1054,0,0"
1020,1020,I don't know,1020.0,"1055,0,0"
1021,1021,Submit it to the teacher and ask him to write it in the detailed specialties in the subject.,1021.0,"1056,0,0"
1022,1022,Appeal to the student record,1022.0,"1057,0,1"
1023,1023,Bald = Egg Potato = Takoyaki,1023.0,"1058,1,0"
1024,1024,Draw a conclusion,1024.0,"1059,1,0"
1025,1025,M and D,1025.0,"1060,1,0"
1026,1026,Write a paper.,1026.0,"1061,1,0"
1027,1027,Evaluate and correct the hypothesis,1027.0,"1062,1,0"
1028,1028,effort,1028.0,"1063,0,0"
1029,1029,We use data to make conclusions and produce results.,1029.0,"1064,0,1"
1030,1030,"After conducting an experiment, the results are derived. It is then compared with the expected results.",1030.0,"1065,1,0"
1031,1031,Interpret the measurement results and conclude.,1031.0,"1066,0,1"
1032,1032,I don't know,1032.0,"1067,1,1"
1033,1033,I really don't know this either,1033.0,"1068,1,0"
1034,1034,It is the same as the above answer.,1034.0,"1069,1,1"
1035,1035,The observed results are summarized to produce the final results.,1035.0,"1070,1,0"
1036,1036,"After classifying the results according to the environment of the experiment and observation or classification of the subject, the results are classified in a unified manner, and the results are derived as a result through generalization",1036.0,"1071,1,0"
1037,1037,"Experimental data are organized into data and statistics are published, and papers are written by combining the statistics, research purposes, and previous studies.",1037.0,"1072,0,1"
1038,1038,Draw conclusions based on data.,1038.0,"1073,1,0"
1039,1039,idea,1039.0,"1074,1,0"
1040,1040,I don't know.,1040.0,"1075,1,0"
1041,1041,????,1041.0,"1076,0,0"
1042,1042,Practice,1042.0,"1077,1,0"
1043,1043,I don't know.,1043.0,"1078,0,11079,0,0"
1044,1044,I don't know,1044.0,"1080,0,1"
1045,1045,I don't know.,1045.0,"1081,1,0"
1046,1046,Organize data,1046.0,"1082,0,0"
1047,1047,Think and think.,1047.0,"1083,0,0"
1048,1048,make a theory,1048.0,"1084,0,1"
1049,1049,I collect data and write a paper.,1049.0,"1085,1,1"
1050,1050,Collecting and organizing data and tabulating them to make it easier to produce results!,1050.0,"1086,1,1"
1051,1051,"Review the data to see if the hypothesis was correct, and if not, re-establish the hypothesis and design the experiment",1051.0,"1087,1,1"
1052,1052,Feel dizzy.,1052.0,"1088,1,1"
1053,1053,Thesis,1053.0,"1089,1,0"
1054,1054,Let's go with the hypothesis we've established,1054.0,"1090,0,1"
1055,1055,I don't know,1055.0,"1091,1,0"
1056,1056,"If the results are different than expected, think about why they are different, and go back to the beginning and repeat the same process over and over and over again.",1056.0,"1092,1,0"
1057,1057,Self-assessment after the experiment,1057.0,"1093,1,0"
1058,1058,Data analysis is conducted,1058.0,"1094,1,0"
1059,1059,arrangement,1059.0,"1095,0,0"
1060,1060,interpretation,1060.0,"1096,0,1"
1061,1061,Analyze the data.,1061.0,"1097,0,1"
1062,1062,Data analysis,1062.0,"1098,1,0"
1063,1063,"statistics, hypothesis setting",1063.0,"1099,0,1"
1064,1064,drawing a conclusion,1064.0,"1100,1,0"
1065,1065,make a hasty conclusion,1065.0,"1101,0,0"
1066,1066,Drawing conclusions,1066.0,"1102,0,0"
1067,1067,Analyze and generalize,1067.0,"1103,0,0"
1068,1068,Data analysis is carried out,1068.0,"1104,0,0"
1069,1069,Analysis and Conclusions,1069.0,"1105,1,0"
1070,1070,Exploration Data Analysis,1070.0,"1106,0,0"
1071,1071,Analyze the results of the experiment,1071.0,"1107,1,0"
1072,1072,"Look for similarities between data, etc. draw a comprehensive conclusion",1072.0,"1108,1,01109,0,0"
1073,1073,Data analysis,1073.0,"1110,0,1"
1074,1074,Organizing materials,1074.0,"1111,1,0"
1075,1075,Organize the process of inquiry,1075.0,"1112,1,0"
1076,1076,a scientific discussion,1076.0,"1113,0,1"
1077,1077,Draw a conclusion and compare it with the hypothesis established.,1077.0,"1114,1,0"
1078,1078,Collect data and conduct experiments.,1078.0,"1115,0,0"
1079,1079,"Oh, I think from this data, but I see results like this",1079.0,"1116,0,0"
1080,1080,General conclusions are drawn from data obtained through experiments and observations.,1080.0,"1117,0,0"
1081,1081,Analyze the results.,1081.0,"1118,0,0"
1082,1082,"H, I am a liberal arts major",1082.0,"1119,0,0"
1083,1083,"As written above, after the experiment, the test results and hypothesis are verified using various data, and if the hypothesis is correct, it is applied.",1083.0,"1120,0,0"
1084,1084,Find common ground of data and derive general theories.,1084.0,"1121,0,1"
1085,1085,"After collecting the observed and measured data, interpret the data that interprets the experimental results. It then goes through a conclusion drawing and generalization process to confirm that the results fit the hypothesis. If it does not fit the hypothesis, think about why it does not fit, repeat the experiment again, and generalize it if it fits the hypothesis.",1085.0,"1122,0,0"
1086,1086,"And then we're gonna have to sort out the data, and then we're gonna gather the necessary information, draw conclusions, and we're gonna give feedbackHaha",1086.0,"1123,0,1"
1087,1087,"As the saying goes, 'It's a treasure only when you know the words of a bead.' If you just collect data, organize it, and don't analyze it, it's no use. Therefore, when data are collected through experiments and observations, analysis and conclusions should be drawn accordingly.",1087.0,"1124,1,0"
1088,1088,Analyze and interpret the observed and measured data to draw conclusions.Analyze the measured data to find out the authenticity of the hypothesis that was first established.,1088.0,"1125,1,0"
1089,1089,"Draw the results of the inquiry, find out how it differs from the hypothesis you first established, and make a conclusion, and generalize it.",1089.0,"1126,0,0"
1090,1090,Compare the commonalities and differences of the observed and measured data.,1090.0,"1127,0,0"
1091,1091,"After collecting the data observed and measured during the experiment, analyze the observed data and conclude.",1091.0,"1128,1,0"
1092,1092,Organize and interpret the data and use it as a basis for explaining whether the hypothesis is correct or wrong.,1092.0,"1129,0,1"
1093,1093,Analyze and compare the data to collect one common opinion and conclude.,1093.0,"1130,0,1"
1094,1094,Statistics and conclusions are drawn from the measured data to determine whether the hypothesis initially set is true or false.,1094.0,"1131,0,0"
1095,1095,"Collect as much data as possible and produce statistics. In addition to statistics, efforts should be made to draw hypothesis-related conclusions from figures obtained from statistics. If the data obtained through the experiment is not considered to be related to one's own exploration, new research and experiments should be designed and finally analyzed by obtaining data related to one's exploration.",1095.0,"1132,0,0"
1096,1096,It will draw a conclusion.,1096.0,"1133,0,0"
1097,1097,"Summarize the results and compare them to see if they fit the hypothesis, and if they do not, feedback on what the problem was.",1097.0,"1134,0,1"
1098,1098,"Analyze the results of the experiment based on the observed and measured data and verify that the hypothesis set is correct. If the hypothesis is not correct, reset the hypothesis and experiment.",1098.0,"1135,1,0"
1099,1099,Collect and organize the measured data. And only the results necessary for your experiment are summarized and applied.,1099.0,"1136,0,0"
1100,1100,h,1100.0,"1137,0,0"
1101,1101,Don't know,1101.0,"1138,0,01139,0,0"
1102,1102,I don't know this either,1102.0,"1140,0,0"
1103,1103,I let a lot of people know,1103.0,"1141,1,0"
1104,1104,Organizing,1104.0,"1142,0,0"
1105,1105,Let people know,1105.0,"1143,0,1"
1106,1106,Organizing,1106.0,"1144,1,0"
1107,1107,Organizing,1107.0,"1145,0,0"
1108,1108,I don't know,1108.0,"1146,0,0"
1109,1109,present one's thesis,1109.0,"1147,1,1"
1110,1110,Let's clean it up.,1110.0,"1148,0,1"
1111,1111,Organize the experimental data.,1111.0,"1149,0,0"
1112,1112,presenting a summary,1112.0,"1150,0,1"
1113,1113,Find the regularity in the measured data and compare it with the hypothesis you established.,1113.0,"1151,,"
1114,1114,I don't know.,1114.0,"1152,,"
1115,1115,Variable control,1115.0,"1153,29.8%,32.9%"
1116,1116,Variable control,,
1117,1117,I don't know,,
1118,1118,I don't know.,,
1119,1119,I don't know.,,
1120,1120,Draw a conclusion,,
1121,1121,I don't know.,,
1122,1122,Drawing conclusions,,
1123,1123,"When the observed and measured data are collected, it is time to compare, analyze, and solve the data. I think it is a process of scientific exploration to find and interpret the meaning of the results, not just listing the measurement results.",,
1124,1124,Organize results,,
1125,1125,M and D,,
1126,1126,Let's see if there's anything wrong.,,
1127,1127,Organizing,,
1128,1128,To run an experiment,,
1129,1129,Reporting,,
1130,1130,combine the measured data to obtain an answer,,
1131,1131,variable control,,
1132,1132,.,,
1133,1133,I present the data.,,
1134,1134,Organize and record the data,,
1135,1135,I don't know,,
1136,1136,Variable control,,
1137,1137,Variable control,,
1138,1138,I don't know.,,
1139,1139,.,,
1140,1140,organize the data,,
1141,1141,"To get the results right,",,
1142,1142,Drawing conclusions,,
1143,1143,organize the data,,
1144,1144,.,,
1145,1145,"To make the results of the experiment accurate,",,
1146,1146,I organize my presentation.,,
1147,1147,Write an inquiry report.,,
1148,1148,Variable control,,
1149,1149,Variable Control -> Conclusion Drawing and Generalization,,
1150,1150,Evaluation Only. Created with Aspose.Cells for Python via Java.Copyright 2003 - 2022 Aspose Pty Ltd.,,
