,Unnamed: 0,"2) As in the example of Hong Gil-dong, one case can be tried up to three times in our country. What is the reason for running this system?",Unnamed: 0,", q32_process, q32_process.1"
0,0,I don't know.,0.0,"0,0,for a fair trial"
1,1,"In case a trial is wrong,",1.0,"1,1,to get a fair trial"
2,2,I don't know.,2.0,"2,0,to get a fair trial,"
3,3,It has the rights of the people and for the judge to think,3.0,"3,0,Because the trial has to be fair"
4,4,"""Let's not ignore the disabled""",4.0,"4,0,To make the trial fair"
5,5,"""",5.0,"5,0,to open a fair trial,"
6,6,"This is because if you are dissatisfied with the trial, you can try again up to three times to resolve the complaint even a little.",6.0,"6,0,for a fair trial,"
7,7,in order to end the trial accurately,7.0,"7,1,To make the trial fair,"
8,8,There could be a wrong trial,8.0,"8,0,for a fair trial,"
9,9,I don't know.,9.0,"9,0,The trial has to be fair"
10,10,"If you do it three times, don't do anything more.",10.0,"10,1, to open the trial fairly"
11,11,There may be a wrong trial.,11.0,"11, 1. We have to make the trial fair"
12,12,"Because the trial might be wrong, by a majority vote",12.0,"12, 1, because one wrong choice can lead to unfairness"
13,13,There are a lot of unfair people.,13.0,"13,1, to do a fair trial"
14,14,This is because the victim may feel unfair in the first and second trials.,14.0,"14,0, to ensure a fair trial"
15,15,in order to overcome the obstacles of the people,15.0,"15,0, to avoid being harmed by unfair trials"
16,16,There's a lot of acid and there's a solid basis,16.0,"16,0 A fair trial was made to minimize the number of people who wear new hands."
17,17,Because he had a lot of money and had a solid basis in the previous trial,17.0,"17, 1, to achieve a fair trial"
18,18,Because false statements and false reinforcements can lead to false judgments,18.0,"18,1, to bring about a fair judgment"
19,19,It's because there are people who are unfair,19.0,"19,0, for a fair trial to take place"
20,20,I don't know,20.0,"20,1,to make a fair judgment,"
21,21,You're either upset or trying to tell the truth,21.0,"21,1, for a fair trial"
22,22,I'm not going to make it unfair,22.0,"22,1,to make a fair trial,"
23,23,I'm afraid it'll be unfair,23.0,"23,1,to make a fair trial,"
24,24,I don't want to be upset,24.0,"24,0, for a fair trial"
25,25,The president made the law,25.0,"25,0,to make a fair trial,"
26,26,It's similar to the movie god!?,26.0,"26,1. To have a fair trial,"
27,27,in order to make an accurate judgment,27.0,"27,0, for a fair trial"
28,28,I don't know.,28.0,"28,0, it's for a fair trial29,0, to do a fair trial"
29,29,"If you continue to be tried, the answer might be different",29.0,"30,0, because we have to do a fair trial"
30,30,"People with disabilities are people, too",30.0,"31, 1, because the trial must be conducted fairly"
31,31,operational goods,31.0,"32,0, because we have to make a fair trial"
32,32,"This is because one trial may not obtain accurate results, and more accurate results can be known.",32.0,"33, 1, because the trial must be conducted fairly"
33,33,People with disabilities are considered because they are not feeling well.,33.0,"34,0, in order to proceed with the trial fairly,"
34,34,I'm trying to prove it again so that I can win if I lose unfairly,34.0,"35,0, for fair trial"
35,35,"I'm going to go through one trial, and I'm going to go through three trials, not once, because I can get other evidence or information about the company",35.0,"36,1. To proceed with the trial fairly,"
36,36,"This is because when a judge makes a judgment in a trial, the judgment is different depending on the words of the prosecutor and the lawyer.",36.0,"37,0, it's for a fair trial"
37,37,To make a more detailed and fair trial,37.0,"38,0, because the trial must be fair"
38,38,This is because there is a right of the people.,38.0,"39,1,to make the trial fair"
39,39,To give you three more chances,39.0,"40,0, to make the trial fair"
40,40,Because the person on trial may feel unfair.,40.0,"41,1, to make the trial fair"
41,41,Because we can't block the rights of the people,41.0,"42,0, to make the trial fair"
42,42,"This is because if you are tried once, you may not be able to do what you want to do unfairly.",42.0,"43,1, for fair trial"
43,43,This is because they ignore the disabled people.,43.0,"44,0, because the trial must be fair"
44,44,This is because a single trial is not accurate.,44.0,"45,0, because the trial has to be fair"
45,45,the three-trial system,45.0,"46,1, because the trial results have to be fair"
46,46,.,46.0,"47,0, because the trial results have to be fair"
47,47,So that there is nothing unfair,47.0,"48,0, because the trial results have to be fair"
48,48,for the sake of the people,48.0,"49,1, for fair trial results,"
49,49,I don't know,49.0,"50,1, for a fair trial,"
50,50,"Once tried, it can lead to unfair results, and it can lead to accurate results on multiple occasions",50.0,"51,0, for a fair trial"
51,51,In order to make the most fair judgment,51.0,"52,1, to have a fair trial"
52,52,Trial,52.0,"53,1, for a fair trial,"
53,53,The result might be unfair,53.0,"54,1. To have a fair trial,"
54,54,To make it fairer,54.0,"55,0, to lead a fair trial"
55,55,To get a fair trial,55.0,"56,1, to lead a fair trial,"
56,56,To give everyone a fair chance.,56.0,"57,1, up to three trials for fair trial"
57,57,So that there won't be an innocent person,57.0,"58,1, up to three trials to make a fair trial59,1, can be tried up to three times for a fair trial"
58,58,It might be unfair,58.0,"60,1, up to three trials to make a fair trial"
59,59,This is because the outcome of the trial may be wrong.,59.0,"61,0, up to three trials to lead a fair trial"
60,60,"To make a fair and accurate decision,",60.0,"62,1, up to three trials to lead a fair trial"
61,61,It might be unfair,61.0,"63,1, up to three trials for a case for a fair trial"
62,62,the three-trial system,62.0,"64,0 May be tried up to three times for one case to make a fair trial"
63,63,This is because the outcome of the trial may have been wrong.,63.0,"65,1, up to three trials for a case for a fair trial"
64,64,I'm trying to make it more clear,64.0,"66,0, can be tried up to three times for one case to make a fair trial"
65,65,It is to be fair.,65.0,"67,1, up to three trials may be tried for one case to lead a fair trial"
66,66,It is to have certainty in the course of the trial.,66.0,"68,1, up to three trials in one case to lead a fair trial"
67,67,To reduce the anger over dishonest platemaking.,67.0,"69,1,"
68,68,"Mistakes can exist because it is human's job to judge a case. A person's subjective judgment may also intervene. Therefore, there are three trials for equal trials.",68.0,"70,1,"
69,69,"When there's room for unfairness or misjudgment,",69.0,"71,1,"
70,70,"To make sure no one is wronged,",70.0,"72,1,"
71,71,"In order to prevent anyone from making a wrong decision,",71.0,"73,1,"
72,72,To provide fairness,72.0,"74,1,"
73,73,It is to make an accurate judgment.,73.0,"75,1,"
74,74,for the sake of fair judgment,74.0,"76,1,"
75,75,in order to make a definite judgment,75.0,"77,1,"
76,76,for the right result,76.0,"78,1,"
77,77,The result might be wrong,77.0,"79,1,"
78,78,To ensure fairness,78.0,"80,1,"
79,79,It is to make a definite right decision.,79.0,"81,0,"
80,80,I need to find out exactly,80.0,"82,1,"
81,81,He was allowed to stand trial several times so that nothing could be wronged,81.0,"83,1,"
82,82,The third trial system is operated by ensuring that the results are unconditionally produced by the Supreme Court of the third trial because the results are not easily produced in the first and second trials.,82.0,"84,1,"
83,83,"Because a man is not a god, he cannot know everything, and therefore, he cannot grasp the truth of the case with only one trial.",83.0,"85,1,"
84,84,There could be a wrong trial,84.0,"86,1,"
85,85,I think the judge runs this system because he can make a wrong decision.,85.0,"87,1,"
86,86,A three-trial system is operated for a fair trial.,86.0,"88,0,89,0,"
87,87,This is to provide relief by giving two more opportunities in the event that something unfair occurs in the trial or if you are dissatisfied with the trial result.,87.0,"90,1,"
88,88,the fairness of the platemaking,88.0,"91,1,"
89,89,a criminal trial,89.0,"92,1,"
90,90,More equality,90.0,"93,1,"
91,91,The reason for implementing the three-trial system is for a fairer trial.,91.0,"94,0,"
92,92,It's because an innocent person can take the blame,92.0,"95,1,"
93,93,I think they're trying three times to make a clear decision about what's right and wrong through three trials,93.0,"96,1,"
94,94,in case you think it's wrong,94.0,"97,0,"
95,95,I have human rights,95.0,"98,1,"
96,96,"For a fair trial, a three-trial system is operated that allows up to three trials to prevent unfair people from being produced.",96.0,"99,0,"
97,97,We have to be equal and fair,97.0,"100,1,"
98,98,L.in order to be accurate,98.0,"101,0,"
99,99,Because of human rights,99.0,"102,1,"
100,100,To get rid of a little bit of resentment and produce accurate results?,100.0,"103,1,"
101,101,litigation,101.0,"104,1,"
102,102,"To make an accurate and definite trial,",102.0,"105,1,"
103,103,It is to make a fair trial.,103.0,"106,1,"
104,104,It's to reduce unfair cases,104.0,"107,1,"
105,105,It was made possible in consideration of the case where the result of the trial was wrong in the first and second trials,105.0,"108,1,"
106,106,Because the trial could be wrong,106.0,"109,0,"
107,107,"To prevent making a wrong judgment,",107.0,"110,1,"
108,108,To make sure no one is wronged for a more accurate trial,108.0,"111,1,"
109,109,Maybe up to number three forgives me for my mistakes.,109.0,"112,1,"
110,110,This is because a wrong trial may occur or something unfair may occur during the trial process.,110.0,"113,0,"
111,111,"This is because at least once in any trial, a miscarriage of justice and injustice can occur",111.0,"114,1,"
112,112,"This is because when you are in an unfair situation, you cannot get the desired result with a single trial.",112.0,"115,0,"
113,113,To give the trial a chance,113.0,"116,1,"
114,114,for an accurate judgment,114.0,"117,1,"
115,115,Don't write long comments,115.0,"118,0,119,0,"
116,116,So that he can solve his injustice,116.0,"120,0,"
117,117,I want you to solve your own injustice,117.0,"121,0,"
118,118,To protect our country,118.0,"122,0,"
119,119,I don't know.,119.0,"123,0,"
120,120,To know that the winner is the winner through three trials,120.0,"124,1,"
121,121,I don't know.,121.0,"125,0,"
122,122,Best out of three,122.0,"126,0,"
123,123,The presiding judge could take bribes,123.0,"127,0,"
124,124,I'm not going to be upset,124.0,"128,0,"
125,125,Three-trial system (local-high-high-high court),125.0,"129,1,"
126,126,.,126.0,"130,0,"
127,127,I filed a lawsuit,127.0,"131,1,"
128,128,.,128.0,"132,0,"
129,129,for an accurate answer,129.0,"133,0,"
130,130,I don't know.,130.0,"134,1,"
131,131,One trial should be tried correctly three times because no one wrongful person can dispute it.,131.0,"135,1,"
132,132,People with disabilities also have a canary,132.0,"136,0,"
133,133,This is because it finds evidence that there was no evidence or the right that a person can have.,133.0,"137,0,"
134,134,"If you do it once, there can be errors in the trial, and if you do it twice, you can't conclude it 1:1 for sure, and if you do it more than four times, there will be too many trials.",134.0,"138,1,"
135,135,This is because the ruling can be made without errors only if it is tried up to three times.,135.0,"139,1,"
136,136,Even disabled people can do anything,136.0,"140,1,"
137,137,for human rights,137.0,"141,0,"
138,138,"If you are tried once, it will be unfair if someone is falsely accused.",138.0,"142,0,"
139,139,It's unfair,139.0,"143,0,"
140,140,In order for everyone to be fair,140.0,"144,0,"
141,141,To instill hope in the disabled,141.0,"145,0,"
142,142,"It's because it's sad to do it once, it's sad to do it twice, and it's good",142.0,"146,1,"
143,143,"To become a good country and make a Korea without discrimination,",143.0,"147,1,"
144,144,This is because you may not like the outcome of the trial.,144.0,"148,1,149,0,"
145,145,Because they discriminate and disparage disabled people,145.0,"150,1,"
146,146,This is because the outcome of the trial may not be satisfactory or fair.,146.0,"151,1,"
147,147,This is because he may have been found guilty unfairly.,147.0,"152,1,"
148,148,"To apply the law so that the third trial system is not unfair,",148.0,"153,0,"
149,149,For everyone to be fair,149.0,"154,1,"
150,150,This is because unfair things can happen.,150.0,"155,0,"
151,151,Trials are conducted three times to lead a fair trial because the outcome of the trial may be unsatisfactory or unfair,151.0,"156,0,"
152,152,"We can't make it clear with a single trial, and we can hear each other's opinions and run an accurate trial",152.0,"157,0,"
153,153,It might not be enough for just once,153.0,"158,0,"
154,154,To make sure you're not satisfied with the outcome of the trial or feel unfair,154.0,"159,1,"
155,155,"When you don't like the trial, you have three trials.",155.0,"160,1,"
156,156,Because there may be plates that you don't like.,156.0,"161,0,"
157,157,To prevent unfair distribution,157.0,"162,1,"
158,158,There may be something you couldn't say.,158.0,"163,1,"
159,159,Because the judge could make a mistake in the first trial,159.0,"164,1,"
160,160,"If we end it with one, the victim will feel unfair",160.0,"165,1,"
161,161,That's how the world turns around,161.0,"166,0,"
162,162,"This is because the incident is unfair, but it is even more unfair if you cut the entrance.",162.0,"167,1,"
163,163,I might lose,163.0,"168,0,"
164,164,in order to come to an accurate conclusion,164.0,"169,1,"
165,165,"To be precise, to be precise, to be precise",165.0,"170,0,"
166,166,Because it's an important event.,166.0,"171,1,"
167,167,in order to dispel injustice,167.0,"172,1,"
168,168,I don't know what it means.,168.0,"173,1,"
169,169,"Because once you do it, you can misjudge it",169.0,"174,0,"
170,170,Constitution,170.0,"175,1,"
171,171,I'm trying to get an accurate trial,171.0,"176,1,"
172,172,To relieve the injustice of the people,172.0,"177,1,"
173,173,"This is because a single trial could not make a proper ruling, which could lead to unfairness.",173.0,"178,1,179,1,"
174,174,Because it's all fair,174.0,"180,1,"
175,175,It's unfair and it can be punished wrongly,175.0,"181,1,"
176,176,because of objections or possible unfair trials,176.0,"182,1,"
177,177,To relieve the injustice if the first trial went wrong.,177.0,"183,1,"
178,178,To determine the accuracy,178.0,"184,1,"
179,179,This is to review it again in the event of an unequal trial decision by the court.,179.0,"185,1,"
180,180,This is because the law stipulates the right of the people to appeal if the judgment of the local court is deemed unfair.,180.0,"186,1,"
181,181,"The judge can take his side unconditionally, so he can give him three fair chances. Also, lawyers or prosecutors may make mistakes.",181.0,"187,0,"
182,182,To make sure it's accurate,182.0,"188,1,"
183,183,"If you make a wrong trial, it will be unfair and you can get more proper results.",183.0,"189,0,"
184,184,It's because of a definite trial.,184.0,"190,0,"
185,185,"If you do it once, it's not accurate. If you do it even, you can win half and half. If you do it more than three times, it's too complicated",185.0,"191,0,"
186,186,It's because they don't let us get an unfair punishment,186.0,"192,0,"
187,187,To respect human rights,187.0,"193,0,"
188,188,To hear more about the lawsuit's injustice,188.0,"194,0,"
189,189,I don't know,189.0,"195,0,"
190,190,in order to be meticulous,190.0,"196,0,"
191,191,To hear the opinions of various trials,191.0,"197,1,"
192,192,"Because if you keep asking and answering questions, it gets longer",192.0,"198,1,"
193,193,To be considerate of the disabled,193.0,"199,0,"
194,194,We have to decide by majority vote,194.0,"200,0,"
195,195,?,195.0,"201,1,"
196,196,Because human rights are owned by everyone.,196.0,"202,0,"
197,197,"in order to make an accurate decision""Because in the first trial, the jury and the judge made a wrong decision and punishment",197.0,"203,0,"
198,198,"It's because the victim or the perpetrator of the suspect may feel unfair.""",198.0,"204,0,"
199,199,It is to give a chance up to number three times.,199.0,"205,0,"
200,200,in order to be fair,200.0,"206,1,"
201,201,Don't let anything unfair happen to someone.,201.0,"207,1,"
202,202,Hong Gildong is good at many things,202.0,"208,0,209,1,"
203,203,for the sake of the people,203.0,"210,1,"
204,204,Forgot.,204.0,"211,1,"
205,205,It's fair,205.0,"212,0,"
206,206,It is to make a more accurate judgment.,206.0,"213,0,"
207,207,"If you win 2 out of 3 times, the loser will be unfair. If you win 2 times, it's a tie and 3 times",207.0,"214,0,"
208,208,"This is because if you continue to file a lawsuit, the trial may not end and the first and second trials will decide. It must come to a conclusion.",208.0,"215,1,"
209,209,"If you do it only once, there might be people who are unfair",209.0,"216,0,"
210,210,"If you find another evidence after the first trial, you may have to reflect it, and it is to find many ways to give a fair opportunity.",210.0,"217,1,"
211,211,"It is for a fair trial. There are countless cases of being cleared of charges through deliberation by the court, the Supreme Court, and the High Court. The appeal and retrial greatly help prove the innocence of the accused. It is possible to dismiss an incompetent lawyer and prepare for the next deliberation with another legal person. For example, the trial of Ahn Jung-geun in Korea was unfairly executed in the first trial.",211.0,"218,1,"
212,212,a three-time punishment,212.0,"219,1,"
213,213,This is because it is fair to give several chances.,213.0,"220,0,"
214,214,Two out of three,214.0,"221,1,"
215,215,in order to make an accurate judgment,215.0,"222,1,"
216,216,I don't know,216.0,"223,0,"
217,217,This is because the judge may make a wrong decision in the first trial.,217.0,"224,1,"
218,218,It is to make a more definite trial.,218.0,"225,0,"
219,219,To prevent unfair or unfair results.,219.0,"226,1,"
220,220,Court.,220.0,"227,0,"
221,221,This is because one cannot be tried accurately with only one time.,221.0,"228,1,"
222,222,It is to make sure that no one is wronged.,222.0,"229,0,"
223,223,I don't know,223.0,"230,1,"
224,224,"You can argue, you can point out what the other person did wrong",224.0,"231,1,"
225,225,in order to guarantee the basic rights of the people,225.0,"232,0,"
226,226,To reduce the number of people who are falsely accused,226.0,"233,0,"
227,227,the third trial,227.0,"234,0,"
228,228,"To minimize unfair situations,",228.0,"235,1,"
229,229,I can't decide with just one trial,229.0,"236,0,"
230,230,It may be too hasty a decision to make a judgment at once,230.0,"237,0,"
231,231,It could be unfair,231.0,"238,1,239,0,"
232,232,I don't know,232.0,"240,1,"
233,233,To check it out again,233.0,"241,0,"
234,234,So that all the people can enjoy equality.,234.0,"242,1,"
235,235,For a more accurate trial,235.0,"243,1,"
236,236,I'm going to give you time until the 3rd one,236.0,"244,0,"
237,237,To help people live a better life,237.0,"245,0,"
238,238,The trial could be ruled incorrectly and the victim is innocent.,238.0,"246,0,"
239,239,To tell evidence that I didn't know about the first trial.,239.0,"247,0,"
240,240,"I tried it from the victim's point of view, and it would be unfair if the perpetrator won",240.0,"248,0,"
241,241,I don't know.,241.0,"249,1,"
242,242,I think he runs this system because he can be ridiculous.,242.0,"250,1,"
243,243,"The victim's opinion and the perpetrator's opinion are all different, so no one can say anything about it",243.0,"251,1,"
244,244,To keep the victim from getting annoyed?,244.0,"252,1,"
245,245,It is to make life easier for the disabled.,245.0,"253,0,"
246,246,I don't know...,246.0,"254,0,"
247,247,I don't know.,247.0,"255,1,"
248,248,I don't know.,248.0,"256,1,"
249,249,The trial could go wrong,249.0,"257,1,"
250,250,to prevent injustice,250.0,"258,1,"
251,251,To make sure you don't make an unfair person,251.0,"259,0,"
252,252,"To ensure that all citizens are judged equally and fairly by their abilities,",252.0,"260,1,"
253,253,I need to guarantee my personal rights,253.0,"261,1,"
254,254,To reduce the number of unemployed,254.0,"262,1,"
255,255,The trial will not be perfect,255.0,"263,1,"
256,256,Not to make an unfair person,256.0,"264,1,"
257,257,There might be an error,257.0,"265,1,"
258,258,"""To get a more accurate result,",258.0,"266,1,"
259,259,"If it's not accurate, you can be framed.""",259.0,"267,1,"
260,260,Hong Gil-Dong might not have committed a crime,260.0,"268,1,269,1,"
261,261,It's to minimize injustice,261.0,"270,1,"
262,262,I'm sorry that I can't bring an unfair trial,262.0,"271,1,"
263,263,It depends on another piece of evidence or the judge,263.0,"272,1,"
264,264,"In the course of the trial, when a trial against you is not valid, you need to be tried",264.0,"273,0,"
265,265,To make sure there are no people who are wronged,265.0,"274,0,"
266,266,in order to make an accurate judgment,266.0,"275,1,"
267,267,To make a more accurate and correct decision.,267.0,"276,1,"
268,268,It's to make sure no one is wronged.,268.0,"277,1,"
269,269,"In the case of unfair defeat in the platemaking, it is possible to participate in the platemaking again through the Samsimje.",269.0,"278,1,"
270,270,It's to make sure there's no one who's wronged.,270.0,"279,1,"
271,271,I wanted to make you feel free,271.0,"280,1,"
272,272,Because the first and second trials could have been misjudged,272.0,"281,1,"
273,273,To proceed with trials several times so that nothing wrong with the previous trial would happen,273.0,"282,1,"
274,274,It's to make the most equitable results.,274.0,"283,0,"
275,275,the three-trial system,275.0,"284,1,"
276,276,It's because a misjudgment can come out from the first or second trial,276.0,"285,1,"
277,277,The three-trial system is operated to ensure the basic rights of the people by making the trial fair.,277.0,"286,0,"
278,278,To be more accurate and fair,278.0,"287,1,"
279,279,It's a trial in different courts to try to be fair,279.0,"288,1,"
280,280,It is to prevent unfairness from occurring.,280.0,"289,0,"
281,281,It is to make several trials to make a true trial.,281.0,"290,0,"
282,282,It is to proceed three times to avoid misjudgment.,282.0,"291,1,"
283,283,for a definite trial,283.0,"292,0,"
284,284,for human rights,284.0,"293,1,"
285,285,For a fairer trial,285.0,"294,0,"
286,286,for a fair trial,286.0,"295,1,"
287,287,the Three Gods,287.0,"296,1,"
288,288,The lower court could make an unfair decision,288.0,"297,1,"
289,289,To make sure no one is wronged,289.0,"298,0,299,1,"
290,290,?,290.0,"300,0,"
291,291,Well...,291.0,"301,1,"
292,292,For those who have been wronged.,292.0,"302,0,"
293,293,I don't understand.,293.0,"303,0,"
294,294,"To get rid of the unfair punishment,",294.0,"304,0,"
295,295,for the sake of the people,295.0,"305,1,"
296,296,"For those who are being punished unfairly,To minimize unfairness,",296.0,"306,0,"
297,297,"To make a judgment that satisfies equity and fairness,",297.0,"307,1,"
298,298,the three-trial system,298.0,"308,1,"
299,299,It is to reduce the number of people who are being taken unjustly.,299.0,"309,1,"
300,300,the three-trial system,300.0,"310,1,"
301,301,"To reduce the number of people who are being punished unfairly,",301.0,"311,0,"
302,302,the three-trial system,302.0,"312,0,"
303,303,This is because I think it is unreasonable to ruin a person's life with one trial.,303.0,"313,1,"
304,304,It's the law.,304.0,"314,1,"
305,305,"For a more accurate judgment,",305.0,"315,1,"
306,306,It is a three-trial system. The order proceeds in the order of the District Court -> the High Court -> the Supreme Court.,306.0,"316,0,"
307,307,To make an accurate judgment.,307.0,"317,1,"
308,308,"If a victim or suspect is tried up to three times by operating a three-trial system, the victim or suspect can be reduced to the maximum extent",308.0,"318,0,"
309,309,Because it may not be accurate,309.0,"319,1,"
310,310,an accurate judgment,310.0,"320,1,"
311,311,I don't know.,311.0,"321,1,"
312,312,It's because the conclusion that can come out in each round can be different,312.0,"322,1,"
313,313,This is because the wrong judgment may be made in the first and second trials.,313.0,"323,1,"
314,314,For the sake of a fair judgment.,314.0,"324,1,"
315,315,The three-trial system allows up to three trials to be held in Korea to protect the people's right to a fair trial.,315.0,"325,1,"
316,316,the three-trial system,316.0,"326,1,"
317,317,It's for a fair trial,317.0,"327,1,"
318,318,To uncover the truth of the case with more detailed and unequivocal evidence,318.0,"328,1,329,0,"
319,319,There is a three-trial system so that no one is unjustly judged,319.0,"330,1,"
320,320,It is to make a fair trial.,320.0,"331,1,"
321,321,There could be irregularities and run a three-trial system to rule more carefully,321.0,"332,1,"
322,322,"It's for more accurate judgment, and for those who don't like it after the trial,",322.0,"333,1,"
323,323,This is to make a more accurate trial because there may be mistakes.,323.0,"334,1,"
324,324,It is to solve the problem more accurately.,324.0,"335,0,"
325,325,This is because the first trial could lead to a wrong ruling.,325.0,"336,0,"
326,326,a system to ensure the basic rights of the people by making the trial fair,326.0,"337,0,"
327,327,The third trial system is to reduce unknown human errors as much as possible.,327.0,"338,0,"
328,328,It is to create an equal and fair society in the legislature.,328.0,"339,0,"
329,329,The human rights of the people are guaranteed by operating the three-seam system.,329.0,"340,1,"
330,330,It is because it is unfair to lose once you lose.,330.0,"341,0,"
331,331,The judge is a human being. He can make mistakes. What's wrong?,331.0,"342,1,"
332,332,"""I can't tell for sure at one time.",332.0,"343,0,"
333,333,"""",333.0,"344,0,"
334,334,for accurate judgment,334.0,"345,0,"
335,335,The trial could be wrong,335.0,"346,1,"
336,336,in order to bring a sin to light,336.0,"347,0,"
337,337,very well,337.0,"348,0,"
338,338,I don't know,338.0,"349,0,"
339,339,To hear answers from many people,339.0,"350,0,"
340,340,I don't know,340.0,"351,0,"
341,341,"If I try it once, I can't get the right result",341.0,"352,0,"
342,342,living in equality,342.0,"353,0,"
343,343,To create a trial that is more honest and can only filter out the truth.,343.0,"354,0,"
344,344,ㅈ,344.0,"355,1,"
345,345,QUESTION,345.0,"356,1,"
346,346,Government,346.0,"357,0,"
347,347,Important events need to be more accurate,347.0,"358,0,359,1,"
348,348,Because of people's strange minds,348.0,"360,0,"
349,349,I don't know,349.0,"361,1,"
350,350,"Hong Gil Dong was very brave. When I grow up, I want to be brave like a person like Hong Gil Dong.",350.0,"362,1,"
351,351,the legal system,351.0,"363,0,"
352,352,I don't know,352.0,"364,1,"
353,353,I don't know,353.0,"365,1,"
354,354,"Even if I heard that I can't work at Company A because I have a disability, I can do well even if I have a disability  I wanted to work at a company",354.0,"366,1,"
355,355,"We have to listen to other people's opinions because we have to talk about people's rights, objections, etc",355.0,"367,0,"
356,356,"There's something wrong, so I don't want to be upset",356.0,"368,1,"
357,357,To get rid of the wrong person,357.0,"369,1,"
358,358,Not to make an unfair person,358.0,"370,1,"
359,359,To give you two more chances.,359.0,"371,1,"
360,360,This is because once a trial can be unfair.,360.0,"372,0,"
361,361,..........,361.0,"373,1,"
362,362,There could be someone who's wronged,362.0,"374,0,"
363,363,No. 1 trial can be weird,363.0,"375,0,"
364,364,Three-seam Jae-do,364.0,"376,1,"
365,365,Not to make an unfair person,365.0,"377,1,"
366,366,I'm trying to make sure there's no one who's innocent,366.0,"378,1,"
367,367,To make up for the injustice,367.0,"379,1,"
368,368,Court.,368.0,"380,1,"
369,369,It could lead to an unfair trial,369.0,"381,1,"
370,370,"This is because if you do it once, you can have an unfair person.",370.0,"382,0,"
371,371,This is because unfair results can be produced in the first trial.,371.0,"383,1,"
372,372,The move is aimed at relieving the public of the injustice.,372.0,"384,1,"
373,373,"Without proper evidence, the first trial alone did not produce complete evidence of him",373.0,"385,0,"
374,374,Something unfair can happen,374.0,"386,0,"
375,375,h,375.0,"387,0,"
376,376,h,376.0,"388,1,389,1,"
377,377,To lead a fairer and fairer trial that is not biased towards one person,377.0,"390,0,"
378,378,in order not to create an unjustified person,378.0,"391,0,"
379,379,It's unfair,379.0,"392,0,"
380,380,It's to make sure there's no one who's wronged.,380.0,"393,0,"
381,381,"In order to protect the people's right to file another claim, which could end unjustly in the first trial",381.0,"394,1,"
382,382,"I saw the trial once, and the answer from the trial might be unfair",382.0,"395,1,"
383,383,I don't know.,383.0,"396,0,"
384,384,To lower the judgment error of the person who makes the judgment and to prevent unfair trial results.,384.0,"397,1,"
385,385,In order to make a fair trial,385.0,"398,0,"
386,386,"If you do it more than three times, you have to do too many trials",386.0,"399,1,"
387,387,I don't know,387.0,"400,0,"
388,388,I wanted to maximize the stability of the people,388.0,"401,0,"
389,389,"To make sure no one is upset,",389.0,"402,0,"
390,390,This is because Hong Gil-dong may feel unfair.,390.0,"403,0,"
391,391,For our country,391.0,"404,0,"
392,392,I don't know.,392.0,"405,0,"
393,393,a three-plate system,393.0,"406,1,"
394,394,It hasn't been decided yet,394.0,"407,0,"
395,395,To judge exactly if he is guiltyTo relieve the injustice of the citizens,395.0,"408,1,"
396,396,Because everyone is precious,396.0,"409,0,"
397,397,To show the truth of the trial.,397.0,"410,0,"
398,398,It's for the human rights of the disabled,398.0,"411,0,"
399,399,"Not once, but several times, to make sure that the crime is identified",399.0,"412,0,"
400,400,This is because there may be something unknown in the previous two trials.,400.0,"413,0,"
401,401,"If it is tried beyond that, the opinions of various judges on the case will be conflicted and the punishment will be stronger.",401.0,"414,0,"
402,402,"To be considerate of people with disabilities,",402.0,"415,1,"
403,403,.......,403.0,"416,1,"
404,404,I wanted to help Hong Gil-dong work,404.0,"417,1,"
405,405,in order to be equal,405.0,"418,1,419,1,"
406,406,"This is because the results may differ from trial to trial, which may be unfair.",406.0,"420,0,"
407,407,in order to reduce crime,407.0,"421,1,"
408,408,It's to relieve the injustice.,408.0,"422,1,"
409,409,I don't understand.,409.0,"423,0,"
410,410,I don't know.,410.0,"424,1,"
411,411,It's the law,411.0,"425,1,"
412,412,It is to collect more active evidence or data.,412.0,"426,0,"
413,413,You want to see what the judges think and give them a chance?,413.0,"427,1,"
414,414,in order not to discriminate,414.0,"428,1,"
415,415,This is because the results may vary depending on the trial.,415.0,"429,1,"
416,416,To judge more fairly and wisely,416.0,"430,0,"
417,417,Because of the unfairness,417.0,"431,0,"
418,418,The outcome of the trial could go wrong,418.0,"432,0,"
419,419,To bring out the real truth,419.0,"433,1,"
420,420,People like Hong Gil Dong are heartbroken,420.0,"434,0,"
421,421,To make sure there's no injustice.,421.0,"435,0,"
422,422,in case of injustice,422.0,"436,0,"
423,423,for judgment,423.0,"437,1,"
424,424,This is because we can collect more definite data.,424.0,"438,1,"
425,425,To try as fairly as possible.,425.0,"439,1,"
426,426,Because humans have rights,426.0,"440,0,"
427,427,For everyone to be fair,427.0,"441,1,"
428,428,"To ask opinions about the situation from various perspectives and to punish it fairly,",428.0,"442,1,"
429,429,"In order to ensure that the material used for the trial is not accurate or that the outcome of the trial is incorrect for any other reason, the court will receive the right judgment",429.0,"443,1,"
430,430,the three-trial system,430.0,"444,1,"
431,431,the three-trial system,431.0,"445,1,"
432,432,To protect the human rights of the people,432.0,"446,0,"
433,433,in order to be fair,433.0,"447,1,"
434,434,the three-trial system,434.0,"448,1,449,1,"
435,435,For Hong Gildong,435.0,"450,0,"
436,436,Operation of the Samsim System,436.0,"451,1,"
437,437,It is operated to prevent unfair situations from occurring.,437.0,"452,0,"
438,438,It's to keep the trial from coming out,438.0,"453,1,"
439,439,It could be a bad trial,439.0,"454,0,"
440,440,Just to be equal?,440.0,"455,0,"
441,441,To avoid misjudgment and to ensure that no one is falsely accused and human rights,441.0,"456,1,"
442,442,"In order not to be falsely accused and punished by the judge's bad judgment,",442.0,"457,0,"
443,443,Because it's unfair,443.0,"458,0,"
444,444,The three-trial system allows those who are not satisfied with the results of the trial to be tried again,444.0,"459,0,"
445,445,It is to reduce the number of people who suffer from unjustly wrongful trials.,445.0,"460,0,"
446,446,a three-trial trial,446.0,"461,0,"
447,447,"Because they are human, they cannot always make the right decisions, so they have a three-trial system.",447.0,"462,1,"
448,448,"If you only do one trial, you can be punished unfairly if the result is judged incorrectly, so you can be tried up to three times to secure it.",448.0,"463,0,"
449,449,"Since judges are also private, they cannot always answer, ""This is the answer,"" so they run a three-trial system that can be tried up to three times",449.0,"464,1,"
450,450,In order to complete the trial exactly three times,450.0,"465,0,"
451,451,in order not to be falsely accused,451.0,"466,1,"
452,452,I'm afraid there might be a misjudgment,452.0,"467,0,"
453,453,There are cases where a retrial is required due to a wrong trial,453.0,"468,1,"
454,454,This is because they ignored human rights.,454.0,"469,1,"
455,455,This is because it allows individuals to be tried equally,455.0,"470,1,"
456,456,in order for a just trial to take place,456.0,"471,1,"
457,457,a violation of human rights,457.0,"472,0,"
458,458,a disability-free system,458.0,"473,1,"
459,459,I don't know,459.0,"474,0,"
460,460,I'm trying to find out in detail,460.0,"475,1,"
461,461,I don't know.,461.0,"476,1,"
462,462,This is because the first trial cannot produce accurate results.,462.0,"477,1,"
463,463,It's not fair for people with disabilities,463.0,"478,0,479,0,"
464,464,There could be a mistake in the trial,464.0,"480,1,"
465,465,I have the right to receive it up to three times,465.0,"481,1,"
466,466,You're afraid there's something wrong?,466.0,"482,0,"
467,467,Because I keep doing things that shouldn't happen,467.0,"483,0,"
468,468,The judge made the wrong decision even though it wasn't the defendant's fault.,468.0,"484,0,"
469,469,"If the guilty person is only allowed to survive the first trial.And I think it would be unfair if an innocent person was only convicted of the first trial and was falsely accused of life imprisonment, so I think it's a trial several times for accurate judgment.",469.0,"485,0,"
470,470,This is because a single trial cannot make a definite decision.,470.0,"486,0,"
471,471,"There may be an unfair trial, so it will be possible to have up to three trials.",471.0,"487,0,"
472,472,It's like giving me a chance,472.0,"488,0,"
473,473,"In case it's unfair,",473.0,"489,0,"
474,474,People with disabilities have the same human rights,474.0,"490,0,"
475,475,"If he/she may have been tried unfairly, he/she seems to be trying a few more times.",475.0,"491,0,"
476,476,I'm trying to get an accurate trial,476.0,"492,0,"
477,477,To make it more accurate,477.0,"493,0,"
478,478,To determine if it's a disability,478.0,"494,0,"
479,479,Because it's to focus on the person's opinion.,479.0,"495,0,"
480,480,To find out the truth,480.0,"496,1,"
481,481,To find out the truth,481.0,"497,1,"
482,482,for the rights of the people,482.0,"498,0,"
483,483,I think it is because the defendant may have an evil reason.,483.0,"499,0,"
484,484,To tell you what I didn't say,484.0,"500,1,"
485,485,I'm going to do well.,485.0,"501,0,"
486,486,I don't understand.,486.0,"502,0,"
487,487,I don't know,487.0,"503,1,"
488,488,I don't know,488.0,"504,0,"
489,489,I don't know,489.0,"505,0,"
490,490,I don't know,490.0,"506,0,"
491,491,I don't know,491.0,"507,1,"
492,492,I don't know,492.0,"508,0,509,0,"
493,493,I don't know,493.0,"510,0,"
494,494,I don't knowUnderstanding...,494.0,"511,0,"
495,495,by misjudgment,495.0,"512,1,"
496,496,I can find other acquaintances and evidence,496.0,"513,0,"
497,497,To be able to work even with a disability.,497.0,"514,0,"
498,498,I don't know,498.0,"515,0,"
499,499,"The first may make a mistake, the second may supplement the statement, and the third may try to determine the innocence and guilt",499.0,"516,0,"
500,500,Because I have to think about other people's opinions and listen to the opinions of the few,500.0,"517,0,"
501,501,I don't know,501.0,"518,1,"
502,502,in order to be precise,502.0,"519,1,"
503,503,I don't know,503.0,"520,1,"
504,504,I don't know...,504.0,"521,0,"
505,505,--,505.0,"522,0,"
506,506,It could be unfair,506.0,"523,1,"
507,507,M and D,507.0,"524,0,"
508,508,"I can't believe I beat Company A with a disability, so I think I'm leading it to the law Company A is, you can't believe your company lost and you can't handle it.",508.0,"525,0,"
509,509,"If I do it more than three times, I can continue",509.0,"526,0,"
510,510,I don't know,510.0,"527,0,"
511,511,It could be unfair,511.0,"528,0,"
512,512,I don't know.,512.0,"529,0,"
513,513,have no idea,513.0,"530,0,"
514,514,So that people with intestines can work,514.0,"531,1,"
515,515,"To give other people a chance,",515.0,"532,1,"
516,516,I don't know.,516.0,"533,0,"
517,517,To give you a chance to admit your mistakes?,517.0,"534,1,"
518,518,To make it fair so that one person doesn't feel wronged,518.0,"535,1,"
519,519,Three trials will help you better understand your mistakes,519.0,"536,0,"
520,520,There's still a lot of discrimination,520.0,"537,1,"
521,521,I don't know.,521.0,"538,1,539,1,"
522,522,It's against the law and it's unfair,522.0,"540,1,"
523,523,Don't do this again,523.0,"541,1,"
524,524,It's not good to do too much...,524.0,"542,1,"
525,525,I don't know.,525.0,"543,1,"
526,526,I don't know.,526.0,"544,1,"
527,527,I don't know.,527.0,"545,1,"
528,528,I don't understand.,528.0,"546,1,"
529,529,Oh my god,529.0,"547,1,"
530,530,This is to prevent problems from occurring during the trial process and causing unfair damage.,530.0,"548,1,"
531,531,It is a system to ensure that no one is unfair about the trial decision as much as possible.,531.0,"549,1,"
532,532,in order to guarantee the human rights of the people,532.0,"550,1,"
533,533,"This is because errors can occur during the trial, causing innocent victims.",533.0,"551,1,"
534,534,"The most valid conclusion can be drawn through several trials to determine whether the outcome of the trial is correct or not. If there is no three-trial system, more and more people will be sentenced unfairly and criminals will be found not guilty even after committing crimes.",534.0,"552,1,"
535,535,It is to ensure that the rights of the people are not violated and that they are secured,535.0,"553,1,"
536,536,This is to reduce situations in which a single trial cannot produce a perfect ruling and the human rights of the people can be ignored.,536.0,"554,1,"
537,537,This is to prevent misjudgments caused by the presiding judge's mistakes as much as possible.,537.0,"555,1,"
538,538,To respect human rights and make it a fair trial,538.0,"556,0,"
539,539,"Since the judge is also a person, he may make a biased trial or make mistakes. Therefore, in order to ensure human rights more accurately and without errors, a three-trial system is implemented to allow up to three trials to reduce human rights that are violated by wrong judgment.",539.0,"557,0,"
540,540,"Since a single trial may lead to unfair results, it is possible to have several trials to make a judgment that is fair.",540.0,"558,1,"
541,541,"The reason for operating the three-trial system is that there is a possibility that both sides will have unacceptable results, such as misunderstandings or corruption during the trial.",541.0,"559,1,"
542,542,"Once a trial is made, the judgment cannot always be accurate. Therefore, in order to minimize unfair people through three opportunities, a three-trial system is operated that allows up to three trials.",542.0,"560,1,"
543,543,This is to minimize the violation of the human rights of the suspect due to a misjudgment.,543.0,"561,1,"
544,544,"Since there may be cases where the results of the first and second trials are wrong and can be unfairly damaged, trials are conducted up to three times to prevent this.",544.0,"562,0,"
545,545,"Most trials are conducted fairly. However, there are factors that will be disadvantageous in trials such as lack of evidence, or political meddling. Therefore, the judiciary provides an opportunity to be tried up to three times, allowing fairness to be maintained under any circumstances.",545.0,"563,1,"
546,546,"Since judges are also human, there may be judgments, mistakes, or misjudgments based on individual emotions, so they are operated a system that allows them to be tried up to three times to minimize them so that all citizens can receive a fair trial.",546.0,"564,1,"
547,547,"The reason for having three rulings: the first judgment of the district court, the second judgment of the high court, and the third judgment of the Supreme Court is necessary for the people to make a proper judgment that is not unfair. If a judgment is found guilty or not, three chances are given to prevent damage to the defendant in advance if the judgment is wrong.",547.0,"565,1,"
548,548,"Humans cannot always be objective because they have their own subjective thoughts and feelings. Judges can sometimes make judgments biased against their emotions, which can damage the person on trial. Judges can be tried up to three times to minimize the possibility of making errors and guarantee the human rights of those on trial.",548.0,"566,1,"
549,549,"Judges are also operating a three-trial system on the premise that they can make mistakes because they are not machines, and it is also to relieve unfair victims who may arise from such mistakes.",549.0,"567,1,"
550,550,"Since judges are also human, they can make mistakes in the trial process, and they want to guarantee the basic rights of the people by eliminating situations in which those who participate in the trial cannot accept the outcome of the trial or feel unfair about the outcome.",550.0,"568,0,569,1,"
551,551,"The three-trial system is one that guarantees a fair trial. It is a system that allows people to face up to three trials for those who cannot recognize the results in a single trial, and it stems from the reason that there are no people who suffer unfairness and damage as a result of the trial.",551.0,"570,1,"
552,552,"This is for the rights of the victims. There can be people who are unfairly damaged by the wrong judgment of the court, and through three trials, such a system is operated to minimize such injustice and protect people's human rights.",552.0,"571,1,"
553,553,"This is because the person who applied for or received the trial may feel unfair. If all results are determined in a single trial, the person who has requested or received the trial there may be very disadvantageous to the person who has not yet said or said anything.",553.0,"572,1,"
554,554,I am talking about an unjustified charge,554.0,"573,1,"
555,555,for the sake of fairness,555.0,"574,1,"
556,556,the three-trial system,556.0,"575,0,"
557,557,To prevent unfairness?,557.0,"576,1,"
558,558,To reduce the number of people who have been falsely accused,558.0,"577,0,"
559,559,in order to prevent an unfair judgment,559.0,"578,1,"
560,560,a fair judgment,560.0,"579,1,"
561,561,To guarantee basic rights,561.0,"580,1,"
562,562,"This is because fairness and unfair people should not come out, and each judge has a different focus on the case, so it has to go through a fairer and more objective process",562.0,"581,1,"
563,563,So that I don't feel wronged,563.0,"582,0,"
564,564,I shouldn't be upset,564.0,"583,1,"
565,565,To relieve the injustice.,565.0,"584,1,"
566,566,To make a fairer trial.,566.0,"585,1,"
567,567,a three-seam system,567.0,"586,1,"
568,568,"To repeatedly prove the right or wrong of the trial results through three trials,",568.0,"587,1,"
569,569,in order to make a more definite trial,569.0,"588,1,"
570,570,To prevent unfair situations from occurring,570.0,"589,1,"
571,571,The reason for running the three-trial system is for a fairer trial,571.0,"590,0,"
572,572,I can't judge perfectly by one trial,572.0,"591,1,"
573,573,You can't be tried wrong,573.0,"592,1,"
574,574,I don't know.,574.0,"593,1,"
575,575,To make accurate and correct judgments,575.0,"594,0,"
576,576,a three-plate system,576.0,"595,1,"
577,577,for a trial to err on the side of judgment,577.0,"596,0,"
578,578,This is to enable it to work in the public's favor because rulings may be unfavorable in the first and second trials.,578.0,"597,0,"
579,579,This is to make the trial fairer.,579.0,"598,0,599,0,"
580,580,It's to make Hong Gil Dong feel better,580.0,"600,0,"
581,581,Yeah.,581.0,"601,0,"
582,582,"This is because after the first trial, there can be enough new facts or evidence found.",582.0,"602,1,"
583,583,It's to solve the injustice.,583.0,"603,1,"
584,584,Just to be sure,584.0,"604,1,"
585,585,In order to make a fair trial,585.0,"605,1,"
586,586,A total of three trials can be made due to the suspect's unfairness and the principle of presumption of innocence.,586.0,"606,1,"
587,587,To prevent unfair trials,587.0,"607,0,"
588,588,To avoid unfair trial results,588.0,"608,1,"
589,589,To protect the people,589.0,"609,0,"
590,590,To make sure that no one is wronged by a single trial.,590.0,"610,1,"
591,591,This is to relieve this injustice because the results of the first and second trials can be unfair.,591.0,"611,1,"
592,592,To minimize the number of people who are falsely accused,592.0,"612,1,"
593,593,the third trialTo give an accurate answer,593.0,"613,1,"
594,594,I don't know.,594.0,"614,1,"
595,595,the third edition,595.0,"615,1,"
596,596,"I think I know, but I don't know.",596.0,"616,0,"
597,597,ㅗ,597.0,"617,1,"
598,598,I'm sleepy,598.0,"618,1,"
599,599,Don't know,599.0,"619,1,"
600,600,I'm not sure I can make a decision on a trial,600.0,"620,1,"
601,601,To ensure that a single trial is not unjustified or unjustified,601.0,"621,1,"
602,602,It is to prevent unfairness from occurring in one wrong trial.,602.0,"622,1,"
603,603,"To make a fairer trial,",603.0,"623,1,"
604,604,Maybe there's something wrong with it's wrong,604.0,"624,1,"
605,605,the three-trial system,605.0,"625,1,"
606,606,"Trial is done by a person, so you can make mistakes. Therefore, by introducing the three-trial system, it is possible to reduce the probability of unfair misjudgment.",606.0,"626,0,"
607,607,I don't know,607.0,"627,1,"
608,608,So that there is no unfair or unfortunate bias,608.0,"628,1,629,0,"
609,609,This is because it can be judged unfair.,609.0,"630,1,"
610,610,This is to prevent unfair people from appearing due to the trial.,610.0,"631,0,"
611,611,It is to prevent unfairness from happening.,611.0,"632,1,"
612,612,It's unfair,612.0,"633,1,"
613,613,To prevent a judgment against the person who filed the suit,613.0,"634,1,"
614,614,for the sake of fairness,614.0,"635,0,"
615,615,"The appeal system, for the sake of fair judgment.",615.0,"636,1,"
616,616,This is because the plate can give a wrong answer.,616.0,"637,0,"
617,617,To get rid of the injustice,617.0,"638,0,"
618,618,To get a fair trial,618.0,"639,1,"
619,619,To relieve people who are falsely accused,619.0,"640,0,"
620,620,The trial is conducted three times to prevent unfairness.,620.0,"641,0,"
621,621,It is to make a fair judgment without anyone being wronged.,621.0,"642,0,"
622,622,It is possible to avoid unfair judgments and make more legitimate judgments through three trials.,622.0,"643,1,"
623,623,in order not to be falsely accused,623.0,"644,1,"
624,624,Let's see. Sexy,624.0,"645,0,"
625,625,It's to get a fair plate.,625.0,"646,1,"
626,626,I'm trying to fit in,626.0,"647,1,"
627,627,I don't know,627.0,"648,1,"
628,628,"To be accurate and to release the victim's resentment,",628.0,"649,0,"
629,629,"People are too noble and precious to decide at once, so they give people a chance to live a little better after several opportunities.",629.0,"650,0,"
630,630,It gives a chance for a fair and just trial.,630.0,"651,1,"
631,631,The reason for operating the three-trial system is that judging a person's guilt through a single trial can be a mistake or misunderstanding by a judge.,631.0,"652,0,"
632,632,Because there could be more evidence,632.0,"653,1,"
633,633,This is to make a judgment as fair as possible to both the accused and the person who filed the lawsuit.,633.0,"654,0,"
634,634,This is because it is a matter that requires careful decision.,634.0,"655,1,"
635,635,Because all men have equal rights.,635.0,"656,0,"
636,636,Because people have equal rights,636.0,"657,0,"
637,637,To make a reasonable judgment and prevent unfair cases from occurring,637.0,"658,1,659,0,"
638,638,To give you a chance,638.0,"660,1,"
639,639,Because I respect people,639.0,"661,1,"
640,640,for the sake of the people,640.0,"662,1,"
641,641,It is to prevent unfair trials.,641.0,"663,0,"
642,642,"This is because unfair judgments can be made, and innocent people can be harmed and human rights violated",642.0,"664,1,"
643,643,Because people don't admit it,643.0,"665,1,"
644,644,It is to make a proper judgment.,644.0,"666,1,"
645,645,Trials are made three times for accurate and just judgment.,645.0,"667,0,"
646,646,"Since the judge who leads the trial and concludes is a person, there is a variable that a single trial is a mistake, so the reliability and accuracy of the judgment can be reduced. That's why we run this system",646.0,"668,1,"
647,647,Don't discriminate against people with disabilities,647.0,"669,0,"
648,648,It's because the rules of the law and privacy are uncomfortable or difficult,648.0,"670,1,"
649,649,"This is because trials are also done by humans, so they may not always be able to make the right judgment.",649.0,"671,1,"
650,650,I didn't admit it,650.0,"672,1,"
651,651,To make sure no one is wronged,651.0,"673,1,"
652,652,Because it's the law,652.0,"674,0,"
653,653,"If the trial is over, if it is unfair, the trial is made to be held again.",653.0,"675,1,"
654,654,This is because they respect the rights of the people.,654.0,"676,1,"
655,655,It's not easy to tell what's real if you do it once,655.0,"677,0,"
656,656,For more accurate results and evidence,656.0,"678,0,"
657,657,"To lose by money in the first trial, to lose by power in the second trial, and to lose by connections in the last third trial.",657.0,"679,0,"
658,658,"When the result is unfair or not true, in order to solve the unfairness,",658.0,"680,1,"
659,659,This is because it needs to be tried several times to know exactly.,659.0,"681,1,"
660,660,It's to protect an innocent person,660.0,"682,1,"
661,661,It's hard to judge once or twice,661.0,"683,1,"
662,662,Just in case the trial went wrong,662.0,"684,0,"
663,663,They are tried three times because they can live unjustly.,663.0,"685,1,"
664,664,"A single trial can lead to an unfair ruling, which allows the person on trial to try again if he or she doesn't want to",664.0,"686,1,"
665,665,Don't know,665.0,"687,1,"
666,666,Because I have to check if it goes wrong.,666.0,"688,1,689,1,"
667,667,Doctor Strange,667.0,"690,1,"
668,668,I don't want to be restrained,668.0,"691,1,"
669,669,Just in case I misjudged it,669.0,"692,0,"
670,670,in dissatisfaction with the ruling,670.0,"693,0,"
671,671,To make sure there's no one who's innocent,671.0,"694,1,"
672,672,in order to protect the rights of the people,672.0,"695,1,"
673,673,It is to prevent misjudgment.,673.0,"696,1,"
674,674,in order to make a more serious decision,674.0,"697,1,"
675,675,for the protection of the basic rights of the people,675.0,"698,1,"
676,676,I'm not sure,676.0,"699,1,"
677,677,I don't know.,677.0,"700,1,"
678,678,It's to reduce misjudgment as much as possible,678.0,"701,1,"
679,679,It could be unfair,679.0,"702,1,"
680,680,To present injustice to an unjust judgment,680.0,"703,1,"
681,681,"If the injustice is not resolved, it is to go to the appeal and make it clear.",681.0,"704,1,"
682,682,To live in a better world.,682.0,"705,1,"
683,683,You might get punished unfairly because of a misjudgment,683.0,"706,1,"
684,684,"""Because you might feel bad about it",684.0,"707,1,"
685,685,"""",685.0,"708,1,"
686,686,"in order to prevent misjudgment, etc",686.0,"709,1,"
687,687,This is because it can make a wrong decision.,687.0,"710,1,"
688,688,It's because there could be a bad decisions,688.0,"711,1,"
689,689,"It guarantees the people their right to freedom, so if they think something is wrong, they run it to fix it.",689.0,"712,0,"
690,690,in order to see exactly,690.0,"713,0,"
691,691,I don't know.,691.0,"714,1,"
692,692,To get fair treatment for your skillsThis is because only one or two trials can lead to unfairness.,692.0,"715,0,"
693,693,"""For those who feel wronged,",693.0,"716,1,"
694,694,"""I thought it would be 1 vs 1 if we had 2 trials.""",694.0,"717,1,"
695,695,I might change my mind if I wear a garage or accidentally,695.0,"718,0,719,1,"
696,696,"If the trial ends at once, it's so unfair",696.0,"720,1,"
697,697,So that humans don't feel wronged,697.0,"721,1,"
698,698,It's because one person can be misunderstood and get a wrong trial,698.0,"722,1,"
699,699,I'll try three times to make sure there's nothing wrong,699.0,"723,1,"
700,700,The reason why a case is tried up to three times is not to make it unfair.,700.0,"724,1,"
701,701,This is because there is something that can be unfair by trial as No. 1.,701.0,"725,0,"
702,702,"""If you don't do that, the wrongdoer won't get more trials, or the trial of a serious case will be",702.0,"726,0,"
703,703,"This is because once held, there can be innocent victims in the trial.""",703.0,"727,0,"
704,704,"This is because once the victim receives it, there are cases where the victim loses a single trial because he cannot talk at once. Therefore, Korea, which wants a fair trial, has a three-trial system.",704.0,"728,1,"
705,705,It's because it can be unfair,705.0,"729,0,"
706,706,"You can't end the trial unjustly, so you have to stand trial up to three times",706.0,"730,1,"
707,707,This is because there may be errors in the trial.,707.0,"731,0,"
708,708,One or two trials can lead to errors in the trial and the victim can be falsely accused.,708.0,"732,0,"
709,709,It is to be precise.,709.0,"733,1,"
710,710,It is to run this system to protect fair trials and the freedom and rights of the people,710.0,"734,0,"
711,711,Who is right or who is not is to find another proof.,711.0,"735,1,"
712,712,Everyone has human rights.,712.0,"736,0,"
713,713,Humans can be tried three times because they have rights.,713.0,"737,0,"
714,714,It's because it's more efficient to let them go on trial once and if they feel unfair.,714.0,"738,0,"
715,715,This is because there may be people who want to benefit from filing lawsuits several times.,715.0,"739,0,"
716,716,It is to find another proof of who is right and who is not.,716.0,"740,1,"
717,717,"For those who lost only one trial,",717.0,"741,0,"
718,718,It's settled by law,718.0,"742,0,"
719,719,"Because of the people who couldn't find the criminal and went to prison,",719.0,"743,0,"
720,720,"This is because there may be someone who is unfair, there may be no witnesses or evidence, but it may have occurred, and the law may have been strange before, but the law may have changed now.",720.0,"744,0,"
721,721,It is to protect fair trials and the freedom and rights of the people.,721.0,"745,1,"
722,722,"In order to prevent unfair punishment or non-punishment,",722.0,"746,0,"
723,723,It's to protect justice and the freedom and rights of the rights of the people,723.0,"747,0,"
724,724,There might be people who are upset,724.0,"748,1,749,1,"
725,725,To make sure the trial runs well,725.0,"750,1,"
726,726,To make sure the trial runs well,726.0,"751,0,"
727,727,I don't know.,727.0,"752,0,"
728,728,It could be a false charge,728.0,"753,0,"
729,729,I don't know,729.0,"754,1,"
730,730,To carry out a fair and equitable trial,730.0,"755,0,"
731,731,I can't remember,731.0,"756,1,"
732,732,It's hard to tell if a trial is guilty or not,732.0,"757,1,"
733,733,to make sure,733.0,"758,0,"
734,734,to make sure,734.0,"759,1,"
735,735,This is because one trial can lead to unfair people.,735.0,"760,0,"
736,736,the three-trial system,736.0,"761,1,"
737,737,a three-trial,737.0,"762,1,"
738,738,a three-seam system,738.0,"763,1,"
739,739,a three-seam system,739.0,"764,1,"
740,740,"Considering the situation that can be falsely accused, they are given up to three chances.",740.0,"765,1,"
741,741,Because I ran a social system,741.0,"766,1,"
742,742,I don't know,742.0,"767,1,"
743,743,I don't know.,743.0,"768,1,"
744,744,I don't know.,744.0,"769,1,"
745,745,in order to minimize mistakes,745.0,"770,0,"
746,746,"To review and state the case more specifically,",746.0,"771,1,"
747,747,I don't know.,747.0,"772,1,"
748,748,It's because there could be a misjudgment,748.0,"773,1,"
749,749,"In order to reduce those reasons, there may be someone who is falsely accused of the outcome of the trial",749.0,"774,1,"
750,750,I'm trying to judge you exactly,750.0,"775,1,"
751,751,the three-trial system,751.0,"776,1,"
752,752,a three-seam edition,752.0,"777,1,"
753,753,a three-seam edition,753.0,"778,1,779,0,"
754,754,There could be a misjudgment,754.0,"780,0,"
755,755,a three-trial trial,755.0,"781,1,"
756,756,The three-trial system. Not to make unfair or hasty judgments.,756.0,"782,0,"
757,757,This is for a more honest and fair judgment because new evidence may be found or the accused may have an injustice.,757.0,"783,1,"
758,758,To accept the opinions of many people,758.0,"784,1,"
759,759,This is to prevent unfair punishment by trial.,759.0,"785,1,"
760,760,a three-seam system,760.0,"786,0,"
761,761,It's to reduce possible damage because the trial may have gone awry,761.0,"787,1,"
762,762,I'm trying to reduce the number of people who are innocent,762.0,"788,1,"
763,763,It's to make sure there's no one who's wronged,763.0,"789,0,"
764,764,Because the trial could go wrong,764.0,"790,1,"
765,765,There's a possibility that there's an error in judgment to judge by one trial,765.0,"791,0,"
766,766,for a fair trial,766.0,"792,0,"
767,767,in order to be fair,767.0,"793,1,"
768,768,in order to ensure the fairness of the trial,768.0,"794,1,"
769,769,"Since there may have been a problem during the trial process, the people have the right to a fair trial, so the three-trial system is operated.",769.0,"795,1,"
770,770,in order to make the trial fair,770.0,"796,0,"
771,771,"To guarantee the basic rights of the people by giving them an opportunity in consideration of the case where the judgment of the trial is wrong,",771.0,"797,1,"
772,772,It could lead to a wrong decision,772.0,"798,1,"
773,773,"In order to get a proper punishment,",773.0,"799,1,"
774,774,It could lead to a wrong decision,774.0,"800,1,"
775,775,To prevent a wrong decision as much as possible,775.0,"801,0,"
776,776,"In order to prevent unfair cases from occurring due to incorrect trial results,",776.0,"802,1,"
777,777,Improve fairness,777.0,"803,1,"
778,778,"In order to reduce the number of people who are falsely accused by one trial,",778.0,"804,1,"
779,779,a tremendous law,779.0,"805,0,"
780,780,I don't understand.,780.0,"806,0,"
781,781,"To minimize misjudgments or mistakes that occur in a trial,",781.0,"807,1,"
782,782,the three-trial system,782.0,"808,1,809,1,"
783,783,I could have an unfair experience,783.0,"810,1,"
784,784,We tried to relieve the injustice through the 3rd trial system,784.0,"811,1,"
785,785,To prevent an unfair judgment,785.0,"812,1,"
786,786,the three-trial system,786.0,"813,1,"
787,787,This is to prevent innocent people from being unfairly damaged.,787.0,"814,1,"
788,788,This is because judges can judge or make mistakes with subjective views.,788.0,"815,1,"
789,789,To guarantee the rights of the people.,789.0,"816,1,"
790,790,"In order to prevent unfair judgments, a three-trial system is implemented to create a fair trial.",790.0,"817,1,"
791,791,It is to make a clean trial without any problems.To give you a chance,791.0,"818,1,"
792,792,It is to prevent misjudgment.,792.0,"819,1,"
793,793,This is because it is possible to make an incorrect judgment in one plate.,793.0,"820,0,"
794,794,"It can be judged incorrectly during the trial process and can be judged incorrectly, so it can be unfair, so it can be tried three times.",794.0,"821,0,"
795,795,yes,795.0,"822,0,"
796,796,for a fair trial,796.0,"823,1,"
797,797,This is because there may be errors in the trial. This is because the outcome of the trial may vary depending on the judge.,797.0,"824,1,"
798,798,I think there may be a judge's mistake in one trial and there is evidence to be found afterwards.,798.0,"825,1,"
799,799,"Because you can be dissatisfied with the outcome of the trial and the judge is a human being, all of your subjects are not excluded, so you can do it up to three times.",799.0,"826,1,"
800,800,There are so many people,800.0,"827,1,"
801,801,"If the case is closed with only one trial, the trial cannot be corrected when the trial is not fair or the presiding judge makes a mistake. In other words, in order to make a fairest judgment as much as possible, one case can be tried up to three times.",801.0,"828,0,"
802,802,To prevent unfair trial results,802.0,"829,1,"
803,803,It is to ensure a fair trial and to ensure the rights of the people more clearly.,803.0,"830,0,"
804,804,the three-trial system,804.0,"831,0,"
805,805,the three-trial system,805.0,"832,1,"
806,806,"The reason for operating the three-trial system is to operate it for fair trials up to three times because only one trial can lead to unfair people. It may be less, but it is omitted because there is not enough time.",806.0,"833,1,"
807,807,"""One or two trials will result in unfairness or damage",807.0,"834,0,"
808,808,"It operates a system that allows people to receive up to three trials because they can have a ram.""",808.0,"835,1,"
809,809,". The first trial is a local court, so the results of the trial may not be good, so the three-trial system is implemented for a fair trial.",809.0,"836,0,"
810,810,"This is because a judge must be able to be tried again when he makes a wrong trial. All humans can make wrong judgments, and if the trial is made only once, if the trial is wrong, it is easy to have an unfair victim. To prevent this, trials are allowed up to three times.",810.0,"837,0,"
811,811,"In Korea, a system that requires up to three trials on a case is called a three-trial system. For example, it can be said that it is against accuracy that the result came out after only one trial. Korea operates a three-trial system to produce more accurate results.",811.0,"838,0,839,1,"
812,812,"In order to prevent people from being judged unfairly at the minimum when they are tried, a three-trial system is in place that allows them to stand trial up to three times.",812.0,"840,1,"
813,813,"In Korea, the reason why a case can be tried up to three times may be that one trial may lead to a single trial. In order to reduce such people as much as possible, Korea operates a three-trial system in which one case can be tried up to three times.",813.0,"841,0,"
814,814,"A single trial alone cannot make a fair judgment. Then, since the rights of the people may be violated, a three-trial system that can operate three trials will be established to make fair judgments to more effectively guarantee the rights of the people.",814.0,"842,1,"
815,815,"The reason for using the three-trial system is that the jurisdiction of the judge acts, which is to guarantee the right to be tried fairly through three trials even if the jurisdiction of the judge acts.",815.0,"843,1,"
816,816,The three-trial system is aimed at reducing the fairness of the law and the mistakes of prosecutors in trials as much as possible and ensuring people's human rights.,816.0,"844,1,"
817,817,"In the case of one trial, judges, prosecutors, and police can also make mistakes because they are human, so they are tried three times.",817.0,"845,1,"
818,818,"If the case is judged on a one-time trial, a judge can make a different judgment from the average person with subjective thoughts and make an unfair judgment. Therefore, the fairness of the trial can be further strengthened by going through several trials. Therefore, such a system is necessary and should not be eliminated.",818.0,"846,0,"
819,819,"If Hong Gil-dong fails to effectively reveal that his hand impairment is not related to his work in the first trial, or he may not receive a fair judgment by a judge's misjudgment. As a solution to this, such a system is operated for the most fair judgment so that there are no unfair people.",819.0,"847,1,"
820,820,I'm sorry.,820.0,"848,1,"
821,821,...,821.0,"849,0,"
822,822,"If I lose the trial, I'm afraid I'll keep trying to drag it down to the",822.0,"850,0,"
823,823,in order to be precise,823.0,"851,1,"
824,824,I try not to make it happen,824.0,"852,1,"
825,825,This is because the plaintiff or the defendant may be in an unfair situation due to unfair results when the trial is conducted only once.,825.0,"853,1,"
826,826,in order to make an accurate judgment,826.0,"854,1,"
827,827,This is because a single trial may cause disadvantages and may be dissatisfied with the decision.,827.0,"855,0,"
828,828,Because the people have freedom,828.0,"856,1,"
829,829,The move is aimed at maximizing the victim's or perpetrator's injustice.,829.0,"857,1,"
830,830,for the rights of the people,830.0,"858,1,"
831,831,M and D,831.0,"859,1,"
832,832,This is because it may be unfair if the victim loses the trial.,832.0,"860,1,"
833,833,so as not to be falsely accused,833.0,"861,0,"
834,834,"If you continue to be tried in one case, you can't be tried in another case",834.0,"862,1,"
835,835,Because a person can be falsely accused.,835.0,"863,1,"
836,836,Isn't it because you have that much right? I don't know,836.0,"864,1,"
837,837,I don't know.,837.0,"865,1,"
838,838,I don't know.,838.0,"866,0,"
839,839,"To make it fair and not unfair,",839.0,"867,1,"
840,840,It might be unfair if I do it once,840.0,"868,1,869,1,"
841,841,"Because every time, the statements are different",841.0,"870,1,"
842,842,It could be unfair,842.0,"871,1,"
843,843,in order to make an accurate judgment,843.0,"872,0,"
844,844,It's because the perpetrator may be falsely accused,844.0,"873,1,"
845,845,to be able to judge fairly,845.0,"874,1,"
846,846,"And if you do more, you have to continue the wrong trial without grounds",846.0,"875,1,"
847,847,"To be fair to the people who are really innocent,",847.0,"876,1,"
848,848,You don't like the trial or it could go wrong,848.0,"877,1,"
849,849,I don't know.,849.0,"878,1,"
850,850,I'll tell you to do 0 evaluationIn,850.0,"879,0,"
851,851,It's because you have to be so careful,851.0,"880,0,"
852,852,This is because one trial can cause unfair damage.,852.0,"881,0,"
853,853,"Unlike the first trial, the next trial may have other evidence or clues or may be considered different",853.0,"882,0,"
854,854,"To make sure that something unfair doesn't happen,",854.0,"883,1,"
855,855,I don't know,855.0,"884,1,"
856,856,"This is because the evidence may not be accurate, and if you do it once, the victim may be judged unfairly.",856.0,"885,0,"
857,857,"""",857.0,"886,1,"
858,858,One verdict could be either the perpetrator or the victim,858.0,"887,1,"
859,859,"In order to make a more accurate trial,",859.0,"888,1,"
860,860,One trial alone can lead to a wrong trial,860.0,"889,0,"
861,861,Because the trial could go wrong.,861.0,"890,0,"
862,862,..............,862.0,"891,1,"
863,863,The trial could go wrong,863.0,"892,0,"
864,864,It takes into account that the outcome of the trial may have been wrong,864.0,"893,0,"
865,865,"Because if you do the first trial, you can raise questions and complaints, and the trial may not be right",865.0,"894,0,"
866,866,"To prevent the victim from receiving an unfair judgment,",866.0,"895,0,"
867,867,.,867.0,"896,1,"
868,868,"If a decision is made in one trial, it may be unfair for the reason of losing once.",868.0,"897,1,"
869,869,It could be unfair because you lost once,869.0,"898,0,899,1,"
870,870,"Because once the trial is over, there's a possibility of unfairness",870.0,"900,0,"
871,871,"This is because if the trial is over once, something unfair may happen.",871.0,"901,0,"
872,872,This is because unfair victims can come out.,872.0,"902,0,"
873,873,We need to hear a lot of opinions,873.0,"903,0,"
874,874,To make it more obvious,874.0,"904,0,"
875,875,"To get a better trial,",875.0,"905,1,"
876,876,It could be unfair,876.0,"906,1,"
877,877,Because there could be something unfair.,877.0,"907,1,"
878,878,It could be unfair,878.0,"908,0,"
879,879,It could be unfair,879.0,"909,1,"
880,880,"To treat the disabled equally,",880.0,"910,0,"
881,881,a three-seam system,881.0,"911,0,"
882,882,jurisdiction,882.0,"912,1,"
883,883,"In the case of three trials, Hong Gil-dong can be tried three times to reduce prison time and reduce fines",883.0,"913,1,"
884,884,The reason why we run this system is because it can lead to people who are depressed because of the wrong manufacturing,884.0,"914,0,"
885,885,The reason for this is to punish those who are innocent by commutation and those who are guilty of a great crime,885.0,"915,0,"
886,886,"Because once you're done with the plate, you can't hear what happened later, or you can give a rough account of it",886.0,"916,1,"
887,887,To make sure that the people don't feel wronged,887.0,"917,0,"
888,888,"If you make a wrong decision in the first trial, you can make a proper decision again in the second trial, so such a system is operated.",888.0,"918,0,"
889,889,Because a fair trial cannot be done once it is finished.,889.0,"919,0,"
890,890,"The three-trial system is not enoughYou can't judge a crime accurately with just one trial, so you have to get three trials",890.0,"920,0,"
891,891,"Since it is not possible to accurately judge a crime with just one time, it can be tried up to three times.",891.0,"921,1,"
892,892,"You can't judge a crime once, so you do it up to three times.",892.0,"922,1,"
893,893,"You can't judge a crime once, so you do it up to three times.",893.0,"923,1,"
894,894,It's a short time to decide on a small trial,894.0,"924,1,"
895,895,a three-seam system,895.0,"925,0,"
896,896,"After watching the trial, it seems to run a system that runs three times in a case that leaves no one falsely accused.",896.0,"926,0,"
897,897,It seems that the trial is conducted up to three times in order to make it as fair as possible because there could be people who are falsely accused.,897.0,"927,1,"
898,898,This is because the people have the right to freedom and equality.,898.0,"928,1,929,0,"
899,899,To make a fair trial.,899.0,"930,1,"
900,900,Don't know,900.0,"931,1,"
901,901,Don't know,901.0,"932,1,"
902,902,People with disabilities are not comfortable with economic life,902.0,"933,1,"
903,903,:(,903.0,"934,0,"
904,904,the constitutional system,904.0,"935,1,"
905,905,This is because each judge has a different perspective.(Because the outcome of the trial may differ),905.0,"936,0,"
906,906,"If I do it once, it might end up being unfair",906.0,"937,0,"
907,907,in order to give an accurate judgment,907.0,"938,0,"
908,908,I really want to join the company,908.0,"939,0,"
909,909,a solid plate,909.0,"940,1,"
910,910,The situation can change at any time,910.0,"941,1,"
911,911,"Even if it's hard, I have to return to Korea",911.0,"942,0,"
912,912,This is because it may have been misjudged and new evidence may be found.,912.0,"943,1,"
913,913,This is because it is possible to make an unfair or wrong trial.,913.0,"944,1,"
914,914,Because I made a mistake,914.0,"945,1,"
915,915,I don't know,915.0,"946,1,"
916,916,You can't tell for sure or for sure if you try it once,916.0,"947,0,"
917,917,It is to respect the rights of the people.,917.0,"948,0,"
918,918,These systems are operated to respect the rights of the people.,918.0,"949,0,"
919,919,I don't know.,919.0,"950,0,"
920,920,This system is operated to respect the rights of the people.,920.0,"951,1,"
921,921,"Once a child is over, it's unfair, and once it's over, it's not accurate",921.0,"952,1,"
922,922,I'm trying to get a better trial,922.0,"953,1,"
923,923,in order to be precise,923.0,"954,1,"
924,924,in order to be fair,924.0,"955,1,"
925,925,Not to lose money,925.0,"956,1,"
926,926,because of the law,926.0,"957,1,"
927,927,To prevent an innocent person from appearing?,927.0,"958,1,959,1,"
928,928,It's because I can get rid of my unfairness.,928.0,"960,1,"
929,929,For all men to be tried equally,929.0,"961,1,"
930,930,"To reduce the possibility of misjudgment,",930.0,"962,0,"
931,931,"To reduce the possibility of misjudgment,",931.0,"963,1,"
932,932,"To reduce the possibility of misjudgment,",932.0,"964,1,"
933,933,It's to reduce the possibility of misjudgment,933.0,"965,1,"
934,934,It's because the trial can proceed and the results can come out contrary to your own opinion,934.0,"966,1,"
935,935,To give people the chance to turn the tables so that nothing is wrong,935.0,"967,1,"
936,936,"I wanted to work for the company, but Hong Gil-dong went back to the company after a trial because he was disabled.",936.0,"968,0,"
937,937,.,937.0,"969,1,"
938,938,I don't know,938.0,"970,0,"
939,939,I don't know,939.0,"971,0,"
940,940,It's unfair,940.0,"972,0,"
941,941,This is because it can lead to wrong results.,941.0,"973,0,"
942,942,I don't know.,942.0,"974,1,"
943,943,"To judge more accurately,",943.0,"975,0,"
944,944,It seems that the three-trial system is operated to ensure the basic rights of the people by making the trial fair.,944.0,"976,0,"
945,945,To create a happy society where no one gets wronged,945.0,"977,0,"
946,946,"The three-trial system. There may be an unfair defendant in one judgment, and even though he/she has been really unfair like Gil-dong, he/she may not be able to make a good judgment because he/she is not used to it yet in society.",946.0,"978,0,"
947,947,I don't know,947.0,"979,0,"
948,948,I don't know.,948.0,"980,0,"
949,949,I don't know,949.0,"981,0,"
950,950,It's because it's a three-syllable system,950.0,"982,1,"
951,951,I don't want to be upset,951.0,"983,0,"
952,952,People who are innocent can do this,952.0,"984,0,"
953,953,To run a fair trial.,953.0,"985,1,"
954,954,This is because some people may have been judged unfairly.,954.0,"986,0,"
955,955,To make sure no one is punished unjustly,955.0,"987,0,"
956,956,"In order to prevent unfair trials,",956.0,"988,0,989,0,"
957,957,for a fair trial,957.0,"990,1,"
958,958,This is to appeal the injustice as much as possible.,958.0,"991,0,"
959,959,It seems that it was done to make it less likely to be unjustly guilty by several trials.,959.0,"992,0,"
960,960,"For those who have been tried unjustly,",960.0,"993,0,"
961,961,So that nothing unfair will happen,961.0,"994,1,"
962,962,I don't know.,962.0,"995,0,"
963,963,for the sake of an accurate judgment,963.0,"996,1,"
964,964,This is to prevent the occurrence of people who are unjustified and damaged by the Samsim system.,964.0,"997,1,"
965,965,To make a fairer and more reasonable legal judgment.,965.0,"998,1,"
966,966,It's to reduce the possibility of misjudgment,966.0,"999,1,"
967,967,"If a judgment is made in one trial, the result can be unfair, and in order to produce a clearer and fairer result through three trials, that is, to take care of citizens' rights.",967.0,"1000,1,"
968,968,I'm gonna go through a couple of times,968.0,"1001,0,"
969,969,"To reduce the possibility of misjudgment,",969.0,"1002,0,"
970,970,I don't know,970.0,"1003,0,"
971,971,I don't know,971.0,"1004,1,"
972,972,I don't know,972.0,"1005,1,"
973,973,I don't know,973.0,"1006,1,"
974,974,To make sure the victim doesn't feel wronged,974.0,"1007,0,"
975,975,I don't know.,975.0,"1008,1,"
976,976,I don't know,976.0,"1009,1,"
977,977,I don't know because I didn't learn it,977.0,"1010,1,"
978,978,Men usually play 3 rounds,978.0,"1011,1,"
979,979,This is because trials or trials can be additional.,979.0,"1012,1,"
980,980,I don't know,980.0,"1013,0,"
981,981,I don't know,981.0,"1014,0,"
982,982,"To avoid unfairness,",982.0,"1015,0,"
983,983,I'm trying to listen to the minority's opinion,983.0,"1016,0,"
984,984,on account of the rights of the people,984.0,"1017,1,"
985,985,I have to dig into Hong Gil Dong's heart like it's unfair,985.0,"1018,1,1019,1,"
986,986,I don't know,986.0,"1020,1,"
987,987,I don't know.,987.0,"1021,0,"
988,988,"To make disabled people have jobs,",988.0,"1022,1,"
989,989,I don't know.It's unfair if you do it once,989.0,"1023,1,"
990,990,I don't know,990.0,"1024,1,"
991,991,?,991.0,"1025,1,"
992,992,I don't think so,992.0,"1026,1,"
993,993,To save the wrong people,993.0,"1027,1,"
994,994,Wish the country good luck,994.0,"1028,0,"
995,995,In order to make a fair trial,995.0,"1029,1,"
996,996,Don't be upset,996.0,"1030,1,"
997,997,in order to prevent a fraudulent trial,997.0,"1031,0,"
998,998,"For the exact results of the trial,",998.0,"1032,0,"
999,999,in order to be fair,999.0,"1033,1,"
1000,1000,It is to protect the basic rights of the people,1000.0,"1034,1,"
1001,1001,the three-trial system,1001.0,"1035,1,"
1002,1002,for redemption,1002.0,"1036,1,"
1003,1003,To make sure you don't feel wronged,1003.0,"1037,1,"
1004,1004,The judge may not be able to look at him objectively because he's a human being,1004.0,"1038,0,"
1005,1005,For a fairer trial,1005.0,"1039,1,"
1006,1006,in order to be equal,1006.0,"1040,1,"
1007,1007,For fairness,1007.0,"1041,1,"
1008,1008,For a more accurate and fair trial,1008.0,"1042,0,"
1009,1009,It is operated to obtain a fairer trial through several trials,1009.0,"1043,0,"
1010,1010,It's for good judgment,1010.0,"1044,0,"
1011,1011,"There may be something unfair when being tried, so the three-trial system is implemented to check.",1011.0,"1045,0,"
1012,1012,no,1012.0,"1046,1,"
1013,1013,I don't know,1013.0,"1047,1,"
1014,1014,"I don't know, you punk",1014.0,"1048,1,1049,1,"
1015,1015,You should explore for yourself --ㅡㅡ,1015.0,"1050,1,"
1016,1016,This is to ensure fairness in the judgment.,1016.0,"1051,1,"
1017,1017,"To make sure there's nothing unfair,",1017.0,"1052,0,"
1018,1018,Because there may be cases where the outcome of the trial is unfair,1018.0,"1053,1,"
1019,1019,"It is a gate that if a ruling is made at once, unfair cases can occur.",1019.0,"1054,1,"
1020,1020,To give the judges a big salary,1020.0,"1055,0,"
1021,1021,He's upset,1021.0,"1056,1,"
1022,1022,Bold hair can't be unfair,1022.0,"1057,0,"
1023,1023,Fairness,1023.0,"1058,1,"
1024,1024,It's because it's human to do a trial and humans can make mistakes and errors,1024.0,"1059,1,"
1025,1025,There's a possibility that the court will misjudge him,1025.0,"1060,1,"
1026,1026,To prevent a wrong decision,1026.0,"1061,1,"
1027,1027,Because a judge can be a judge,1027.0,"1062,1,"
1028,1028,"This is because if you conclude at once, someone may receive unreasonable results.",1028.0,"1063,1,"
1029,1029,"Since it is not known whether the victim is guilty or innocent by one trial, the victim's injustice can be relieved by going through three trials.",1029.0,"1064,1,"
1030,1030,the three-trial system,1030.0,"1065,1,"
1031,1031,"I don't use a brain like law and politics, and I don't do subjects that are stuck.",1031.0,"1066,1,"
1032,1032,Implementation of a three-trial system to prevent unfairness,1032.0,"1067,1,"
1033,1033,"If it is decided by a single trial, there can be people who are falsely accused in the process, and if someone intentionally manipulates the evidence, it cannot be revealed later, and human rights can be violated.",1033.0,"1068,1,"
1034,1034,For a more accurate judgment by three trials,1034.0,"1069,1,"
1035,1035,"Since a single trial can be judged unfair, it can liberate those who have been judged unfairly through various evidence through several trials.,",1035.0,"1070,1,"
1036,1036,It seems that such a system is implemented to prevent unfair victims because the process or content of the trial may be unreasonable.,1036.0,"1071,1,"
1037,1037,"To lobby the court to lower his sentence if the owners of large corporations or other criminals are strongly sentenced to the first sentence. In fact, the heads of large corporations sometimes eliminate punishment, and criminals lower their sentences for all kinds of mental illness or strange reasons.",1037.0,"1072,1,"
1038,1038,There could be a wrong decision,1038.0,"1073,1,"
1039,1039,For those who are falsely accused,1039.0,"1074,1,"
1040,1040,for the sake of an accurate judgment,1040.0,"1075,1,"
1041,1041,To be equal,1041.0,"1076,0,"
1042,1042,I don't understand.,1042.0,"1077,1,"
1043,1043,I don't know,1043.0,"1078,1,1079,1,"
1044,1044,the three-trial system,1044.0,"1080,1,"
1045,1045,Because the trial went wrong or it was unfair,1045.0,"1081,1,"
1046,1046,"For fairness, trials are conducted in the order of the district court, the high court, and the Supreme Court.",1046.0,"1082,1,"
1047,1047,The court's ruling might have been wrong,1047.0,"1083,1,"
1048,1048,It's hard to tell the truth with just one trial,1048.0,"1084,1,"
1049,1049,"This is because if the results of the two previous trials are wrong, the right judgment must be made.",1049.0,"1085,1,"
1050,1050,"If you judge that the trial results have not been made fairly, you can review them",1050.0,"1086,1,"
1051,1051,the three-trial system,1051.0,"1087,1,"
1052,1052,Bad call,1052.0,"1088,1,"
1053,1053,in order not to be unjustly punished,1053.0,"1089,1,"
1054,1054,Don't know,1054.0,"1090,1,"
1055,1055,We try to prevent innocent victims as much as possible by using the three-trial system because a single trial may result in an innocent victim due to the wrong judgment.,1055.0,"1091,1,"
1056,1056,Appeal of the Third Instance,1056.0,"1092,1,"
1057,1057,There could be cases where the judge makes a wrong decision and is falsely accused,1057.0,"1093,1,"
1058,1058,To make a fairer and more accurate trial,1058.0,"1094,1,"
1059,1059,"In order to reduce the injustice as much as possible through multiple trials,",1059.0,"1095,1,"
1060,1060,It reduces the number of people who have received unfair rulings as much as possible.,1060.0,"1096,1,"
1061,1061,Prevent misjudgment by doing it multiple times,1061.0,"1097,1,"
1062,1062,I'm trying to make sure there's no wrongdoing,1062.0,"1098,1,"
1063,1063,There could be a misjudgment in the previous trial,1063.0,"1099,1,"
1064,1064,To prevent a false trial,1064.0,"1100,1,"
1065,1065,Preventing people from being wronged by the outcome of the trial,1065.0,"1101,0,"
1066,1066,for objective judgment,1066.0,"1102,0,"
1067,1067,It's to bail out the victim with a wrong ruling,1067.0,"1103,1,"
1068,1068,for a fair trial,1068.0,"1104,1,"
1069,1069,To solve the problem and increase the accuracy of the trial,1069.0,"1105,1,"
1070,1070,for the fairness of the trial,1070.0,"1106,1,"
1071,1071,One trial could have gone wrong,1071.0,"1107,1,"
1072,1072,To listen to the people's unjustified voices,1072.0,"1108,1,1109,1,"
1073,1073,It's to minimize injustice.,1073.0,"1110,1,"
1074,1074,It's not accurate if we play just one round,1074.0,"1111,1,"
1075,1075,It's because we have to be equal.,1075.0,"1112,1,"
1076,1076,It's to get a fair trial.,1076.0,"1113,0,"
1077,1077,"The right to receive up to three times for a case is the three-trial system. The reason for running the three-trial system is for a fair trial. If a judge makes a wrong decision or the party fails to accept the outcome of the trial, an appeal/appeal may be filed based on the three-trial system.",1077.0,"1114,1,"
1078,1078,To make sure that no one feels wronged by the outcome of the trial~~!,1078.0,"1115,1,"
1079,1079,It is for the fairness of the trial.,1079.0,"1116,0,"
1080,1080,for a fair trial,1080.0,"1117,0,"
1081,1081,"This system is called the third trial system, and if it is unfair in the first trial and cannot be changed, it will be judged again in the second trial, and if it is still unfair, it will be allowed to do it again. Since the presiding judge is a person, he can make a misjudgment and make mistakes with wrong physical evidence and psychology. Also, depending on the situation, you can make a strange ruling. We run these systems to improve fairness and prevent people from sacrificing themselves.",1081.0,"1118,0,"
1082,1082,"Even if a criminal is a criminal, he or she cannot completely rule out various irregularities or misunderstandings in the process of filing a complaint and investigating the case, so he or she can be tried up to three times to enhance the fairness of the trial as much as possible.",1082.0,"1119,0,"
1083,1083,"If a trial is judged unfairly, the system is operated to reduce unfair cases by giving up to three chances.",1083.0,"1120,0,"
1084,1084,This is to ensure that the people receive a fairer trial.,1084.0,"1121,1,"
1085,1085,"The system that allows up to three trials is called the three-trial system. This three-trial system was designed for those who were unfairly punished by wrong judges and jurors. If you want a retrial after receiving the first trial in the district court, you will receive the second trial in the high court. If you do it until the last three trials, you'll be tried by the Supreme Court.",1085.0,"1122,1,"
1086,1086,"It provides three opportunities because there is a possibility that unfair power or irregularities may have worked in the judgment. Judgment is also the case because multiple checks on math problems can minimize mistakes. Since the judgment is also made directly by the person, it is because personal emotions or relationships can work without looking objectively in the process of making the judgment.",1086.0,"1123,1,"
1087,1087,"If it is deemed unfair to be judged by the court, it is appealed and judged by the High Court, but if it is deemed unfair, it is appealed to the Supreme Court and judged again to ensure the basic rights of the people.",1087.0,"1124,1,"
1088,1088,"Judges, lawyers, and prosecutors who conduct trials are all people, so they can make enough mistakes. In order to ensure a fair trial so that the parties to the trial do not suffer damage due to their mistakes, three opportunities are provided for one case.If there is only one trial, there is a system that allows up to three trials because the trial may result in a wrong judgment or results that the defendant thinks are unfair.",1088.0,"1125,0,"
1089,1089,The three-trial system is implemented to guarantee the freedom and rights of the people and to ensure a fairer trial.,1089.0,"1126,1,"
1090,1090,"This system is operated to prevent irrationality that can be received once in a trial while being tried up to three times, and to make a fairer trial.",1090.0,"1127,0,"
1091,1091,"Trials may not always be right, and there may be citizens who are put in an unfair situation due to wrong trials. Therefore, it gives three chances to ensure the basic rights and human rights of the people as much as possible and to receive a fair trial.",1091.0,"1128,0,"
1092,1092,"If you are dissatisfied with the outcome of the trial and cannot do it again, you violate the right to claim, which is the right to demand from the state. It can also make a fairer trial by giving people a chance to do it again if they think it is unfair.",1092.0,"1129,1,"
1093,1093,This is to protect the freedom and rights of the people by giving the court itself a chance to correct the wrong judgment and by giving the victim who received the wrong judgment a chance to stand trial again.,1093.0,"1130,0,"
1094,1094,"In the end, since the judge who makes the judgment of the case is also a person, he or she can commit the error of the accident, and it is natural that there will be people who suffer damage from the case. In order to reduce this damage, Korea is implementing a three-trial system. Also, even if it is true about the incident, it may lose if it is not prepared properly.",1094.0,"1131,1,"
1095,1095,The reason for implementing the three-trial system in Korea is to ensure the basic rights of the people as much as possible without the court making false judgments.,1095.0,"1132,1,"
1096,1096,The three-trial system is being implemented to prevent the public from being unfair due to unfair judgment by judges.,1096.0,"1133,0,"
1097,1097,"In case of failure to receive a fair trial, a three-trial system is operated, which guarantees the right of the people to receive a fair trial.",1097.0,"1134,1,"
1098,1098,"The reason for operating the three-trial system is that the court is also ultimately done by a ""person"" who is a judge, so there may be mistakes. It is to provide a system that can be judged once again so that fairer results can be produced.",1098.0,"1135,0,"
1099,1099,h,1099.0,"1136,0,"
1100,1100,Don't know,1100.0,"1137,1,"
1101,1101,To make sure you don't get punished unfairly,1101.0,"1138,1,1139,0,"
1102,1102,"To reduce the number of cases of unfair judgment,",1102.0,"1140,0,"
1103,1103,It is to reduce the number of people who are punished unfairly.,1103.0,"1141,1,"
1104,1104,In order to prevent unfair judgments from occurring,1104.0,"1142,1,"
1105,1105,To make sure it's not unfair,1105.0,"1143,1,"
1106,1106,To make sure it's not unfair,1106.0,"1144,1,"
1107,1107,to be fair,1107.0,"1145,1,"
1108,1108,There might be people who are upset,1108.0,"1146,1,"
1109,1109,To make the trial more accurate,1109.0,"1147,1,"
1110,1110,It is to ensure that no one is punished unfairly.,1110.0,"1148,1,"
1111,1111,I can have mercy or something like that,1111.0,"1149,1,"
1112,1112,"To ensure a fair trial,",1112.0,"1150,1,"
1113,1113,I'm not going to make it unfair,1113.0,"1151,,"
1114,1114,I don't know,1114.0,"1152,,"
1115,1115,h,1115.0,"1153,60.7%,"
1116,1116,I don't know.,,
1117,1117,for mercy's sake,,
1118,1118,There's a 3rd trial system,,
1119,1119,To make sure there are no people who are upset,,
1120,1120,"People can make mistakes, so trials can make mistakes",,
1121,1121,"To make sure that there are no people who feel unfair,",,
1122,1122,"Judges can also make mistakes because they are human. However, a trial can be a significant decision that has a great impact on a person's life, and the importance of a fair and just trial is very great. Therefore, Korea secures the legitimacy and fairness of the judgment result by enabling up to three trials on a case, and reduces the range of errors as much as possible.",,
1123,1123,the three-trial system,,
1124,1124,For a fair trial,,
1125,1125,"To solve people's complaints and problems,",,
1126,1126,the three-plate system,,
1127,1127,I might have made a wrong conclusion,,
1128,1128,.,,
1129,1129,Because one trial can lead to an unfair person,,
1130,1130,This is because it makes a more accurate trial.,,
1131,1131,Because everyone has to be fair,,
1132,1132,To determine exactly which way he's not biased,,
1133,1133,the three-trial system,,
1134,1134,I don't know,,
1135,1135,To ensure that the people receive a fair trial,,
1136,1136,It is to ensure that the people receive a fair trial,,
1137,1137,I don't know.,,
1138,1138,.,,
1139,1139,Not to make a bad decision,,
1140,1140,in order to be fair,,
1141,1141,One trial doesn't give me the exact answer.,,
1142,1142,"To produce a fairer result,",,
1143,1143,It's because it could be judged unfairly,,
1144,1144,in order to make a fair judgment,,
1145,1145,No. 1 is because the people can be unfair and wrong.,,
1146,1146,So that you don't feel wronged,,
1147,1147,It's because of the right to a fair trial,,
1148,1148,Not to be falsely accused,,
1149,1149,Evaluation Only. Created with Aspose.Cells for Python via Java.Copyright 2003 - 2022 Aspose Pty Ltd.,,
