,Unnamed: 0,"4. Oxygen, which accounts for about 21% of the air, is colorless, invisible and odorless. But when oxygen is gone, there will be various phenomena on Earth. What happens when oxygen is gone? Let's explain in detail using knowledge of oxygen properties and use. ",Unnamed: 0,",q4_combustion,q4_green,q4_life,q4_global environment,q4_combustion1.,q4_green.1,q4_life.1,q4_Earth Environment.1"
0,0,I don't know.,0.0,"0,0,0,0,0, it is necessary to burn, no corrosion occurs, no life can be maintained"
1,1,All life forms based on oxygen breathing will die.,1.0,"10,0,0,1,0, unable to burn, not corroded, not able to sustain life,"
2,2,They all die because they can't breathe,2.0,"2,0,0,1,0, no combustion, no corrosion, no living,"
3,3,"Ultraviolet penetration, oxygen-breathing creatures cannot live, and oxygen is gradually reborn through photosynthesis.",3.0,"3,0,0,1,1, required for combustion, no corrosion, no maintenance of life"
4,4,The creatures will not be able to live,4.0,"4,0,0,1,0, needed to burn, no corrosion, no living,"
5,5,People die. Life becomes uninhabitable.,5.0,"5,0,0,1,0, necessary to catch fire, things made of metal don't rust, life can't live"
6,6,"If oxygen is lost, plants and animals will die out.",6.0,"6,0,0,1,0, necessary to catch fire, the metal fittings do not rust.Can't live"
7,7,I die because I can't breathe,7.0,"7,0,0,1,0, it is necessary to catch fire, iron buildings are not damaged, die,"
8,8,There will be no oxidation reaction and no rust. The creatures will not be able to breathe.,8.0,"8,0,1,1,0, it's necessary to catch fire, it's made of iron, the building doesn't corrode, life dies"
9,9,"of a creature, to be unable to breathe",9.0,"9,0,0,1,0, necessary to catch fire, iron statues are not corroded and still maintained, life cannot live"
10,10,Many organisms that breathe using oxygen are all there.,10.0,"10,0,0,1,0, you need oxygen to burn, iron doesn't corrode, life dies"
11,11,People cannot survive because they cannot breathe.,11.0,"11,0,0,1,0, it's necessary to ride, iron doesn't rust, life needs to breathe,"
12,12,"Oxygen does not contain much air content, but if it disappears, it dies because it cannot breathe cells of living things.",12.0,"12,0,0,1,0, necessary to burn, iron does not corrode, life cannot be sustained without oxygen"
13,13,Human beings cannot breathe.,13.0,"13,0,0,1,0, it's necessary to burn, iron doesn't oxidize and corrode. Without oxygen, living things die"
14,14,"Oxygen is well bonded to various materials, and when it disappears, oxygen in the oxide, which accounts for a significant amount of the earth's land, disappears and the ground collapses.",14.0,"14,0,0,0,1, it's necessary for oxygen to burn, iron doesn't rust because of chemical changes, it dies without oxygen"
15,15,"The Earth is likely to be in ruins because if oxygen is lost, the human skin will swell and the earth's ozone will be removed.",15.0,"15,0,0,0,1, you need oxygen to burn a substance, metal doesn't corrode, you can't live without oxygen"
16,16,"Without oxygen, we would all die because we couldn't breathe cells, and plants would photosynthesize, so oxygen wouldn't go away",16.0,"16,0,0,1,0, oxygen is essential for burning substances, metals do not rust, oxygen is essential for breathing"
17,17,People die,17.0,"17,0,0,1,0, oxygen is absolutely necessary for combustion, it is not corroded, oxygen is necessary for breathing"
18,18,The oxygen-breathing creatures will die because they cannot breathe oxygen.,18.0,"18,0,0,1,0, oxygen is essential for combustion, does not rust, oxygen is essential for breathing"
19,19,"When oxygen is gone, all living things that breathe will die because they cannot breathe.",19.0,"19,0,0,1,0, oxygen is absolutely necessary for combustion, does not rust, life cannot live without oxygen"
20,20,The ozone layer will be destroyed and more directly damaged by ultraviolet rays.,20.0,"20,0,0,0,1, oxygen is a preparation for combustion, metal doesn't rust, there's no big animal without oxygen"
21,21,"Oxygen is a very important gas for life's respiratory activities, so if oxygen disappears, life will not be able to exist.",21.0,"21,0,0,1,0, can only be burned with oxygen, metal is not corroded, oxygen is not present, breathing is impossible,"
22,22,Iron doesn't rust. Life is almost uninhabitable.,22.0,"22,0,1,1,0, you have to have oxygen to burn, metal doesn't rust, without oxygen, living things die,"
23,23,Land creatures cannot survive.,23.0,"23,0,0,1,0, combustion needs oxygen, it does not corrode, it dies because it cannot breathe without oxygen"
24,24,"The earth's crust will collapse, and all organic matter containing oxygen will be broken down.",24.0,"24,0,0,0,1, combustion is possible only with oxygen, does not rust, and you have to breathe with oxygen, but you can't breathe without it.,"
25,25,All living things that breathe with oxygen will die out and the ozone layer will be destroyed and the UV rays entering will increase.,25.0,"25,0,0,1,1, the object does not burn.No rust, no life can live.,"
26,26,The redox reaction disappears. Life can't survive  The ozone disappears,26.0,"26,0,1,1,1, Even if heat is applied to the material, no fire occurs.No rust in metal, no life can breathe.,"
27,27,"The ozone layer, which is made up of an array of oxygen atoms, disappears and ultraviolet rays pass through it, raising the Earth's temperature. Water, which was the catalyst necessary for life to occur in the beginning, is not synthesized due to the absence of oxygen, and life disappears.",27.0,"27,0,0,1,1, can't make fire, metal doesn't corrode, living things can't live.,"
28,28,"If oxygen disappears now, animals that need oxygen will die, and the soil will not be fertilized and plants will die. Eventually, it becomes a planet where life cannot live. """,28.0,"28,0,0,1,0, you can't light a matchstick.Metal does not rust, living things die,"
29,29,I can't breathe,29.0,"29,1,1,1,0, unburnt, uncorrosive, not a living environment"
30,30,"When oxygen is lost, all combustion reactions or oxidation reactions disappear, and elements that account for a large percentage of living things disappear, so all life phenomena disappear.",30.0,"30,0,0,1,0, no combustion, no rust, breathless death,"
31,31,People can't live,31.0,"31,0,0,1,0, no combustion process, no rust, no breathing,"
32,32,People die,32.0,"32,0,0,1,0, combustion does not occur because there is no oxygen required for combustion.The metal does not rust, life cannot breathe,"
33,33,Animals can't live and people can't live,33.0,"33,0,0,0,0, one of the three elements of combustion, so without oxygen, the combustion process does not take place. . . . . . . . . . . . . . . . . . . . . . . . . . . . . . . . . ."
34,34,I don't know,34.0,"34,0,0,0,0, no matter how much heat is applied, there is no fire. Life cannot breathe"
35,35,Unknowingness,35.0,"35,0,0,0,0, the water does not burn, animals and plants cannot breathe,"
36,36,I don't know,36.0,"36,0,0,1,0, the fire does not burn, the person cannot breathe"
37,37,"People, animals, plants, fish, etc. die",37.0,"37,0,0,1,0, no combustion, life cannot breathe,"
38,38,"People disappear, flower trees disappear, and there seems to be nothing on Earth",38.0,"38,0,0,1,0, can't burn, it's hard to breathe"
39,39,Life and liver die,39.0,"39,0,0,1,0, can't burn material, life is hard to breathe,"
40,40,The weather gets dry and all life dies,40.0,"40,0,0,1,0, unable to burn objects, difficult to breathe,"
41,41,be uninhabitable,41.0,"41,0,0,1,0, objects do not burn, life is difficult to breathe,"
42,42,Life cannot live.,42.0,"42,0,0,0,0, the water does not burn, it is difficult for animals and plants to breathe"
43,43,"If the air disappears even a little, we will feel uncomfortable breathing.",43.0,"43,0,0,0,0, the fire doesn't burn, it's hard for a person to breathe"
44,44,I don't know.,44.0,"44,0,0,1,0, does not burn, life is difficult to breathe,"
45,45,"When oxygen is lost, everything that lives and breathes on Earth is lost.",45.0,"45,0,0,1,0, cannot be burned, life is difficult to breathe"
46,46,"Oxygen is characterized by resting our pe If the oxygen is gone, the flowers will wither, and the animals and people will dieThe land is dry, the sea is polluted, and everyone is in danger",46.0,"46,0,0,1,0, can't burn matter, life can't breathe"
47,47,"Without air, people and animals would not live.",47.0,"47,0,0,1,0, can't burn objects, can't breathe"
48,48,Because I can't breathe without oxygen.,48.0,"48,0,0,1,0, objects don't burn, life can't breathe,49,0,0,1, no burning of water, unable to breathe,"
49,49,"People, all living things and animals die",49.0,"50,0,0,1,0, no fire, life cannot breathe,"
50,50,be unable to drink water     I can't breathe,50.0,"51,0,0,1,0, not combustible, animals and plants cannot breathe,"
51,51,People die because they cannot breathe without oxygen.,51.0,"52,0,0,1,0, unable to burn, unable to breathe,"
52,52,You can't live without oxygen,52.0,"53,0,0,0,1, unable to burn substances, life cannot breathe,"
53,53,Animals and plants die because they can't breathe,53.0,"54,0,0,0,1, unable to burn objects, difficulty breathing,"
54,54,"Once oxygen is gone, the Earth's ecosystem is gone",54.0,"55,0,0,1,0, object does not burn, life is difficult to breathe,"
55,55,"Once oxygen is gone, the Earth's ecosystem is gone",55.0,"56,0,0,1,0, difficult to make fire, difficult to breathe,"
56,56,People die because they cannot breathe without oxygen.,56.0,"57,0, 0, 0, 0, fire is difficult to produce, life is difficult to breathe,"
57,57,All life is dead.,57.0,"58,0,0,1,0, difficult to burn, difficult for animals and plants to breathe,"
58,58,Breathing becomes thin,58.0,"59,0,0,1,0, difficult to burn, difficult to breathe,"
59,59,People and animal plants will not be able to breathe,59.0,"60,0,0,1,0, difficult to make fire, difficult for life to breathe,"
60,60,"When oxygen is gone, everything that breathes with oxygen dies",60.0,"61,1,0,0, difficult to produce fire, difficult for life to breathe,"
61,61,the inability of an animal or person to breathe,61.0,"62,0,0,1,0, difficult to burn, life cannot breathe,"
62,62,"If oxygen is gone, it will not catch fire because it is a property of oxygen",62.0,"63,0,0,1,0, difficult to burn, I can't breathe"
63,63,"Oxygen is essential for cellular respiration in our bodies, so if oxygen is lost, our bodies will not be able to breathe cells, and eventually die because they cannot produce energy.",63.0,"64,0,0,1,0, difficult to make fire, life can't breathe"
64,64,Animals and plants can't breathe,64.0,"65,0,1,0, it's hard to make a fire, I can't breathe"
65,65,"When oxygen is gone, humans cannot breathe, animals cannot live without oxygen, and plants live in oxygen, worms live in oxygen, and fish live in oxygen because there are many reasons why people and animal plants use these neoplas such, oxygen is needed.",65.0,"66,0,0,1,0, it's hard to burn, life can't breathe,"
66,66,The iron does not rust,66.0,"67,0,0,1,0, hard to burn, animals and plants can't breathe"
67,67,All animals and plants and people cannot breathe and become uninhabitable planets.,67.0,"68,0,0,1,0, it will be difficult to make fire, people can't breathe"
68,68,Life dies without breathing,68.0,"69,0,0,1,0, the fire will be hard to burn, life can't breathe,"
69,69,"If oxygen is gone, all living things will die",69.0,"70,0,0,1,0, it will be hard to make a fire, it will be hard to breathe,"
70,70,Life doesn't live.,70.0,"71,0,0,1,0, it will be hard to burn, life will be hard to breathe,"
71,71,Animals and plants become uninhabitable.,71.0,"72,0,0,0,1, required for combustion, difficult to breathe"
72,72,All living things on Earth die,72.0,"73,0,0,1,0, required for combustion, life is difficult to breathe,"
73,73,The ozone layer disappears and the earth burns,73.0,"74,0,0,1,0, required for combustion, difficult for animals and plants to breathe,"
74,74,"When oxygen is lost, living things die and living things become uninhabitable.",74.0,"75,0,0,1,0, required for combustion, difficult for people to breathe,"
75,75,I can't breathe,75.0,"76,0,0,1,0, required for combustion, life is difficult to breathe,"
76,76,"""1. People can't breathe (i.e., die)",76.0,"77,0,1,1,0, required for combustion, life is difficult to breathe,"
77,77,"2.The plants die.""",77.0,"78,0,0,1,0, required for combustion, life cannot breathe"
78,78,"Without oxygen, living things will not be able to breathe. Oxygen is a necessary substance for living things, so if oxygen is lost, all living things will not be able to breathe and all living things on Earth will disappear.",78.0,"79,1,0,1,0, required for combustion, necessary for life maintenance,"
79,79,"When oxygen is gone, you can't breathe, you can't burn easily, and iron doesn't rust easily",79.0,"80,0,0,1,0, oxygen is needed for combustion, life support,"
80,80,Human beings die,80.0,"81,1,0,0,0, oxygen is needed for combustion, life support"
81,81,The creature dies and the fire does not rise.,81.0,"82,0,0,1,0, oxygen is needed for combustion, to maintain life,"
82,82,The creature disappears,82.0,"83,0,0,1,0, oxygen required for combustion, required to maintain life,"
83,83,The fire won't get bigger,83.0,"84,0,0,1,0, oxygen is needed in combustion to maintain life"
84,84,People die,84.0,"85,0,0,1,0, oxygen is needed for combustion, life support,"
85,85,"If people cannot live, of course animals and plants, and if food does not grow, the Earth will be destroyed.",85.0,"86,0,0,1,0, oxygen is needed for combustion, life support"
86,86,All living things in the world die because they cannot breathe.,86.0,"87,0,0,1,0, oxygen is needed for combustion, life support"
87,87,I'm dying because I can't breathe,87.0,"88,0,0,1,0, necessary to burn substances, necessary to maintain life,"
88,88,Man dies.,88.0,"89,1,0,0, needed to burn substances, needed to maintain life,"
89,89,"If oxygen is lost, people or plants cannot live.",89.0,"90,0,0,0,0, is needed to burn substances, to maintain life"
90,90,People die,90.0,"91,0,0,1,0, it is necessary to burn substances, it is necessary to maintain life"
91,91,"not being able to cook, etc. without catching fire",91.0,"92,1,0,1,0, oxygen is needed to burn substances, to maintain life"
92,92,I don't know.,92.0,"93,0,0,1,0, oxygen is needed to burn substances, to maintain life"
93,93,"Without oxygen, living creatures will die.",93.0,"94,1,0,1,0, oxygen is needed to burn substances, to maintain life"
94,94,I can't breathe. I can't make a fire.,94.0,"95,1,0,0,0, oxygen is needed to burn substances, to keep life alive"
95,95,Maybe all living things will die and the world will literally be a wasteland,95.0,"96,0,0,0,0, requires oxygen for combustion, necessary for life support,"
96,96,"Without oxygen, people cannot live and do not catch fire",96.0,"97,0,0,1,0, oxygen is needed for combustion, life support,"
97,97,"Oxygen and fire meet and catch fire, but I don't think I can do it without oxygen.",97.0,"98,1,0,0,0, requires oxygen to burn, to sustain life of living things99,0,0,1,0, you need oxygen to burn, you need oxygen to sustain life,"
98,98,Oxygen is odorless and colorless.,98.0,"100,0,0,1,0, need oxygen for combustion, to sustain life of living things"
99,99,"Once life is almost gone (plants, humans, animals) and bacteria are gradually losing their food, bacteria will disappear and new life will come out.",99.0,"101,0,0,1,0, requires oxygen when burned, necessary for life maintenance,"
100,100,"When oxygen is gone, there is no fire.It's hard for animals and plants to live.",100.0,"102,0,0,0,0, requires oxygen during combustion, necessary for life maintenance of living things,"
101,101,The loss of oxygen will make it difficult for living organisms to live through it.,101.0,"103,0,0,0,0, requires oxygen when burned, necessary for life maintenance of living things"
102,102,"Without oxygen, many humans and animals are likely to die because they cannot breathe",102.0,"104,0,0,1,0, you need oxygen when you burn, you need oxygen to sustain life"
103,103,"Oxygen is a gas that allows humans and other animals to breathe. If oxygen is lost, it will lead to the death of countless humans and animals that maintain their lives with oxygen.",103.0,"105,0,0,0,0 , oxygen to burn substances , necessary to sustain life of living things ,"
104,104,I don't know.,104.0,"106,0,0,1,0, need oxygen to burn substances, need to sustain life of living things"
105,105,ㅈ,105.0,"107,0,0,1,0, you need oxygen to burn substances, you need oxygen to support life"
106,106,"If oxygen is gone, people can't live",106.0,"108,0,0,1,0, requires oxygen to burn substances, necessary to sustain life of living things"
107,107,Unknowingness,107.0,"109,0,0,1,0, you need oxygen to burn substances, you need oxygen to maintain life"
108,108,It allows us to breathe,108.0,"110,0,0,0,0 , we need oxygen to burn substances , we need oxygen to sustain life"
109,109,The end of mankind.,109.0,"111,0,0,1,0... Oxygen is necessary for life support"
110,110,The world is ruined because all the creatures are dead,110.0,"112,0,0,1,0... Oxygen is needed for life support"
111,111,You'll die.,111.0,"113,0,0,1,0... Oxygen is necessary for life support"
112,112,Various diseases will appear,112.0,"114,0,0,1,0... Oxygen is needed to sustain life"
113,113,"When oxygen is gone, it cannot live.",113.0,"115,0,0,1,0... Oxygen is needed to sustain life"
114,114,Breathing kills.,114.0,"116,0,0,1,0... Oxygen is needed to sustain life"
115,115,"Trees, grass, etc. don't grow and people die breathlessly",115.0,"117,0,0,1,0... Oxygen is needed to maintain life"
116,116,"When oxygen disappears, living things disappear and other substances disappear",116.0,"118,0,0,0,0,0... Oxygen is needed to maintain life"
117,117,"Both humans and plant animals die, dry and twist, the air in the balloon disappears, and they can't hear or breathe",117.0,"119,0,0,1,0... Oxygen is necessary for life support"
118,118,The plants die,118.0,"120,0,0,0,0,0... Oxygen is needed to sustain life"
119,119,"Without oxygen, I would die",119.0,"121,0,0,1,0... Oxygen is needed to sustain life"
120,120,Oxygen is essential,120.0,"122,0,0,1,0... Oxygen is needed to sustain life"
121,121,the demise of mankind,121.0,"123,0,0,1,0... Oxygen is necessary for life support"
122,122,Various diseases will appear,122.0,"124,0,0,1,0 , oxygen is needed to sustain life"
123,123,death from breathlessness,123.0,"125,0,0,0,0,0... Oxygen is necessary for life support"
124,124,People are not living,124.0,"126,0,0,1,0... Oxygen is needed to sustain life"
125,125,People don't live.,125.0,"127,0,0,0,0... Oxygen is necessary for life support"
126,126,"""1. People search everywhere.",126.0,"128,0,0,1,0... Oxygen is necessary for life support"
127,127,2. More carbon dioxide.,127.0,"129,0,0,1,0 , oxygen is necessary for life support"
128,128,"3. Most of the creatures are hunted.""",128.0,"130,0,0,1,0... Oxygen is needed to sustain life"
129,129,PARK JI HOON is so handsome,129.0,"131,0,0,1,0... Oxygen is needed to sustain life"
130,130,Oxygen helps us breathe,130.0,"132,0,0,1,0 , oxygen is needed to sustain life of living things"
131,131,Of course it's oxygen. You can't see it,131.0,"133,0,0,1,0... Oxygen is needed to maintain life"
132,132,"When oxygen is lost in the air, it becomes an uninhabitable world for people.",132.0,"134,0,0,1,0... Oxygen is needed to maintain life"
133,133,You can't breathe and the earth and mankind perish.,133.0,"135,0,0,1,0... Oxygen is needed to maintain life"
134,134,"When oxygen is gone, plants will wither and people will feel uncomfortable because people cannot breathe",134.0,"136,0,0,1,0... Oxygen is needed to sustain life"
135,135,"Humanity will disappear, cities will become more and more jungles, and in a few billion years, new life will emerge on Earth.",135.0,"137,0,0,1,0... Oxygen is needed to sustain life"
136,136,"When oxygen is gone, people can hardly survive and if they do, they canBut you still have to use an oxygenator",136.0,"138,0,0,0,0,0 , oxygen is needed to sustain life of living things"
137,137,"Without oxygen, people die and the lights don't go out.",137.0,"139,0,0,1,0 , oxygen is necessary for life support"
138,138,"Humanity will disappear, cities will become more and more jungles, and in a few billion years, new life will emerge on Earth.",138.0,"140,0,0,1,0, oxygen is needed to sustain life in life"
139,139,"If oxygen is lost, humans will die out and the Earth will all be made up of carbon dioxide.",139.0,"141,0,0,1,0... Oxygen is needed to maintain life"
140,140,I can't breathe.,140.0,"142,0,0,1,0... Oxygen is needed to sustain life"
141,141,"People will die and most of life will become extinct. Also, ordinary people will die about three minutes after the gas is gone.",141.0,"143,0,0,1,0,,,,"
142,142,I don't know.,142.0,"144,0,0,1,0,,,,"
143,143,You can't breathe when oxygen is gone.,143.0,"145,0,0,0,0,,,,"
144,144,"Oxygen allows you to breathe. Without such oxygen, humans and animals cannot survive.",144.0,"146,0,0,1,0,,,,"
145,145,"Without oxygen, humans cannot live, and animals and plants cannot live",145.0,"147,0,0,1,0,,,,"
146,146,"""If the first plane is lost, the building will collapse Because the air mass was supporting the cracks and stuff in the buildings, but when the air is gone, the buildings collapse",146.0,"148,0,0,0,0,,,,149,1,1,1,0,,,,"
147,147,"""I will die without breathing.""",147.0,"150,0,0,1,0,,,,"
148,148,"When oxygen is lost, Earth's creatures cannot live, and Earth becomes a place where it cannot live.",148.0,"151,0,0,1,0,,,,"
149,149,The various creatures on Earth will disappear and die out.,149.0,"152,0,0,1,0,,,,"
150,150,Don't know,150.0,"153,1,1,1,0,,,,"
151,151,lose one's breath,151.0,"154,1,0,0,0,,,,"
152,152,You can't breathe without oxygen,152.0,"155,0,0,1,0,,,,"
153,153,.,153.0,"156,0,0,1,0,,,,"
154,154,It is necessary to burn a substance. rust the metal It is utilized for metal welding. Life is needed to sustain life.,154.0,"157,1,1,1,0,,,,"
155,155,Die.,155.0,"158,0,0,1,0,,,,"
156,156,People die because they can't breathe,156.0,"159,0,0,0,1,,,,"
157,157,Life dies and the earth is destroyed.,157.0,"160,0,0,1,0,,,,"
158,158,"It's necessary to burn materials. It's because it's used to rust metal, to weld metal, and it's necessary for living things to sustain life",158.0,"161,0,0,0,0,,,,"
159,159,Burning substances and oxygenation,159.0,"162,0,0,1,0,,,,"
160,160,"If oxygen is gone, living things cannot live.",160.0,"163,1,0,1,0,,,,"
161,161,"If oxygen is gone, it's hard to breathe, and life won't survive",161.0,"164,0,0,1,0,,,,"
162,162,It is necessary to burn a substance. rust the metal It is utilized for metal welding. Life is needed to sustain life.,162.0,"165,0,0,0,0,,,,"
163,163,Oxygen helps living things breathe,163.0,"166,0,0,0,0,,,,"
164,164,"""I get burned""",164.0,"167,0,0,0,0,,,,"
165,165,The earth's crust is collapsing,165.0,"168,0,0,1,0,,,,"
166,166,"Humans could live without oxygen in the echo, but they were told that they could not live without oxygen because they were addicted. So if oxygen is lost, all living things will disappear and only plants will remain.",166.0,"169,0,0,1,0,,,,"
167,167,ㅈㄷ,167.0,"170,1,1,1,0,,,,"
168,168,be uninhabitable,168.0,"171,0,0,1,0,,,,"
169,169,It is necessary to burn a substance.Life is needed to sustain life. and so on,169.0,"172,1,0,1,0,,,,"
170,170,Life cannot live.,170.0,"173,0,0,1,0,,,,"
171,171,"""",171.0,"174,0,0,1,0,,,,"
172,172,I can't breathe,172.0,"175,1,1,1,0,,,,"
173,173,"When the state of a substance changes, the type and number of particles that make up the substance do not change, but only the arrangement of the particles changes.",173.0,"176,1,1,1,0,,,,"
174,174,.,174.0,"177,0,0,1,0,,,,"
175,175,I can't breathe,175.0,"178,0,0,1,0,,,,"
176,176,"Without oxygen, the present Earth would not exist. It becomes an environment where people cannot live and creatures cannot live.",176.0,"179,0,0,0,1,,,,"
177,177,It is necessary to burn a substance. rust the metal It is utilized for metal welding. Life is needed to sustain life.,177.0,"180,1,0,0,0,,,,"
178,178,"First of all, life will not live because it is impossible to breathe, and because there is no oxygen, the ozone layer will not be formed, which will lower the temperature of the Earth.",178.0,"181,0,0,1,0,,,,"
179,179,Oxygen is indispensable when burning substances. It can also melt metal. And oxygen must not disappear from our lives because it has a tremendous effect on the breathing of humans and all living things.,179.0,"182,0,0,1,0,,,,"
180,180,We can't breathe.,180.0,"183,0,0,1,0,,,,"
181,181,It is not necessary to burn materials.,181.0,"184,0,0,1,0,,,,"
182,182,Rust the metal when burning the substance. Life is needed to sustain life.,182.0,"185,0,0,1,0,,,,"
183,183,It is necessary to burn a substance. rust the metal It is necessary for living things to breathe.,183.0,"186,0,0,1,0,,,,"
184,184,"When oxygen disappears, all living things die because they cannot breathe, and plants die because the oxygen that can make up water disappears. In other words, all animals and plants on Earth become extinct.",184.0,"187,0,0,1,0,,,,"
185,185,It will not be possible to maintain basic life by preventing human and animal and plant respiration and photosynthesis.,185.0,"188,0,0,1,0,,,,"
186,186,"78 percent of the Earth is made up of water. When the water disappears, the land collapses, and the people are divided into hydrogen and carbon",186.0,"189,0,0,0,0,,,,"
187,187,"More than that, the entire planet will be a hydrogen planet. """,187.0,"190,0,0,1,0,,,,"
188,188,It doesn't catch on fire. It needs oxygen to catch fire,188.0,"191,0,0,1,0,,,,"
189,189,"""The animals are unable to breathe, the climate is unstable, and all living things are in danger",189.0,"192,0,0,1,0,,,,"
190,190,"almost impossible to survive.""",190.0,"193,0,0,1,0,,,,"
191,191,People and living things cannot live because they breathe with oxygen.,191.0,"194,0,0,1,0,,,,"
192,192,People could die from breathing incorrectly,192.0,"195,0,0,1,0,,,,"
193,193,I can't breathe,193.0,"196,0,0,1,0,,,,"
194,194,People die because they can't breathe,194.0,"197,0,0,1,0,,,,"
195,195,I can't breathe,195.0,"198,0,0,1,0,,,,199,0,0,1,0,,,,"
196,196,"Without oxygen, people can't breathe, so people die",196.0,"200,0,0,0,0,,,,"
197,197,"This is because if oxygen is lost, many living things, such as humans and animals, drink oxygen when they breathe and release carbon dioxide, making it difficult to breathe and many living things can die.",197.0,"201,0,0,0,0,,,,"
198,198,Rainwater runs through the building,198.0,"202,0,0,1,0,,,,"
199,199,People can't breathe. People cannot live without oxygen.,199.0,"203,0,0,1,0,,,,"
200,200,People can't breathe,200.0,"204,0,0,1,0,,,,"
201,201,"Plants do not grow well, and people and animals die of suffocation.",201.0,"205,0,0,0,0,,,,"
202,202,Living things can't breathe without oxygen because they drink oxygen,202.0,"206,0,0,1,0,,,,"
203,203,"When oxygen is gone, people all over the world die, animals, insects, and so on",203.0,"207,0,0,1,0,,,,"
204,204,The ground cracks without breathing,204.0,"208,0,0,1,0,,,,"
205,205,make no mistake in hiding,205.0,"209,0,0,1,0,,,,"
206,206,"Without oxygen, it would be hard for a person to breathe.",206.0,"210,0,0,1,0,,,,"
207,207,I can't breathe,207.0,"211,0,0,1,0,,,,"
208,208,There is a danger that rainwater can penetrate things without breathing,208.0,"212,0,0,1,0,,,,"
209,209,Trees and stem plants will grow a lot,209.0,"213,0,0,1,0,,,,"
210,210,.,210.0,"214,0,0,0,1,,,,"
211,211,We can't breathe.,211.0,"215,0,0,1,0,,,,"
212,212,"Without oxygen, once humans cannot breathe, they will become extinct, and so will other animals. Plants may survive because they photosynthesize.",212.0,"216,0,0,0,0,,,,"
213,213,A person can die.,213.0,"217,0,0,1,0,,,,"
214,214,"The tongue dries up, all the water on Earth disappears, and the whole world catches fire.",214.0,"218,0,0,0,0,,,,"
215,215,"If oxygen disappears, many creatures will die first",215.0,"219,0,0,1,0,,,,"
216,216,"""All living things die",216.0,"220,0,0,1,0,,,,"
217,217,"""",217.0,"221,0,0,0,1,,,,"
218,218,I can't breathe,218.0,"222,0,0,1,0,,,,"
219,219,All the creatures that breathe will die and will not be heard,219.0,"223,0,0,1,0,,,,"
220,220,"""When oxygen is gone, all animals and plants die and cannot smell",220.0,"224,0,0,1,0,,,,"
221,221,"""",221.0,"225,0,0,1,0,,,,"
222,222,All life will die. This is because life needs oxygen.,222.0,"226,0,0,1,0,,,,"
223,223,"Oxygen helps living things breathe, and if there is no oxygen, all living things die and the earth is destroyed.",223.0,"227,0,0,0,0,,,,"
224,224,People and animals will die because they can't breathe.,224.0,"228,0,0,0,0,,,,"
225,225,The sea water disappears and moisture disappears,225.0,"229,0,0,1,0,,,,"
226,226,"If animals and people lose the oxygen they need to breathe, they will make more carbon dioxide and more artificial oxygen.",226.0,"230,0,0,1,0,,,,"
227,227,"Oxygen is important for transmitting sound First of all, sound is transmitted through vibration, so you need air in the air to hear it",227.0,"231,0,0,1,0,,,,"
228,228,"""People can't breathe",228.0,"232,0,0,1,0,,,,"
229,229,The nature of oxygen is that it helps people breathe,229.0,"233,0,0,1,0,,,,"
230,230,"""",230.0,"234,0,0,1,1,,,,"
231,231,We will be microorganisms in the universe,231.0,"235,1,0,1,0,,,,"
232,232,"""Oxygen is a necessary property for people and living things.",232.0,"236,0,0,1,0,,,,"
233,233,"If oxygen is lost, living things and people will not live.""",233.0,"237,0,0,1,0,,,,"
234,234,"Oxygen is a living thing and a substance that people need to breathe, but when oxygen is lost, people and living things will die out.",234.0,"238,0,0,1,0,,,,"
235,235,Trees will disappear and water will disappear.,235.0,"239,0,0,1,0,,,,"
236,236,"Without air, when people die,",236.0,"240,0,0,1,0,,,,"
237,237,"Without oxygen, people would die because people couldn't breathe.",237.0,"241,0,0,1,0,,,,"
238,238,I can't breathe,238.0,"242,0,0,1,0,,,,"
239,239,I can't breathe.,239.0,"243,0,0,1,0,,,,"
240,240,"Oxygen is needed to breathe, but it cannot breathe, so various creatures such as other humans, animals, and plants will die.",240.0,"244,0,0,1,0,,,,"
241,241,.,241.0,"245,0,0,1,0,,,,"
242,242,Unknowingness,242.0,"246,0,0,1,0,,,,"
243,243,Death without small things,243.0,"247,0,0,1,0,,,,"
244,244,Almost all life becomes uninhabitable. I don't think so,244.0,"248,0,0,1,0,,,,249,0,0,1,0,,,,"
245,245,People can't breathe,245.0,"250,0,0,1,0,,,,"
246,246,"""Plants disappear, plant-eating animals disappear, herbivores disappear, and carnivores die",246.0,"251,0,0,0,0,,,,"
247,247,"""Plants disappear and plant-eating humans die.""",247.0,"252,0,0,1,0,,,,"
248,248,"If oxygen is lost, all living creatures die.",248.0,"253,0,0,1,0,,,,"
249,249,"The atmosphere is crooked, the water dries, and the radish dies",249.0,"254,1,1,1,0,,,,"
250,250,There's no oxygen. There's no fire. There's no breathing,250.0,"255,0,0,1,0,,,,"
251,251,the death of a living thing,251.0,"256,0,0,0,0,,,,"
252,252,"We can collapse because we can't breathe, and if we breathe with our mouths, we can collapse after only holding out for about an hour.",252.0,"257,0,0,0,0,,,,"
253,253,"When oxygen comes to me, animals and plants cannot breathe, so animals and plants and humans who breathe with oxygen will disappear It's because all the oxygen on Earth lives breathing",253.0,"258,0,0,0,0,,,,"
254,254,"Oxygen evaporates from water to become gas and turns into water vapor.And it becomes air.Without oxygen, you can't breathe.",254.0,"259,0,0,0,0,,,,"
255,255,"Animals and plants breathe using air, so life cannot survive without oxygen.",255.0,"260,0,0,1,0,,,,"
256,256,People won't be able to breathe,256.0,"261,0,0,0,1,,,,"
257,257,Oxygen-based life can't live,257.0,"262,0,0,0,1,,,,"
258,258,"Animals or plants breathe using air, so if oxygen is lost, living things cannot survive.",258.0,"263,0,0,0,1,,,,"
259,259,People die because they can't breathe,259.0,"264,0,0,1,1,,,,"
260,260,The animals will die out of breath.,260.0,"265,0,0,1,0,,,,"
261,261,He is punished by heaven for not being able to breathe and go to his ancestors' graves.,261.0,"266,0,0,1,0,,,,"
262,262,"When oxygen is gone, people, animals, and plants all die.",262.0,"267,1,0,1,0,,,,"
263,263,"""People die because they can't breathe",263.0,"268,0,0,0,0,,,,"
264,264,"""",264.0,"269,0,0,1,1,,,,"
265,265,"They die when oxygen is gone, but they don't know the properties of the air!",265.0,"270,0,0,0,0,,,,"
266,266,Every living thing in the world is alive,266.0,"271,0,0,1,0,,,,"
267,267,My knowledge is not up to there,267.0,"272,0,0,1,0,,,,"
268,268,"If oxygen is lost, all living creatures in the world will die. The earth is going to turn black.",268.0,"273,0,0,1,1,,,,"
269,269,"Oxygen is needed to live, people, animals, plants, and everything dies because they can't breathe",269.0,"274,0,0,1,0,,,,"
270,270,"Animals will die out because most animals use oxygen for their breathing, and they will not catch fire because it is an essential element for them to catch fire. Also, many substances will not be oxidized.",270.0,"275,0,0,1,0,,,,"
271,271,Life can't breathe. I'm going to die. The end of the world,271.0,"276,0,0,1,0,,,,"
272,272,"If there's no oxygen, no one will rot, so everything will stay the same except for the living",272.0,"277,0,0,0,0,,,,"
273,273,Unknowingness,273.0,"278,0,0,1,0,,,,"
274,274,Unknowingness,274.0,"279,0,0,1,0,,,,"
275,275,teeth and bones disappear,275.0,"280,0,0,1,0,,,,"
276,276,"People will die because they can't breathe, and animals will die",276.0,"281,0,0,0,0,,,,"
277,277,The ozone layer disappears and damages plants and humans.,277.0,"282,0,0,1,0,,,,"
278,278,The earth's ecosystem is destroyed.,278.0,"283,1,0,1,0,,,,"
279,279,The ozone layer disappears,279.0,"284,0,0,0,1,,,,"
280,280,"People and animals and plants will die because they can't breathe, and all the water will disappear.",280.0,"285,0,0,1,0,,,,"
281,281,Most of the creatures die,281.0,"286,0,0,1,0,,,,"
282,282,I can't breathe without oxygen,282.0,"287,1,0,0,0,,,,"
283,283,"Plants cannot photosynthesize, breathe, catch fire, and grow",283.0,"288,1,0,1,0,,,,"
284,284,I don't know.,284.0,"289,0,0,0,0,,,,"
285,285,The ozone layer disappears and people die. People can only live in the sea.,285.0,"290,0,0,1,0,,,,"
286,286,I don't know.,286.0,"291,0,0,1,0,,,,"
287,287,A lot of life will die.,287.0,"292,1,0,1,0,,,,"
288,288,Life can't live.,288.0,"293,0,0,1,0,,,,"
289,289,"The ozone layer disappears. If there is no oxygen needed for biological activity, it dies.",289.0,"294,0,0,1,0,,,,"
290,290,"When oxygen is gone, people can't breathe",290.0,"295,0,0,1,0,,,,"
291,291,Animals and plants will go extinct And the earth will perish,291.0,"296,0,0,1,1,,,,"
292,292,"When oxygen disappears, carbon will fill the air and die from lack of clean oxygen to the body.",292.0,"297,0,0,0,1,,,,"
293,293,"Assuming that there is oxygen in the air and then suddenly disappears, the pressure in the eardrum will suddenly decrease and the eardrum will burst. Atmospheric pressure is also reduced.",293.0,"298,0,0,1,0,,,,299,0,0,1,0,,,,"
294,294,Living creatures that use oxygen will die out.,294.0,"300,0,0,1,0,,,,"
295,295,Many creatures will become extinct because they cannot breathe.,295.0,"301,0,0,1,0,,,,"
296,296,People cannot live on Earth.,296.0,"302,0,0,1,0,,,,"
297,297,"Even if oxygen disappears, photosynthesis will proceed again by the plant and oxygen will be produced again.",297.0,"303,0,0,1,0,,,,"
298,298,I can't breathe.,298.0,"304,0,0,1,0,,,,"
299,299,"Oxygen is essential for most life and combustion, so such activities will not exist.",299.0,"305,0,0,1,0,,,,"
300,300,"Oxygen is essential to the survival of living things, so the ecosystem collapses.",300.0,"306,0,0,1,0,,,,"
301,301,Only anaerobic organisms survive because they cannot breathe.,301.0,"307,1,0,0,0,,,,"
302,302,There is a great extinction.,302.0,"308,0,0,0,0,,,,"
303,303,It doesn't catch fire.,303.0,"309,0,0,1,0,,,,"
304,304,"It'll be hard to breathe, and it won't catch fire.",304.0,"310,0,0,1,0,,,,"
305,305,"When oxygen, which accounts for 21% of the atmosphere, disappears, the Earth's air pressure drops to 79%, which lowers the atmospheric pressure and changes the boiling point of the material.",305.0,"311,0,0,1,0,,,,"
306,306,"Without oxygen, everyone dies because they can't breathe.",306.0,"312,0,0,0,1,,,,"
307,307,Life becomes uninhabitable.,307.0,"313,0,0,0,0,,,,"
308,308,It won't catch fire and it won't breathe.,308.0,"314,1,0,1,0,,,,"
309,309,Cellular respiration failure,309.0,"315,0,0,0,1,,,,"
310,310,I can't breathe,310.0,"316,0,0,1,0,,,,"
311,311,We're all going to die,311.0,"317,0,0,0,0,,,,"
312,312,"""All living things on Earth caused by the destruction of the ozone layer",312.0,"318,0,0,0,0,,,,"
313,313,"I'm going to die.""",313.0,"319,0,0,1,0,,,,"
314,314,The concrete collapses and the ozone layer disappears,314.0,"320,0,0,0,0,,,,"
315,315,They can't breathe and die.,315.0,"321,0,0,0,0,,,,"
316,316,All life in cellular respiration dies,316.0,"322,0,0,1,0,,,,"
317,317,We're going to die!,317.0,"323,0,0,1,0,,,,"
318,318,People can't breathe and the animals will die.,318.0,"324,0,0,0,0,,,,"
319,319,People will not be able to breathe and the animals will die,319.0,"325,0,0,1,0,,,,"
320,320,"If oxygen disappears, insects will become smaller and living creatures will not be able to survive.",320.0,"326,0,0,0,1,,,,"
321,321,"When oxygen is gone, life on Earth cannot live and gravity is created",321.0,"327,1,1,0,0,,,,"
322,322,"If oxygen is lost, all living creatures will die.",322.0,"328,0,1,1,0,,,,"
323,323,It's necessary because it's hard for us to live without oxygen,323.0,"329,0,0,0,0,,,,"
324,324,The fire won't pick up,324.0,"330,0,0,0,0,,,,"
325,325,"""Old people and teenagers have suffocation and dizziness",325.0,"331,0,0,0,0,,,,"
326,326,,326.0,"332,0,0,0,0,,,,"
327,327,And people who have asthma or colds will die in severe cases,327.0,"333,0,0,0,0,,,,"
328,328,"""",328.0,"334,0,0,0,0,,,,"
329,329,"""When oxygen is gone, we can't make energy in the human body, so we'll have abnormal functions",329.0,"335,0,0,0,0,,,,"
330,330,You won't be able to breathe.,330.0,"336,0,0,0,0,,,,"
331,331,"""",331.0,"337,0,0,0,0,,,,"
332,332,A man cannot breathe and live.,332.0,"338,0,0,0,0,,,,"
333,333,"When oxygen disappears, all life on Earth dies.",333.0,"339,0,0,0,0,,,,"
334,334,"Sunlight burns to death, the sky darkens in broad daylight, metals stick together, crust breaks and teeth disappear",334.0,"340,0,0,1,0,,,,"
335,335,The sky gets dark even in broad daylightThe reason is that there are fewer shiny particles,335.0,"341,0,0,0,0,,,,"
336,336,"All living things that breathe with oxygen will die, and they will not be able to do all the things that they can do using fire.",336.0,"342,0,0,0,0,,,,"
337,337,"When oxygen disappears, our brain cells die, our eardrums explode, and we are not protected from ultraviolet rays, so we immediately burn.",337.0,"343,0,0,0,0,,,,"
338,338,"If oxygen is lost, all living creatures will die.",338.0,"344,0,0,1,0,,,,"
339,339,"""The carbohydrates, fats, and proteins that make up our bodies are made up of carbon, hydrogen, oxygen, and nitrogen.",339.0,"345,0,0,1,0,,,,"
340,340,"When all the oxygen on Earth is gone, the oxygen that makes up the cell is also taken away. ""Then the relatively light hydrogen escapes from the cell and forms a hydrogen gas.""",340.0,"346,0,0,1,0,,,,"
341,341,It can lead to severe death in people with symptoms such as asthma.,341.0,"347,0,0,0,0,,,,"
342,342,"Oxygen allows life to live, but without oxygen, life cannot live.",342.0,"348,0,0,0,0,,,,349,0,0,0,0,,,,"
343,343,"When oxygen disappears, concrete structures collapse because oxygen acts as a binder in concrete",343.0,"350,0,0,1,0,,,,"
344,344,It will dry up and all living things will disappear and the earth will perish.,344.0,"351,0,0,1,0,,,,"
345,345,"Oxygen allows life to live, but when oxygen is gone, life cannot live, and all water will evaporate.",345.0,"352,0,0,1,0,,,,"
346,346,"Humans need oxygen in their lives, but when oxygen disappears, all life on Earth dies.",346.0,"353,0,0,1,0,,,,"
347,347,"""First of all, the atmosphere disappears. The atmosphere holds the air",347.0,"354,0,0,1,0,,,,"
348,348,"This is because without air, the atmosphere also disappears.",348.0,"355,0,0,0,0,,,,"
349,349,"And although the atmosphere blocks direct sunlight from most of the sun,",349.0,"356,0,0,1,0,,,,"
350,350,"Because the atmosphere is gone, there's no direct sunlight to stop it, so it's all going to burn.",350.0,"357,0,0,0,0,,,,"
351,351,"Because there is no oxygen, there is little light reflected by oxygen, so you will not be able to see it well.""",351.0,"358,0,0,1,0,,,,"
352,352,All living things cannot live,352.0,"359,0,0,0,0,,,,"
353,353,The earth's crust collapses because oxygen makes up 45% of the earth's surface,353.0,"360,0,0,1,0,,,,"
354,354,"Because oxygen is needed for combustion, it cannot be burned. Without oxygen, all metals stick together like the universe, because without oxygen, they don't rust.",354.0,"361,0,0,1,0,,,,"
355,355,"Without oxygen, metals such as iron would not rust, and many life forms would die out of breath or bounce out of the earth.",355.0,"362,0,0,1,1,,,,"
356,356,M and D,356.0,"363,0,0,1,0,,,,"
357,357,h,357.0,"364,0,0,1,1,,,,"
358,358,Unknowingness,358.0,"365,0,0,1,0,,,,"
359,359,I don't understand.,359.0,"366,0,0,1,0,,,,"
360,360,I don't know.,360.0,"367,0,0,1,1,,,,"
361,361,I don't understand.,361.0,"368,0,0,1,1,,,,"
362,362,I don't understand.,362.0,"369,0,0,1,1,,,,"
363,363,Unknowingness,363.0,"370,0,0,1,0,,,,"
364,364,M and D,364.0,"371,0,0,1,0,,,,"
365,365,I don't understand.,365.0,"372,0,1,1,0,,,,"
366,366,I don't understand.,366.0,"373,0,1,1,0,,,,"
367,367,animal extinction,367.0,"374,1,0,1,0,,,,"
368,368,Unknowingness,368.0,"375,0,0,1,0,,,,"
369,369,I don't know.,369.0,"376,0,0,1,0,,,,"
370,370,I don't know.,370.0,"377,0,0,1,0,,,,"
371,371,All living things that breathe air on Earth will disappear.,371.0,"378,0,0,1,0,,,,"
372,372,"All living things go extinct. (Because people, animals and animals need oxygen to live.)",372.0,"379,0,0,1,0,,,,"
373,373,Plants will die and people cannot breathe.,373.0,"380,0,0,1,0,,,,"
374,374,I don't understand.,374.0,"381,0,0,1,0,,,,"
375,375,I don't know.,375.0,"382,0,0,1,0,,,,"
376,376,Unknowingness,376.0,"383,0,0,1,0,,,,"
377,377,"No plants, no animals, no humans can survive",377.0,"384,0,0,1,0,,,,"
378,378,All living things die and lack oxygen to survive,378.0,"385,0,0,1,0,,,,"
379,379,Plants won't grow and people will all die.,379.0,"386,0,0,1,0,,,,"
380,380,All the oxygen-breathing animals will die,380.0,"387,0,0,1,0,,,,"
381,381,"If oxygen is gone, the oxygen we give away will be gone, and fish and all animals will be gone",381.0,"388,0,0,1,0,,,,"
382,382,I don't understand.,382.0,"389,0,0,1,0,,,,"
383,383,All life disappears and the earth is devastated,383.0,"390,0,0,1,0,,,,"
384,384,Won't the Earth fade away?,384.0,"391,0,0,1,0,,,,"
385,385,"Oxygen allows us to breathe, but if oxygen disappears, we cannot breathe.",385.0,"392,0,0,1,0,,,,"
386,386,I don't know,386.0,"393,0,0,1,0,,,,"
387,387,I can't breathe,387.0,"394,0,0,1,0,,,,"
388,388,"If air is lost, breathing becomes impossible, which affects the biosphere. Several weather events will also disappear.",388.0,"395,0,0,0,0,,,,"
389,389,Living things cannot breathe and they cannot block UV rays.,389.0,"396,0,0,1,0,,,,"
390,390,Life is gone. Air pressure decreases due to reduced air volume.,390.0,"397,0,0,1,1,,,,"
391,391,"If oxygen is lost, water in all the oceans, rivers, and lakes on Earth will become hydrogen and evaporate, and the structure of oxygen-containing substances will collapse. As oxygen in the atmosphere disappears, ultraviolet rays from the sun directly reach the ground. And all living things on Earth, including humans, cannot breathe, and will die out due to the effects of ultraviolet rays.",391.0,"398,0,0,1,0,,,,399,0,0,1,0,,,,"
392,392,"Animals will die because they cannot breathe, and plants will die because they cannot breathe through oxygen.",392.0,"400,0,0,1,0,,,,"
393,393,Life's breathing will become impossible and all life on Earth will die out.,393.0,"401,0,0,1,0,,,,"
394,394,"Oxygen has a significant impact on the ecosystem because it has an important effect on the breathing of various creatures, including humans.",394.0,"402,1,0,1,0,,,,"
395,395,"All the water from the sea, lakes, and rivers disappears, and all humans are burned to death. This is because when O disappears from H2O, only hydrogen molecules remain. Hydrogen molecules are strongly acidic. And the crust disappears. This is because oxygen is the second place among the elements that make up the crust. And as a result, I can't breathe.",395.0,"403,0,0,1,0,,,,"
396,396,"Oxygen is an essential element for humans and is used as a fuel for human cellular respiration. Oxygen is essential to the human body so that people can work in this way. Oxygen is also needed to make glucose as a necessary element for photosynthesis in plants. After all, oxygen is needed to stabilize the ecosystem.",396.0,"404,0,0,1,0,,,,"
397,397,"When oxygen disappears, life becomes almost uninhabitable. At the same time, the water combined with oxygen is decomposed, so the sea disappears, and the weather phenomenon disappears. In addition, many rocks may disappear as silicate minerals, one of the main minerals of rocks, are also separated into silicon.",397.0,"405,1,0,1,0,,,,"
398,398,"Oxygen is a necessary factor for living things to breathe now. However, if the oxygen disappears, all living creatures that breathe will disappear from the Earth, and the current weather phenomenon will not occur.",398.0,"406,0,0,1,0,,,,"
399,399,"All living creatures that used to breathe using oxygen will die out, and iron will not rust due to no oxidation.",399.0,"407,0,0,1,0,,,,"
400,400,"All life on Earth uses an organ called mitochondria to produce energy to live. This mitochondria uses oxygen to break down nutrients, so oxygen is essential for life to survive. Without oxygen, life would not be able to live on Earth. Overall, there is no oxidation in the absence of oxygen.",400.0,"408,0,0,0,0,,,,"
401,401,"When oxygen is gone, most organisms on Earth breathe with oxygen, so many will be unique. It will also not be able to produce fire because it requires oxygen in the combustion process.",401.0,"409,0,0,1,0,,,,"
402,402,All living things will die on Earth,402.0,"410,0,0,1,0,,,,"
403,403,"When oxygen is gone, people cannot live",403.0,"411,0,0,0,0,,,,"
404,404,"If oxygen is gone, no one can live",404.0,"412,0,0,1,0,,,,"
405,405,"""The wall that allowed me to breathe oxygen...",405.0,"413,0,0,1,0,,,,"
406,406,"When oxygen is gone, you can't breathe and die.""",406.0,"414,0,0,1,0,,,,"
407,407,"We can't breathe, and all the animals and everything will be gone",407.0,"415,0,0,1,0,,,,"
408,408,"""If oxygen disappears, of course, humans cannot survive, and if oxygen disappears,",408.0,"416,0,0,0,0,,,,"
409,409,"Even plant animals can't live.""",409.0,"417,0,0,1,0,,,,"
410,410,People won't be able to breathe,410.0,"418,0,0,0,0,,,,"
411,411,be hard to live without breathing,411.0,"419,0,0,1,0,,,,"
412,412,Oxygen is the air that allows us to breathe.,412.0,"420,0,0,1,0,,,,"
413,413,All human animals die,413.0,"421,0,0,1,1,,,,"
414,414,"When oxygen disappears, most of all, you can't breathe",414.0,"422,0,0,1,0,,,,"
415,415,It becomes an environment where people cannot live and animals and plants cannot live.,415.0,"423,0,0,1,0,,,,"
416,416,"Once oxygen is gone, humans will die, and all animals that breathe like humans will be gone.",416.0,"424,0,0,1,0,,,,"
417,417,"When oxygen is gone, people become extinct",417.0,"425,0,0,1,0,,,,"
418,418,"When oxygen disappears, all plants and animals on Earth will die.",418.0,"426,0,0,1,0,,,,"
419,419,"If oxygen is lost, almost all animals and plants die.",419.0,"427,0,0,0,0,,,,"
420,420,Human beings are extinct,420.0,"428,0,0,1,0,,,,"
421,421,"If oxygen is gone, animals and plants will die",421.0,"429,0,0,0,0,,,,"
422,422,They can't breathe and the creatures die,422.0,"430,0,0,1,0,,,,"
423,423,"Without oxygen, people die",423.0,"431,0,0,0,0,,,,"
424,424,How can I solve it if I don't know it?,424.0,"432,0,1,0,0,,,,"
425,425,"If oxygen is lost, people and animal life will die once oxygen is lost.",425.0,"433,0,0,1,0,,,,"
426,426,"People can't live, animals and plants can't live",426.0,"434,0,0,0,1,,,,"
427,427,"If oxygen is gone, humans will die out, and animals will die out",427.0,"435,0,0,1,0,,,,"
428,428,Everyone dies,428.0,"436,0,0,1,0,,,,"
429,429,Barometric pressure is so low that all biological destruction,429.0,"437,0,0,0,1,,,,"
430,430,"We can't breathe, so everyone will eventually die.",430.0,"438,0,0,1,0,,,,"
431,431,"When oxygen is gone, all animals and plants will be unable to breathe and fire.",431.0,"439,0,0,0,0,,,,"
432,432,People can't breathe without oxygen,432.0,"440,0,0,1,0,,,,"
433,433,People die,433.0,"441,0,0,0,0,,,,"
434,434,"There is never a fire on Earth, man cannot breathe",434.0,"442,0,0,1,0,,,,"
435,435,It's hard to breathe without oxygen.,435.0,"443,0,0,0,0,,,,"
436,436,It becomes a world where creatures die and cannot live,436.0,"444,0,0,1,0,,,,"
437,437,I don't know,437.0,"445,0,0,1,1,,,,"
438,438,"If oxygen is gone, everyone will die",438.0,"446,0,0,1,0,,,,"
439,439,You can die because you can't breathe,439.0,"447,0,0,1,0,,,,"
440,440,Oxygen,440.0,"448,0,0,1,0,,,,449,0,0,1,0,,,,"
441,441,"Without oxygen, people die and are uncomfortable to live",441.0,"450,0,0,1,0,,,,"
442,442,People don't have air. People die,442.0,"451,0,0,1,0,,,,"
443,443,"""Without oxygen, we can't breathe In short, without oxygen, the Earth would perish.",443.0,"452,0,0,0,1,,,,"
444,444,"""",444.0,"453,0,0,1,0,,,,"
445,445,be beyond life,445.0,"454,1,0,1,0,,,,"
446,446,Unknowingness,446.0,"455,0,0,1,0,,,,"
447,447,a person's death from being unable to breathe,447.0,"456,0,0,1,0,,,,"
448,448,"When oxygen is gone, people wear gas masks and have to pay for air",448.0,"457,0,0,1,0,,,,"
449,449,"Without oxygen, you can't breathe, so you die and your eardrum bursts into porridge. I'm going to die anyway.",449.0,"458,0,0,0,0,,,,"
450,450,"People die, the natural environment changes and gets worse",450.0,"459,0,0,0,0,,,,"
451,451,People will die and the ecosystem will be destroyed.,451.0,"460,0,0,1,0,,,,"
452,452,People die.,452.0,"461,1,0,1,0,,,,"
453,453,"""Without oxygen, humans, animals, and plants cannot live There are no humans, so the buildings",453.0,"462,0,0,0,0,,,,"
454,454,"Guitar lights will become old and dusty, and eventually only plastic will remain on Earth.""",454.0,"463,0,0,1,0,,,,"
455,455,"Oxygen is needed to make people, animals, and life impossible to live, and life becomes empty.",455.0,"464,0,0,1,0,,,,"
456,456,"Without oxygen, living things cannot live",456.0,"465,0,0,1,0,,,,"
457,457,"Without oxygen, people, animals, plants, etc. cannot live.",457.0,"466,0,0,1,0,,,,"
458,458,"Oxygen, carbon dioxide, etc",458.0,"467,0,0,1,0,,,,"
459,459,"People disappear, plants and animals disappear",459.0,"468,1,0,1,0,,,,"
460,460,My knowledge is not up to there,460.0,"469,0,0,1,0,,,,"
461,461,Everyone is dead,461.0,"470,0,0,1,0,,,,"
462,462,.,462.0,"471,0,0,1,0,,,,"
463,463,There is no reason for humans to worry about corrosion of iron.,463.0,"472,0,0,1,0,,,,"
464,464,"(cells) It becomes impossible to breathe, which makes it difficult for people to live",464.0,"473,0,0,1,0,,,,"
465,465,"The crust is made up of oxygen and silicon If oxygen disappears, much of the crust will disappear, and the entire atmosphere will be lowered, causing animals to burst",465.0,"474,1,0,1,0,,,,"
466,466,The environment in which life is difficult to live is created,466.0,"475,1,0,1,0,,,,"
467,467,"People will die first No ATP, no photosynthesis, no photosynthesis",467.0,"476,1,0,1,0,,,,"
468,468,"When oxygen disappears, oxygen, the main component of the ozone layer, disappears, so the sun's ultraviolet rays will immediately reach the Earth's surface and cause a lot of damage to humans.",468.0,"477,0,0,1,0,,,,"
469,469,We can't breathe,469.0,"478,0,0,1,0,,,,"
470,470,None.,470.0,"479,0,0,1,0,,,,"
471,471,a person's death,471.0,"480,0,0,0,0,,,,"
472,472,"Without nitrogen and air on Earth, all of us can't breathe and die of suffocation.",472.0,"481,0,0,1,0,,,,"
473,473,Oxygen lets you breathe.,473.0,"482,1,0,1,0,,,,"
474,474,A building made of cement collapses without people living there.,474.0,"483,0,0,0,0,,,,"
475,475,All plants will die and people will die,475.0,"484,0,0,0,0,,,,"
476,476,"""- People can't breathe.",476.0,"485,0,0,0,0,,,,"
477,477,- The plants are dying.,477.0,"486,0,0,0,0,,,,"
478,478,- The ecosystem is becoming more and more and more.,478.0,"487,0,0,1,0,,,,"
479,479,"""",479.0,"488,0,0,1,0,,,,"
480,480,"All living things will die, parts of germs will die, and the Earth will be destroyed",480.0,"489,0,0,1,0,,,,"
481,481,"When oxygen is gone, people die.",481.0,"490,0,0,1,0,,,,"
482,482,I can't breathe.,482.0,"491,0,0,1,0,,,,"
483,483,"People need oxygen when they breathe, but if they don't, they die because they can't breathe.",483.0,"492,0,0,1,0,,,,"
484,484,People will die because they can't breathe.,484.0,"493,0,0,1,0,,,,"
485,485,"Animals, people, and plants can die.",485.0,"494,0,0,1,0,,,,"
486,486,"Because oxygen is an ozone layer, the ozone layer will be broken and the sun's light will come in and increase the UV index",486.0,"495,0,0,1,0,,,,"
487,487,People die,487.0,"496,0,0,1,0,,,,"
488,488,"Oxygen has the property of igniting fire, so we cannot ignite it. It also allows living things to play the most important role (breathing photosynthesis, etc.) in their lives, making them unable to survive on Earth.",488.0,"497,0,0,0,0,,,,"
489,489,Earth's creatures may die from difficulty breathing,489.0,"498,0,0,0,1,,,,499,0,0,1,0,,,,"
490,490,Most of the creatures on Earth will not live.,490.0,"500,0,0,0,0,,,,"
491,491,"Even oxygenated animals such as humans, fish, birds, and carnivores will die.",491.0,"501,0,0,1,1,,,,"
492,492,I don't know.,492.0,"502,0,0,0,0,,,,"
493,493,I don't know.,493.0,"503,0,0,1,0,,,,"
494,494,All the creatures die,494.0,"504,0,0,1,1,,,,"
495,495,All living things that breathe using oxygen become uninhabitable and fire cannot be used,495.0,"505,1,1,1,0,,,,"
496,496,.,496.0,"506,0,0,0,1,,,,"
497,497,You're all going to die.,497.0,"507,0,0,1,0,,,,"
498,498,All the animals and plants on Earth will die because they cannot breathe.,498.0,"508,1,0,1,0,,,,"
499,499,Trees die and all living things die,499.0,"509,0,0,0,0,,,,"
500,500,I can't breathe and die,500.0,"510,0,0,1,0,,,,"
501,501,"Oxygen is an important thing that allows us to breathe and live, so if it's gone, we'll all die.",501.0,"511,0,0,1,0,,,,"
502,502,Animals and plants die out because they can't breathe without a fire,502.0,"512,0,0,1,0,,,,"
503,503,Oxygen is an indispensable air for us. You can't live without it.,503.0,"513,0,0,1,0,,,,"
504,504,"If oxygen is gone, living things will not survive",504.0,"514,0,0,1,0,,,,"
505,505,You can't see the sky blue. Neither plants nor animals can live.,505.0,"515,0,0,1,0,,,,"
506,506,"When oxygen is lost, people, living things, or plants die.",506.0,"516,0,0,0,0,,,,"
507,507,All living things die because they can't breathe.,507.0,"517,0,0,1,0,,,,"
508,508,"When oxygen is gone, all living things will be gone and no fire will be lit",508.0,"518,0,0,1,0,,,,"
509,509,"Without oxygen, living things cannot create cell and living energy, and then humans cannot live and do not catch fire.",509.0,"519,0,0,1,0,,,,"
510,510,"When oxygen is gone, people cannot breathe and the combustion process is impossible, so there is no fire",510.0,"520,0,0,1,0,,,,"
511,511,"When oxygen is gone, you can't breathe.",511.0,"521,0,0,1,0,,,,"
512,512,I can't breathe when oxygen is gone,512.0,"522,0,0,1,0,,,,"
513,513,"If oxygen is gone, the earth will perish. This is because animals or living things cannot live without oxygen when they breathe with oxygen, so they cannot live without oxygen.",513.0,"523,0,0,1,0,,,,"
514,514,I don't know.,514.0,"524,0,0,1,0,,,,"
515,515,"All mankind and plants and animals will disappear, and the earth will be devastated over time.",515.0,"525,0,0,0,0,,,,"
516,516,"Plants and animals will disappear, use machines that supply oxygen that people use in space, and will not catch fire.",516.0,"526,0,0,0,0,,,,"
517,517,M and D,517.0,"527,0,0,0,0,,,,"
518,518,None.,518.0,"528,0,0,0,0,,,,"
519,519,I'm going to die,519.0,"529,0,0,0,0,,,,"
520,520,I don't know.,520.0,"530,0,0,0,0,,,,"
521,521,I can't breathe.,521.0,"531,0,0,1,0,,,,"
522,522,"Without oxygen, I can't breathe. I die",522.0,"532,0,0,1,0,,,,"
523,523,Die.,523.0,"533,0,0,1,0,,,,"
524,524,"When oxygen is gone, it dies.",524.0,"534,0,0,0,0,,,,"
525,525,All living things die,525.0,"535,0,0,1,0,,,,"
526,526,Life can't breathe.,526.0,"536,0,0,0,0,,,,"
527,527,"Oxygen helps animals breathe, so all animals die.",527.0,"537,0,0,0,0,,,,"
528,528,Die.,528.0,"538,0,0,0,0,,,,"
529,529,"When oxygen disappears, the earth dies.",529.0,"539,0,0,0,0,,,,"
530,530,"People can't breathe. Animals and plants can't breathe, they can't live",530.0,"540,0,0,1,0,,,,"
531,531,I'm not sure,531.0,"541,0,0,1,0,,,,"
532,532,"""When oxygen is gone, people exposed to sunlight get burned.",532.0,"542,0,0,1,0,,,,"
533,533,"All untreated metals adhere to each other.""",533.0,"543,0,0,0,0,,,,"
534,534,Everyone dies.,534.0,"544,0,0,0,0,,,,"
535,535,Yeah,535.0,"545,0,0,1,0,,,,"
536,536,All humans die within three minutes of burning directly from the sun.,536.0,"546,0,0,1,0,,,,"
537,537,The insect grows bigger.,537.0,"547,0,0,1,0,,,,"
538,538,You can't make energy. Animals and plants die,538.0,"548,0,0,1,0,,,,549,0,1,1,1,,,,"
539,539,"When oxygen is gone, all living things will die, plants will dry up, and a lot of water in the ocean will also evaporate",539.0,"550,0,0,1,0,,,,"
540,540,"Life becomes unable to breathe, and iron does not corrode. In addition, a combustion reaction cannot occur and the fruit does not brown.",540.0,"551,0,0,0,0,,,,"
541,541,"Because oxygen blocks harmful ultraviolet rays, living things will suffer serious burns.",541.0,"552,0,0,1,0,,,,"
542,542,"An animal needs oxygen to breathe. Therefore, if oxygen is lost, animals will not be able to live.",542.0,"553,0,0,1,0,,,,"
543,543,"When oxygen is gone, the animals that breathe using oxygen will be wiped out and the lights won't turn on.",543.0,"554,0,0,1,0,,,,"
544,544,I don't know,544.0,"555,0,0,1,0,,,,"
545,545,All living things die,545.0,"556,0,0,0,0,,,,"
546,546,"When the oxygen is gone. Once there are no trees or plants that produce oxygen, then herbivores that eat those grasses will die, carnivores that eat those herbivores will die, and we humans that eat those carnivores will die. Grains, of course, fail because they cannot grow. It's very well.",546.0,"557,0,0,0,0,,,,"
547,547,I can't breathe.,547.0,"558,0,0,0,0,,,,"
548,548,a creature can't breathe,548.0,"559,0,0,1,0,,,,"
549,549,You can't breathe if you lose oxygen.,549.0,"560,0,0,1,0,,,,"
550,550,Oxygen-breathing creatures begin to die,550.0,"561,0,0,0,0,,,,"
551,551,I don't know.,551.0,"562,0,0,1,1,,,,"
552,552,"Oxygen disappears, but the animals cannot hobble and will all die.",552.0,"563,0,0,1,0,,,,"
553,553,"When oxygen is gone, people die because they cannot breathe.",553.0,"564,0,0,1,0,,,,"
554,554,"Without oxygen, plants and animals cannot live",554.0,"565,0,0,0,0,,,,"
555,555,Animals adapted to oxygen will die,555.0,"566,0,0,1,0,,,,"
556,556,Once all living things cannot continue their life activities and the earth is destroyed,556.0,"567,0,0,1,0,,,,"
557,557,"When oxygen is gone, humans cannot live",557.0,"568,0,0,1,0,,,,"
558,558,be uninhabitable to living things,558.0,"569,0,0,1,0,,,,"
559,559,"Without oxygen, people cannot live and all living things become difficult to live.",559.0,"570,0,0,1,0,,,,"
560,560,Nam Hyun-soo,560.0,"571,0,0,1,0,,,,"
561,561,I don't know,561.0,"572,0,0,1,0,,,,"
562,562,The building collapses,562.0,"573,0,0,0,0,,,,"
563,563,I like oxygen,563.0,"574,0,0,1,0,,,,"
564,564,M and D,564.0,"575,0,0,1,0,,,,"
565,565,the d-hope,565.0,"576,0,0,1,0,,,,"
566,566,You're all going to die,566.0,"577,0,0,1,0,,,,"
567,567,"Humans cannot breathe, animals and other creatures die, and there will be nothing left on Earth.",567.0,"578,0,0,1,0,,,,"
568,568,Earth's creatures perish.,568.0,"579,0,0,0,0,,,,"
569,569,1,569.0,"580,0,0,0,0,,,,"
570,570,"Oxygen is essential to the breathing of living things, so if oxygen is lost, all living things on Earth will be lost.",570.0,"581,0,0,1,0,,,,"
571,571,1,571.0,"582,0,0,0,0,,,,"
572,572,I'm a liberal arts major,572.0,"583,0,0,1,0,,,,"
573,573,West 566ㅕ,573.0,"584,0,0,1,0,,,,"
574,574,Unknowingness,574.0,"585,0,0,1,0,,,,"
575,575,People die and plants die,575.0,"586,0,0,1,1,,,,"
576,576,Life is dying,576.0,"587,0,0,1,0,,,,"
577,577,"When oxygen is gone, all life will die.",577.0,"588,0,0,1,0,,,,"
578,578,People burn to death,578.0,"589,0,0,1,1,,,,"
579,579,Unknowingness,579.0,"590,1,0,1,0,,,,"
580,580,Oxygen will all die if it is lost by the use of many lives when breathing.,580.0,"591,0,0,0,0,,,,"
581,581,The creatures die,581.0,"592,1,0,1,0,,,,"
582,582,"""1. Most life on Earth will die.",582.0,"593,0,0,1,0,,,,"
583,583,"2. Water is made up of hydrogen and oxygen, so water will disappear and hydrogen will spread to the atmosphere.",583.0,"594,0,0,1,0,,,,"
584,584,"3. The air pressure will be lowered.""",584.0,"595,0,0,1,1,,,,"
585,585,Life will die and the heat the Earth absorbs will decrease and become colder.,585.0,"596,0,0,1,0,,,,"
586,586,"""Oxygen-induced redox reaction does not occur.",586.0,"597,0,0,1,0,,,,"
587,587,Life will gradually disappear from Earth because they cannot breathe.,587.0,"598,0,0,1,0,,,,599,0,0,1,0,,,,"
588,588,"The type and number of minerals will decrease dramatically.""",588.0,"600,0,0,1,0,,,,"
589,589,"Oxygen is a necessary element for living things.So if oxygen disappears, life will disappear one by one, and eventually the Earth will become a planet without life.",589.0,"601,0,0,1,0,,,,"
590,590,Unknowingness,590.0,"602,0,0,1,0,,,,"
591,591,"People, animals, plants die because they can't breathe",591.0,"603,0,0,1,0,,,,"
592,592,"When oxygen is gone, it can become a world where animals and people cannot live",592.0,"604,0,0,1,0,,,,"
593,593,The creatures will die and the earth will be destroyed.,593.0,"605,0,0,1,0,,,,"
594,594,"When oxygen is lost, cement buildings will be separated and fine dust will increase, and life will be threatened and even animals will die because humans also need oxygen. That way, the Earth will become a nitrogenous mass planet and the plants will die.",594.0,"606,0,0,1,0,,,,"
595,595,Unknowingness,595.0,"607,0,0,1,0,,,,"
596,596,fine dust,596.0,"608,0,0,1,0,,,,"
597,597,"Without oxygen, half of humanity disappears",597.0,"609,1,0,0,0,,,,"
598,598,All living things die,598.0,"610,0,0,1,0,,,,"
599,599,People die,599.0,"611,0,0,1,0,,,,"
600,600,to be able to breathe,600.0,"612,0,0,1,0,,,,"
601,601,People can't breathe and people outdoors will suffer severe burns.,601.0,"613,0,0,1,0,,,,"
602,602,Die.,602.0,"614,0,0,1,0,,,,"
603,603,The creatures die from being unable to breathe,603.0,"615,1,0,1,0,,,,"
604,604,I don't know,604.0,"616,0,0,1,0,,,,"
605,605,All the plants and animals die and the earth becomes dry,605.0,"617,0,0,0,0,,,,"
606,606,"Without oxygen, animals and people cannot breathe",606.0,"618,0,0,0,1,,,,"
607,607,No animal or plant people will live.,607.0,"619,0,0,1,0,,,,"
608,608,"When oxygen is gone, most of it will be filled with carbon monoxide, and living creatures will die soon and plants and land will dry up.",608.0,"620,0,0,1,1,,,,"
609,609,"Oxygen is needed and used in many ways, so if it is lost, nature and humanity could be lost and destroyed.",609.0,"621,0,0,0,0,,,,"
610,610,"If oxygen is lost, people will die because they cannot survive, and fish and animals will also die.",610.0,"622,1,0,1,0,,,,"
611,611,"When oxygen is gone, plants, animals, and people die",611.0,"623,0,0,1,0,,,,"
612,612,I'm turning it off,612.0,"624,1,0,1,0,,,,"
613,613,"""I can't breathe and die.""",613.0,"625,0,0,0,0,,,,"
614,614,"""",614.0,"626,0,0,0,0,,,,"
615,615,"When oxygen is gone, people die",615.0,"627,0,0,0,0,,,,"
616,616,I die because I can't breathe,616.0,"628,0,0,1,0,,,,"
617,617,We're going to die,617.0,"629,0,1,1,0,,,,"
618,618,"Without oxygen, people can't breathe, things can't stay in shape",618.0,"630,0,0,1,0,,,,"
619,619,Chemicals made by combining oxygen will disappear,619.0,"631,0,0,1,0,,,,"
620,620,My throat hurts because I breathe when oxygen is gone. And my eyes hurt too hehe,620.0,"632,0,0,1,0,,,,"
621,621,"Trees will die out, and so will mankind",621.0,"633,0,0,0,0,,,,"
622,622,without oxygen knowing,622.0,"634,0,0,0,0,,,,"
623,623,People and animals will not be able to live in organisms that breathe using oxygen.,623.0,"635,0,0,1,0,,,,"
624,624,They're all going to die,624.0,"636,0,0,1,1,,,,"
625,625,All living things die,625.0,"637,0,0,1,0,,,,"
626,626,"When oxygen is gone, water is not produced, so living things cannot live",626.0,"638,0,0,0,0,,,,"
627,627,People and animals can't breathe and search,627.0,"639,0,0,1,0,,,,"
628,628,The living things don't live,628.0,"640,0,0,1,0,,,,"
629,629,Life becomes uninhabitable and the sea evaporates and disappears,629.0,"641,0,0,1,0,,,,"
630,630,"It won't catch fire And without oxygen, many lives die",630.0,"642,0,0,1,0,,,,"
631,631,"Without oxygen, the world changes completely in five seconds. For example, living things will become 90 percent extinct.",631.0,"643,0,0,1,0,,,,"
632,632,"Without oxygen, only properties such as nitrogen and carbon dioxide will remain in the air.This makes it difficult to breathe.You won't be able to make a fire.",632.0,"644,0,0,1,0,,,,"
633,633,"Animals and plants will be unable to breathe and various facilities will be paralyzed, and oxygen-bound chemicals will disappear.",633.0,"645,0,0,1,0,,,,"
634,634,"When oxygen is gone, we basically can't survive",634.0,"646,1,0,1,0,,,,"
635,635,"When oxygen is lost, almost all living things, including humans, die and all ecosystems are destroyed",635.0,"647,0,0,1,0,,,,"
636,636,The creatures cannot breathe and will die out,636.0,"648,0,0,1,1,,,,649,0,0,1,0,,,,"
637,637,a person's death,637.0,"650,0,0,1,0,,,,"
638,638,Life goes extinct,638.0,"651,0,0,1,0,,,,"
639,639,"When oxygen is gone, we can't breathe and the plants rot",639.0,"652,0,0,1,0,,,,"
640,640,People in the world can't breathe,640.0,"653,0,0,1,0,,,,"
641,641,Life goes extinct,641.0,"654,0,0,1,0,,,,"
642,642,The creature becomes unable to breathe.,642.0,"655,0,0,0,0,,,,"
643,643,All living things die because they cannot make energy without oxygen.,643.0,"656,0,1,0,0,,,,"
644,644,All living things are important because they cannot make energy without oxygen.,644.0,"657,0,0,1,0,,,,"
645,645,All living things are important because they cannot make energy without oxygen,645.0,"658,0,0,1,0,,,,"
646,646,"Oxygen is necessary for living things to breathe, so without oxygen, there would be no living things.",646.0,"659,0,0,1,0,,,,"
647,647,"It's necessary for living things to breathe, and if it's poor, living things",647.0,"660,0,0,1,0,,,,"
648,648,"Oxygen is necessary for living things to breathe, so without oxygen, living things will not be able to survive.",648.0,"661,1,0,1,0,,,,"
649,649,Sanso burns well and the fire goes out if the air supply is stopped,649.0,"662,0,0,1,0,,,,"
650,650,the loss of life,650.0,"663,0,0,1,0,,,,"
651,651,Life is unable to breathe and cannot survive,651.0,"664,0,0,0,0,,,,"
652,652,People die.,652.0,"665,1,0,0,0,,,,"
653,653,I can't breathe,653.0,"666,0,0,1,0,,,,"
654,654,We're going to die.,654.0,"667,0,0,1,0,,,,"
655,655,"Choking, using fire, etc",655.0,"668,1,0,1,0,,,,"
656,656,the annihilation of the earth,656.0,"669,0,0,1,0,,,,"
657,657,I don't know.,657.0,"670,0,0,1,0,,,,"
658,658,"Because the air pressure is lowered and water contains oxygen, all water is lost. Therefore, only hydrogen remains, which causes an explosion.",658.0,"671,0,0,1,1,,,,"
659,659,Animals and plants cannot live on the ground.,659.0,"672,0,0,1,0,,,,"
660,660,"Life will not be able to breathe, and air pressure will be lowered, leading to alpine disease. In addition, all components such as water containing oxygen will disappear.",660.0,"673,0,1,1,0,,,,"
661,661,"If O is lost, all molecules, including O, will have problems and the world will be lonely.",661.0,"674,1,0,1,0,,,,"
662,662,"Glucose cannot be produced, organic matter will not be allowed to pass away, life will gradually become extinct, and there will be no combustion reaction, so there will be no fire.",662.0,"675,0,0,1,0,,,,"
663,663,"When oxygen is lost, photosynthesis of the plant does not occur, and the plant disappears. When plants disappear, herbivores disappear, which shakes the carnivorous system. In other words, animals disappear due to plants, and previously humans die due to lack of oxygen. In other words, life on Earth disappears.",663.0,"676,1,0,1,0,,,,"
664,664,"When oxygen is gone, living things that breathe with oxygen die.And it doesn't catch fire in the usual way.",664.0,"677,1,0,1,0,,,,"
665,665,"As the greenhouse effect decreases, it gets cold",665.0,"678,0,1,1,0,,,,"
666,666,There won't be anyone holding a memorial service.,666.0,"679,1,1,1,0,,,,"
667,667,I don't know,667.0,"680,0,1,0,1,,,,"
668,668,Life will be impossible for living organisms that need oxygen.,668.0,"681,1,0,1,1,,,,"
669,669,"When oxygen is gone, oxygen-consuming creatures will die, and oxygen-induced oxidation will not occur. Also, the oxygen in the water disappears, so it's hard for microbes to survive",669.0,"682,0,0,1,0,,,,"
670,670,Life is gone. ㅜㅜ,670.0,"683,0,0,1,0,,,,"
671,671,"If oxygen is lost, life cannot breathe.",671.0,"684,0,0,1,0,,,,"
672,672,"Without oxygen, living things cannot breathe cells and eventually die.",672.0,"685,0,1,1,0,,,,"
673,673,Don't know,673.0,"686,0,0,0,0,,,,"
674,674,I don't know.,674.0,"687,0,0,0,0,,,,"
675,675,"All living things breathe, so they die without oxygen.",675.0,"688,0,0,1,0,,,,"
676,676,"When oxygen is lost, there is no ozone layer, which makes many living things dangerous.",676.0,"689,0,0,1,0,,,,"
677,677,All life on earth will disappear.,677.0,"690,0,0,1,0,,,,"
678,678,"If the oxygen disappears, everyone will die.",678.0,"691,0,0,1,0,,,,"
679,679,"As gas exchange does not occur in the human alveoli, chemical phosphorylation with the human TCA circuit does not occur, so ATP cannot be produced and humans will die. Likewise, organisms that need oxygen, such as animals, plants, and some aerobic microorganisms, die because their metabolism does not occur.",679.0,"692,0,0,1,0,,,,"
680,680,"Since most of the Earth's living things use oxygen to decompose organic matter, if oxygen is lost, it cannot produce energy, killing most living things except anaerobic bacteria.",680.0,"693,0,0,1,0,,,,"
681,681,Humans all die.,681.0,"694,0,0,1,0,,,,"
682,682,Animals and plants die,682.0,"695,0,0,0,0,,,,"
683,683,"Oxygen lets us breathe Therefore, without oxygen, I cannot breathe and die",683.0,"696,0,0,1,0,,,,"
684,684,"Plants die, people die",684.0,"697,1,0,1,0,,,,"
685,685,All the people die,685.0,"698,0,0,0,1,,,,699,0,0,1,0,,,,"
686,686,"""If oxygen disappears, people, of course, animals.Even the plants die because they can't breathe.",686.0,"700,0,0,0,0,,,,"
687,687,"And there's no oxygen, so there's no fire.""",687.0,"701,0,0,1,0,,,,"
688,688,"The oxygen is gone, the animals cannot breathe, and all animals die",688.0,"702,0,0,1,0,,,,"
689,689,"All living things cannot breathe, destroying the ecosystem",689.0,"703,0,0,1,0,,,,"
690,690,"""Oxygen properties: allowing humans to breathe,",690.0,"704,0,0,1,1,,,,"
691,691,"If oxygen is lost, trees, people, flowers, and animals all die.""",691.0,"705,0,0,0,0,,,,"
692,692,"Oxygen can breathe, so plants and animals cannot live without oxygen",692.0,"706,0,0,0,1,,,,"
693,693,"When oxygen is gone, we cannot breathe and die, and environmental pollution becomes more serious, making it difficult for living organisms and plants to live.",693.0,"707,0,0,1,0,,,,"
694,694,a person's death,694.0,"708,0,0,1,0,,,,"
695,695,"The air that a person needs to breathe is oxygen. If oxygen is gone, people will die and the earth will die",695.0,"709,0,0,1,0,,,,"
696,696,The animals die,696.0,"710,0,0,1,0,,,,"
697,697,"When oxygen disappears, the air is compressed and the eardrum bursts.",697.0,"711,0,0,0,0,,,,"
698,698,"When oxygen is gone, it is not acidified.",698.0,"712,0,0,1,0,,,,"
699,699,"When oxygen disappears, we cannot live.",699.0,"713,0,0,1,0,,,,"
700,700,People are dying,700.0,"714,0,0,0,0,,,,"
701,701,People die because they can't breathe and everything that moves or works by oxygen will disappear,701.0,"715,0,0,0,1,,,,"
702,702,They die because they can't breathe because they don't have oxygen,702.0,"716,0,0,0,0,,,,"
703,703,"""People can't breathe, they can't turn on the lights, and there's a lot of damage on the planet",703.0,"717,0,0,0,0,,,,"
704,704,"Global destruction happens.""",704.0,"718,0,0,0,0,,,,"
705,705,"Without oxygen, people could die because they couldn't breathe, and living things would die because they couldn't photosynthesize",705.0,"719,0,0,0,0,,,,"
706,706,"If oxygen disappears because it allows us to breathe, not only humans, but all living things on Earth die because they can't breathe",706.0,"720,0,0,0,0,,,,"
707,707,"When oxygen is gone, the earth itself becomes vacuum, so concrete buildings collapse, darken in broad daylight, and animals' eardrums explode in all the worlds",707.0,"721,0,0,0,0,,,,"
708,708,"When oxygen is gone, living things that breathe with oxygen die.And it doesn't catch fire in the usual way.",708.0,"722,0,0,0,0,,,,"
709,709,Humans and animals can't breathe,709.0,"723,0,0,0,0,,,,"
710,710,"When oxygen is lost, organisms breathing with oxygen cannot breathe and cannot live.",710.0,"724,0,0,0,0,,,,"
711,711,"We're going to die. Unless it is oxygen-free bacteria, all living things on Earth die. The fire also disappears.",711.0,"725,0,0,0,0,,,,"
712,712,Life doesn't live.,712.0,"726,0,0,0,0,,,,"
713,713,"When oxygen is gone, life cannot breathe, and all life on Earth will disappear.",713.0,"727,0,0,1,0,,,,"
714,714,"Oxygen is a substance that allows plants and animals to live through breathing, and if it disappears, plants will die out, and animals will die out, so the balance of the ecological pyramid will eventually be broken and animals will die out.",714.0,"728,0,0,0,0,,,,"
715,715,"Oxygen is an essential part of life's breathing, so living things will not be able to survive.",715.0,"729,0,0,0,0,,,,"
716,716,"All plants and animals that use oxygen to breathe will die. Also, there will be no oxidation and the bodies of animals and plants will not decay.",716.0,"730,0,0,0,0,,,,"
717,717,"If oxygen is gone, it will not catch fire. Also, when oxygen is lost, life becomes uninhabitable.",717.0,"731,0,0,0,0,,,,"
718,718,It's all going to die.,718.0,"732,0,0,0,0,,,,"
719,719,There will be no life on Earth because all living things will not be able to breathe. It will also be very dark because there will be no combustion.,719.0,"733,0,0,0,0,,,,"
720,720,"Oxygen is essential for the metabolism of living things. Therefore, in the absence of oxygen, living things die. In addition, oxygen is an essential element in which fire is formed, so fire does not occur.",720.0,"734,0,0,0,0,,,,"
721,721,"The loss of oxygen will cause the extinction of animals on Earth that generate energy through oxygen, and plants that cannot breathe will also become extinct. In addition, the disappearance of oxygen oxidation would have greatly affected the formation of human civilization.",721.0,"735,0,0,0,0,,,,"
722,722,"The loss of oxygen will kill all animals that use oxygen to breathe. Also, there will be no more chemical reactions that require oxygen, such as combustion and oxidation.",722.0,"736,0,0,0,0,,,,"
723,723,"Basically, oxygen is necessary for the breathing of other living things, including humans, so if oxygen disappears, living things can go extinct, and if oxygen disappears, 30% of the atmosphere disappears, so harmful substances from the outside world that the atmosphere can affect the biosphere.",723.0,"737,0,0,0,0,,,,"
724,724,"Oxygen is the first element of the earth's crust. Without oxygen, the crust collapses. Also, all life on Earth is wiped out within minutes because life cannot breathe. And one of the three elements of combustion, oxygen, is gone, so there are no more fires on Earth. Oxygen, which accounts for about 21% of the atmosphere, disappears and air pressure is lowered. Water on Earth is made up of oxygen and hydrogen. When oxygen disappears, all water, including the sea, turns into hydrogen, and then the Earth becomes a dry planet without water. Without water, the daily temperature difference will be extreme because the Earth receives solar radiation energy quickly and then releases Earth radiation energy quickly. Many other problems arise from the absence of water.",724.0,"738,0,0,1,0,,,,"
725,725,"Oxygen plays an important role in entering the human body and exchanging substances. Therefore, without oxygen, the release of carbon dioxide from the body will also be difficult. In other words, breathing becomes difficult. Therefore, it becomes difficult for various animals except humans to live, and plants also become difficult to live.",725.0,"739,0,0,0,0,,,,"
726,726,"Oxygen is indispensable to the respiration of all animals and plants, including humans. If this oxygen is lost, all plants and animals will die from breathing.",726.0,"740,0,0,0,0,,,,"
727,727,"""1. All animals, including breathing humans, are exterminated.",727.0,"741,0,0,0,0,,,,"
728,728,2. The atmospheric pressure is lowered.,728.0,"742,0,0,0,0,,,,"
729,729,3. The plants slowly exhale oxygen again.,729.0,"743,0,0,1,0,,,,"
730,730,"4. At least the surviving animals thrive again.""",730.0,"744,0,0,1,0,,,,"
731,731,"Once oxygen is gone, people are uncomfortable breathing. In addition, oxygen has the property of bonding well with metals, and when oxygen disappears, phenomena such as melting metals will disappear.",731.0,"745,0,0,1,0,,,,"
732,732,?,732.0,"746,0,0,1,0,,,,"
733,733,Well.,733.0,"747,0,0,0,1,,,,"
734,734,People die,734.0,"748,0,0,1,0,,,,749,0,0,0,0,,,,"
735,735,a person's death,735.0,"750,0,0,0,0,,,,"
736,736,"of living things, to be unable to live",736.0,"751,0,0,1,0,,,,"
737,737,People die,737.0,"752,0,0,1,0,,,,"
738,738,"When oxygen is gone, all living things die",738.0,"753,0,0,1,1,,,,"
739,739,The creatures die because they can't breathe,739.0,"754,0,0,0,1,,,,"
740,740,The creatures can't breathe,740.0,"755,0,0,0,1,,,,"
741,741,yes,741.0,"756,0,0,0,1,,,,"
742,742,I'm going to die,742.0,"757,0,0,1,0,,,,"
743,743,"It becomes impossible for living things to breathe, making them extinct and unable to burn.",743.0,"758,0,0,1,0,,,,"
744,744,The ecosystem is destroyed.,744.0,"759,0,0,1,1,,,,"
745,745,I can't breathe,745.0,"760,0,0,1,0,,,,"
746,746,.,746.0,"761,0,0,1,0,,,,"
747,747,Die.,747.0,"762,0,0,0,0,,,,"
748,748,All living things that use oxygen will disappear.,748.0,"763,0,0,1,0,,,,"
749,749,All living things die of suffocation because they cannot breathe.,749.0,"764,0,0,0,0,,,,"
750,750,The ozone layer will disappear and life will be destroyed by direct sunlight.,750.0,"765,0,0,1,0,,,,"
751,751,A new environment is likely to unfold.,751.0,"766,0,0,1,0,,,,"
752,752,"The composition of water is oxygen. The mule disappears. Furthermore, without water, carbon dioxide, which entered the sea during the Earth's formation, would have caused a greenhouse effect in the atmosphere, raising the temperature.",752.0,"767,0,0,1,0,,,,"
753,753,You're going to die.,753.0,"768,0,0,1,0,,,,"
754,754,"Except for anaerobic organisms, they cannot survive.",754.0,"769,0,0,1,0,,,,"
755,755,I can't breathe.,755.0,"770,0,0,1,0,,,,"
756,756,Life goes extinct.,756.0,"771,0,0,1,0,,,,"
757,757,"As soon as oxygen disappears, the building collapses. The oxygen layer inside the building holds the building, but when oxygen is gone, there is nothing to support it, so the building collapses and the eardrum bursts.",757.0,"772,1,0,0,0,,,,"
758,758,the fall of mankind,758.0,"773,0,0,0,0,,,,"
759,759,Animals that breathe using oxygen become extinct.,759.0,"774,0,0,1,0,,,,"
760,760,The organs of the body go too far.,760.0,"775,0,0,1,0,,,,"
761,761,"When oxygen is gone, the ozone layer disappears and everything on Earth melts",761.0,"776,0,0,1,0,,,,"
762,762,M and D,762.0,"777,0,0,1,0,,,,"
763,763,"Yes, yes, yes",763.0,"778,0,0,0,0,,,,"
764,764,Mall,764.0,"779,0,0,1,0,,,,"
765,765,I don't understand.,765.0,"780,0,0,1,0,,,,"
766,766,I don't understand.,766.0,"781,0,0,1,0,,,,"
767,767,I don't know.,767.0,"782,0,0,1,0,,,,"
768,768,Unknowingness,768.0,"783,1,0,1,0,,,,"
769,769,M and D,769.0,"784,0,0,1,0,,,,"
770,770,I don't understand.,770.0,"785,0,0,1,0,,,,"
771,771,I don't understand.,771.0,"786,0,0,0,0,,,,"
772,772,I don't understand.,772.0,"787,0,0,1,0,,,,"
773,773,animal extinction,773.0,"788,0,0,1,0,,,,"
774,774,M and D,774.0,"789,0,0,1,0,,,,"
775,775,I don't know.,775.0,"790,0,0,1,0,,,,"
776,776,I don't know,776.0,"791,1,0,1,0,,,,"
777,777,I don't understand.,777.0,"792,0,0,1,0,,,,"
778,778,M and D,778.0,"793,0,0,1,0,,,,"
779,779,M and D,779.0,"794,0,0,1,0,,,,"
780,780,Unknowingness,780.0,"795,0,0,1,0,,,,"
781,781,I don't know.,781.0,"796,0,0,1,0,,,,"
782,782,.,782.0,"797,0,0,1,0,,,,"
783,783,I don't understand.,783.0,"798,0,0,1,0,,,,799,0,0,1,0,,,,"
784,784,extinction of life,784.0,"800,0,0,1,0,,,,"
785,785,M and D,785.0,"801,0,0,0,0,,,,"
786,786,I don't know.,786.0,"802,0,0,1,0,,,,"
787,787,.,787.0,"803,0,0,1,0,,,,"
788,788,I don't know,788.0,"804,0,0,1,0,,,,"
789,789,"When oxygen is gone, plants don't grow fast and we humans and animals die out",789.0,"805,0,0,1,0,,,,"
790,790,"If there is only 21 percent of oxygen, the weather phenomenon will disappear, and if exposed to oxygen at high concentrations, life will be threatened",790.0,"806,0,0,1,0,,,,"
791,791,"With only 21 per cent of oxygen, the weather phenomenon will disappear, and if exposed to oxygen concentrations, life will be at risk",791.0,"807,0,0,1,0,,,,"
792,792,"With only 21 per cent of oxygen, the weather phenomenon will disappear. Exposure to oxygen at high concentrations puts life in danger.",792.0,"808,0,0,0,0,,,,"
793,793,"Everyone outdoors burns, the sky is dark even in broad daylight, all untreated metals are instantly welded, earth's crust is broken, concrete is broken, cells are gone, only one hydrogen is left, sea evaporation",793.0,"809,0,0,1,0,,,,"
794,794,"""When oxygen disappears, all life on Earth",794.0,"810,1,0,0,0,,,,"
795,795,"It's going to disappear, and there's no man in charge of the building",795.0,"811,0,0,0,0,,,,"
796,796,"[Destruction] will come """,796.0,"812,0,0,1,0,,,,"
797,797,ㄴ롳ㄹㄹㅘ허ㅏ·ㅎㄳ,797.0,"813,0,0,0,0,,,,"
798,798,People are likely to wear oxygen respirators.,798.0,"814,0,0,1,0,,,,"
799,799,You lose your breath.,799.0,"815,0,0,1,0,,,,"
800,800,Life goes extinct.,800.0,"816,0,0,1,0,,,,"
801,801,"When oxygen is gone, concrete buildings collapse and humans cannot breathe, so they all die and water is gone.",801.0,"817,0,0,1,0,,,,"
802,802,You get burned as soon as you are exposed to sunlight. This is because oxygen protects against ultraviolet rays.,802.0,"818,0,0,0,1,,,,"
803,803,People in the sun are likely to burn up,803.0,"819,0,0,1,0,,,,"
804,804,You get burned as soon as you are exposed to sunlight. Because oxygen has the property of blocking ultraviolet rays,804.0,"820,0,0,1,0,,,,"
805,805,"When oxygen disappears, the earth is destroyed because neither humans nor animals can breathe",805.0,"821,0,0,1,0,,,,"
806,806,I can't breathe The air pressure disappears,806.0,"822,0,0,0,0,,,,"
807,807,"When oxygen is gone, it burns because it receives the light from the sun, and humans can't breathe",807.0,"823,0,0,1,0,,,,"
808,808,"There is no energy available, and life forms are powerless.",808.0,"824,1,0,1,0,,,,"
809,809,I can't breathe,809.0,"825,0,0,1,0,,,,"
810,810,All the creatures in my body are powerless,810.0,"826,0,0,1,0,,,,"
811,811,"Without oxygen, most animals and people would die.",811.0,"827,0,0,1,0,,,,"
812,812,"With only 21 per cent of oxygen, the weather phenomenon will disappear.",812.0,"828,0,0,1,0,,,,"
813,813,I can't breathe because of lack of oxygen.,813.0,"829,0,0,1,0,,,,"
814,814,I can't breathe because of lack of oxygen.,814.0,"830,0,0,1,0,,,,"
815,815,Life becomes uninhabitable.,815.0,"831,0,0,0,0,,,,"
816,816,You're going to die,816.0,"832,0,0,0,0,,,,"
817,817,I can't breathe,817.0,"833,0,0,1,0,,,,"
818,818,It doesn't weld and it doesn't breathe,818.0,"834,0,0,1,0,,,,"
819,819,be uninhabitable,819.0,"835,0,0,1,0,,,,"
820,820,"Lower air pressure, no fire, changed breathing (new life)",820.0,"836,0,0,1,1,,,,"
821,821,Explosive ship,821.0,"837,0,0,1,0,,,,"
822,822,"When oxygen is gone, all living things die",822.0,"838,0,0,0,0,,,,"
823,823,"Half of the creatures die, the clouds disappear, and the earth gets hot",823.0,"839,0,0,1,0,,,,"
824,824,death from being unable to breathe,824.0,"840,0,0,0,1,,,,"
825,825,"First, humans die, creatures don't live",825.0,"841,0,0,1,0,,,,"
826,826,Air is a gas,826.0,"842,0,0,0,0,,,,"
827,827,People can't breathe,827.0,"843,0,0,1,0,,,,"
828,828,"Without oxygen, we breathe. Without oxygen, we can't breathe",828.0,"844,0,0,0,0,,,,"
829,829,People and animals do not live.,829.0,"845,1,0,1,1,,,,"
830,830,I can't breathe.,830.0,"846,0,0,0,0,,,,"
831,831,"When oxygen disappears, it will be hard to breathe and will not catch fire.",831.0,"847,0,0,1,0,,,,"
832,832,"Without oxygen, it becomes a vacuum and all people and animals die because they cannot breathe.",832.0,"848,0,0,1,0,,,,849,0,0,1,0,,,,"
833,833,"When oxygen disappears, atmospheric pressure decreases and weight decreases. The disappearance of oxygen suggests the death of aerobic organisms.",833.0,"850,0,0,1,0,,,,"
834,834,Trees eat carbon dioxide and take in oxygen,834.0,"851,0,0,1,0,,,,"
835,835,"When the Earth is in a vacuum, there is no oxygen to breathe in, so no living thing can live in",835.0,"852,0,0,0,0,,,,"
836,836,"When oxygen disappears, people disappear",836.0,"853,0,0,1,0,,,,"
837,837,"Without oxygen, almost all living things would disappear.",837.0,"854,0,0,1,0,,,,"
838,838,"If oxygen is gone, you won't be able to breathe and the creatures will die.",838.0,"855,0,0,1,0,,,,"
839,839,"No fire, no man alive",839.0,"856,0,0,1,1,,,,"
840,840,People will not live and other creatures will not live well.,840.0,"857,0,0,0,0,,,,"
841,841,"Without oxygen, all life on Earth dies.",841.0,"858,0,0,0,1,,,,"
842,842,"Consumers can't buy, people can't buy",842.0,"859,0,0,1,0,,,,"
843,843,You can't breathe without oxygen.,843.0,"860,0,0,1,0,,,,"
844,844,the destruction of the earth,844.0,"861,1,0,1,0,,,,"
845,845,"A creature needs water and oxygen to live, but if it loses oxygen, it dies",845.0,"862,0,0,1,0,,,,"
846,846,"Without oxygen, various creatures on Earth will die.",846.0,"863,0,0,0,1,,,,"
847,847,"Because most life requires oxygen in the process of metabolizing matter, almost all life would be extinct without oxygen.",847.0,"864,0,0,0,0,,,,"
848,848,The metabolism of life cannot happen.,848.0,"865,0,0,1,0,,,,"
849,849,Only anaerobic bacteria will survive.,849.0,"866,0,0,1,0,,,,"
850,850,Mitochondria degenerate. I can't live without it.,850.0,"867,0,0,1,0,,,,"
851,851,People die.,851.0,"868,0,0,1,0,,,,"
852,852,It will be difficult to survive.,852.0,"869,0,1,0,0,,,,"
853,853,"Without oxygen, organisms cannot breathe and various chemical reactions do not occur.",853.0,"870,0,0,1,0,,,,"
854,854,Almost all living things will go extinct.,854.0,"871,1,1,1,0,,,,"
855,855,People die.,855.0,"872,0,0,1,0,,,,"
856,856,There will be creatures that do not use oxygen,856.0,"873,0,0,1,0,,,,"
857,857,"Life Death, Anaerobic Bacteria Outbreak",857.0,"874,1,1,1,0,,,,"
858,858,The combustion cannot happen.,858.0,"875,1,0,1,0,,,,"
859,859,be hard to live in,859.0,"876,0,0,1,0,,,,"
860,860,inability to breathe,860.0,"877,1,0,1,1,,,,"
861,861,"Wow, tell me the answer",861.0,"878,0,0,1,0,,,,"
862,862,"If there's no oxygen, I'll die",862.0,"879,0,0,1,0,,,,"
863,863,Oxygen-using creatures die from lack of oxygen,863.0,"880,1,0,1,0,,,,"
864,864,"When oxygen is gone, people can't breathe and die",864.0,"881,1,1,1,1,,,,"
865,865,Once all the plants will die.,865.0,"882,0,0,1,0,,,,"
866,866,"When the oxygen that occupies the top part of the crust disappears, the crust collapses.",866.0,"883,0,0,1,0,,,,"
867,867,"If oxygen is lost, most of the life on Earth will be lost.",867.0,"884,0,0,1,0,,,,"
868,868,"All living creatures, such as people, animals, and plants, will die.",868.0,"885,0,0,0,0,,,,"
869,869,Collapse,869.0,"886,0,0,1,0,,,,"
870,870,Oxygen is the source of life,870.0,"887,0,0,1,0,,,,"
871,871,the annihilation of the earth,871.0,"888,0,0,1,0,,,,"
872,872,"If oxygen is gone, all living things on Earth will die and not start a fire",872.0,"889,0,0,1,0,,,,"
873,873,Breathe in oxygen,873.0,"890,0,0,1,0,,,,"
874,874,People die,874.0,"891,0,0,1,1,,,,"
875,875,You die. It's natural.,875.0,"892,0,1,1,0,,,,"
876,876,I can't breathe,876.0,"893,0,0,1,0,,,,"
877,877,Almost all living things die.,877.0,"894,1,0,0,1,,,,"
878,878,People disappear from the world because they can't breathe.,878.0,"895,0,0,1,1,,,,"
879,879,I don't know,879.0,"896,0,0,1,0,,,,"
880,880,It becomes difficult for humans to live.,880.0,"897,0,0,0,0,,,,"
881,881,"Without oxygen, you die",881.0,"898,1,0,1,0,,,,899,0,0,1,1,,,,"
882,882,I don't think we'll be able to breathe if oxygen is gone,882.0,"900,0,0,1,0,,,,"
883,883,Many creatures die.,883.0,"901,,,,,,,,"
884,884,Earth's atmospheric temperature rises dramatically due to the death of humans and the disappearance of the five layers,884.0,"902,,,,,,,,"
885,885,Man dies.,885.0,"903,8.0%,3.6%,73.6%,8.8%,,,,"
886,886,"Without oxygen, only carbon dioxide will gather, so global warming will worsen",,
887,887,The reason why humans die is that humans need oxygen to live.,,
888,888,The ecosystem is destroyed.,,
889,889,The creatures will die out because they cannot breathe.,,
890,890,Oxygen will reduce the probability of spreading the fire.,,
891,891,Humans and plants go extinct in no time,,
892,892,I DONT KNOW,,
893,893,The animal will be unable to breathe and the fire will not be available. Water will not even exist.,,
894,894,.,,
895,895,People die,,
896,896,The creatures that live on Earth will become extinct.,,
897,897,Die.,,
898,898,There is no man alive.,,
899,899,the death of living things,,
900,900,Well.,,
901,901,I can't breathe,,
902,902,Oxygen lets you breathe.,,
903,903,All animals are dead,,
904,904,"When oxygen is lost, oxygen-breathing organisms disappear, and the amount of carbon dioxide released by oxygen-breathing organisms is reduced, and photosynthetic organisms are mostly Earth's producers, so many consumers in the ecosystem can be affected and extinct",,
905,905,d,,
906,906,"When oxygen disappears, the earth's soil disappears",,
907,907,All living things that breathe die,,
908,908,"Many animals and aerobic bacteria, including humans, will become extinct.",,
909,909,I can't breathe. It won't light up.,,
910,910,Animals and plants die and humans die,,
911,911,The ozone layer is destroyed.,,
912,912,Good!,,
913,913,Many creatures will die out because they cannot breathe.,,
914,914,Most life forms that breathe oxygen become unable to survive.,,
915,915,A lot of life won't live.,,
916,916,"When oxygen disappears, life on Earth is no longer able to breathe, so most of it goes extinct.",,
917,917,"If oxygen is gone, we cannot breathe. And when oxygen disappears, metals won't oxidize.",,
918,918,"Most living things breathe through oxygen, so if oxygen disappears, most living things will go extinct.",,
919,919,"The loss of oxygen will kill most of the life on Earth today. Also, there will be no oxidation reaction, so metals will exist as pure metals, not oxides. Also, even if the temperature rises, there will be no fire.",,
920,920,Only anaerobic respirators survive,,
921,921,A creature dies because it cannot breathe.,,
922,922,"All living things will not be able to breathe, and the metal will not be oxidized and will exist as pure metal. There will also be no combustion reaction",,
923,923,"When oxygen is alive, all living things on Earth, including humans, become difficult to live. In addition, oxygen is required for combustion, but if oxygen is lost, combustion may not be possible.",,
924,924,"Since life cannot live without oxygen, devices that discover and separate compounds containing oxygen for breathing will be distributed in everyday life.",,
925,925,"Oxygen is an essential element of animal respiration, so without it, aerobic metabolism is impossible. In addition, if there is no oxygen, you cannot light a fire, and ozone is not formed, so ultraviolet rays will be directly exposed to the surface of the earth.",,
926,926,A creature dies from being unable to breathe.,,
927,927,A creature dies from being unable to breathe.,,
928,928,There is no combustion. Oxygen-breathing creatures such as animals and humans cannot breathe.,,
929,929,"Oxygen will kill life-sustaining creatures. And it didn't burn or oxidize. If oxygen is lost, ozone will not be made well, and ultraviolet rays will be over-transmitted to the Earth.",,
930,930,"When oxygen is gone, all breathable creatures will die.",,
931,931,"Oxygen is highly involved in the respiration of living things, so if oxygen is lost, living things will not survive.",,
932,932,"Oxygen affects a lot because it is the second most common substance on Earth after nitrogen. Since it is a substance used to breathe living things, if oxygen is lost, it will be a difficult environment for living things.",,
933,933,I don't know,,
934,934,"Oxygen is an indispensable gas for life to breathe, so if oxygen is lost on Earth, all life will die.",,
935,935,"Oxygen is mostly used in the respiration of living things. If all the oxygen in the atmosphere is lost, all the organisms that used it to breathe will die out.",,
936,936,Oxygen-breathing creatures die on Earth,,
937,937,"Most of the life on Earth is aerobic, so without oxygen, you can't breathe, so you'll be extinct. And plants that make nutrients out of the carbon dioxide that life exhales are also affected. And the ozone layer, which is made up of three oxygen atoms, disappears and the Earth can no longer be protected from ultraviolet rays.",,
938,938,"If oxygen is lost, the metabolism and metabolism of life will be interrupted, and life will no longer be able to live.",,
939,939,"Cellular dyspnea. No energy, no ozone layer I listen to a lot of things like ultraviolet radiation It's dangerous",,
940,940,"Once the oxygen disappears, I'll die. There's no oxidizing material. It doesn't rust. All living things that breathe with oxygen will die",,
941,941,The biggest problem is that living things cannot live. Most animals and plants need coral in the process of breathing. That's why life becomes uninhabitable.,,
942,942,"When oxygen disappears, ozone is not formed first. Therefore, only marine life will survive due to the extinction of terrestrial life. There will also be no combustion, so you won't be able to use the fire.",,
943,943,"Our crustal mantle is mostly made up of silicon dioxide, but when oxygen is gone, the Earth will be very small. And all the water on Earth will evaporate into hydrogen, and most, or almost all, of human body life will disappear. And of course, ozone will disappear, and the Earth will only have a core that contains most of course.",,
944,944,"If oxygen is lost, all living things that breathe using oxygen will die.",,
945,945,It is easier to light a fire using oxygen.,,
946,946,"When oxygen is lost, fire cannot be used, and the most basic breathing becomes impossible. Trees cannot purify the air.",,
947,947,"""Breathing life, survival x""",,
948,948,"Destroy the ozone layer, prevent UV rays, and destroy life",,
949,949,"""",,
950,950,The survival of oxygenated animals becomes dangerous.,,
951,951,Evaluation Only. Created with Aspose.Cells for Python via Java.Copyright 2003 - 2022 Aspose Pty Ltd.,,
