,Unnamed: 0,2) Why do the constellations change depending on the season?,Unnamed: 0,", q48_spin, q48_spin, q48_spin, 1, q48_spin.1"
0,0,The earth rotates,0.0,"0, 0, 1, by revolution"
1,1,This is because the earth revolves.,1.0,"1,1,0, because of the revolution,"
2,2,Because the earth rotates,2.0,"2,1, the revolution of the earth,"
3,3,The earth revolves around the sun,3.0,"3,1,0, the earth revolves around,"
4,4,"Because the earth is rotating,",4.0,"4,0,1, by revolution,"
5,5,The earth revolves around the sun,5.0,"5,1,0, because of the revolution,"
6,6,"Because the Earth is spinning, the constellations in the universe look different",6.0,"6,1,0, because the Earth revolves,"
7,7,The earth rotates,7.0,"7,0,1, because the Earth revolves,"
8,8,Because the earth revolves,8.0,"8,1,0, by the revolution of the earth,"
9,9,I do not remember.,9.0,"9,0,0, by the revolution of the earth,"
10,10,This is because the earth rotates.,10.0,"10,0,1, the earth is orbiting"
11,11,Because the earth revolves,11.0,"11,1,0, caused by revolution,"
12,12,This is because the Earth's flag orbits.,12.0,"12,1,0, occurs because of the revolution"
13,13,This is because the earth rotates.,13.0,"13,0,1, I'm in orbit"
14,14,Because of the season,14.0,"14,0,0, because the earth revolves,"
15,15,Because the earth revolves around the sun,15.0,"15,1,0, the stars are still, because the earth revolves"
16,16,Because the earth revolves around the sun,16.0,"16,0,0 because stars are still, but the Earth orbits around the sun"
17,17,It is because the earth revolves and revolves,17.0,"17,1,1 because the Earth orbits around the sun,"
18,18,Because the earth revolves,18.0,"18,1,0 ""Because the Earth is fair around the sun, and all the stars seem to be stationary,"""
19,19,Because the earth is spinning,19.0,"19,1,0, because stars are relatively stationary relative to the Earth's motion and the Earth orbits around the sun"
20,20,"Because the earth revolves around the sun,",20.0,"This is because the Earth's position changes from time to time due to 20, 1, 0, and revolution"
21,21,Because the earth revolves,21.0,"21,1,0, because the Earth's position changes due to the revolution"
22,22,"Because the sun revolves around the earth,",22.0,"22,0,0 because the star seems to have stopped, but the Earth keeps changing its position in orbit"
23,23,Because the earth revolves,23.0,"23,1,0, stars seem to be stationary, but the constellation changes because the Earth orbits"
24,24,The earth rotates and revolves,24.0,"24, 1, 1. Because it is idle,"
25,25,Because the earth revolves,25.0,"25, 1, 0, it's spinning"
26,26,"As the earth rotates, there are visible and invisible stars.",26.0,"26,0,1, the earth we live on revolves around"
27,27,Time space,27.0,"27,0,0, the constellation changes as the earth revolves"
28,28,I don't know.,28.0,"28,0,0, the earth revolves29,0,1, the earth revolves"
29,29,The earth rotates,29.0,"30,0,1, because the Earth revolves around the sun as a single reference,"
30,30,This is because the constellations seen in space change as the Earth rotates.,30.0,"31,1,0, because the Earth orbits around the sun in an elliptical orbit,"
31,31,"Since the Earth orbits the sun for a year, it seems that the constellations seen vary depending on its place.",31.0,"32,1,0, revolution of the earth,"
32,32,It is because the earth revolves.,32.0,"33,0,1, the constellation changes due to the Earth's orbit"
33,33,This is because the earth is rotating.,33.0,"34,0,0, because the Earth revolves around the sun"
34,34,The direction of the earth's rotation changes depending on the season,34.0,"35,1,0, because the Earth revolves around the sun,"
35,35,This is because the earth revolves.,35.0,"36,0,0, because the Earth revolves around the sun,"
36,36,The earth moves around the sun,36.0,"37,0,0, because the earth revolves around the sun,"
37,37,Because the seasons change.,37.0,"38,0,0, the earth revolves around the sun"
38,38,Attachment also changes because there are various constellations.,38.0,"39,1,0, because the Earth orbits around the sun"
39,39,Because the moon is spinning.,39.0,"40, 0, 0, because the Earth revolves around the sun,"
40,40,Because the weather changes depending on the season,40.0,"41,1,0, because the Earth revolves around the sun,"
41,41,"The zodiac signs that you see in spring, summer, fall, and winter are different",41.0,"Because the Earth orbits around the sun, 42,1,0,"
42,42,It's because the Earth rotates and there are constellations at the location where the Earth rotates.,42.0,"43,0,0, the earth revolves around the sun,"
43,43,I don't understand.,43.0,"This is because the Earth orbits around the sun, 44, 1, 0"
44,44,"The earth revolves around the sun, and the celestial sphere on the other side of the sun changes.",44.0,"45,0,0, because the Earth revolves around the sun,"
45,45,.,45.0,"46,1,0, because the Earth orbits around the sun,"
46,46,The earth revolves around,46.0,"Because the earth revolves around the sun, 47, 1, 1"
47,47,The earth revolves and revolves,47.0,"48, 0, 0, the earth revolves around the sun"
48,48,I don't know,48.0,"49,0,1, because the Earth revolves around the sun"
49,49,The earth rotates,49.0,"50,1,0, because the Earth orbits around the sun,"
50,50,the earth turns round,50.0,"51,1,0, because the Earth orbits around the sun,"
51,51,The earth is spinning,51.0,"52,1,0, because the Earth orbits around the sun,"
52,52,Because the earth revolves,52.0,"53,1,0, the earth revolves around the sun,"
53,53,I'll spin the wheel,53.0,"54, 0, 1, because the Earth revolves"
54,54,Because the earth rotates,54.0,"55,1,0, because the Earth revolves around,"
55,55,It is because of the revolution of the earth.,55.0,"56,1,0, because the Earth revolves,"
56,56,The Earth Spins,56.0,"57,1,0, because the earth revolves,"
57,57,the earth turns round,57.0,"58, 1, 0, the earth revolves around59, 1, 1. Because the Earth revolves around it"
58,58,This is because the earth revolves.,58.0,"60,0,0, because the Earth revolves around it,"
59,59,The earth rotates and revolves,59.0,"61,1,0, because the Earth revolves,"
60,60,I don't know.,60.0,"62,1,0, because the earth revolves"
61,61,Because the earth revolves,61.0,"63,1,0, the earth revolves around,"
62,62,This is because the earth is orbiting.,62.0,"It's because the Earth revolves around 64, 1, 0"
63,63,This is because the earth revolves.,63.0,"65,1,0, because the Earth revolves,"
64,64,This is because the earth revolves.,64.0,"66,1,0, because the Earth revolves,"
65,65,"This is because the earth revolves. In summer, the Northern Hemisphere looks toward the Milky Way, so there are fewer observable stars, but in winter, there are relatively fewer observable stars because they look at the end of the rod.",65.0,"67,1,0, because the earth revolves,"
66,66,This is because the earth revolves.,66.0,"68,1,0, the Earth revolves around,"
67,67,This is because the earth is fair.,67.0,"69, 1, 0, because the Earth revolves"
68,68,Because the earth revolves,68.0,"Because the earth revolves around 70, 1, 0"
69,69,"Because the earth revolves around the sun,",69.0,"71, 0, 0, because the Earth revolves,"
70,70,Because the earth revolves,70.0,"Because the earth revolves around 72,1,0"
71,71,The zodiac sign changes according to the zodiac sign,71.0,"73,0,0, the Earth revolves around,"
72,72,This is because the earth revolves around the sun.,72.0,"74,1,0, because the Earth revolves around the sun"
73,73,I don't know.,73.0,"75,1,0, because the Earth revolves around the sun,"
74,74,Because the earth revolves,74.0,"76,1,1 Because the Earth revolves around the sun,"
75,75,the earth turns round,75.0,"77,1,0, because the Earth revolves around the sun,"
76,76,It's because of the revolution and the rotation,76.0,"78,1,0, the Earth revolves around the sun,"
77,77,Because of the revolution of the earth,77.0,"79,0,1, because the Earth revolves around the sun"
78,78,This is because the earth revolves around the sun.,78.0,"80,1,0, because the Earth revolves around the sun,"
79,79,Because the earth rotates,79.0,"81,1,0, because the Earth revolves around the sun,"
80,80,Because the earth revolves,80.0,"82,0,0, because the earth revolves around the sun,"
81,81,Because the earth revolves,81.0,"83,1,0, the earth revolves around the sun,"
82,82,"I learned it, but I can't explain it in words.",82.0,"84,1,0, because of the revolution,"
83,83,Because the earth revolves,83.0,"85, 1, 0, because of the revolution,"
84,84,This is because the Earth coexists.,84.0,"86,1,0, because of the revolution"
85,85,"Due to the revolution of the earth, constellations vary from season to season.",85.0,"87, 1, 0, because of the revolution"
86,86,This is because the constellations seen at night vary depending on the season because the Earth orbits.,86.0,"88,1,0, because it's orbiting,89, 1, 1. Because of the revolution,"
87,87,This is because the earth orbits the sun.,87.0,"90,1,0, because it orbits"
88,88,Because the earth rotates,88.0,"91, 0, 0, because it orbits"
89,89,the movement of stars due to the rotation and coexistence of the earth,89.0,"92, 0, 1, because it's spinning"
90,90,Because the earth revolves,90.0,"93,1,0, because it's spinning,"
91,91,Because the sun rotates and the stars change,91.0,"94,0,1, because it's idling"
92,92,the rotation of the earth,92.0,"Because it's 95, 1, 0, revolution"
93,93,This is because the earth revolves.,93.0,"96,1,1 Because the Earth revolves around,"
94,94,The earth rotates,94.0,"97,0,0, because the Earth revolves,"
95,95,Because the earth revolves,95.0,"98,1,0, because the earth revolves,"
96,96,It depends on the Earth's rotation and revolution.,96.0,"Because the earth revolves around 99,0,1"
97,97,L.,97.0,"Because the Earth revolves around 100, 1, 0"
98,98,"Because the earth revolves around the sun,Because the earth rotates",98.0,"101,1,0, because the Earth revolves,"
99,99,The earth revolves around,99.0,"Because the earth revolves around 102, 0, 1"
100,100,Because the earth revolves,100.0,"Because 103,1,0, the Earth revolves"
101,101,Because the earth rotates,101.0,"104,1,0, because the Earth revolves around the sun,"
102,102,This is because the earth revolves.,102.0,"105,0,1, because the Earth revolves around the sun,"
103,103,This is because the earth revolves.,103.0,"106,1,0, because the earth revolves around the sun,"
104,104,Because the earth rotates,104.0,"This is because the Earth orbits around the sun, 107, 0"
105,105,Because the earth revolves,105.0,"108,0,0, the constellation seen at night changes because the Earth orbits around the sun,"
106,106,"C, d, c, d",106.0,"109,0,1, the constellation seen at night changes because the Earth orbits around the sun"
107,107,I don't know,107.0,"110,0,1, the constellation seen at night changes because the Earth orbits around the sun,"
108,108,The earth rotates,108.0,"111,1,0, because the Earth orbits around the sun, the constellations seen at night change"
109,109,This is because the earth rotates.,109.0,"112,0,1, because the Earth orbits around the sun,"
110,110,"Because the earth is spinning, the constellations are different depending on the season",110.0,"113,1,0, because the Earth revolves around the sun,"
111,111,It is because of the Earth's rotation.,111.0,"Because the Earth orbits around the sun, 114,0, 0"
112,112,be in a whirlwind pace,112.0,"115,0,0, because the Earth revolves around the sun"
113,113,ㅁㄹㅇ,113.0,"116,1,0, because the earth revolves around the sun,"
114,114,God's heart,114.0,"117,0,0, because the Earth revolves around the sun,"
115,115,Because the earth revolves,115.0,"Because the Earth orbits around the sun, 118, 1, 0119, 0, 0 because the Earth revolves around the sun"
116,116,The Earth's position has changed,116.0,"The constellations seen at night are different because of the orbits of 120, 1, 0"
117,117,the revolution of the earth,117.0,"121,0,0 because it orbits, the constellation seen at night changes"
118,118,Because they died then?,118.0,"The constellation seen at night is different because it orbits 122,1,1"
119,119,Because of the revolution of the earth,119.0,"123,0,0, the constellation seen at night changes because the Earth orbits"
120,120,I don't know.,120.0,"124,1,0, the constellation seen at night changes because the Earth orbits"
121,121,Because the earth revolves around,121.0,"125,1,0, because the Earth orbits around the sun, the constellations seen at night change"
122,122,The stars ran away after seeing my beauty,122.0,"126,0,0 because the Earth orbits around the sun, the constellation seen at night changes"
123,123,The earth revolves around,123.0,"127,0,0 because the Earth orbits around the sun, the constellation seen at night changes"
124,124,Because of the revolution of the earth,124.0,"128,1,0, the constellation seen at night is different because of the revolution,"
125,125,.,125.0,"129,0,0 because of the revolution, the constellation you see at night changes"
126,126,That's when-that's different,126.0,"130,1,0, the constellation seen at night changes because it orbits,"
127,127,Because the earth keeps revolving,127.0,"131,1,0, the constellation you see at night changes because it orbits"
128,128,The zodiac signs are different,128.0,"132,1,0, the constellation seen at night changes because it orbits,"
129,129,The earth passed on,129.0,"133,1,0, the constellation you see at night changes because it orbits"
130,130,The earth revolves around,130.0,"134,1,0, the constellations seen at night are different because the earth revolves,"
131,131,Because the Earth and the Sun revolve,131.0,"135,1,0, the constellation you see at night changes because the Earth orbits"
132,132,Because the earth revolves,132.0,"136,1,0, the constellation seen at night changes because the Earth orbits around the sun,"
133,133,This is because the direction of view at night changes as the earth orbits.,133.0,"137,0,1, the constellation seen at night changes because the Earth orbits around the sun"
134,134,Because the earth revolves.,134.0,"138,0,1, the constellation changes because the Earth orbits around the sun,"
135,135,Because the earth revolves,135.0,"139,0,1, the constellation changes because the Earth orbits around the sun"
136,136,Because the earth rotates on its own,136.0,"140,1,0, the constellation changes because the Earth orbits around the sun,"
137,137,"The seasons change as the earth rotates, which changes constellations.",137.0,"141,1,0, the constellation changes because the Earth orbits around the sun"
138,138,on one's bicycle,138.0,"142,1,0, constellations change because of the revolution"
139,139,The earth revolves around,139.0,"143,1,0, the constellation changes because it orbits"
140,140,Because the earth revolves,140.0,"The constellation changes because it orbits 144,1,0"
141,141,"Because the earth turns,",141.0,"145,1,0, the constellation changes because the Earth orbits"
142,142,Because the earth revolves,142.0,"146,1,0, the constellation changes because the Earth orbits"
143,143,This is because the earth revolves around the sun.,143.0,"147,1,0, the constellation changes because the Earth orbits around the sun,"
144,144,Because the earth revolves,144.0,"148,1,0, the constellation changes because the Earth orbits around the sun,149,1,0, the constellation changes because the Earth orbits around the sun,"
145,145,This is because the earth revolves.,145.0,"150,1,0, constellation changes due to orbit,"
146,146,Because the earth revolves,146.0,"151,1,0, the constellation changes because of the revolution"
147,147,Because the earth revolves,147.0,"152, 0, the constellation changes because it orbits"
148,148,The earth revolves around,148.0,"153,0,1, the constellation changes because it orbits"
149,149,This is because the earth revolves.,149.0,"154,0,1, the constellation changes because it orbits"
150,150,Because the earth revolves around the sun,150.0,"155,1,0, the constellation changes because it orbits"
151,151,The stars are different depending on the season,151.0,"156,1,0, the constellation changes because the Earth orbits"
152,152,This is because the earth rotates.,152.0,"157,1,0, the constellation changes because the Earth orbits"
153,153,Because the earth rotates,153.0,"158,1,0, the constellation changes because the Earth orbits around the sun,"
154,154,This is because the earth revolves.,154.0,"159,1,0, the constellation changes because the Earth orbits around the sun"
155,155,This is because the earth revolves.,155.0,"160,0,1,,"
156,156,Because the earth moves,156.0,"161,1,0,,"
157,157,Because the earth revolves.,157.0,"162,0,1,,"
158,158,the earth and the earthJeon,158.0,"163,1,0,,"
159,159,Because the earth rotates,159.0,"164,0,0,,"
160,160,the revolution of the earth,160.0,"165,1,0,,"
161,161,It's because the earth rotates,161.0,"166,1,0,,"
162,162,Because the earth revolves,162.0,"167,1,0,,"
163,163,ㅐ,163.0,"168,1,0,,"
164,164,It is because of the revolution of the earth.,164.0,"169,0,0,,"
165,165,"""",165.0,"170,1,1,,"
166,166,"Because of the revolution of the earth,",166.0,"171,1,0,,"
167,167,Because the earth revolves,167.0,"172,1,0,,"
168,168,Because the earth revolves around the sun.,168.0,"173,1,1,,"
169,169,Because the seasons change,169.0,"174,1,0,,"
170,170,Because the earth revolves and rotates,170.0,"175,0,1,,"
171,171,The earth revolves around,171.0,"176,1,0,,"
172,172,Because of the revolution of the earth,172.0,"177,1,0,,"
173,173,Because the earth rotates and revolves,173.0,"178,1,0,,179,1,0,,"
174,174,Because the earth revolves around and the position of the earth changes,174.0,"180,1,0,,"
175,175,Because of the Earth's rotation,175.0,"181,1,0,,"
176,176,"The earth revolves around, and the sky is different",176.0,"182,0,1,,"
177,177,This is because the earth revolves around the sun.,177.0,"183,1,1,,"
178,178,the revolution of the earth,178.0,"184,1,0,,"
179,179,This is because the earth revolves.,179.0,"185,1,0,,"
180,180,This is because the celestial body moves around as the earth orbits. (Because the position of stars on the sky changes),180.0,"186,1,0,,"
181,181,This is because the earth revolves.,181.0,"187,1,0,,"
182,182,Because the earth rotates.,182.0,"188,1,0,,"
183,183,Because the earth revolves around,183.0,"189,1,1,,"
184,184,This is because the position changes as the Earth orbits around the sun.,184.0,"190,0,0,,"
185,185,"Because of the revolution of the earth,",185.0,"191,1,0,,"
186,186,Because the earth is spinning and spinning,186.0,"192,1,0,,"
187,187,Because the earth revolves,187.0,"193,1,0,,"
188,188,Because the earth revolves,188.0,"194,1,0,,"
189,189,Because the earth is spinning,189.0,"195,1,0,,"
190,190,with the moon spinning,190.0,"196,1,1,,"
191,191,The earth revolves around,191.0,"197,1,0,,"
192,192,Because the earth revolves.,192.0,"198,1,0,,"
193,193,The earth revolves around,193.0,"199,1,0,,"
194,194,Because the earth revolves,194.0,"200,1,0,,"
195,195,Because the earth revolves around the sun,195.0,"201,1,0,,"
196,196,This is because the earth revolves and rotates.,196.0,"202,1,0,,"
197,197,"Because the earth revolves.Because the earth revolves around the sun,",197.0,"203,1,0,,"
198,198,This is because the earth revolves.,198.0,"204,0,1,,"
199,199,Because the earth revolves,199.0,"205,0,1,,"
200,200,This is because the earth is orbiting from west to east.,200.0,"206,1,0,,"
201,201,We're doing justice to the Earth's sun,201.0,"207,1,0,,"
202,202,The earth turns...,202.0,"208,1,0,,209,1,0,,"
203,203,Because the earth rotates once a year.,203.0,"210,1,0,,"
204,204,the rotation of the earth,204.0,"211,0,0,,"
205,205,It is because of the revolution of the earth.,205.0,"212,1,0,,"
206,206,the revolution of the earth,206.0,"213,1,0,,"
207,207,This is because the earth revolves.,207.0,"214,0,0,,"
208,208,Because the earth revolves,208.0,"215,1,0,,"
209,209,Because the earth revolves,209.0,"216,1,0,,"
210,210,.,210.0,"217,1,1,,"
211,211,The Earth revolves around solarism,211.0,"218,1,0,,"
212,212,The earth revolves according to the season,212.0,"219,1,0,,"
213,213,My eyesight is different,213.0,"220,0,0,,"
214,214,The earth is spinning,214.0,"221,0,1,,"
215,215,Because the earth revolves around the sun,215.0,"222,1,0,,"
216,216,This is because the earth revolves and rotates.,216.0,"223,1,0,,"
217,217,This is because the earth revolves.,217.0,"224,1,0,,"
218,218,This is because the earth revolves.,218.0,"225,1,0,,"
219,219,Because the months go up and down from season to season?,219.0,"226,0,1,,"
220,220,This is because the sky that the Earth can see changes as it rotates.,220.0,"227,0,1,,"
221,221,This is because the earth revolves around the sun.,221.0,"228,0,0,,"
222,222,This is because the earth revolves.,222.0,"229,1,0,,"
223,223,The reason why constellations vary from season to season is because of the Earth's orbit and the movement of the sun.,223.0,"230,1,0,,"
224,224,"Because of the revolution of the earth,",224.0,"231,1,0,,"
225,225,It's a lump when the earth rotates,225.0,"232,1,0,,"
226,226,It is because the earth rotates,226.0,"233,1,1,,"
227,227,"This is because when we look at the sky at the point where we can see the stars, the range of stars that we see varies from season to season",227.0,"234,0,1,,"
228,228,the revolution,228.0,"235,0,0,,"
229,229,Because the earth revolves,229.0,"236,0,0,,"
230,230,It's because of course,230.0,"237,1,0,,"
231,231,The reason why constellations vary from season to season is because of the Earth's orbit and the movement of the sun.,231.0,"238,0,0,,239,0,0,,"
232,232,as the earth rotates and revolves and revolves,232.0,"240,0,0,,"
233,233,This is because the earth rotates.,233.0,"241,0,0,,"
234,234,The stars that shine in the seasons are different,234.0,"242,1,0,,"
235,235,The sun changes,235.0,"243,0,0,,"
236,236,The earth is spinning,236.0,"244,0,0,,"
237,237,Because the stars are moving.,237.0,"245,0,0,,"
238,238,Because the stars moved.,238.0,"246,0,0,,"
239,239,The stars moved,239.0,"247,0,0,,"
240,240,The stars are different from time to time,240.0,"248,0,0,,"
241,241,"Because the earth rotates every season, the stars spin at night.",241.0,"249,1,0,,"
242,242,"It's because you look at the date, time, etc. differently.",242.0,"250,1,0,,"
243,243,Because each zodiac sign has a different location?,243.0,"251,1,0,,"
244,244,This is because constellations keep moving.,244.0,"252,1,0,,"
245,245,It depends on the season.,245.0,"253,0,0,,"
246,246,I don't know.,246.0,"254,0,1,,"
247,247,The Nash is different,247.0,"255,0,1,,"
248,248,Because the earth is moving,248.0,"256,1,1,,"
249,249,Because the earth revolves,249.0,"257,1,0,,"
250,250,Because the earth revolves,250.0,"258,1,0,,"
251,251,The earth revolves around the sun,251.0,"259,1,0,,"
252,252,Move it,252.0,"260,1,0,,"
253,253,Because the earth rotates,253.0,"261,1,0,,"
254,254,Because the earth is spinning,254.0,"262,1,0,,"
255,255,Because the earth rotates and revolves,255.0,"263,1,0,,"
256,256,The earth is spinning,256.0,"264,0,0,,"
257,257,Earth revolves around the sun and sees many stars,257.0,"265,1,0,,"
258,258,Because the earth revolves,258.0,"266,1,0,,"
259,259,Because the earth revolves,259.0,"267,1,0,,"
260,260,Because of the unprecedented situation,260.0,"268,1,0,,269,0,0,,"
261,261,This is because the earth revolves around the sun.,261.0,"270,0,0,,"
262,262,The constellations change because the earth revolves,262.0,"271,1,1,,"
263,263,God's will,263.0,"272,1,0,,"
264,264,Because the earth revolves.,264.0,"273,1,0,,"
265,265,This is because the earth revolves around the sun.,265.0,"274,1,0,,"
266,266,Because the earth revolves,266.0,"275,1,0,,"
267,267,"The Earth revolves around the sun, so constellations look different.",267.0,"276,1,0,,"
268,268,This is because the earth revolves.,268.0,"277,1,0,,"
269,269,"This is because the earth moves along the ecliptic, and the stars that can be seen at that time change.",269.0,"278,1,1,,"
270,270,Because the earth rotates and revolves,270.0,"279,1,0,,"
271,271,This is because the earth revolves.,271.0,"280,1,0,,"
272,272,The stars seen vary depending on the Earth's orbital period.,272.0,"281,1,0,,"
273,273,the revolution,273.0,"282,1,0,,"
274,274,This is because the earth revolves.,274.0,"283,1,0,,"
275,275,The earth revolves around and constellations vary depending on the zodiacal zodiacal zodiacal zodiacal zodiacal zodiac,275.0,"284,1,0,,"
276,276,Because the earth revolves around the sun,276.0,"285,0,1,,"
277,277,It's because the earth revolves around,277.0,"286,0,0,,"
278,278,This is because the earth revolves around the sun.,278.0,"287,1,0,,"
279,279,This is because the earth revolves.,279.0,"288,1,0,,"
280,280,"Because the Earth orbits around the sun, the constellations change because the positions of the stars change.",280.0,"289,0,1,,"
281,281,The earth revolves around,281.0,"290,1,0,,"
282,282,Because the earth revolves,282.0,"291,1,0,,"
283,283,It changes the way you see the stars,283.0,"292,1,0,,"
284,284,This is because the earth rotates.,284.0,"293,1,0,,"
285,285,the zodiac,285.0,"294,1,0,,"
286,286,the earth turns round,286.0,"295,1,0,,"
287,287,"Because of the revolution of the earth,",287.0,"296,0,0,,"
288,288,on one's rotation,288.0,"297,0,0,,"
289,289,The earth revolves around,289.0,"298,0,0,,299,1,0,,"
290,290,Because the earth revolves,290.0,"300,0,1,,"
291,291,Because the earth revolves,291.0,"301,1,0,,"
292,292,Because the earth revolves,292.0,"302,1,0,,"
293,293,Because the earth revolves,293.0,"303,1,0,,"
294,294,the revolution,294.0,"304,0,0,,"
295,295,I don't know.,295.0,"305,1,0,,"
296,296,on the tilt of the earththe time difference between the two sides of the sun,296.0,"306,1,0,,"
297,297,This is because the earth revolves.,297.0,"307,1,0,,"
298,298,It is because the earth rotates,298.0,"308,1,0,,"
299,299,"The Earth revolves around the sun, but the stars behind the sun cannot be seen, so the constellations seen vary depending on the change of seasons change.",299.0,"309,1,0,,"
300,300,This is because the earth revolves.,300.0,"310,1,0,,"
301,301,It's because of the revolution.,301.0,"311,1,0,,"
302,302,I don't know.,302.0,"312,1,0,,"
303,303,Because the earth revolves,303.0,"313,0,1,,"
304,304,This is because the earth revolves around the sun.,304.0,"314,1,0,,"
305,305,This is because the earth revolves.,305.0,"315,1,1,,"
306,306,The sun goes around and the earth goes around,306.0,"316,0,0,,"
307,307,It's because of course,307.0,"317,1,0,,"
308,308,the earth turns round,308.0,"318,1,0,,"
309,309,This is because the Earth orbits and the point of view of stars varies from cycle to cycle.,309.0,"319,1,0,,"
310,310,The earth revolves around,310.0,"320,1,0,,"
311,311,This is because the earth rotates around the sun.,311.0,"321,1,0,,"
312,312,This is because the earth revolves.,312.0,"322,1,0,,"
313,313,"Because of the rotation and revolution of the earth,",313.0,"323,1,0,,"
314,314,It's because the weather is different from season,314.0,"324,0,0,,"
315,315,Because the earth moves around the sun,315.0,"325,1,0,,"
316,316,"Since the earth is spinning,",316.0,"326,1,0,,"
317,317,Because the earth revolves,317.0,"327,1,0,,"
318,318,"Because the earth revolves around the sun,",318.0,"328,1,0,,329,1,0,,"
319,319,Because the earth revolves,319.0,"330,1,0,,"
320,320,the revolution of the earth,320.0,"331,1,0,,"
321,321,the revolution of the earth,321.0,"332,0,1,,"
322,322,h,322.0,"333,1,0,,"
323,323,It is because the earth is orbiting.,323.0,"334,1,0,,"
324,324,It changes because the earth revolves,324.0,"335,0,0,,"
325,325,Because the earth revolves,325.0,"336,1,0,,"
326,326,This is because the earth revolves.,326.0,"337,0,0,,"
327,327,"Because of the revolution of the earth,",327.0,"338,0,0,,"
328,328,This is because the earth revolves.,328.0,"339,0,0,,"
329,329,"Depending on the orbit of the sun, the position of the Earth and the direction of the universe at night are different",329.0,"340,1,0,,"
330,330,It is because of the rotation of the earth,330.0,"341,0,0,,"
331,331,The earth revolves around,331.0,"342,1,0,,"
332,332,Because of the empty space,332.0,"343,0,0,,"
333,333,Because the weather is different,333.0,"344,0,0,,"
334,334,The earth goes around the sun for a year and cannot see the stars.,334.0,"345,0,0,,"
335,335,I don't know,335.0,"346,1,0,,"
336,336,I don't know,336.0,"347,0,0,,"
337,337,The stars are still moving,337.0,"348,0,1,,"
338,338,It is because the earth rotates.,338.0,"349,0,0,,"
339,339,yes,339.0,"350,0,0,,"
340,340,This is because the Earth continues to orbit the sun 365 days a year.,340.0,"351,0,0,,"
341,341,ㅈ,341.0,"352,0,0,,"
342,342,The season has changed. Yes,342.0,"353,0,0,,"
343,343,The earth looks different once it goes around,343.0,"354,1,0,,"
344,344,"Because the Earth orbits once a year, stars do not move, so different stars can be seen every time.",344.0,"355,0,1,,"
345,345,It's far away,345.0,"356,0,0,,"
346,346,This is because the earth turns left.,346.0,"357,1,0,,"
347,347,"Stars are the branches of our Earth, and the shapes of the stars change around different systems.",347.0,"358,1,0,,359,1,0,,"
348,348,I don't know,348.0,"360,1,0,,"
349,349,I don't know,349.0,"361,1,0,,"
350,350,I don't know,350.0,"362,1,0,,"
351,351,Because all the zodiac signs are different,351.0,"363,0,0,,"
352,352,The Earth is circling the sun because constellations are divided according to each season.,352.0,"364,1,0,,"
353,353,The direction changes as you rotate,353.0,"365,1,0,,"
354,354,Because the earth moves,354.0,"366,0,0,,"
355,355,The earth revolves around the sun,355.0,"367,1,0,,"
356,356,Because the earth revolves.,356.0,"368,0,0,,"
357,357,"Because the earth revolves around the sun,",357.0,"369,0,0,,"
358,358,Because the earth revolves,358.0,"370,0,0,,"
359,359,The earth revolves around,359.0,"371,1,0,,"
360,360,The earth revolves around,360.0,"372,0,0,,"
361,361,Shuhua-ㅊ혀7ㅏ tongue 77ㅇㅅㅛㅇㄴㅊㅕㅅ하ㅇ-셔,361.0,"373,1,0,,"
362,362,Because the earth revolves,362.0,"374,1,0,,"
363,363,Because the earth revolves,363.0,"375,0,0,,"
364,364,ㅇㅈㄳㅂ,364.0,"376,1,0,,"
365,365,"As the Earth orbits the sun, the position of the Earth's rotation varies from season to season",365.0,"377,1,0,,"
366,366,I don't know.,366.0,"378,0,0,,"
367,367,h,367.0,"379,1,0,,"
368,368,h,368.0,"380,1,0,,"
369,369,"The Earth revolves around the sun, so the constellations seen by season change.",369.0,"381,0,0,,"
370,370,The earth revolves or rotates,370.0,"382,0,1,,"
371,371,"Because the earth is tilted 45 degrees with its axis of rotation,",371.0,"383,1,0,,"
372,372,in a whirl,372.0,"384,0,1,,"
373,373,h,373.0,"385,0,1,,"
374,374,Because the earth revolves around the sun,374.0,"386,1,0,,"
375,375,The earth revolves around,375.0,"387,0,1,,"
376,376,The angle is different,376.0,"388,0,1,,389,1,0,,"
377,377,This is because the earth revolves around the sun.,377.0,"390,1,0,,"
378,378,Because the earth is moving,378.0,"391,0,1,,"
379,379,The boys' middle school is different,379.0,"392,0,1,,"
380,380,Because the earth rotates,380.0,"393,0,1,,"
381,381,the revolution of the earth,381.0,"394,1,0,,"
382,382,The earth rotates,382.0,"395,0,1,,"
383,383,Because the earth rotates,383.0,"396,0,1,,"
384,384,The earth's doctor is spinning,384.0,"397,1,0,,"
385,385,The stars keep moving and the earth keeps spinning,385.0,"398,0,1,,"
386,386,This is because the earth rotates.,386.0,"399,1,0,,"
387,387,Because the earth revolves,387.0,"400,1,1,,"
388,388,Because the earth is spinning.,388.0,"401,1,0,,"
389,389,Because the earth rotates.,389.0,"402,0,0,,"
390,390,The earth is spinning,390.0,"403,0,1,,"
391,391,Because the earth rotates,391.0,"404,0,1,,"
392,392,This is because the earth revolves around and constellations are different from season to season,392.0,"405,0,0,,"
393,393,This is because the earth spun around.,393.0,"406,1,0,,"
394,394,the earth rotates on its axis,394.0,"407,0,0,,"
395,395,This is because constellations do not move and the earth revolves.Because the earth rotates,395.0,"408,1,0,,"
396,396,Because the earth revolves,396.0,"409,1,0,,"
397,397,The earth revolves and revolves,397.0,"410,1,0,,"
398,398,"This is because the position of the Earth changes as it orbits, so the constellation you see changes.",398.0,"411,0,0,,"
399,399,The weather changes depending on the season,399.0,"412,1,0,,"
400,400,It's because the earth is on the left,400.0,"413,1,1,,"
401,401,It's because of the rotation of the earth,401.0,"414,1,0,,"
402,402,The temperature is different,402.0,"415,1,0,,"
403,403,Because of the revolution of the earth,403.0,"416,1,0,,"
404,404,The moon rotates,404.0,"417,1,0,,"
405,405,This is because the earth revolves.,405.0,"418,1,0,,419,1,0,,"
406,406,due to the revolution of the earth,406.0,"420,0,1,,"
407,407,Because of the revolution of the earth,407.0,"421,1,1,,"
408,408,My zodiac signs move every season,408.0,"422,1,1,,"
409,409,This is because the position changes as the Earth orbits around the sun.(This is because the stars (symbols) that can be seen well in that position are different.),409.0,"423,0,1,,"
410,410,Because the earth rotates and revolves.,410.0,"424,1,0,,"
411,411,This is because the earth orbits the sun.,411.0,"425,1,0,,"
412,412,"Due to the orbit of the earth, constellations hidden by the sun can be seen seasonally.",412.0,"426,1,0,,"
413,413,This is because the earth revolves.,413.0,"427,1,0,,"
414,414,The Earth's position is different because of its rotation.,414.0,"428,1,0,,"
415,415,"Because of the Earth's movement,",415.0,"429,1,0,,"
416,416,This is because the earth is orbiting.,416.0,"430,1,0,,"
417,417,The earth rotates,417.0,"431,0,0,,"
418,418,by the rotation of the earth,418.0,"432,1,0,,"
419,419,The rotation changed the position of the Earth,419.0,"433,0,1,,"
420,420,The earth rotates,420.0,"434,1,0,,"
421,421,It is because the earth revolves around.,421.0,"435,1,0,,"
422,422,It's because of the revolution of the earth.,422.0,"436,0,0,,"
423,423,Because the earth revolves,423.0,"437,0,1,,"
424,424,the revolution of the earth,424.0,"438,1,0,,"
425,425,the revolution of the earth,425.0,"439,1,0,,"
426,426,Because the Earth orbits and the stars that we see from our perspective on Earth change,426.0,"440,0,1,,"
427,427,It depends on the sunlight because the earth revolves around solarism,427.0,"441,1,0,,"
428,428,It is because the earth rotates.,428.0,"442,1,0,,"
429,429,Because the earth revolves,429.0,"443,0,1,,"
430,430,The earth rotates on its axis.,430.0,"444,1,0,,"
431,431,"As the earth orbits, the constellations seen by season are different.",431.0,"445,0,1,,"
432,432,Because the earth revolves,432.0,"446,1,0,,"
433,433,Because it's moving,433.0,"447,1,0,,"
434,434,Because the earth rotates...?,434.0,"448,0,0,,449,1,0,,"
435,435,Because the earth revolves,435.0,"450,0,0,,"
436,436,Because it revolves around,436.0,"451,1,0,,"
437,437,"Because the earth is rotating,",437.0,"452,0,1,,"
438,438,Because the earth revolves around the sun,438.0,"453,1,0,,"
439,439,as the earth revolves around solarism,439.0,"454,0,1,,"
440,440,Because the earth rotates,440.0,"455,1,1,,"
441,441,Because the earth revolves,441.0,"456,0,1,,"
442,442,This is because the earth rotates.,442.0,"457,0,1,,"
443,443,Because of the revolution of the earth,443.0,"458,1,0,,"
444,444,This is because the earth revolves.,444.0,"459,0,1,,"
445,445,Because time passes by.,445.0,"460,1,0,,"
446,446,This is because the earth revolves.,446.0,"461,0,1,,"
447,447,Because the four seasons are always different,447.0,"462,1,0,,"
448,448,This is because the earth revolves.,448.0,"463,0,1,,"
449,449,Because the earth rotates,449.0,"464,0,1,,"
450,450,Because the earth revolves,450.0,"465,0,1,,"
451,451,This is because the time the Earth rotates varies depending on the season.,451.0,"466,1,0,,"
452,452,Because the earth revolves and revolves,452.0,"467,0,0,,"
453,453,Because the earth rotates around the stars,453.0,"468,1,0,,"
454,454,"The constellation is still, but the constellation appears to change as the Earth rotates.",454.0,"469,0,1,,"
455,455,Because the earth revolves,455.0,"470,0,1,,"
456,456,Because the earth rotates,456.0,"471,0,1,,"
457,457,The earth revolves around,457.0,"472,0,0,,"
458,458,be due to the rotation of the earth,458.0,"473,1,0,,"
459,459,The reason why the seasons change is that the earth revolves.,459.0,"474,1,0,,"
460,460,The earth rotates,460.0,"475,1,0,,"
461,461,Because the earth rotates,461.0,"476,0,1,,"
462,462,Because the earth rotates,462.0,"477,1,0,,"
463,463,Because the earth revolves,463.0,"478,1,0,,479,1,0,,"
464,464,The earth can't see the back,464.0,"480,1,0,,"
465,465,The earth revolves around the sun.,465.0,"481,1,0,,"
466,466,It is because of the Earth's rotation.,466.0,"482,1,0,,"
467,467,"Stars stay still, but the Earth rotates based on the sun, so the positions of constellations vary by season.",467.0,"483,1,0,,"
468,468,The earth rotates on its axis.,468.0,"484,0,1,,"
469,469,The location changed,469.0,"485,1,0,,"
470,470,Because the earth revolves,470.0,"486,1,0,,"
471,471,Because the earth revolves,471.0,"487,1,0,,"
472,472,This is because the earth revolves around the sun.,472.0,"488,0,0,,"
473,473,Because the earth rotates,473.0,"489,0,0,,"
474,474,The earth revolves around,474.0,"490,0,0,,"
475,475,"Because the earth revolves around the sun,",475.0,"491,0,0,,"
476,476,This is because the earth revolves.,476.0,"492,0,0,,"
477,477,Because the earth revolves,477.0,"493,0,0,,"
478,478,Because the earth revolves,478.0,"494,0,0,,"
479,479,This is because the earth revolves around the sun.,479.0,"495,0,0,,"
480,480,This is because the earth revolves around the sun.,480.0,"496,1,0,,"
481,481,The earth rotates,481.0,"497,0,0,,"
482,482,on the turn of the earth,482.0,"498,0,0,,"
483,483,This is because the earth revolves.,483.0,"499,0,0,,"
484,484,Because the earth revolves,484.0,"500,1,0,,"
485,485,I don't know,485.0,"501,0,0,,"
486,486,I don't know,486.0,"502,0,0,,"
487,487,I don't know,487.0,"503,1,0,,"
488,488,I don't know,488.0,"504,0,0,,"
489,489,I don't know,489.0,"505,1,0,,"
490,490,I don't know,490.0,"506,0,0,,"
491,491,I don't know,491.0,"507,1,0,,"
492,492,I don't understand.,492.0,"508,0,0,,509,0,0,,"
493,493,This is because the earth rotates.,493.0,"510,0,0,,"
494,494,I don't know.I don't know.,494.0,"511,0,0,,"
495,495,I don't know.,495.0,"512,1,0,,"
496,496,"Because of the Earth's orbital period,",496.0,"513,0,0,,"
497,497,Because the weather changes in the season,497.0,"514,1,0,,"
498,498,I don't know,498.0,"515,1,0,,"
499,499,"""Because the earth revolves,""",499.0,"516,1,0,,"
500,500,"""",500.0,"517,1,0,,"
501,501,I don't know,501.0,"518,1,0,,"
502,502,"Because the earth turns,",502.0,"519,1,0,,"
503,503,There's a representative constellation for the season,503.0,"520,1,0,,"
504,504,The seasons change when the earth turns.,504.0,"521,1,0,,"
505,505,Stars are moving,505.0,"522,1,0,,"
506,506,"The constellations are different in the night sky, representing long constellations.",506.0,"523,1,0,,"
507,507,I don't know.,507.0,"524,1,0,,"
508,508,I don't know,508.0,"525,1,0,,"
509,509,The earth turns,509.0,"526,1,0,,"
510,510,The stars move every hour.,510.0,"527,1,0,,"
511,511,The earth revolves around the sun,511.0,"528,0,1,,"
512,512,"Because the earth revolves around the sun,",512.0,"529,1,0,,"
513,513,"Because the earth revolves around the sun,",513.0,"530,0,0,,"
514,514,This is because the earth revolves.,514.0,"531,1,0,,"
515,515,"""",515.0,"532,0,0,,"
516,516,Because the earth revolves,516.0,"533,1,0,,"
517,517,Because the earth revolves,517.0,"534,1,0,,"
518,518,Because the earth revolves,518.0,"535,1,0,,"
519,519,Because of the revolution of the earth,519.0,"536,1,0,,"
520,520,"Because the earth orbits, the constellations we see are different.",520.0,"537,1,0,,"
521,521,The earth is spinning,521.0,"538,0,0,,539,1,0,,"
522,522,Because the earth revolves,522.0,"540,1,0,,"
523,523,"Because the earth revolves around the sun,",523.0,"541,1,0,,"
524,524,Because the earth revolves,524.0,"542,1,0,,"
525,525,Because the earth revolves,525.0,"543,1,0,,"
526,526,"Because of the Earth's rotation,",526.0,"544,1,0,,"
527,527,Because the earth revolves.,527.0,"545,1,0,,"
528,528,Ha,528.0,"546,1,0,,"
529,529,"This is because the Earth orbits the sun, and the constellations that can be seen vary from season to season.",529.0,"547,1,0,,"
530,530,"Because the earth revolves around the sun,",530.0,"548,1,0,,"
531,531,This is because the earth revolves.,531.0,"549,1,1,,"
532,532,"The reason for the change in seasons is that the Earth revolves around the sun, and as the seasons change over the year, the Earth moves to a position where certain constellations cannot be seen.",532.0,"550,0,0,,"
533,533,"This is because the earth revolves around solarism. As the Earth's position changes, so does our view of the night sky. Constellations in the eastern, western, and southern skies are always seasonal, but the northern constellations do not change much because they are near the North Pole of the celestial sphere.",533.0,"551,1,0,,"
534,534,Because the earth revolves,534.0,"552,0,0,,"
535,535,"Because the Earth orbits, the constellations that can be seen from the Earth change.",535.0,"553,1,1,,"
536,536,This is because the earth revolves around the sun.,536.0,"554,0,0,,"
537,537,"Because the earth revolves around the sun,",537.0,"555,0,0,,"
538,538,"The earth revolves around the sun. The constellation changes slightly every day because of the revolution. As the Earth orbits the solar system, its position changes, and its view of the universe changes. Because the position of viewing the universe varies, constellations are also seen differently depending on the position.",538.0,"556,1,0,,"
539,539,"Depending on the location of the Earth and the Sun, constellations that must be seen from Earth to the other side of the Sun are not visible. And, because the Earth revolves around the sun, the zodiac sign across the sun changes. Thus, the constellations seen on Earth change as the Earth orbits.",539.0,"557,0,1,,"
540,540,"The Earth we live on orbits counterclockwise every day, while the star is fixed in one place. Therefore, constellations keep changing.",540.0,"558,1,1,,"
541,541,"Because the earth revolves around the sun,",541.0,"559,0,1,,"
542,542,This is because the night sky seen during the night time changes every year because the earth orbits.,542.0,"560,1,0,,"
543,543,"As the Earth orbits around the sun, the position of the Earth changes, and as the position changes, the direction of the half of the Earth at night changes, and accordingly, the constellation changes according to the season.",543.0,"561,1,0,,"
544,544,"The Earth's position changes as it orbits around the sun. Since the positions of constellations are also different, the constellations that appear depending on the season change when the Earth orbits.",544.0,"562,0,0,,"
545,545,"The Earth orbits around the sun every year, changing the location of the Earth from season to season, and the types of stars seen on the Earth also change from season to season.",545.0,"563,1,0,,"
546,546,"Because the Earth orbits around the sun, the constellations and observable times that can be seen at night on Earth vary depending on the season.",546.0,"564,1,0,,"
547,547,"The positions of stars are fixed compared to the rotation of the Earth. When the Earth orbits, we can only look at stars in the opposite direction of the sun. Therefore, the positions of stars and constellations are constant, but the direction we see varies from season to season, so constellations look different from season to season.",547.0,"565,1,0,,"
548,548,"Since the positional relationship between the sun and the earth varies depending on the season, there is a side where the sun seems to pass from the earth, and this side is called the ecliptic. There are constellations at intervals near the ecliptic, where the sun passes by depending on the season, is not visible by the sun's light, and constellations on the opposite side of the sun based on the Earth can be seen by reflecting the sun's light.",548.0,"566,1,0,,"
549,549,"Seasons change as the Earth orbits the Sun, in which the star remains in its position, but the relationship between the star and the Earth's position changes as the Earth orbits the Sun. Accordingly, the types of constellations seen vary from season to season.",549.0,"567,1,0,,"
550,550,"There are countless stars distributed around the sun. Because the Earth is orbiting the Sun, there are countless stars on the line when the Sun and Earth are placed on a straight line.But we only see stars on the Earth's side. Because the sun is too bright to see the stars behind it. The Earth orbits the Sun for a year, and the constellations that can be seen change according to this orbit. In addition, the seasons change depending on the revolution, so the constellations that appear depending on the season eventually change.",550.0,"568,1,0,,569,1,0,,"
551,551,"The position of the star remains unchanged, but the earth rotates and rotates. We are located in different places in spring, summer, fall, and winter. So when we look at the stars at night, we will observe the stars in that position. Since the earth orbits the sun once a year, the constellations that can be seen every season change in Korea, which is four seasons a year.",551.0,"570,1,0,,"
552,552,"This is because the earth revolves around solarism. Due to the revolution, not only the constellations change according to the season, but also the performance movement of the sun appears.",552.0,"571,0,0,,"
553,553,Because the earth is moving.,553.0,"572,1,1,,"
554,554,"Because the earth revolves around each other in the east,",554.0,"573,1,0,,"
555,555,by rotation,555.0,"574,1,0,,"
556,556,the rotation and revolution of the earth,556.0,"575,0,0,,"
557,557,Because the earth rotates,557.0,"576,1,0,,"
558,558,This is because the sky we can see changes as the Earth orbits around the sun.,558.0,"577,1,0,,"
559,559,The earth revolves,559.0,"578,1,0,,"
560,560,It seems to depend on whether the constellation is in the direction of the sun or not,560.0,"579,1,0,,"
561,561,the revolution of the earth,561.0,"580,1,0,,"
562,562,The earth revolves around,562.0,"581,1,0,,"
563,563,The earth revolves around,563.0,"582,0,1,,"
564,564,It's because the earth is spinning.,564.0,"583,1,0,,"
565,565,This is because the earth revolves.,565.0,"584,0,0,,"
566,566,in a whirl,566.0,"585,1,0,,"
567,567,Because the Earth revolves around and the space seen at night changes,567.0,"586,1,0,,"
568,568,Because the earth revolves around the sun,568.0,"587,0,1,,"
569,569,The zodiac sign exists in different places,569.0,"588,1,0,,"
570,570,Because the earth is spinning and spinning,570.0,"589,1,0,,"
571,571,The earth revolves around and changes its position,571.0,"590,1,0,,"
572,572,The earth revolves around,572.0,"591,1,0,,"
573,573,The seasons are different,573.0,"592,1,0,,"
574,574,Because the earth revolves,574.0,"593,1,0,,"
575,575,This is because the earth revolves around the sun.,575.0,"594,1,0,,"
576,576,Because the earth revolves,576.0,"595,1,0,,"
577,577,It is because the earth revolves along Cheondo Island,577.0,"596,0,0,,"
578,578,This is because the earth revolves around the sun.,578.0,"597,0,0,,"
579,579,It's because the Earth revolves,579.0,"598,1,0,,599,0,0,,"
580,580,Because the earth rotates,580.0,"600,1,1,,"
581,581,This is because the earth revolves around the sun.,581.0,"601,0,0,,"
582,582,This is because the earth revolves around the sun.,582.0,"602,0,1,,"
583,583,The earth revolves around,583.0,"603,1,0,,"
584,584,This is because the earth revolves.,584.0,"604,1,0,,"
585,585,by the rotation of the earth,585.0,"605,1,0,,"
586,586,It's because it's revolving,586.0,"606,0,1,,"
587,587,It's going to be on the same time,587.0,"607,1,0,,"
588,588,Because the earth revolves,588.0,"608,1,0,,"
589,589,This is because the earth orbits the sun.,589.0,"609,1,0,,"
590,590,This is because the earth revolves around the sun.,590.0,"610,1,0,,"
591,591,This is because the earth revolves around the sun.,591.0,"611,1,0,,"
592,592,Because the earth revolves,592.0,"612,1,0,,"
593,593,The earth revolves aroundIt's spinning,593.0,"613,1,0,,"
594,594,I'm sorry,594.0,"614,1,0,,"
595,595,The earth revolves around,595.0,"615,0,0,,"
596,596,I created a constellation,596.0,"616,1,0,,"
597,597,Because the earth revolves and rotates,597.0,"617,1,0,,"
598,598,Don't know,598.0,"618,1,0,,"
599,599,The earth rotates,599.0,"619,1,0,,"
600,600,It's because the Earth revolves,600.0,"620,1,0,,"
601,601,Because the earth orbits the sun,601.0,"621,1,0,,"
602,602,The earth revolves because the stars stay still.,602.0,"622,1,0,,"
603,603,The earth rotates,603.0,"623,1,0,,"
604,604,Because the earth is orbiting,604.0,"624,1,0,,"
605,605,This is because the background stars stay still and the earth revolves.,605.0,"625,1,0,,"
606,606,The earth revolves around,606.0,"626,0,0,,"
607,607,The Earth's location is different. The view is different depending on the location,607.0,"627,0,1,,"
608,608,This is because the earth revolves.,608.0,"628,1,0,,629,0,0,,"
609,609,This is because the relative positions of the sun and the moon change as the earth orbits.,609.0,"630,0,0,,"
610,610,This is because the earth revolves.,610.0,"631,1,0,,"
611,611,This is because the earth revolves.,611.0,"632,1,0,,"
612,612,I don't know.,612.0,"633,1,0,,"
613,613,This is because the earth revolves around the sun.,613.0,"634,1,0,,"
614,614,This is because the earth revolves.,614.0,"635,1,0,,"
615,615,Because the earth revolves,615.0,"636,1,0,,"
616,616,the revolution,616.0,"637,1,0,,"
617,617,This is because the earth revolves.,617.0,"638,0,1,,"
618,618,"As the Earth orbits, the visible region changes",618.0,"639,1,0,,"
619,619,Constellations vary from season to season because the Earth orbits the sun.,619.0,"640,0,0,,"
620,620,This is because the earth revolves.,620.0,"641,1,0,,"
621,621,This is because the earth revolves around the sun.,621.0,"642,1,0,,"
622,622,Because the earth revolves,622.0,"643,1,0,,"
623,623,Let's see. Sexy,623.0,"644,1,0,,"
624,624,This is because the earth rotates.,624.0,"645,1,0,,"
625,625,Because the earth revolves,625.0,"646,1,0,,"
626,626,The temperature seems to change everything,626.0,"647,1,0,,"
627,627,This is because the position changes as the Earth orbits.,627.0,"648,0,0,,"
628,628,"As the Earth orbits, the constellations change because the places you see at night change.",628.0,"649,0,1,,"
629,629,Because Earth's orbit is an ellipse,629.0,"650,0,0,,"
630,630,Because the earth revolves,630.0,"651,1,1,,"
631,631,Because the earth revolves,631.0,"652,1,0,,"
632,632,Because the earth revolves,632.0,"653,1,0,,"
633,633,This is because the position changes as the Earth orbits.,633.0,"654,1,0,,"
634,634,Because the earth revolves.,634.0,"655,1,0,,"
635,635,Because the earth rotates,635.0,"656,0,0,,"
636,636,Constellations vary because the direction the Earth looks at night varies depending on the season.,636.0,"657,1,1,,"
637,637,"As time went by,",637.0,"658,1,0,,659,0,0,,"
638,638,"Because the earth revolves around the sun,",638.0,"660,1,0,,"
639,639,The earth revolves around the sun,639.0,"661,1,1,,"
640,640,This is because the earth revolves.,640.0,"662,1,0,,"
641,641,"The Earth orbits around the sun once a year, and accordingly, the direction of the universe viewed from the Earth changes at midnight.",641.0,"663,1,0,,"
642,642,The location of the Earth has changed,642.0,"664,1,0,,"
643,643,This is because the earth revolves.,643.0,"665,0,1,,"
644,644,The constellations seen in the night sky change because the earth revolves around the sun.,644.0,"666,1,1,,"
645,645,Because stars are fixed in position and the earth keeps orbiting the sun,645.0,"667,0,0,,"
646,646,Because the earth rotates,646.0,"668,1,0,,"
647,647,The zodiac sign always changes at night because the season changes depending on the birthday,647.0,"669,1,0,,"
648,648,This is because the earth rotates and revolves.,648.0,"670,1,0,,"
649,649,The location of the Earth has changed,649.0,"671,1,0,,"
650,650,This is because the Earth's position changes as it orbits,650.0,"672,1,0,,"
651,651,Because the earth revolves,651.0,"673,1,0,,"
652,652,"Because the earth revolves, constellations change from season to season.",652.0,"674,0,0,,"
653,653,Because there are constellations that can be seen in each season.,653.0,"675,0,1,,"
654,654,The earth rotates around the sun once a day,654.0,"676,1,0,,"
655,655,It's because the position changes as the earth revolves,655.0,"677,1,0,,"
656,656,"This is because NASA, a U.S. puppet group, broadcasts a false video by wrapping the flat earth where we live in a dome-shaped structure.",656.0,"678,1,0,,"
657,657,It's because the Earth revolves around and the position it sees changes,657.0,"679,0,0,,"
658,658,Because the earth rotates,658.0,"680,1,0,,"
659,659,This is because the earth revolves,659.0,"681,1,0,,"
660,660,Because the earth revolves,660.0,"682,1,0,,"
661,661,The earth revolves around,661.0,"683,0,1,,"
662,662,It's because it rotates,662.0,"684,1,0,,"
663,663,Because the Earth rotates on its own and revolves around the sun,663.0,"685,1,0,,"
664,664,Paddle,664.0,"686,1,0,,"
665,665,This is because the earth rotates.,665.0,"687,0,0,,"
666,666,The earth revolves around the sun,666.0,"688,1,0,,689,1,0,,"
667,667,the revolution of the earth,667.0,"690,1,0,,"
668,668,Because of the unprecedented situation,668.0,"691,1,0,,"
669,669,the revolution,669.0,"692,1,0,,"
670,670,"Because of the revolution of the earth,",670.0,"693,1,0,,"
671,671,I don't know,671.0,"694,1,0,,"
672,672,It is because the earth rotates,672.0,"695,1,1,,"
673,673,Because of the revolution of the earth,673.0,"696,1,0,,"
674,674,The earth revolves around,674.0,"697,1,0,,"
675,675,the earth turns round,675.0,"698,1,0,,"
676,676,I don't know.,676.0,"699,1,0,,"
677,677,Because of the revolution of the earth,677.0,"700,1,0,,"
678,678,the revolution of the earth,678.0,"701,1,0,,"
679,679,Because the earth revolves,679.0,"702,1,0,,"
680,680,The earth rotates,680.0,"703,1,0,,"
681,681,Other stars orbit the Earth.,681.0,"704,1,0,,"
682,682,This is because the earth revolves.,682.0,"705,1,0,,"
683,683,Because the earth revolves,683.0,"706,1,0,,"
684,684,The location of the Earth varies from season to season,684.0,"707,1,0,,"
685,685,Because the earth revolves around the sun,685.0,"708,1,0,,"
686,686,the revolution of the earth,686.0,"709,0,1,,"
687,687,This is because the earth revolves.,687.0,"710,1,0,,"
688,688,due to the revolution of the earth,688.0,"711,1,1,,"
689,689,"The Earth revolves around the sun and rotates once a year, because when the Earth moves, the stars in each position are different",689.0,"712,1,0,,"
690,690,The earth revolves around,690.0,"713,1,0,,"
691,691,Because the earth revolves,691.0,"714,1,0,,"
692,692,"Because the sky revolves and rotatesBecause the Earth keeps moving, the location changes",692.0,"715,1,0,,"
693,693,"As the earth revolves, you can see invisible parts.",693.0,"716,1,0,,"
694,694,"Because the earth revolves around the sun,",694.0,"717,0,0,,"
695,695,Because the earth revolves around the sun,695.0,"718,1,0,,719,1,0,,"
696,696,This is because the earth revolves.,696.0,"720,1,0,,"
697,697,Because the earth revolves,697.0,"721,1,0,,"
698,698,Because the earth revolves,698.0,"722,1,0,,"
699,699,This is because the earth revolves around the sun.,699.0,"723,1,0,,"
700,700,This is because the earth revolves around the sun.,700.0,"724,1,0,,"
701,701,Because the earth revolves,701.0,"725,1,0,,"
702,702,"Because the Earth revolves around solarism, the constellations in each direction vary from season to season",702.0,"726,1,0,,"
703,703,This is because the Earth orbits.,703.0,"727,0,0,,"
704,704,on the beat,704.0,"728,1,0,,"
705,705,This is because the earth rotates.,705.0,"729,1,0,,"
706,706,Because the earth revolves,706.0,"730,1,0,,"
707,707,It is because the earth rotates and orbits the sun,707.0,"731,0,1,,"
708,708,The constellations change because the earth revolves.,708.0,"732,1,0,,"
709,709,"Because the Earth orbits, we can see different constellations from season to season.",709.0,"733,1,0,,"
710,710,"""",710.0,"734,1,0,,"
711,711,The constellation changes because the Earth revolves around the sun and its position changes every time it turns around.,711.0,"735,1,0,,"
712,712,"As the Earth revolves around the sun, what it sees changes as the seasons change.",712.0,"736,1,0,,"
713,713,The reason why constellations change depending on the season is that the earth revolves.,713.0,"737,1,0,,"
714,714,Because the earth rotates on its axis,714.0,"738,1,0,,"
715,715,Because the Earth revolves around it and its position changes,715.0,"739,1,0,,"
716,716,The earth revolves around,716.0,"740,1,0,,"
717,717,The Earth revolves around and constellations look different.,717.0,"741,0,0,,"
718,718,Because the earth revolves,718.0,"742,0,0,,"
719,719,Because the earth revolves,719.0,"743,0,0,,"
720,720,Because the earth revolves,720.0,"744,0,0,,"
721,721,Because the earth revolves,721.0,"745,1,0,,"
722,722,Because the earth revolves,722.0,"746,1,1,,"
723,723,Because the earth revolves,723.0,"747,1,1,,"
724,724,I don't know.,724.0,"748,1,0,,749,1,0,,"
725,725,in a whirl,725.0,"750,1,0,,"
726,726,Because the earth revolves,726.0,"751,0,0,,"
727,727,Because the earth revolves,727.0,"752,1,0,,"
728,728,"Because the earth rotates, the constellations that are visible from season to season are different",728.0,"753,1,0,,"
729,729,"Because the earth revolves around the sun,",729.0,"754,1,0,,"
730,730,This is because the earth revolves.,730.0,"755,1,0,,"
731,731,This is because the earth revolves.,731.0,"756,1,0,,"
732,732,This is because the earth revolves.,732.0,"757,0,1,,"
733,733,Because of the revolution of the earth,733.0,"758,1,0,,"
734,734,The earth revolves around,734.0,"759,1,1,,"
735,735,Because of the revolution of the earth,735.0,"760,1,1,,"
736,736,the revolution,736.0,"761,1,0,,"
737,737,Because the earth revolves,737.0,"762,1,0,,"
738,738,Because the days change,738.0,"763,1,1,,"
739,739,I don't know,739.0,"764,1,0,,"
740,740,I don't know.,740.0,"765,1,0,,"
741,741,I don't know.,741.0,"766,1,0,,"
742,742,in a whirl,742.0,"767,1,0,,"
743,743,It's because the earth rotates around,743.0,"768,1,0,,"
744,744,the revolution of the earth,744.0,"769,1,0,,"
745,745,The star changes its position because it orbits,745.0,"770,1,0,,"
746,746,It's because of course,746.0,"771,1,0,,"
747,747,the revolution of the earth,747.0,"772,1,0,,"
748,748,Look at the Greek and Roman mythology,748.0,"773,0,0,,"
749,749,Because the earth revolves around,749.0,"774,1,0,,"
750,750,the revolution,750.0,"775,1,0,,"
751,751,Because the earth revolves,751.0,"776,1,0,,"
752,752,Because it orbits the sun,752.0,"777,1,0,,"
753,753,in the revolution of the earth,753.0,"778,1,0,,779,0,1,,"
754,754,It is because of the rotation of the sun.,754.0,"780,0,0,,"
755,755,Because the earth revolves,755.0,"781,1,0,,"
756,756,"The earth rotates, revolves, the axis of rotation is tilted, something",756.0,"782,1,0,,"
757,757,It's because the earth revolves around its rotation,757.0,"783,1,0,,"
758,758,Because the earth revolves,758.0,"784,0,0,,"
759,759,Because the earth revolves,759.0,"785,0,0,,"
760,760,This is because the earth revolves around itself.,760.0,"786,0,1,,"
761,761,"Because the earth coexists with the sun,",761.0,"787,1,0,,"
762,762,"Because of the coexistence of the earth,",762.0,"788,1,0,,"
763,763,This is because the earth revolves.,763.0,"789,1,0,,"
764,764,the revolution of the earth,764.0,"790,1,0,,"
765,765,This is because the earth revolves.,765.0,"791,1,0,,"
766,766,"Since the earth revolves around the sun,",766.0,"792,0,0,,"
767,767,"Because the earth revolves around the sun,",767.0,"793,1,0,,"
768,768,The earth is fair around the sun,768.0,"794,1,0,,"
769,769,The earth revolves around,769.0,"795,1,0,,"
770,770,The direction from the sun crab changes,770.0,"796,0,0,,"
771,771,The stars opposite the sun that can be seen in orbit change.,771.0,"797,1,0,,"
772,772,Because the earth revolves around the sun,772.0,"798,1,0,,"
773,773,Because the earth revolves,773.0,"799,1,0,,"
774,774,Because of the unprecedented situation,774.0,"800,1,0,,"
775,775,the revolution of the earth,775.0,"801,1,0,,"
776,776,The earth rotates,776.0,"802,1,0,,"
777,777,I don't understand.,777.0,"803,1,0,,"
778,778,the revolution of the earth,778.0,"804,1,0,,"
779,779,the earth turns round,779.0,"805,1,0,,"
780,780,The earth revolves around,780.0,"806,1,0,,"
781,781,the motion of the celestial body,781.0,"807,1,0,,"
782,782,The climate is different,782.0,"808,1,0,,809,1,1,,"
783,783,Because the earth rotates,783.0,"810,1,1,,"
784,784,This is because the Earth orbits and the stars on the celestial sphere change.,784.0,"811,1,0,,"
785,785,This is because the earth revolves.,785.0,"812,1,0,,"
786,786,This is because the earth revolves around the sun.,786.0,"813,0,1,,"
787,787,This is because the earth revolves around the sun.,787.0,"814,1,0,,"
788,788,This is because the earth revolves around the sun.,788.0,"815,0,0,,"
789,789,I don't know.,789.0,"816,0,1,,"
790,790,This is because the Earth orbits and the Earth's position on the sun changes.,790.0,"817,1,0,,"
791,791,"As the Earth orbits, the Earth's position in space varies, so the constellations seen vary from season to season.Because the earth revolves",791.0,"818,0,1,,"
792,792,N and M,792.0,"819,1,0,,"
793,793,the revolution of the earth,793.0,"820,0,0,,"
794,794,This is because the earth rotates. The star stays still,794.0,"821,0,0,,"
795,795,Because the earth revolves,795.0,"822,1,0,,"
796,796,The constellations that can be seen as the words revolve are different.,796.0,"823,1,0,,"
797,797,Because the earth revolves,797.0,"824,1,0,,"
798,798,This is because the earth revolves.,798.0,"825,1,0,,"
799,799,This is because the earth revolves.,799.0,"826,1,0,,"
800,800,This is because the earth orbits and the stars in the sky change depending on the season.,800.0,"827,1,0,,"
801,801,the orbit of the earth,801.0,"828,0,1,,"
802,802,Because the earth revolves,802.0,"829,1,0,,"
803,803,"This is because the earth revolves. It may be less, but it is omitted because there is not enough time.",803.0,"830,1,0,,"
804,804,This is because the earth revolves.,804.0,"831,0,0,,"
805,805,Because the earth is rotating and revolving,805.0,"832,1,0,,"
806,806,The reason why constellations change depending on the season is that the Earth rotates around the sun at the same time.,806.0,"833,1,0,,"
807,807,The reason why the constellations in view change depending on the season is that the earth rotates at an inclination of 23.5 degrees.,807.0,"834,1,0,,"
808,808,"When the Earth orbits around the Sun, the constellations located behind the Sun are obscured by strong sunlight and cannot be observed on Earth, so the constellations seen vary depending on the season.",808.0,"835,0,1,,"
809,809,The reason why constellations change depending on the season is that the earth rotates and solarism revolves at the same time.,809.0,"836,0,0,,"
810,810,"As the Earth orbits around the sun, the constellations that can be seen vary depending on the season.",810.0,"837,0,1,,"
811,811,a shortage of time,811.0,"838,1,0,,839,1,0,,"
812,812,Because the zodiacal palace looks different depending on the rotation,812.0,"840,1,0,,"
813,813,This is because the earth revolves.,813.0,"841,0,1,,"
814,814,"As the Earth rotates around the sun, the view of the outside of the solar system changes. Therefore, the constellation seen varies from season to season.",814.0,"842,1,0,,"
815,815,This is because the earth revolves.,815.0,"843,1,0,,"
816,816,I'm sorry.,816.0,"844,1,0,,"
817,817,...,817.0,"845,1,0,,"
818,818,The earth revolves,818.0,"846,0,1,,"
819,819,Because the earth revolves,819.0,"847,1,0,,"
820,820,"This is because the earth revolves around the sun, and constellations are all different.",820.0,"848,1,0,,"
821,821,This is because the earth revolves around the sun.,821.0,"849,0,1,,"
822,822,This is because the earth revolves.,822.0,"850,0,0,,"
823,823,This is because the earth revolves.,823.0,"851,1,0,,"
824,824,by rotation,824.0,"852,1,0,,"
825,825,It is because of the revolution of the earth.,825.0,"853,0,1,,"
826,826,Because the earth revolves,826.0,"854,1,0,,"
827,827,M and D,827.0,"855,1,0,,"
828,828,It is because the earth revolves around.,828.0,"856,1,0,,"
829,829,Because the earth revolves,829.0,"857,1,0,,"
830,830,Because the earth revolves,830.0,"858,1,0,,"
831,831,by the rotation of the earth,831.0,"859,1,0,,"
832,832,I don't know. I don't want to write it down,832.0,"860,1,0,,"
833,833,The earth rotates,833.0,"861,1,0,,"
834,834,The earth revolves around,834.0,"862,1,0,,"
835,835,The earth revolves around,835.0,"863,1,0,,"
836,836,the revolution of the earth,836.0,"864,1,0,,"
837,837,Because the earth rotates,837.0,"865,1,0,,"
838,838,This is because the earth revolves.,838.0,"866,0,0,,"
839,839,The earth revolves around the sun,839.0,"867,1,0,,"
840,840,Because the earth revolves,840.0,"868,1,0,,869,1,0,,"
841,841,the revolution of the earth,841.0,"870,1,0,,"
842,842,The earth rotates,842.0,"871,1,0,,"
843,843,Because the earth revolves,843.0,"872,1,0,,"
844,844,The earth revolves,844.0,"873,1,0,,"
845,845,The earth rotates(?),845.0,"874,1,0,,"
846,846,I'll look different because I'm different,846.0,"875,1,0,,"
847,847,The earth is revolving,847.0,"876,1,0,,"
848,848,This is because the earth orbits the sun once a year.,848.0,"877,1,0,,"
849,849,Because the earth rotates,849.0,"878,1,0,,"
850,850,The earth revolves around,850.0,"879,1,0,,"
851,851,Because the earth revolves,851.0,"880,1,0,,"
852,852,This is because the earth revolves around the sun.,852.0,"881,1,0,,"
853,853,Because the earth revolves,853.0,"882,1,0,,"
854,854,Because the earth revolves,854.0,"883,1,0,,"
855,855,It's because the words revolve,855.0,"884,1,0,,"
856,856,The earth revolves around the sun,856.0,"885,1,0,,"
857,857,The earth revolves around,857.0,"886,1,0,,"
858,858,The earth revolves around,858.0,"887,1,0,,"
859,859,Because the earth revolves,859.0,"888,1,0,,"
860,860,This is because the earth revolves around the center of the sun,860.0,"889,1,0,,"
861,861,Because the earth revolves around the sun,861.0,"890,1,0,,"
862,862,Because the location of the sun is all different.,862.0,"891,1,0,,"
863,863,Because the Earth is fair,863.0,"892,1,0,,"
864,864,Because it orbits the earth,864.0,"893,1,0,,"
865,865,Because the earth revolves,865.0,"894,1,0,,"
866,866,It is because of the revolution of the earth.,866.0,"895,1,0,,"
867,867,This is because the earth revolves.,867.0,"896,1,0,,"
868,868,The earth revolves around,868.0,"897,1,0,,"
869,869,Because the earth revolves around,869.0,"898,1,0,,899,0,0,,"
870,870,Because the earth revolves,870.0,"900,1,0,,"
871,871,Because the earth revolves,871.0,"901,1,0,,"
872,872,This is because the earth revolves around and stars are seen elsewhere.,872.0,"902,1,0,,"
873,873,Because the earth revolves,873.0,"903,0,0,,"
874,874,Because the earth coexists,874.0,"904,0,0,,"
875,875,This is because the earth revolves.,875.0,"905,1,0,,"
876,876,"This is because the Earth orbits around the sun, and you can see the constellations of two different seasons in the season.",876.0,"906,0,0,,"
877,877,"Because stars orbit the Earth, because the Earth orbits the Sun.",877.0,"907,1,0,,"
878,878,The earth is spinning,878.0,"908,0,0,,"
879,879,This is because the Earth revolves around and the visible position changes,879.0,"909,0,0,,"
880,880,This is because the Earth revolves around and the visible position changes,880.0,"910,0,0,,"
881,881,"Because the earth revolves around the sun,",881.0,"911,0,1,,"
882,882,Because the earth revolves,882.0,"912,0,0,,"
883,883,"Because the earth revolves around, the seasons change and the constellations change",883.0,"913,0,1,,"
884,884,Because it orbits depending on where the Earth is,884.0,"914,0,1,,"
885,885,The earth revolves around,885.0,"915,1,0,,"
886,886,"Because the earth revolves, the constellations that are visible vary from season to season",886.0,"916,1,0,,"
887,887,"Because the earth revolves, the constellations that are visible vary depending on the season.",887.0,"917,1,1,,"
888,888,"Because the earth revolves around, the seasons change and look like that's why?",888.0,"918,1,1,,"
889,889,"Because the earth revolves around, the seasons change and look like that's why?",889.0,"919,0,1,,"
890,890,This is because the earth revolves.Because the earth revolves,890.0,"920,0,0,,"
891,891,This is because constellations change as the earth orbits.,891.0,"921,0,1,,"
892,892,"As the Earth orbits, the constellations that can be seen change.",892.0,"922,0,1,,"
893,893,"Because the earth revolves around the sun,",893.0,"923,0,1,,"
894,894,This is because the night sky varies from season to season.,894.0,"924,1,0,,"
895,895,"Because the earth is spinning,",895.0,"925,0,0,,"
896,896,Because the earth is spinning,896.0,"926,0,0,,"
897,897,It's because of the revolution on Earth,897.0,"927,1,0,,"
898,898,:(,898.0,"928,1,0,,929,1,0,,"
899,899,I don't know,899.0,"930,1,0,,"
900,900,Because the earth revolves,900.0,"931,1,0,,"
901,901,.,901.0,"932,1,0,,"
902,902,The earth revolves around,902.0,"933,1,0,,"
903,903,The zodiac signs vary from season to season,903.0,"934,1,0,,"
904,904,Due to the temperature of the season or various properties...,904.0,"935,1,0,,"
905,905,The view is different,905.0,"936,0,0,,"
906,906,The earth rotates,906.0,"937,0,0,,"
907,907,This is because planets spin.,907.0,"938,0,0,,"
908,908,This is because the position of the star changes as the earth rotates.,908.0,"939,0,0,,"
909,909,Because the earth rotates,909.0,"940,0,0,,"
910,910,The earth is rolling in circles,910.0,"941,1,1,,"
911,911,Because the earth revolves,911.0,"942,1,0,,"
912,912,Because the earth revolves around,912.0,"943,1,0,,"
913,913,Because the earth revolves around and turns left,913.0,"944,1,0,,"
914,914,The earth rotates and other stars are visible.,914.0,"945,1,0,,"
915,915,The time the sun sets and the moon rises is different,915.0,"946,1,0,,"
916,916,The earth rotates,916.0,"947,0,0,,"
917,917,"The seasons change because the earth rotates, which is why stars change all the time^^",917.0,"948,1,0,,"
918,918,The earth rotates,918.0,"949,0,0,,"
919,919,Because the earth revolves,919.0,"950,1,0,,"
920,920,I changed my mind,920.0,"951,1,0,,"
921,921,Because the time is different at night,921.0,"952,1,0,,"
922,922,The earth revolves around,922.0,"953,0,1,,"
923,923,This is because the earth revolves around the sun.,923.0,"954,1,0,,"
924,924,The earth revolves around,924.0,"955,1,0,,"
925,925,Because the earth revolves,925.0,"956,1,0,,"
926,926,Because the earth revolves,926.0,"957,1,0,,"
927,927,The earth revolves around,927.0,"958,1,1,,959,1,0,,"
928,928,Because the earth revolves,928.0,"960,1,0,,"
929,929,"Because the earth orbits, the constellations seen at night are different.",929.0,"961,1,0,,"
930,930,Because the earth revolves,930.0,"962,1,0,,"
931,931,"Because the seasons change, I think constellations can come according to the season.",931.0,"963,1,0,,"
932,932,..,932.0,"964,1,0,,"
933,933,I don't know,933.0,"965,1,0,,"
934,934,I don't know,934.0,"966,1,0,,"
935,935,The stars are moving,935.0,"967,1,0,,"
936,936,This is because the earth revolves and rotates.,936.0,"968,1,0,,"
937,937,This is because the position of the universe in which the Earth appears to revolve is different.,937.0,"969,1,0,,"
938,938,Because the earth revolves around the sun,938.0,"970,1,1,,"
939,939,"Because the Earth orbits around the sun, the constellations seen vary depending on the season.",939.0,"971,0,0,,"
940,940,"""Because the earth revolves,",940.0,"972,0,0,,"
941,941,"""",941.0,"973,0,0,,"
942,942,This is because the earth revolves.,942.0,"974,1,0,,"
943,943,I don't know,943.0,"975,0,0,,"
944,944,It is because of the revolution of the earth.,944.0,"976,0,0,,"
945,945,I don't know,945.0,"977,0,0,,"
946,946,Because the earth revolves,946.0,"978,1,0,,"
947,947,The earth revolves around,947.0,"979,0,0,,"
948,948,It's spinning,948.0,"980,0,0,,"
949,949,Because the jig rotates.,949.0,"981,1,1,,"
950,950,It's because it's,950.0,"982,0,0,,"
951,951,Because the earth revolves,951.0,"983,0,0,,"
952,952,Because the Earth spins,952.0,"984,0,0,,"
953,953,Because the earth revolves,953.0,"985,0,0,,"
954,954,This is because the earth revolves around itself.,954.0,"986,1,1,,"
955,955,This is because the earth revolves.,955.0,"987,0,0,,"
956,956,It's because the earth is spinning,956.0,"988,0,0,,989,0,0,,"
957,957,Because the earth revolves,957.0,"990,0,0,,"
958,958,Because the earth revolves around the sun,958.0,"991,0,0,,"
959,959,Because the earth revolves,959.0,"992,0,0,,"
960,960,The reason why constellations look different depending on the season is because of the revolution of the earth.,960.0,"993,1,0,,"
961,961,This is because the earth revolves.,961.0,"994,1,0,,"
962,962,Because the earth revolves,962.0,"995,0,0,,"
963,963,"The earth revolves with its axis tilted. Thus, as the area receiving solar radiation energy changes, there is a season, so the stars that are seen change.",963.0,"996,1,0,,"
964,964,The earth revolves around,964.0,"997,0,1,,"
965,965,Because the earth revolves,965.0,"998,1,0,,"
966,966,as the earth revolves and revolves,966.0,"999,1,0,,"
967,967,Because there is a season.,967.0,"1000,0,0,,"
968,968,I don't know,968.0,"1001,1,0,,"
969,969,This is because the season and weather of constellations are different.,969.0,"1002,1,0,,"
970,970,Because the earth moves,970.0,"1003,1,0,,"
971,971,I think constellations move according to the season,971.0,"1004,1,0,,"
972,972,I don't know,972.0,"1005,1,0,,"
973,973,Because constellations change as time goes by.,973.0,"1006,1,0,,"
974,974,Because of the revolution of the earth,974.0,"1007,0,1,,"
975,975,It's supposed to be that the position of the star changes and the constellations change.,975.0,"1008,1,0,,"
976,976,I don't know.,976.0,"1009,1,0,,"
977,977,"I think it's because the Earth rotates and orbits, so the position of looking at the stars is different.",977.0,"1010,1,0,,"
978,978,Because the North Star rises differently?,978.0,"1011,0,1,,"
979,979,The stars are moving,979.0,"1012,1,0,,"
980,980,It's because the star's position is different.,980.0,"1013,1,0,,"
981,981,"Like a planet, there are stars",981.0,"1014,0,0,,"
982,982,I'm going to spin and spin,982.0,"1015,0,0,,"
983,983,Because of different debts,983.0,"1016,0,0,,"
984,984,Because the weather is different,984.0,"1017,1,0,,"
985,985,I don't know.,985.0,"1018,1,0,,1019,0,0,,"
986,986,I don't know,986.0,"1020,1,0,,"
987,987,It's because the places you see is different.,987.0,"1021,1,0,,"
988,988,?,988.0,"1022,0,0,,"
989,989,Because the earth revolvesBecause the earth revolves,989.0,"1023,0,0,,"
990,990,I don't know,990.0,"1024,0,0,,"
991,991,Because the earth revolves,991.0,"1025,1,0,,"
992,992,The earth rotates,992.0,"1026,1,0,,"
993,993,the revolution of the earth,993.0,"1027,1,0,,"
994,994,The earth revolves around,994.0,"1028,0,0,,"
995,995,Because the seasons are different,995.0,"1029,1,0,,"
996,996,Because the earth revolves,996.0,"1030,1,0,,"
997,997,Because of the revolution of the earth,997.0,"1031,1,0,,"
998,998,the earth turns round,998.0,"1032,1,0,,"
999,999,The earth revolves around and changes its position,999.0,"1033,0,0,,"
1000,1000,The earth revolves around,1000.0,"1034,1,0,,"
1001,1001,Because the earth revolves,1001.0,"1035,1,0,,"
1002,1002,Because the earth rotates,1002.0,"1036,0,0,,"
1003,1003,The earth revolves around the sun,1003.0,"1037,1,0,,"
1004,1004,This is because the earth revolves.,1004.0,"1038,0,0,,"
1005,1005,Because the earth is orbiting,1005.0,"1039,1,1,,"
1006,1006,Because the earth rotates,1006.0,"1040,0,1,,"
1007,1007,This is because the earth revolves.,1007.0,"1041,0,0,,"
1008,1008,the revolution of the earth,1008.0,"1042,0,1,,"
1009,1009,I don't know,1009.0,"1043,1,1,,"
1010,1010,I don't know. Damn it. Try it,1010.0,"1044,0,0,,"
1011,1011,Well...,1011.0,"1045,1,0,,"
1012,1012,"Because the Earth orbits around the sun once a year, the constellations seen by season vary.",1012.0,"1046,1,1,,"
1013,1013,This is because the earth revolves.,1013.0,"1047,1,0,,"
1014,1014,Well,1014.0,"1048,1,0,,1049,1,0,,"
1015,1015,It is because of the revolution of the earth.,1015.0,"1050,1,0,,"
1016,1016,This is because the position of the sun varies depending on the orbit of the earth.,1016.0,"1051,1,0,,"
1017,1017,It's because the earth turns,1017.0,"1052,1,0,,"
1018,1018,"Anyway, it's because of baldness",1018.0,"1053,1,0,,"
1019,1019,the revolution,1019.0,"1054,1,0,,"
1020,1020,"Because the earth revolves around the sun,",1020.0,"1055,1,0,,"
1021,1021,"Constellations too far from Earth on the celestial sphere appear to be relatively stationary. However, as the Earth orbits, the constellation seems to revolve around the Earth.",1021.0,"1056,1,0,,"
1022,1022,"Because the Earth's orbit changes what the constellations in space look like, the sun's performance also causes the sun to cover the stars, creating invisible constellations",1022.0,"1057,0,0,,"
1023,1023,My zodiac sign is moving,1023.0,"1058,1,0,,"
1024,1024,Stars stay still and the earth revolves around the sun.,1024.0,"1059,1,0,,"
1025,1025,This is because the Earth revolves around the sun every year.,1025.0,"1060,1,0,,"
1026,1026,This is because the earth revolves around the sun.,1026.0,"1061,1,0,,"
1027,1027,"It is caused by the revolution of the earth. In other words, it is the apparent path of the sun that moves between constellations for a year. The ecliptic is a large circle where the Earth's orbital plane orbiting the Sun and the celestial sphere meet, tilted about 23.5° to the equator of the sky. Since the spring and autumnal equinox intersect with the equator of the sky, the location of the sun is called the spring and autumnal equinox, and the summer solstice is called the summer solstice, and the winter solstice is called the winter solstice.",1027.0,"1062,1,0,,"
1028,1028,地球之 自轉,1028.0,"1063,1,0,,"
1029,1029,This is because the earth orbits the sun once a year.,1029.0,"1064,1,0,,"
1030,1030,"Stars are always there without moving on the celestial sphere, but the Earth orbits, so the position of the celestial sphere changes, so the constellation seen varies depending on the season.",1030.0,"1065,1,0,,"
1031,1031,"Through the performance movement of the sun, the sun changes its position as the moon progresses through the ecliptic. On the other hand, constellations appear to be embedded in places because they are so far from the Earth. Then, the sun moves but the constellations are fixed, so the constellations change their positions, while the constellations rise and set in the same position every time, but the sun changes, so constellations that used to rise like the sun in summer can rise after the sun sets in winter. In this case, constellations that were not seen in summer are visible in winter, so constellations vary depending on the season.",1031.0,"1066,1,0,,"
1032,1032,Constellations appear to be different because the Earth is a planet orbiting the sun and the stars are fixed points on the celestial sphere that do not move.,1032.0,"1067,0,0,,"
1033,1033,This is because constellations divide commuting.,1033.0,"1068,1,0,,"
1034,1034,"Because the earth rotates and revolves,",1034.0,"1069,1,0,,"
1035,1035,the rotation of the earth,1035.0,"1070,1,0,,"
1036,1036,Because the tilt of the Earth changes,1036.0,"1071,1,0,,"
1037,1037,Because of the bicycle,1037.0,"1072,1,0,,"
1038,1038,Because the earth rotates and the universe revolves,1038.0,"1073,1,0,,"
1039,1039,in a circle,1039.0,"1074,1,0,,"
1040,1040,The earth revolves around,1040.0,"1075,0,1,,"
1041,1041,It's spinning,1041.0,"1076,0,0,,"
1042,1042,Because the earth is spinning.,1042.0,"1077,1,0,,"
1043,1043,"Because of the revolution of the earth,",1043.0,"1078,1,0,,1079,1,0,,"
1044,1044,The earth revolves around,1044.0,"1080,0,0,,"
1045,1045,This is because the earth revolves around the sun.,1045.0,"1081,1,0,,"
1046,1046,The earth is spinning,1046.0,"1082,1,1,,"
1047,1047,"As the Earth orbits around the sun, the position of the Earth changes, and as the position of the Earth changes, the stars of the universe seen from the Earth are different.",1047.0,"1083,1,1,,"
1048,1048,Since the earth is moving,1048.0,"1084,1,0,,"
1049,1049,Because the earth revolves,1049.0,"1085,1,0,,"
1050,1050,"Because the earth revolves around it, it is different from the constellation",1050.0,"1086,1,0,,"
1051,1051,This is because the earth revolves.,1051.0,"1087,1,0,,"
1052,1052,"The Earth rotates slightly tilted around the sun, which makes the position and brightness of the star appear to vary over time.",1052.0,"1088,1,0,,"
1053,1053,the change in the constellations of the earth's orbit,1053.0,"1089,1,0,,"
1054,1054,Because the earth revolves,1054.0,"1090,1,0,,"
1055,1055,in the revolution of the earth,1055.0,"1091,1,0,,"
1056,1056,Because of the revolution of the earth,1056.0,"1092,1,0,,"
1057,1057,Because the Earth's orbit changes the position of the Earth's celestial sphere,1057.0,"1093,1,0,,"
1058,1058,the revolution,1058.0,"1094,1,0,,"
1059,1059,Because the earth revolves,1059.0,"1095,1,0,,"
1060,1060,Because the earth revolves,1060.0,"1096,1,0,,"
1061,1061,The earth revolves,1061.0,"1097,1,0,,"
1062,1062,"Because the earth is doing the music movement,",1062.0,"1098,1,0,,"
1063,1063,be due to the revolution of the earth,1063.0,"1099,1,0,,"
1064,1064,Because the earth revolves,1064.0,"1100,1,0,,"
1065,1065,the revolution of the earth,1065.0,"1101,0,0,,"
1066,1066,Because the earth revolves around the sun,1066.0,"1102,0,0,,"
1067,1067,Because the earth revolves,1067.0,"1103,1,0,,"
1068,1068,the revolution of the earth,1068.0,"1104,1,0,,"
1069,1069,This is because the earth revolves.,1069.0,"1105,1,0,,"
1070,1070,The earth rotates,1070.0,"1106,1,0,,"
1071,1071,To announce the change of seasons,1071.0,"1107,1,0,,"
1072,1072,Because the earth revolves.,1072.0,"1108,1,0,,1109,1,0,,"
1073,1073,"As the Earth orbits, the stars stay still, but the Earth moves and the constellations that can be seen from the Earth change.",1073.0,"1110,1,0,,"
1074,1074,"The earth orbits the sun every year. Therefore, the direction of the Earth's view at night varies from season to season. That's why my zodiac sign changes",1074.0,"1111,1,0,,"
1075,1075,This is because constellations are also covered by the sun's light like stars depending on the sun's performance movement.,1075.0,"1112,1,0,,"
1076,1076,This is because the earth revolves around the sun.,1076.0,"1113,0,0,,"
1077,1077,"It is because of the revolution of the earth.We see stars at night because the intense sunlight is reflected in the Earth's atmosphere, so that we can't see stars floating in the sky during the day. However, in the daytime sky, there is the opposite constellation of seasonal constellations. For example, now winter constellations are starting to appear one by one.In the middle of the day, there are summer constellations in the sky, not winter constellations. But in addition to its rotation, the Earth revolves around the sun. Then the position changes little by little as it orbits. Then the constellations seen on winter nights rise in the middle of the day in summer. That's because, compared to when the Earth is in winter, in summer, it goes halfway around and on the other side. (I researched ^_^)",1077.0,"1114,1,0,,"
1078,1078,"Stars don't move. However, the constellations seen vary from season to season because the Earth rotates in place and orbits around the sun.",1078.0,"1115,1,0,,"
1079,1079,"Because the Earth orbits, constellations continue to vary from season to season at one point on Earth.",1079.0,"1116,1,0,,"
1080,1080,"The reason why constellations change depending on the season is that the earth revolves around the sun. As the Earth orbits around the sun, the position of the Earth's constellation changes slightly from day to day, and the constellation seen from the Earth changes depending on the season.",1080.0,"1117,1,0,,"
1081,1081,"A constellation is a group of stars. This star is always there. Unlike stars, however, the Earth rotates and revolves. In the end, it can be seen that constellations change depending on the season because the earth revolves. Of course, there are constellations that are always observed even when the seasons change. (EX. Big Dipper, North Star, Cassiopeia)",1081.0,"1118,1,0,,"
1082,1082,"The Earth moves with time, or seasons. In other words, this movement is called the revolution. In addition, constellations are distributed in various ways depending on the location. So the Earth moves and the constellations we can see change.",1082.0,"1119,1,0,,"
1083,1083,"The type and location of constellations that appear to be different are different because the earth revolves, not the stars.",1083.0,"1120,1,0,,"
1084,1084,"The earth orbits once a month. As a result, if the Earth's position changes, the constellations seen from the Earth change.",1084.0,"1121,1,0,,"
1085,1085,"Because the Earth orbits once a year, the night sky we can see varies depending on the season. Due to this, the constellations seen vary from season to season.",1085.0,"1122,1,0,,"
1086,1086,"The Earth revolves around the sun, and the constellations on the back of the Earth change.",1086.0,"1123,1,0,,"
1087,1087,"As the Earth orbits once a year, the location of the Earth changes, so the places that can be seen from the Earth change. Therefore, the constellations that appear in different seasons are different.",1087.0,"1124,1,0,,"
1088,1088,"This is because the earth revolves.Stars are always floating in place. However, constellations look different from season to season because the Earth revolves around the sun and the Earth itself revolves due to the phenomenon of orbit. If the stars had turned like Earth, just as we could only see the back of the moon, no matter how much the seasons changed, only one constellation could be played.",1088.0,"1125,1,1,,"
1089,1089,"This is because the earth revolves around the sun. Because the sun and celestial bodies are stationary in place while the Earth revolves around the sun, the sun seems to be playing on Earth. And since the constellation on the side where the sun is located is not visible because it is covered by the sun, the constellation that the sun sees seems to change as it performs.",1089.0,"1126,1,0,,"
1090,1090,"As the Earth revolves around the Sun, the position of the Earth's constellations changes little by little from day to day and the constellations change according to the season.  Stars in space are so far apart that they seem to be fixed. At this time, invisible stars also appear because if the star is located on the sun's side, the sun's light is too bright to observe the star.",1090.0,"1127,1,0,,"
1091,1091,"The earth revolves around the sun, and this revolution of the earth causes seasonal changes. Because of the constellations in the universe, we can infer these Earth movements. When the earth revolves around the sun, the constellation on the side that receives sunlight does not look bright, but the constellation on the other side of the sun can be observed at night. At this time, as it orbits, the appearance of constellations changes from season to season. In other words, the difference in constellations that can be observed as the Earth orbits around the sun causes differences in constellation observation according to the season.",1091.0,"1128,1,0,,"
1092,1092,"Just as the shape of the moon changes every day, the constellation changes because the earth revolves around, there are places covered by the sun, and there are places where the sun shines.",1092.0,"1129,1,1,,"
1093,1093,"This is because as the Earth orbits, what constellations are located in the night sky changes.",1093.0,"1130,1,0,,"
1094,1094,It is because of the revolution of the earth.,1094.0,"1131,1,0,,"
1095,1095,h,1095.0,"1132,1,0,,"
1096,1096,Not interested in stars,1096.0,"1133,1,0,,"
1097,1097,Because the earth is orbiting,1097.0,"1134,0,1,,"
1098,1098,Because the earth revolves around,1098.0,"1135,1,0,,"
1099,1099,This is because the earth revolves.,1099.0,"1136,0,1,,"
1100,1100,Because of the revolution of the earth,1100.0,"1137,0,1,,"
1101,1101,Because the earth revolves,1101.0,"1138,0,1,,1139,0,0,,"
1102,1102,the revolution,1102.0,"1140,1,0,,"
1103,1103,Because the earth revolves,1103.0,"1141,1,0,,"
1104,1104,Because the earth revolves,1104.0,"1142,1,0,,"
1105,1105,This is because the landlord revolves around.,1105.0,"1143,1,0,,"
1106,1106,Because the earth revolves,1106.0,"1144,1,0,,"
1107,1107,"The earth revolves, or the moon revolves",1107.0,"1145,1,0,,"
1108,1108,This is because the earth revolves around the sun.,1108.0,"1146,1,1,,"
1109,1109,Because the earth revolves,1109.0,"1147,1,0,,"
1110,1110,Because the earth revolves,1110.0,"1148,1,0,,"
1111,1111,Because the earth revolves,1111.0,"1149,1,0,,"
1112,1112,Because the earth revolves,1112.0,"1150,1,0,,"
1113,1113,"Because the earth revolves around the sun,",1113.0,"1151,,,,"
1114,1114,The earth revolves around,1114.0,"1152,,,,"
1115,1115,This is because the earth revolves around the sun.,1115.0,"1153,69.8%,15.8%,,"
1116,1116,The earth revolves around,,
1117,1117,Because the earth revolves around the sun,,
1118,1118,"The earth revolves around the sun. Therefore, because the Earth's position changes from season to season, not only certain constellations are seen throughout the year, but also the constellations we see as the Earth moves.",,
1119,1119,Because the earth revolves around its axis,,
1120,1120,The earth revolves around the sun,,
1121,1121,Because the earth is fair,,
1122,1122,Because the earth revolves,,
1123,1123,This is because the Earth rotates around the sun.,,
1124,1124,This is because the earth revolves.,,
1125,1125,This is because the earth revolves around the sun once a year,,
1126,1126,"Because the earth revolves around the moon,",,
1127,1127,Because the earth revolves,,
1128,1128,Because the earth rotates,,
1129,1129,"As the earth revolves, constellations change from season to season",,
1130,1130,It's because the earth rotates,,
1131,1131,Because the earth rotates,,
1132,1132,Because the earth rotates,,
1133,1133,I don't know.,,
1134,1134,Because the earth revolves,,
1135,1135,"Because the Earth orbits, the seasons vary depending on the location of the Earth",,
1136,1136,The earth revolves around,,
1137,1137,"As the Earth orbits around the sun, the constellations seen vary from season to season.",,
1138,1138,Because the earth revolves around the sun,,
1139,1139,Because the earth revolves,,
1140,1140,This is because the earth rotates around,,
1141,1141,This is because the Earth orbits solarism once a year.,,
1142,1142,This is because the earth revolves around the sun.,,
1143,1143,"Because of the Earth's orbit and the sun's movement,",,
1144,1144,This is because the earth revolves.,,
1145,1145,Evaluation Only. Created with Aspose.Cells for Python via Java.Copyright 2003 - 2022 Aspose Pty Ltd.,,
