,Unnamed: 0,"5. On a hot summer day, when your body temperature rises, you naturally sweat. Your body temperature decreases after sweating, why? Let's explain in detail using the knowledge of changes in the state of matter and thermal energy.",Unnamed: 0,",q5_homogeneity,q5_heat of vaporization,q5_homogeneity1,q5_heat of vaporization.1"
0,0,I don't know.,0.0,"0,0,0... It takes away your body temperature while vaporizing"
1,1,Sweat vaporizes from the outside and the temperature drops,1.0,It takes away your body temperature
2,2,Because of the heat of vaporization,2.0,"2,0,1. Sweat takes your body temperature"
3,3,Sweat vaporizes and absorbs the heat around it,3.0,"3,0,1, vaporize"
4,4,"If you sweat, the water in your body disappears, so it lowers your body temperature and maintains homeostasis",4.0,"4,1,0...the heat is taken away by vaporization"
5,5,"By releasing sweat, heat energy is released, so body temperature is lowered because it maintains body temperature",5.0,"5, 1, 1, and the heat is taken away"
6,6,"When the skin sweats, the sweat evaporates into the air and the liquid vaporizes. In this process, the body temperature decreases because it absorbs heat from the surroundings.",6.0,"6,0,1, take the heat"
7,7,I'm trying to lower my temperature by using the heat of vaporization,7.0,"7,0,1, take your body temperature"
8,8,This is because sweat absorbs ambient heat.,8.0,"8,0,1, your body temperature is taken away"
9,9,It's because the liquid turns into a gas and loses heat,9.0,"9,0,1, take your body temperature"
10,10,"As you sweat, the sweat evaporates, and as the sweat evaporates, it absorbs heat of vaporization, and since it absorbs heat and vaporizes, our body temperature decreases relatively.",10.0,"10,0,1, the body temperature is lowered by vaporization"
11,11,This is because it evaporates with heat when vaporized.,11.0,"11,0,1, sweat vaporizes"
12,12,Exhales sweat from the body like heat. So I feel relatively cold.,12.0,"12,0,1, Sweat changes from liquid to gas"
13,13,This is because sweat releases heat energy.,13.0,"13,0,0...Sweat changes phase from liquid to gas"
14,14,This is because the body loses temperature due to heat of vaporization as sweat cools.,14.0,"14,0,1, Sweat is liquid, but it changes phase to gas"
15,15,It is because the sweat on the body takes away the heat inside the body.,15.0,"15,0,1, liquid sweat vaporizes"
16,16,"In order to maintain improvement, sweat is absorbed by absorbing heat of vaporization, and sweat evaporates to absorb heat and lower body temperature.",16.0,"16,1,1, liquid sweat turns into gas"
17,17,This is because the water that maintains the body's heat was drained by sweat.,17.0,"17,0,0... liquid sweat turns into a heated gas"
18,18,"As the liquid vaporizes, it absorbs heat of vaporization and makes the skin feel cool.",18.0,"18,0,1, liquid sweat is turned into gas by heat"
19,19,It emits heat during vaporization,19.0,"19,0,1, sweat is a liquid. This liquid vaporizes"
20,20,"In order to maintain the homeostasis of the body, the body temperature is lowered.",20.0,"20,1,0...Sweat is liquid which vaporizes"
21,21,The body temperature goes down because sweat evaporates and heat is generated,21.0,"21,0,1, because sweat vaporizes"
22,22,This is because sweat absorbs heat.,22.0,"22, 0, 1, because sweat turns into gas"
23,23,"When moisture evaporates, it evaporates by taking the ambient temperature (?). So, in the past, I used to leave a bucket of water in a hot place.",23.0,"23,0,1, because sweat becomes gas"
24,24,This is because sweat evaporates and takes away the thermal energy around it.,24.0,"24,0,1, I'm sweating"
25,25,"When sweat evaporates, it absorbs heat of vaporization, which lowers body temperature.",25.0,"25,0,1, because sweat vaporizes"
26,26,Water maintains body temperature to maintain an average temperature (36.5 degrees),26.0,"26,1,0 because sweat turns into gas"
27,27,"It's because of constancy. When the body temperature increases, more heat is discharged with waste to return to its original stable state, which is sweat. When you sweat, the heat goes out, so your body temperature decreases.",27.0,"27,1,1,1 because sweat becomes gas"
28,28,Cool off by releasing heat E during vaporization,28.0,"28,0,1, because sweat vaporizes"
29,29,"Sweat evaporates when it flows. When water evaporates, it takes away heat of vaporization from the surroundings, which lowers body temperature. Heat of vaporization is required when a liquid vaporizes.",29.0,"29,0,1, because sweat turns into gas"
30,30,It's hot when I sweat,30.0,"30,0,0... Because sweat becomes gas"
31,31,I'm sweating,31.0,"31,0,0 because sweat vaporizes"
32,32,My sweat got cold because of the wind,32.0,"32,0,0 because sweat turns into gas"
33,33,I don't know,33.0,"33,0,0 because sweat becomes gas"
34,34,I don't know,34.0,"34,0,0 because sweat vaporizes"
35,35,I don't know,35.0,"35,0,0 because sweat turns into gas"
36,36,I don't know,36.0,"36,0,0... Since sweat becomes gas,"
37,37,My sweat is cold,37.0,"37,0,0...the body temperature decreases because sweat vaporizes"
38,38,in the wind,38.0,"38,0,0...the body temperature decreases because sweat turns into gas"
39,39,"Just as water gets a little cold when the wind meets the water, sweat gets cold when the water meets the water gets cold",39.0,"39,0,0... Because sweat becomes gas, body temperature decreases"
40,40,I got a fever,40.0,"40,0,1, your body temperature drops because sweat vaporizes"
41,41,My sweat is cold,41.0,"41,0,0...the body temperature drops because sweat turns into gas"
42,42,I don't know.,42.0,"42,0,0... My body temperature drops because sweat becomes gas"
43,43,"This is because the hole in the body opens, cold air enters, and sweat comes out.",43.0,"43,0,0 because it vaporizes"
44,44,"Sweat is hot, so when it is hot, the body heats up and cools down.",44.0,"44,0,0 because it vaporizes"
45,45,The reason is that the cold wind makes the land Thermal energy is very dangerous because it's high temperature energy,45.0,"45,0,0 because it vaporizes"
46,46,Because the wind is cold,46.0,"46,0,0 because it vaporizes"
47,47,It's naturally dried,47.0,"47,0,0 because it vaporizes"
48,48,The heat is all gone with sweat,48.0,"48,0,0 because it vaporizes49,0,0 because it vaporizes"
49,49,I don't know,49.0,"50,1,0 because it vaporizes"
50,50,To control the body's temperature,50.0,"51,0,0 because sweat vaporizes"
51,51,Because it's hot,51.0,"52,0,1, because sweat vaporizes"
52,52,My sweat evaporated,52.0,"53,0,0 because sweat vaporizes"
53,53,The reason why I'm sweating is because I'm sweating to lower my body temperature,53.0,"54,0,0... Because sweat vaporizes,"
54,54,The reason why I'm sweating is because I'm sweating to lower my body temperature,54.0,"55,1,0 because sweat vaporizes"
55,55,To control the body's temperature,55.0,"56,0,1, because sweat vaporizes"
56,56,The water evaporates and takes away the heat.,56.0,"57,0,1, because sweat vaporizes"
57,57,"The reason why the body temperature decreases after releasing sweat is because of the heat energy. of the body, to be used for a change in conditions",57.0,"58,0,1, because sweat vaporizes"
58,58,It's because the sweat changed and the heat on my skin was taken away,58.0,"59,0,1, because the moisture in the sweat vaporizes"
59,59,"This is because when sweat turns into gas, it takes away the heat from the body",59.0,"60,0,0... Because the moisture in the sweat vaporizes"
60,60,My sweat is dry,60.0,"61,0,0... Because the moisture in the sweat vaporizes,"
61,61,This is because water escapes from the body.,61.0,"62,0,1, the moisture in your sweat vaporizes"
62,62,"When water is discharged by sweat, the water evaporates and takes away the energy around it.",62.0,"63,0,1, because the moisture in the sweat vaporizes"
63,63,"""The water in your body temperature evaporates",63.0,"64,0,0 because the moisture in the sweat vaporizes"
64,64,"""",64.0,"65,0,1, because the moisture in the sweat vaporizes"
65,65,"When the sweat was not discharged from the body, the body was warm at that time, but it was sweaty and watery because oxygen and sweat met outside and it was cold as the sweat cooled down",65.0,"66,0,0 because the moisture in the sweat vaporizes"
66,66,"""Sweat becomes a gas and the temperature rises, so the temperature rises around it",66.0,"67,0,0...the body temperature decreases because it vaporizes"
67,67,"""",67.0,"68,0,0...the body temperature decreases because it vaporizes"
68,68,"Because sweat releases moisture inside the body,",68.0,"69,0,0...Body temperature decreases because of vaporization"
69,69,be a stranger to,69.0,"70,0,0,1, low body temperature due to vaporization"
70,70,"Sweat is water, so it's water",70.0,"71,0,1, your body temperature decreases because you vaporize"
71,71,This is because the sweat of the body escapes out of the body.,71.0,"72,0,0...the body temperature decreases because it vaporizes"
72,72,This is because sweat evaporates and takes heat from the body.,72.0,"73,0,1, it vaporizes and lowers your body temperature"
73,73,My body's heat goes away because of sweat,73.0,"74,0,0... It vaporizes, so your body temperature decreases"
74,74,"If you sweat, your body temperature goes up, but if you sweat, your body temperature gets cold",74.0,"75,0,0...the body temperature decreases because sweat vaporizes"
75,75,Sweat comes out and it becomes steam and takes away the heat from your body,75.0,"76,0,0... Body temperature decreases because sweat vaporizes"
76,76,"When you sweat, your body temperature rises rapidly, and the moment you sweat, your body temperature decreases rapidly",76.0,"77,0,1, lower body temperature because sweat vaporizes"
77,77,"The reason why the body temperature decreases after sweating is that the body loses moisture when sweating, so the body's heat gradually decreases.",77.0,"78,0,0... Body temperature decreases because sweat vaporizes"
78,78,"If you sweat, your body generates more heat than usual, so if your sweat cools, your body temperature will inevitably decrease rapidly.",78.0,"79,0,1, your body temperature decreases because sweat vaporizes"
79,79,Sweat takes away the heat from your body and flies away,79.0,"80,0,0,0...the body temperature decreases because the sweat vaporizes"
80,80,My sweat got cold,80.0,"81,0,0... Because sweat vaporizes, body temperature decreases"
81,81,This is because sweat absorbs heat from the surroundings.,81.0,"82,0,0... Your body temperature decreases because sweat vaporizes"
82,82,It's because I lowered the ignition temperature,82.0,"83,0,1, lower body temperature because moisture in sweat vaporizes"
83,83,I don't know,83.0,"84,0,1, lower body temperature because moisture in sweat vaporizes"
84,84,Because it's hot,84.0,"85,0,0...the body temperature decreases because the moisture in the sweat vaporizes"
85,85,My body's heat escapes,85.0,"86,0,1, lower body temperature because moisture in sweat vaporizes"
86,86,Sweat prevents sunlight as it evaporates.,86.0,"87,0,1, the body temperature decreases because the moisture in the sweat vaporizes"
87,87,"""I don't know",87.0,"88,0,1, the body temperature decreases because the moisture in sweat vaporizes"
88,88,"""",88.0,"89,0,0... Your body temperature decreases because the moisture in your sweat vaporizes"
89,89,Because sweat releases heat outside.,89.0,"90,0,0,0... Your body temperature decreases because the moisture in your sweat vaporizes"
90,90,It's because a lot of heat comes out from sweat,90.0,"91,0,1, Vaporizing leads to lower body temperature"
91,91,It's because the heat goes away,91.0,"92,0,1, the body temperature decreases because it vaporizes"
92,92,The temperature drops when the sweat is hot and comes out and meets the cold air.,92.0,"93,0,0...the temperature of the body decreases because of vaporizes"
93,93,I don't know.,93.0,"94,0,0... It vaporizes, so your body temperature decreases"
94,94,"The heat in the body goes out due to sweat, which lowers the body temperature.",94.0,"95,0,1, it vaporizes, which lowers your body temperature"
95,95,This is because sweat is released with body heat.,95.0,"96,0,1, it vaporizes, so your body temperature decreases"
96,96,It is similar to the phenomenon of lowering the temperature when water is buried on ice and left outdoors.,96.0,"97,0,1, it vaporizes, so your body temperature decreases"
97,97,"Sweat is hot, but the air in the field is cold, so sweat meets the air and makes the body temperature lower",97.0,"98,0,0...since it vaporizes, the body temperature99,0,1, sweat vaporizes and lowers body temperature"
98,98,"Sweat evaporates and goes up and cools slowly, lowering body temperature.The heat in the sweat rises, and as the sweat dries, it rises with the heat and flies together.",98.0,"100,0,1, your body temperature decreases because sweat vaporizes"
99,99,"""The body temperature is lowered because sweat evaporates by taking the hot heat from the body",99.0,"101,0,1, lower body temperature because sweat vaporizes"
100,100,"That's why it's cool if you blow the wind after sweating.""",100.0,"102,0,0... Your body temperature decreases because your sweat vaporizes"
101,101,This is because sweat contains our body temperature.,101.0,"103,0,1, sweat vaporizes, causing body temperature to decrease"
102,102,"As the liquid sweat vaporizes, it absorbs heat in our body through vaporization heat absorption.",102.0,"104,0,0...the body temperature decreases because sweat vaporizes"
103,103,Sweat goes out of your body and goes out with the heat inside your body,103.0,"105,0,0... Your body temperature decreases because your sweat vaporizes"
104,104,"Sweat is a waste that is sent out to release heat from the body. Because this sweat brings out much of the heat in the body, the body temperature drops rapidly after sweating.",104.0,"106,0,0...the body temperature decreases because sweat vaporizes"
105,105,I don't know.,105.0,"107,0,0...The body temperature decreases because the moisture in the sweat vaporizes"
106,106,"As sweat evaporates, heat is also taken to the body",106.0,"108,0,0... The body temperature decreases because the moisture in the sweat vaporizes"
107,107,I don't know.,107.0,"109,0,0...The body temperature decreases because the moisture in the sweat vaporizes"
108,108,I don't know,108.0,"110,0,1, the moisture in sweat vaporizes, so your body temperature decreases"
109,109,I'm sweating because it's hot,109.0,"111,0,0... The body temperature decreases because the moisture in the sweat vaporizes"
110,110,My shirt is wet,110.0,"112,0,0... The body temperature decreases because the moisture in the sweat vaporizes"
111,111,Sweat cools you down,111.0,"113,0,0... Your body temperature decreases because the moisture in your sweat vaporizes"
112,112,I don't know,112.0,"114,0,1, lower body temperature due to vaporization of sweat moisture vaporizes"
113,113,Sweat evaporates and takes away the temperature,113.0,"115,0,1, absorbs heat from the body as it vaporizes"
114,114,Because I sweated,114.0,"116,0,0... Vaporization is an endothermic reaction."
115,115,Sweat makes me warm,115.0,"117,0,1, vaporization is an endothermic reaction"
116,116,"I started sweating, but it got cooler because of the sweat",116.0,"118,0,1, when vaporized, the body temperature decreases because it reacts using the surrounding heat"
117,117,The heat and moisture in the body escape,117.0,"119,0,0... It absorbs heat from the body while vaporizing"
118,118,It releases heat by sweating,118.0,"120,0,1, use heat while vaporizing."
119,119,I don't know.,119.0,"121,0,0... It absorbs heat while vaporizing."
120,120,It heats up your muscles,120.0,"122,0,0...This is because the state changes while absorbing heat when vaporizing."
121,121,He took away the heat,121.0,"123,0,0... Because vaporization occurs while absorbing heat in the body"
122,122,My clothes are wet,122.0,"124,0,0... When the state changes, heat is absorbed, but sweat vaporizes and absorbs heat"
123,123,Sweat evaporates and takes away the temperature,123.0,"125,0,0 because vaporization occurs while absorbing heat."
124,124,Because my sweat is dry,124.0,"126,0,0,,"
125,125,I don't know.,125.0,"127,0,0,,"
126,126,I don't know,126.0,"128,0,0,,"
127,127,"When you have moisture, your body cools down",127.0,"129,0,0,,"
128,128,The moisture in my body is gone,128.0,"130,0,0,,"
129,129,I don't know.,129.0,"131,0,1,,"
130,130,A pushover?,130.0,"132,0,0,,"
131,131,"After you sweat, your body temperature drops",131.0,"133,0,0,,"
132,132,I let it out and absorb it's,132.0,"134,0,1,,"
133,133,I don't know.,133.0,"135,0,0,,"
134,134,This is because the heat goes out with sweat.,134.0,"136,0,1,,"
135,135,"I sweat a lot because of the sun and if I run a lot, I sweat a lot",135.0,"137,0,0,,"
136,136,"The body temperature drops when it cools down than when you sweat, so the body temperature decreases.",136.0,"138,0,0,,"
137,137,It's because the heat goes out with sweat,137.0,"139,0,0,,"
138,138,It's because the water gets out of the body.,138.0,"140,0,1,,"
139,139,Suck up heat around to cool off.,139.0,"141,0,1,,"
140,140,The body temperature decreases as the sweat that flows through the body cools.,140.0,"142,0,1,,"
141,141,Because it's hot,141.0,"143,0,0,,"
142,142,My body temperature and sweat meet,142.0,"144,0,1,,"
143,143,"When you sweat, your body temperature comes out, too",143.0,"145,0,0,,"
144,144,Sweat takes out the heat from my body,144.0,"146,0,0,,"
145,145,Sweat evaporates and lowers body temperature,145.0,"147,0,0,,"
146,146,This is because sweat cools as it is exposed to the air.,146.0,"148,0,1,,149,0,1,,"
147,147,"It releases heat from the body through the sweat hole, which lowers the temperature.",147.0,"150,0,1,,"
148,148,Don't know,148.0,"151,0,0,,"
149,149,The body temperature rises as the water is drained from the body.,149.0,"152,0,0,,"
150,150,The air temperature is different,150.0,"153,0,1,,"
151,151,"As the sweat cools, the body's heat escapes",151.0,"154,0,1,,"
152,152,The body temperature decreases by absorbing the heat energy of our body with vaporization heat.,152.0,"155,0,1,,"
153,153,The temperature of the water in your body,153.0,"156,0,1,,"
154,154,My sweat is cold,154.0,"157,0,1,,"
155,155,I don't know.,155.0,"158,0,1,,"
156,156,"This is because as the moisture in the sweat vaporizes, the heat energy of the body is absorbed by the heat of vaporization, which lowers the body temperature",156.0,"159,0,0,,"
157,157,The body temperature decreases by absorbing the heat energy of our body with vaporization heat.,157.0,"160,1,0,,"
158,158,This is because the heat in the body escapes.,158.0,"161,0,0,,"
159,159,Sweat evaporates and absorbs heat,159.0,"162,0,0,,"
160,160,"As the moisture of sweat vaporizes, the heat energy of our bodies is absorbed by the heat of vaporization, which lowers the body temperature.",160.0,"163,0,1,,"
161,161,It's because sweat releases heat,161.0,"164,0,1,,"
162,162,The moisture in my body is gone,162.0,"165,0,1,,"
163,163,This is because the body controls body temperature. This is because the temperature outside the skin and the temperature inside are maintained accordingly.,163.0,"166,0,1,,"
164,164,cㅈ,164.0,"167,0,0,,"
165,165,"As you cool down, your sweat turns cold",165.0,"168,0,1,,"
166,166,"The moisture in the sweat vaporizes and absorbs heat from the body as heat of vaporization, which lowers the body temperature",166.0,"169,0,1,,"
167,167,It's because sweat evaporates and takes away the body's heat,167.0,"170,0,1,,"
168,168,It's because sweat evaporates and takes away from heat,168.0,"171,0,1,,"
169,169,"As the moisture of sweat vaporizes, the heat energy of our bodies is absorbed by the heat of vaporization, which lowers the body temperature.",169.0,"172,0,1,,"
170,170,.,170.0,"173,1,1,,"
171,171,This is because sweat evaporates and takes away heat.,171.0,"174,0,1,,"
172,172,"After sweating, the ambient temperature takes away the warmth of the sweat, so the body temperature decreases",172.0,"175,0,1,,"
173,173,"As moisture vaporizes in sweat, it absorbs heat energy from our bodies as heat of vaporization, lowering our body temperature.",173.0,"176,0,1,,"
174,174,"This is because sweat cools down and cools the body's heat. This is because when vaporization, a phenomenon in which a liquid becomes a gas, takes away heat from the liquid.",174.0,"177,0,0,,"
175,175,The moisture of sweat vaporizes from liquid to gas and absorbs heat from our bodies as heat of vaporization to lower body temperature.,175.0,"178,0,1,,"
176,176,"When our body has heat, we have to release heat to keep the body temperature constant, but we release it with sweat.",176.0,"179,0,1,,"
177,177,This is because the moisture in the sweat vaporizes.,177.0,"180,0,1,,"
178,178,"As sweat moisture vaporizes, the body's heat energy is absorbed by vaporization heat, which lowers the body temperature.",178.0,"181,0,1,,"
179,179,"As sweat vaporizes, the body temperature decreases by absorbing heat from the body as heat of vaporization.",179.0,"182,0,1,,"
180,180,"This is because heat energy is used when sweating, so the amount of heat energy in the body decreases and the heat in the body decreases.",180.0,"183,0,0,,"
181,181,"As heat from the body escapes, heat energy is generated, and the temperature of the body naturally drops to fill the escaped heat energy.",181.0,"184,0,0,,"
182,182,"Substances that come into contact with the skin surface are deprived of or obtained from heat, and if they are colder than this skin, they are deprived of heat and vice versa. Sweat is colder than the skin, so it gets heat, and the skin is cool because it loses heat, and this is called vaporization heat.",182.0,"185,0,0,,"
183,183,"Because sweat vaporizes, the body temperature drops due to the heat of vaporization",183.0,"186,0,0,,"
184,184,"After absorbing the body temperature due to the absorption of vaporization heat, it is vaporized and the body temperature is lowered.",184.0,"187,0,1,,"
185,185,Because the heat goes away,185.0,"188,0,1,,"
186,186,My sweat is cold,186.0,"189,0,0,,"
187,187,I was just sitting still,187.0,"190,0,0,,"
188,188,Because the sweat cools down and cools down,188.0,"191,1,0,,"
189,189,Because my sweat is cold,189.0,"192,1,0,,"
190,190,"If you sweat, your body temperature will decrease",190.0,"193,0,1,,"
191,191,"When you sweat, it is released out of the body with heat, so the body temperature decreases.",191.0,"194,0,0,,"
192,192,It's because hot air escapes through the sweat glands,192.0,"195,0,0,,"
193,193,"The sweat cools down and moisture enters the skin, lowering the body temperature.",193.0,"196,0,0,,"
194,194,To maintain the temperature,194.0,"197,0,0,,"
195,195,Sweat seems to be because it controls body temperature.,195.0,"198,1,0,,199,1,0,,"
196,196,"As sweat evaporates, the heat also flies away",196.0,"200,0,0,,"
197,197,"If you keep working on your body, your body temperature will decrease and you will sweatI don't know.",197.0,"201,0,0,,"
198,198,Let's put something hot out,198.0,"202,0,0,,"
199,199,This is because it gets cold when you sweat.,199.0,"203,0,1,,"
200,200,"In order to maintain a person's temperature,",200.0,"204,0,0,,"
201,201,You need to sweat to control your body temperature,201.0,"205,0,0,,"
202,202,The hot air escapes through the sweat glands,202.0,"206,0,1,,"
203,203,The things on my body went out,203.0,"207,0,1,,"
204,204,"The body is in a hot state after having a fever, but the sweat suddenly cools down, and the temperature of the body drops, so it becomes cold.",204.0,"208,0,1,,"
205,205,I think it's because the heat in the body escapes and the no-feather escapes,205.0,"209,0,1,,"
206,206,My body got hot and the temperature changed,206.0,"210,0,1,,"
207,207,Sweat rubs against the air and cools the body.,207.0,"211,0,1,,"
208,208,Sweat takes heat out of my body,208.0,"212,0,1,,"
209,209,Sweat evaporates and takes away the heat from your body,209.0,"213,0,1,,"
210,210,"When sweat comes out, the sweat takes heat out of the body and lowers the body temperature.",210.0,"214,0,1,,"
211,211,to sweat and let the heat out,211.0,"215,0,0,,"
212,212,"Sweating is to take out heat from your body, but if you sweat a lot, you lose heat and get cold easily",212.0,"216,0,1,,"
213,213,This is because the body's moisture flies away and the heat escapes together.,213.0,"217,0,0,,"
214,214,"As sweat evaporates, a cool phenomenon occurs.",214.0,"218,0,0,,"
215,215,"As you sweat, the heat goes out of your body",215.0,"219,0,0,,"
216,216,The body temperature drops because it takes out heat to sweat.,216.0,"220,0,1,,"
217,217,"In order to sweat, the body temperature and body temperature must rise, but after sweating, it seems to get colder as the elevated body temperature decreases to sweat.",217.0,"221,0,0,,"
218,218,"The moisture in the body comes out, and the heat in the body goes out too",218.0,"222,0,0,,"
219,219,"""The sweat in your body gets out of your body, so your body temperature goes down.""",219.0,"223,0,0,,"
220,220,Heat energy causes the body to lose its temperature when it is cold and sweat when it is hot,220.0,"224,0,0,,"
221,221,"""",221.0,"225,0,0,,"
222,222,I sweat a lot,222.0,"226,0,0,,"
223,223,The sweat in the body is released from the body and the body temperature is lost.,223.0,"227,0,0,,"
224,224,This is because sweat evaporates and takes away heat from the body.,224.0,"228,0,0,,"
225,225,"Sweat is water, so your body gets wet and cold",225.0,"229,0,0,,"
226,226,"When the sweat dries, the body temperature drops",226.0,"230,0,1,,"
227,227,This is because the body temperature drops again when it dries after sweating.,227.0,"231,0,0,,"
228,228,People have different temperatures,228.0,"232,0,0,,"
229,229,People have different temperatures,229.0,"233,0,0,,"
230,230,I don't know.,230.0,"234,0,0,,"
231,231,.,231.0,"235,0,1,,"
232,232,The temperature difference between day and night is big,232.0,"236,0,0,,"
233,233,I ran a lot,233.0,"237,0,1,,"
234,234,Sweat comes out and takes away a person's soul,234.0,"238,0,0,,"
235,235,"Sweat is liquid color. When it dries, it goes up with steam",235.0,"239,0,1,,"
236,236,"The hot water (sweat) in the body disappears, and the body becomes cold because it is not hot and cold",236.0,"240,0,1,,"
237,237,I don't understand.,237.0,"241,0,0,,"
238,238,It's wet,238.0,"242,0,1,,"
239,239,I sweated a lot,239.0,"243,0,0,,"
240,240,My sweat is water,240.0,"244,0,0,,"
241,241,"Sweat comes out when you are hot, so it releases hot sweat from your body and removes hot ingredients from your body.",241.0,"245,0,1,,"
242,242,"While the sweat cools down and cools down, it's cool",242.0,"246,0,1,,"
243,243,Sweat is released and heat is also released from the body.,243.0,"247,0,0,,"
244,244,"Since sweat is a liquid, liquid can evaporate into water vapor, so when sweat cools, the body temperature decreases.",244.0,"248,0,1,,249,0,1,,"
245,245,I doubt it.,245.0,"250,0,1,,"
246,246,The liquid vaporizes and takes heat away,246.0,"251,0,0,,"
247,247,"Since sweat is a liquid, liquid can evaporate into water vapor, so when sweat cools, the body temperature decreases.",247.0,"252,0,0,,"
248,248,"As the sweat cools down, because of the cold energy,",248.0,"253,0,0,,"
249,249,the heat goes down as you sweat,249.0,"254,0,1,,"
250,250,"Sweat in the body is liquid, and as the liquid sweat evaporates, heat in the body is blown away.",250.0,"255,0,1,,"
251,251,"When you sweat, moisture escapes from your body and your body temperature decreases.",251.0,"256,0,1,,"
252,252,I sweated a lot with the heat,252.0,"257,0,0,,"
253,253,My body lost heat!!!,253.0,"258,0,0,,"
254,254,"When water escapes from the surface of the skin, the heat escapes when the liquid becomes gas",254.0,"259,0,1,,"
255,255,Something that's on my body is gone,255.0,"260,0,0,,"
256,256,"You sweat when you have a fever, but sweat is water, so it's natural that the heat goes down when it cools down",256.0,"261,0,0,,"
257,257,Because the sweat dries and moisture disappears/ because of the wind!,257.0,"262,0,1,,"
258,258,"Sweat evaporates on the surface of the skin, and when liquid evaporates into gas, it takes away heat, so when sweating, the body temperature decreases.",258.0,"263,0,1,,"
259,259,"If you sweat, the water takes away your body temperature",259.0,"264,0,1,,"
260,260,I'm going to get rid of the heat,260.0,"265,0,1,,"
261,261,I don't know,261.0,"266,0,0,,"
262,262,I don't know,262.0,"267,0,1,,"
263,263,"As the liquid color sublimates, it removes the thermal energy",263.0,"268,0,0,,"
264,264,"When you sweat, your body temperature decreases because you dry up",264.0,"269,0,1,,"
265,265,This is because sweat cools down and lowers body temperature.,265.0,"270,0,0,,"
266,266,This is because sweat evaporates and takes away heat.,266.0,"271,0,0,,"
267,267,Because sweat evaporates and takes away heat,267.0,"272,0,1,,"
268,268,It's because sweat takes away the heat from your body,268.0,"273,0,1,,"
269,269,This is because the body's heat energy is released as sweat cools down,269.0,"274,0,0,,"
270,270,I don't know,270.0,"275,0,1,,"
271,271,"As the sweat cools down, it takes away the heat from your body",271.0,"276,0,1,,"
272,272,It's all-nda,272.0,"277,0,1,,"
273,273,"As you sweat, your body temperature decreases as heat moves toward your sweat",273.0,"278,0,0,,"
274,274,I don't know.,274.0,"279,0,1,,"
275,275,This is because heat energy drops faster because of sweat.,275.0,"280,0,1,,"
276,276,"When a substance changes state, the temperature drops as heat escapes.",276.0,"281,0,1,,"
277,277,This is because sweat evaporates and takes away the temperature around it.,277.0,"282,0,1,,"
278,278,I don't know.,278.0,"283,0,1,,"
279,279,"When the human body releases heat, it goes out with water",279.0,"284,0,1,,"
280,280,This is because sweat evaporates and takes away heat energy.,280.0,"285,0,1,,"
281,281,"As the body sweats, and the ground evaporates, the heat of vaporization is taken away and the body temperature is lowered.",281.0,"286,0,1,,"
282,282,Sweat evaporates using body heat and the body temperature drops.,282.0,"287,0,1,,"
283,283,Because sweat evaporates and takes heat away from the skin (absorbs heat of vaporization),283.0,"288,0,1,,"
284,284,This is because sweat vaporizes and absorbs heat.,284.0,"289,0,1,,"
285,285,"When a liquid changes state into a gas, it absorbs heat, which lowers the ambient temperature.",285.0,"290,0,1,,"
286,286,This is because it absorbs heat of vaporization.,286.0,"291,0,1,,"
287,287,"As sweat vaporizes, it absorbs ambient heat, which lowers body temperature.",287.0,"292,0,1,,"
288,288,The body temperature is lowered because sweat evaporates and absorbs heat from evaporation.,288.0,"293,0,1,,"
289,289,This is because sweat evaporates and takes away heat from the body.,289.0,"294,0,1,,"
290,290,"Matter vaporizes and absorbs heat. Sweat composed of water with a large specific heat evaporates, and body temperature decreases due to vaporization cooling.",290.0,"295,0,0,,"
291,291,Sweat evaporates and absorbs heat from the surroundings,291.0,"296,0,1,,"
292,292,"Sweat vaporizes and absorbs heat around it, lowering body temperature.",292.0,"297,0,1,,"
293,293,"Sweat vaporizes and absorbs heat from the surroundings, making it cool.",293.0,"298,0,1,,299,0,1,,"
294,294,Sweat evaporates and takes heat energy.,294.0,"300,0,1,,"
295,295,the release of heat from vaporization,295.0,"301,0,1,,"
296,296,This is because heat energy is blown away by vaporization heat absorption as it vaporizes a lot.Evaporation of water produces heat of vaporization,296.0,"302,0,1,,"
297,297,My body got rid of heat,297.0,"303,0,1,,"
298,298,It's when you sweat and the moisture escapes,298.0,"304,0,1,,"
299,299,Moisture in your body is released through sweat and it takes away heat,299.0,"305,0,1,,"
300,300,Sweat evaporates and takes away the heat from your body,300.0,"306,0,0,,"
301,301,This is because sweat evaporates and takes away heat from the body.,301.0,"307,1,0,,"
302,302,Sweat causes an endothermic reaction and takes away the heat,302.0,"308,0,0,,"
303,303,Sweat vaporizes and takes away the heat from your body,303.0,"309,0,1,,"
304,304,This is because the liquid sweat evaporates and takes heat from our bodies.,304.0,"310,0,1,,"
305,305,It's because the liquid sweat evaporates and takes the heat from our bodies,305.0,"311,0,1,,"
306,306,"Sweat from our bodies absorbs and vaporizes the body's heat, so it becomes cool.",306.0,"312,0,1,,"
307,307,It's because the liquid sweat evaporates and takes heat from our bodies,307.0,"313,0,1,,"
308,308,"As you sweat, you release all the heat energy, so later, all the heat disappears and your body temperature decreases.",308.0,"314,0,1,,"
309,309,"If you sweat, it will be cold because the sweat dries",309.0,"315,0,0,,"
310,310,"In order to maintain 36.5 degrees, we make it hot and hot when it's cold, so when it's hot, we make it cool by sweating to meet the wind",310.0,"316,0,1,,"
311,311,It's the body's discharge to prevent the temperature from rising,311.0,"317,0,1,,"
312,312,"This is because when sweat vaporizes, it absorbs heat energy.",312.0,"318,0,1,,"
313,313,The body temperature drops because sweat takes away the heat from the body.,313.0,"319,0,1,,"
314,314,It gives off heat and releases heat energy to maintain body temperature,314.0,"320,0,1,,"
315,315,This is because the liquid vaporizes into a gas and takes the body's thermal energy.,315.0,"321,0,1,,"
316,316,It lowers the water temperature of the body's heat energy,316.0,"322,0,1,,"
317,317,It lowers the body's body temperature by discharging heat energy into moisture.,317.0,"323,0,1,,"
318,318,Sweat becomes cold because it is liquid and the air absorbs heat.,318.0,"324,0,1,,"
319,319,This is because the liquid sweat evaporates and takes heat to the body.,319.0,"325,0,1,,"
320,320,"Because sweat is liquid, the heat in the air evaporates and lowers the temperature",320.0,"326,1,1,,"
321,321,Changes in the state of absorbing heat energy occur well when the ambient temperature is high or heated.,321.0,"327,0,1,,"
322,322,"As sweat vaporizes, it releases heat energy into the air, which makes it cool.",322.0,"328,1,1,,"
323,323,Because sweat evaporates and absorbs heat energy,323.0,"329,0,0,,"
324,324,"When sweat comes out, the liquid vaporizes and the body temperature decreases",324.0,"330,0,0,,"
325,325,"As sweat (liquid) vaporizes, it releases heat energy into the air and cools down.",325.0,"331,0,0,,"
326,326,"As our body's heat rises, people die when the temperature exceeds 40 degrees, so they sweat out the heat.",326.0,"332,0,0,,"
327,327,"""The reason why your body temperature decreases when your sweat dries up is because of the moisture that comes out of your body.""",327.0,"333,0,0,,"
328,328,"It's because when it dries, it takes the temperature of our body.""",328.0,"334,0,0,,"
329,329,"As you evaporate your sweat, the gas around you takes away the heat from your sweat",329.0,"335,0,0,,"
330,330,It gives off heat and releases heat energy to maintain body temperature,330.0,"336,0,0,,"
331,331,This is because liquid sweat takes away the body's heat when it vaporizes.,331.0,"337,0,0,,"
332,332,"When sweating, it flows through the body and absorbs the temperature of the body to vaporize, so the body temperature is low and the body temperature is maintained.",332.0,"338,0,0,,"
333,333,I don't know,333.0,"339,0,0,,"
334,334,L.,334.0,"340,0,0,,"
335,335,I don't know,335.0,"341,0,0,,"
336,336,I don't understand.,336.0,"342,0,0,,"
337,337,I don't know.,337.0,"343,0,0,,"
338,338,I don't understand.,338.0,"344,0,1,,"
339,339,I don't understand.,339.0,"345,0,0,,"
340,340,I don't know,340.0,"346,0,1,,"
341,341,M and D,341.0,"347,0,0,,"
342,342,I don't know,342.0,"348,0,0,,349,0,0,,"
343,343,I don't know,343.0,"350,0,1,,"
344,344,I don't understand.,344.0,"351,0,0,,"
345,345,I don't know,345.0,"352,0,0,,"
346,346,I don't know.,346.0,"353,1,0,,"
347,347,Because it's hot,347.0,"354,0,1,,"
348,348,This is because heat from our bodies is released through sweat.,348.0,"355,0,0,,"
349,349,I don't understand.,349.0,"356,0,1,,"
350,350,"After sweating, the heat energy in the sweat escapes and cools down, lowering the body temperature.",350.0,"357,0,0,,"
351,351,I don't understand.,351.0,"358,0,0,,"
352,352,I don't know.,352.0,"359,0,1,,"
353,353,I don't know,353.0,"360,0,0,,"
354,354,Sweat from our bodies flies with our body temperature.,354.0,"361,0,1,,"
355,355,I don't know,355.0,"362,0,1,,"
356,356,"If you put water on a cold day, your body temperature drops because sweat is liquid just like cold.",356.0,"363,0,0,,"
357,357,"When the body is hot, it releases moisture from the skin to control body temperature",357.0,"364,0,1,,"
358,358,"Sweat comes out as we release heat energy outside, and as it cools, the heat energy disappears and the body temperature decreases.",358.0,"365,0,1,,"
359,359,I don't understand.,359.0,"366,0,1,,"
360,360,"When you sweat, it vaporizes and takes away the heat and loses heat",360.0,"367,0,1,,"
361,361,Because the ex body in the body is released out of the body?,361.0,"368,0,1,,"
362,362,M and D,362.0,"369,0,1,,"
363,363,"As sweat evaporates, it takes away body temperature",363.0,"370,0,1,,"
364,364,It's because sweat heats up,364.0,"371,1,1,,"
365,365,"This is because sweat is released to lower the temperature inside the body, taking away the temperature inside the body.",365.0,"372,0,1,,"
366,366,This is because sweat vaporizes and absorbs heat from the body.,366.0,"373,0,1,,"
367,367,It's because of latent heat.,367.0,"374,0,1,,"
368,368,"Sweat can evaporate into moisture. As water evaporates, it absorbs heat from the surrounding area and rises to abstention, and in this process, sweat evaporates and takes away heat from our bodies, so our body temperature decreases.",368.0,"375,0,0,,"
369,369,"When sweat evaporates after sweating, the body temperature decreases because the sweat vaporizes and takes away the heat of vaporization.",369.0,"376,0,0,,"
370,370,"This is because sweat evaporates, that is, it vaporizes from a liquid state to a gaseous state and takes the heat around it.",370.0,"377,0,0,,"
371,371,This is because sweat absorbs heat of vaporization as it vaporizes.,371.0,"378,0,0,,"
372,372,"When sweat cools and vaporizes, the body temperature decreases because it absorbs the body temperature, that is, the body temperature.",372.0,"379,0,0,,"
373,373,"Since water droplets evaporate from a liquid state to a gaseous state, heat energy is required at this time. Eventually, when it becomes a gas from a liquid, heat energy is used, so the surrounding temperature drops. That's why the body temperature is lowered.",373.0,"380,0,0,,"
374,374,"When sweat evaporates and becomes gas in a liquid, the body temperature decreases because it takes heat of vaporization.",374.0,"381,0,0,,"
375,375,"In general, people control their body temperature by releasing sweat, but when they sweat, they take their body temperature because the sweat absorbs heat during the evaporation process. Therefore, you sweat to lower your body temperature by using it.",375.0,"382,0,0,,"
376,376,"When water evaporates, it takes away the heat around it, so it sweats and takes away the body temperature in the process of evaporating the sweat, which lowers the body temperature.",376.0,"383,0,0,,"
377,377,"When sweat evaporates, our body temperature decreases because sweat absorbs latent heat around us.",377.0,"384,0,1,,"
378,378,"As you sweat, sweat takes away the heat energy from your body, so your body temperature decreases after sweating.",378.0,"385,0,0,,"
379,379,ㅓ,379.0,"386,0,0,,"
380,380,I don't know.,380.0,"387,0,1,,"
381,381,"If the temperature rises, it goes down again. (I don't know)",381.0,"388,0,0,,"
382,382,Because the heat energy is hot?,382.0,"389,0,0,,"
383,383,I don't know,383.0,"390,0,1,,"
384,384,"""After sweating, our body loses moisture, so of course our body temperature goes down.""",384.0,"391,0,0,,"
385,385,"""",385.0,"392,0,0,,"
386,386,"When a person's fever rises, they open sweat holes in the brain to vent sweat.",386.0,"393,0,0,,"
387,387,It's because the heat goes out through the hole in the sweat,387.0,"394,0,0,,"
388,388,"""For example, if you leave a cup of milk in the fridge for a long time,",388.0,"395,0,0,,"
389,389,"It condenses.""",389.0,"396,0,1,,"
390,390,It releases heat from your body,390.0,"397,0,0,,"
391,391,I don't understand.,391.0,"398,0,0,,399,0,0,,"
392,392,"After the fever, the air cools the body",392.0,"400,0,1,,"
393,393,"""When our body temperature rises, our bodies sweat to release heat from our bodies.",393.0,"401,0,0,,"
394,394,"When we sweat, the heat in our bodies is released and the heat naturally goes down.""",394.0,"402,1,0,,"
395,395,The air next to it cools down the sweat and lowers the temperature of the bodySweat lowers body temperature when body temperature increases and increases body temperature when body temperature is low.,395.0,"403,0,0,,"
396,396,"When sweat comes out of our body, it's hot and sweat comes out, but sweat evaporates from our body and takes away the temperature",396.0,"404,0,1,,"
397,397,I'm sweating a lot,397.0,"405,0,1,,"
398,398,I use a lot of heat,398.0,"406,0,0,,"
399,399,My body is sweating,399.0,"407,0,0,,"
400,400,I don't know,400.0,"408,0,0,,"
401,401,I don't know.,401.0,"409,0,0,,"
402,402,It's because sweat cools down and takes away,402.0,"410,0,0,,"
403,403,It's just hot,403.0,"411,0,0,,"
404,404,Sweat lowers body temperature,404.0,"412,0,0,,"
405,405,My sweat is cold,405.0,"413,0,0,,"
406,406,"""Sweat is not that hot, and our bodies after exercising are hot.""",406.0,"414,0,0,,"
407,407,"When those substances and hot substances meet, they take out the heat ""If it's liquid color, it's even more...""",407.0,"415,0,1,,"
408,408,"When I exercise, I sweat and heat are generated, but after a while, all the heat is gone.",408.0,"416,0,0,,"
409,409,"When the temperature increases, our body releases sweat out of the body to meet the appropriate temperature of the body, and if our body releases a lot of sweat, the temperature of the body decreases and we can feel the cold.",409.0,"417,0,0,,"
410,410,"After the heat cools down, there's water left",410.0,"418,0,0,,"
411,411,"As sweat evaporates, it also brings heat to the body",411.0,"419,0,1,,"
412,412,"When the sweat dries, the temperature goes down. Since the sweat is water, it evaporates",412.0,"420,0,1,,"
413,413,I sweat as the blood in my body moves.,413.0,"421,0,1,,"
414,414,This is because the temperature decreases as the heat cools,414.0,"422,0,0,,"
415,415,It is because the hot thing came out with sweat,415.0,"423,0,0,,"
416,416,It's because the moisture in the body disappears,416.0,"424,0,0,,"
417,417,Don't do that.,417.0,"425,0,1,,"
418,418,Summer,418.0,"426,0,0,,"
419,419,to feel cold because of the cold air in hot weather,419.0,"427,0,0,,"
420,420,Body temperature,420.0,"428,0,1,,"
421,421,"If I sweat, I will naturally get cold and the sweat will get cold again.",421.0,"429,0,0,,"
422,422,Because the heat goes outside,422.0,"430,1,0,,"
423,423,I don't know,423.0,"431,0,1,,"
424,424,Sweat cools down because of the wind and cools down,424.0,"432,0,1,,"
425,425,"Sweat is also a drop of water, so if you release water from your body, the temperature drops quickly",425.0,"433,0,1,,"
426,426,Sweat releases heat from your body.,426.0,"434,0,1,,"
427,427,Your body's heat is gone,427.0,"435,0,1,,"
428,428,"""When a substance in a liquid becomes a gas, it needs energy",428.0,"436,0,1,,"
429,429,Sweat from the body also needs energy when it becomes a gas,429.0,"437,0,1,,"
430,430,It's about taking that energy out of our body temperature,430.0,"438,0,1,,"
431,431,That's why your body temperature decreases.,431.0,"439,0,0,,"
432,432,"""",432.0,"440,0,1,,"
433,433,The sweat comes out of my body,433.0,"441,0,1,,"
434,434,I don't know.,434.0,"442,0,0,,"
435,435,"If you don't sweat, you don't",435.0,"443,0,0,,"
436,436,Sweat evaporates in the wind and lowers body temperature,436.0,"444,0,0,,"
437,437,"When the sweat is gone, the heat from the sweat disappears",437.0,"445,0,0,,"
438,438,I don't know,438.0,"446,0,0,,"
439,439,be hot from sweat,439.0,"447,0,1,,"
440,440,Something that's on my body is gone,440.0,"448,0,1,,449,0,1,,"
441,441,Maintaining homeostasis,441.0,"450,0,0,,"
442,442,The body temperature decreases because water evaporates and absorbs heat.,442.0,"451,0,0,,"
443,443,This is because the liquid absorbs heat when it evaporates.,443.0,"452,0,0,,"
444,444,Sweat evaporates and absorbs ambient heat,444.0,"453,0,0,,"
445,445,Energy is required when matter changes state. It changes from a liquid to a gas and takes energy from its surroundings,445.0,"454,0,1,,"
446,446,"The sweat outside the skin evaporates to the air and the heat escapes, which lowers the body temperature",446.0,"455,0,0,,"
447,447,"The sweat is released and the sweat on the skin evaporates, and the body temperature goes down",447.0,"456,1,0,,"
448,448,"""Because sweat vaporizes and absorbs heat",448.0,"457,0,0,,"
449,449,"""",449.0,"458,0,0,,"
450,450,"Sweat comes out and it comes out with heat, and when the sweat cools down, it gets cold. I don't know, but the problem is too hard",450.0,"459,0,0,,"
451,451,I don't know,451.0,"460,0,0,,"
452,452,It's because the heat goes out of your body,452.0,"461,0,1,,"
453,453,I think the heat in the neck comes out with sweat and body temperature.,453.0,"462,0,0,,"
454,454,"This is because if you sweat and get hit by cold wind, your body temperature will be lowered due to water.",454.0,"463,0,1,,"
455,455,I don't know.,455.0,"464,0,1,,"
456,456,"If the outside air is hot, the body temperature gets hot",456.0,"465,0,1,,"
457,457,"This is because sweat evaporates above the air because it is warm, and cold air descends downward to lower body temperature.",457.0,"466,0,1,,"
458,458,"Because the temperature of sweat and the temperature of our bodies are getting the same, the temperature of our bodies drops",458.0,"467,0,1,,"
459,459,This is because sweat releases heat inside the body.,459.0,"468,0,0,,"
460,460,The body temperature decreases as sweat with body temperature comes out.,460.0,"469,0,0,,"
461,461,Sweat is released by heat.,461.0,"470,0,1,,"
462,462,I don't know.,462.0,"471,0,1,,"
463,463,I don't know.,463.0,"472,0,0,,"
464,464,Because the sweat is cold,464.0,"473,0,1,,"
465,465,I don't understand.,465.0,"474,0,1,,"
466,466,Because sweat evaporates and takes away the heat from our bodies.,466.0,"475,0,1,,"
467,467,"As you sweat, moisture escapes, and the body temperature naturally drops.",467.0,"476,0,1,,"
468,468,"In order to maintain our body temperature, the body naturally sweats to keep the temperature",468.0,"477,0,1,,"
469,469,"This is because sweat is left, and heat is released by sweat.",469.0,"478,0,1,,"
470,470,I don't know.,470.0,"479,0,0,,"
471,471,I don't know.,471.0,"480,0,0,,"
472,472,It's because warm things come out of your body,472.0,"481,0,1,,"
473,473,It's because sweat releases heat,473.0,"482,0,1,,"
474,474,.,474.0,"483,0,0,,"
475,475,Sweat takes heat from your body,475.0,"484,0,0,,"
476,476,It absorbs heat energy while vaporizing,476.0,"485,0,0,,"
477,477,"If you sweat, your body releases heat",477.0,"486,0,0,,"
478,478,It absorbs heat energy while vaporizing,478.0,"487,0,0,,"
479,479,The heat in your body goes away too,479.0,"488,0,1,,"
480,480,I don't know.,480.0,"489,0,0,,"
481,481,The body temperature decreases as the water in the body is drained.,481.0,"490,0,1,,"
482,482,Because the sweat on my body takes away the heat and evaporates,482.0,"491,0,0,,"
483,483,A substance in a liquid state needs energy when it becomes a gas because it takes that energy out of our body temperature.,483.0,"492,0,1,,"
484,484,I don't know.,484.0,"493,0,1,,"
485,485,Body temperature drops as sweat fever goes away,485.0,"494,0,1,,"
486,486,This is because sweat absorbs ambient heat.,486.0,"495,1,0,,"
487,487,It's because the sweat dries and the heat escapes.,487.0,"496,0,0,,"
488,488,The body temperature decreases because the sweat dries and takes away the heat from the body temperature decreases,488.0,"497,0,0,,"
489,489,The body temperature decreases because sweat evaporates and uses energy.,489.0,"498,0,0,,499,0,0,,"
490,490,Because sweat evaporates and uses energy in the body,490.0,"500,0,0,,"
491,491,"If you move your body a lot, you sweat with a fever, but when you sweat and start to dry, your body temperature decreases because of the fever, but if you stay still, you sweat and your body temperature decreases.",491.0,"501,0,1,,"
492,492,I don't know.,492.0,"502,0,1,,"
493,493,Sweating in the body lowers body temperature because it releases heat.,493.0,"503,0,1,,"
494,494,"Since sweating means losing heat from the body, the body temperature decreases after sweating.M and D",494.0,"504,0,1,,"
495,495,None.,495.0,"505,0,1,,"
496,496,My sweat is burning,496.0,"506,0,1,,"
497,497,I don't know.,497.0,"507,0,1,,"
498,498,I don't know.,498.0,"508,0,1,,"
499,499,Sweat evaporates and takes away heat from the body,499.0,"509,0,0,,"
500,500,take out the heat,500.0,"510,0,1,,"
501,501,This is because sweat evaporates and takes away body temperature,501.0,"511,1,0,,"
502,502,Back to normal body temperature due to inactivity,502.0,"512,0,1,,"
503,503,This is because sweat releases body temperature.,503.0,"513,0,0,,"
504,504,Sweat is a liquid because it evaporates and cools the heat around it.,504.0,"514,0,0,,"
505,505,"""I lost my temperature",505.0,"515,0,1,,"
506,506,"""",506.0,"516,0,1,,"
507,507,"Humans are warm-hearted animals, so they need to maintain a constant body temperature.So, to maintain body temperature, sweat and drop the elevated body temperature.",507.0,"517,0,1,,"
508,508,It's because sweat comes out,508.0,"518,0,0,,"
509,509,I'm not sure,509.0,"519,1,0,,"
510,510,I don't know through the water,510.0,"520,0,0,,"
511,511,Sweat is escaping from the inside,511.0,"521,0,0,,"
512,512,Yeah,512.0,"522,0,0,,"
513,513,This is because sweat evaporates and takes away heat.,513.0,"523,0,1,,"
514,514,The reason why I sweated is because I released heat to my body.,514.0,"524,0,1,,"
515,515,It's because sweat evaporates and takes up the temperature of the bottle,515.0,"525,0,0,,"
516,516,It's because the heat inside the body is released through sweat,516.0,"526,0,0,,"
517,517,"In order for sweat to vaporize after sweating, the body temperature is lowered because it takes heat energy from the body and vaporizes it.",517.0,"527,0,0,,"
518,518,This is because the heat of vaporization is taken away by vaporization.,518.0,"528,0,0,,"
519,519,"Heat is required for the liquid to vaporize, and the liquid absorbs heat of vaporization when evaporated. Therefore, the body temperature decreases because sweat absorbs body temperature as it evaporates.",519.0,"529,0,0,,"
520,520,This is because sweat vaporizes and takes away the heat of vaporization from the body.,520.0,"530,0,0,,"
521,521,I don't know,521.0,"531,0,0,,"
522,522,It's because sweat releases heat,522.0,"532,0,1,,"
523,523,"Sweat is a control to maintain our human natural temperature of 36 degrees Celsius, so when you sweat, your body temperature decreases for a while.",523.0,"533,0,1,,"
524,524,"Because if you sweat, the heat goes out together",524.0,"534,0,0,,"
525,525,"Sweat is liquid, so my body shakes and my body temperature drops",525.0,"535,0,1,,"
526,526,"There is heat in sweat, so when sweat is released, heat is also released.",526.0,"536,0,0,,"
527,527,It's because the heat energy escapes out,527.0,"537,0,0,,"
528,528,Because water vaporizes,528.0,"538,0,0,,"
529,529,This is because sweat vaporizes and takes the heat around it.,529.0,"539,0,0,,"
530,530,This is because the body gets cold because of sweat.,530.0,"540,0,1,,"
531,531,It's because sweat is created to keep the body warm,531.0,"541,0,1,,"
532,532,be characteristic of water,532.0,"542,0,1,,"
533,533,It releases heat and cools down the sweat,533.0,"543,0,1,,"
534,534,My body temperature decreases as my sweat cools,534.0,"544,0,0,,"
535,535,Sweat vaporizes and lowers the temperature around you,535.0,"545,0,1,,"
536,536,"Because water evaporates into the air, sweating lowers the temperature inside the body.",536.0,"546,0,1,,"
537,537,Kim Young Chul,537.0,"547,0,1,,"
538,538,h,538.0,"548,0,1,,549,0,1,,"
539,539,My sweat is cold,539.0,"550,0,1,,"
540,540,Haha,540.0,"551,0,0,,"
541,541,M and D,541.0,"552,0,1,,"
542,542,by h,542.0,"553,0,0,,"
543,543,"As the sweat cools down, it gets cold",543.0,"554,0,1,,"
544,544,The body temperature decreases because sweat evaporates and takes heat from the body.,544.0,"555,0,0,,"
545,545,This is because it absorbs heat around it.,545.0,"556,0,0,,"
546,546,1,546.0,"557,0,0,,"
547,547,The body temperature decreases because sweat evaporates and takes heat from the body,547.0,"558,0,0,,"
548,548,1,548.0,"559,0,0,,"
549,549,Ha Min has a lot of sweat on his hands,549.0,"560,0,0,,"
550,550,66ㅈㄴ44,550.0,"561,0,0,,"
551,551,I don't know,551.0,"562,0,0,,"
552,552,Because of the vaporization,552.0,"563,0,0,,"
553,553,be vaporized,553.0,"564,0,0,,"
554,554,This is because sweat dries up and takes away heat.,554.0,"565,0,0,,"
555,555,Heat emission,555.0,"566,0,0,,"
556,556,I don't know,556.0,"567,0,1,,"
557,557,This is because liquid sweat evaporates and takes away heat.,557.0,"568,0,1,,"
558,558,vaporization,558.0,"569,0,0,,"
559,559,This is because the temperature of the surrounding area decreases due to the heat of vaporization as the sweat vaporizes into the air.,559.0,"570,0,0,,"
560,560,This is because the heat of vaporization is absorbed into the air.,560.0,"571,0,1,,"
561,561,"After sweat is discharged to the skin, the body temperature is lowered because the sweat absorbs and evaporates the thermal energy of the skin surface to evaporate to change the state.",561.0,"572,0,0,,"
562,562,"The reason is that sweat comes from the body, and as the sweat cools, moisture escapes from the body, and heat escapes from the body in that situation, and the body temperature drops.",562.0,"573,0,0,,"
563,563,I don't know,563.0,"574,0,0,,"
564,564,Sweat releases heat from your body out of your body,564.0,"575,0,0,,"
565,565,"When I sweat, I feel like my body is too hot and I feel like it'",565.0,"576,0,0,,"
566,566,He took heat and water out of his body,566.0,"577,0,1,,"
567,567,"When the body gets hot, a liquid called sweat escapes from the body, making the body's body temperature normal, but if there is not enough moisture, you can get heatstroke in a hot state due to lack of sweat.",567.0,"578,0,0,,"
568,568,I washed it with cold water in the hot weather,568.0,"579,0,0,,"
569,569,I don't know.,569.0,"580,0,1,,"
570,570,I was sweating and washed with cold water because it was hot,570.0,"581,0,1,,"
571,571,I took out foreign objects from my body,571.0,"582,0,1,,"
572,572,Sweat cools you down,572.0,"583,0,1,,"
573,573,It is because sweat is cold.,573.0,"584,0,0,,"
574,574,...,574.0,"585,0,0,,"
575,575,It's because the water is drained from the body,575.0,"586,0,1,,"
576,576,My sweat is cold,576.0,"587,0,0,,"
577,577,"The water in our bodies gets hot, and the water in our house gets on our backs",577.0,"588,0,0,,"
578,578,It's because the sweat cools down and gets cold,578.0,"589,1,0,,"
579,579,The body temperature goes down because of the heat,579.0,"590,0,0,,"
580,580,Sweat the heat in your bodyI'm going to make it's my birthday,580.0,"591,0,1,,"
581,581,I don't know.,581.0,"592,0,0,,"
582,582,It is because a few percent of the body is drained by sweat.,582.0,"593,0,0,,"
583,583,"This is because when you sweat, your body's heat naturally escapes and your body temperature can gradually decrease.",583.0,"594,0,0,,"
584,584,Because I sweated,584.0,"595,0,1,,"
585,585,I'm turning it off,585.0,"596,0,1,,"
586,586,The sweat glands start to open as I get a lot of heat,586.0,"597,0,0,,"
587,587,"Because when you sweat, the moisture in your body is gone",587.0,"598,0,1,,599,0,0,,"
588,588,The sweat glands start to open as you know the heat,588.0,"600,0,0,,"
589,589,Because the moisture evaporates with heat,589.0,"601,0,1,,"
590,590,It's because the moisture changes faster,590.0,"602,0,1,,"
591,591,I sweat to lower my body temperature,591.0,"603,0,1,,"
592,592,This is because sweat releases unnecessary ingredients or hot heat to our bodies.,592.0,"604,0,1,,"
593,593,It's because the sweat cools down and takes away the heat from our bodiesThis is because sweat dries up and reduces heat.,593.0,"605,0,1,,"
594,594,This is because the body's heat is put into sweat and released outside.,594.0,"606,0,1,,"
595,595,"Due to heat conduction,",595.0,"607,0,1,,"
596,596,"Because of the heat conduction,",596.0,"608,0,1,,"
597,597,It evaporates in sweat and takes away the heat,597.0,"609,0,1,,"
598,598,It's getting cold,598.0,"610,0,1,,"
599,599,Moisture is because the temperature changes faster,599.0,"611,0,1,,"
600,600,Tom helps get rid of heat by shedding to maintain body temperature,600.0,"612,0,1,,"
601,601,"Sweat is liquid, so if it stays on our skin, the liquid cools and so does our body",601.0,"613,0,0,,"
602,602,"The temperature in sweat is released out of the body, which lowers the temperature of a person.",602.0,"614,0,1,,"
603,603,It's because it cools down after sweating.,603.0,"615,0,1,,"
604,604,It gets cold when the body loses warm moisture and temperature.,604.0,"616,0,1,,"
605,605,"As your body dries out, your body naturally loses its basic temperature",605.0,"617,0,0,,"
606,606,"When sweat is discharged from the body, the body temperature is lowered because sweat is discharged with heat.",606.0,"618,0,1,,"
607,607,"As the sweat cools down, it takes away the temperature of your body",607.0,"619,1,1,,"
608,608,My sweat is cold,608.0,"620,0,1,,"
609,609,Sweat turns into gas and takes your body temperature,609.0,"621,0,0,,"
610,610,It's also the reason why you catch a cold when your body is wet because of sweat,610.0,"622,0,1,,"
611,611,"If you get some air while sweating, it gets cold",611.0,"623,0,1,,"
612,612,Sweat turns into gas and takes your body temperature,612.0,"624,0,1,,"
613,613,"It releases heat and lowers heat energy, lowering body temperature.",613.0,"625,0,1,,"
614,614,"When heat is released, energy is lowered in heat, which lowers body temperature.",614.0,"626,0,1,,"
615,615,"When heat is released, the energy of heat is lowered and the body temperature is lowered.",615.0,"627,0,0,,"
616,616,"When heat is released, the energy of the heat decreases and the body temperature decreases",616.0,"628,0,1,,"
617,617,"If you release heat, the heat energy around you decreases",617.0,"629,0,1,,"
618,618,"If you release heat, the heat energy around you decreases",618.0,"630,0,1,,"
619,619,"If you release heat, the heat energy around you decreases",619.0,"631,0,1,,"
620,620,Sweat cools down and turns into a gas,620.0,"632,0,1,,"
621,621,The body's temperature drops as sweat vaporizes,621.0,"633,0,1,,"
622,622,This is because sweat vaporizes and absorbs heat from the surroundings,622.0,"634,0,0,,"
623,623,This is because sweat evaporates and takes away heat.,623.0,"635,0,1,,"
624,624,Because it smells,624.0,"636,0,1,,"
625,625,It's like our body's heat goes out!,625.0,"637,0,1,,"
626,626,This is because sweat absorbs heat as it evaporates.,626.0,"638,0,1,,"
627,627,"When water evaporates, it takes heat.",627.0,"639,0,1,,"
628,628,I don't know.,628.0,"640,0,1,,"
629,629,"This is because if sweat evaporates and takes away heat, the body temperature decreases.",629.0,"641,0,0,,"
630,630,This is because unnecessary temperatures are released outside to meet the body temperature of 36 degrees.,630.0,"642,0,0,,"
631,631,"As sweat evaporates, it absorbs body temperature and lowers the body temperature.",631.0,"643,0,0,,"
632,632,It's because the body mass decreases,632.0,"644,0,0,,"
633,633,"This is because sweat vaporizes, absorbs heat of vaporization, absorbs body temperature of the human body, and flies away as water vapor.",633.0,"645,0,0,,"
634,634,"It releases sweat and causes heat of vaporization due to sweat. Through vaporization, the state of sweat flies into the air and absorbs heat energy, while the body naturally loses heat. That's because you're not in good shape",634.0,"646,0,0,,"
635,635,This is because sweat absorbs heat as it evaporates.,635.0,"647,0,0,,"
636,636,This is because sweat absorbs heat energy from the body as it evaporates.,636.0,"648,0,0,,649,0,0,,"
637,637,This is because sweat evaporates and takes away heat from the body due to the absorption of vaporization heat.,637.0,"650,1,0,,"
638,638,I don't know,638.0,"651,0,0,,"
639,639,This is because sweat vaporizes and takes body temperature.,639.0,"652,0,0,,"
640,640,"When sweat cools, water takes heat while vaporizing, so it can release as much heat.",640.0,"653,0,0,,"
641,641,Sweat evaporates and takes away body temperature.,641.0,"654,0,0,,"
642,642,Sweat such as liquid water evaporates from the body and takes away heat energy from the body. This lowers our body temperature.,642.0,"655,0,0,,"
643,643,absorption of heat of vaporization,643.0,"656,0,0,,"
644,644,I'm going to take the heat away,644.0,"657,0,0,,"
645,645,I don't know.,645.0,"658,0,0,,"
646,646,"As sweat evaporates, it evaporates with the heat in your body",646.0,"659,0,0,,"
647,647,This is because the temperature around the sweat decreases in the process of evaporating.,647.0,"660,0,0,,"
648,648,"Because when sweat evaporates, it lowers the heat",648.0,"661,0,0,,"
649,649,This is because sweat absorbs heat as it evaporates.,649.0,"662,0,0,,"
650,650,"Heat of vaporization is needed when water evaporates. Therefore, as sweat evaporates on the surface of the skin, the body temperature decreases because it takes away the heat around it, that is, body temperature.",650.0,"663,0,1,,"
651,651,"It evaporates after sweat is discharged, and as the liquid becomes gas, it absorbs vaporization heat and lowers the temperature around it, lowering the body temperature.",651.0,"664,0,1,,"
652,652,My sweat is cold,652.0,"665,0,1,,"
653,653,Sweat makes your body lose heat,653.0,"666,0,0,,"
654,654,have no idea,654.0,"667,0,0,,"
655,655,It's because the sun goes down,655.0,"668,0,1,,"
656,656,Sweat has a feverIt comes out of your body together,656.0,"669,0,1,,"
657,657,"When the sweat cools down, it gets cold, but when it's on the body, it lowers the body and warmth",657.0,"670,0,1,,"
658,658,"As the sweat goes out, it cools down your body's heat",658.0,"671,0,1,,"
659,659,"When a liquid called sweat blows, the wind cools and the body temperature drops due to the sweat",659.0,"672,0,1,,"
660,660,"If there's even a little bit of wind while sweating, it gets cold as if you're using your wet hands",660.0,"673,0,1,,"
661,661,Sweat flows to make body temperature normal,661.0,"674,0,1,,"
662,662,"When the sweat in the body goes out, the body temperature decreases as the hot water goes out.",662.0,"675,0,1,,"
663,663,I don't know,663.0,"676,0,1,,"
664,664,"As the sweat goes out, the sweat that increases the heat goes out, too",664.0,"677,0,1,,"
665,665,The sun is moving,665.0,"678,0,1,,"
666,666,"If you take the hot heat out of your body, the hot heat goes down",666.0,"679,0,1,,"
667,667,I don't know.,667.0,"680,0,1,,"
668,668,It's suddenly hot and then cold,668.0,"681,0,1,,"
669,669,My body has a lot of heat and I'm sweating to cool off,669.0,"682,0,1,,"
670,670,"As the sweat cools down, the body temperature decreases because it cools down",670.0,"683,1,1,,"
671,671,The sweat hole opens and the heat escapes through the hole,671.0,"684,0,1,,"
672,672,"""Sweat is something that can release harmful substances to our bodies.",672.0,"685,0,0,,"
673,673,"Bad substances come out of our bodies and our body temperature decreases.""",673.0,"686,0,0,,"
674,674,Because sweat has a lot of heat,674.0,"687,0,0,,"
675,675,"Sweat takes away the body temperature, so the body temperature decreases after sweating.",675.0,"688,0,0,,"
676,676,"If you sweat, if you sweat, sweat will take away your body temperature, so soccer players are wearing long padding to keep their body temperature while sitting on the bench after the first half",676.0,"689,0,0,,"
677,677,This is because sweat absorbs heat as it evaporates.,677.0,"690,0,0,,"
678,678,Because my sweat is cold,678.0,"691,0,0,,"
679,679,"When the body temperature rises, the body sends out sweat to lower the heat, and the body temperature decreases because the sweat meets the relatively low-temperature air on the hot body and cools down.",679.0,"692,0,1,,"
680,680,This is because sweat is one of the ways the body releases heat.,680.0,"693,0,0,,"
681,681,This is because sweat cools down and takes away the heat from the body.,681.0,"694,0,0,,"
682,682,This is because sweat takes away the body's heat when it evaporates.,682.0,"695,0,0,,"
683,683,This is because the temperature of the skin surface decreases by releasing heat of evaporation as sweat evaporates.,683.0,"696,0,1,,"
684,684,The temperature is lowered because the liquid sweat vaporizes into the gas and absorbs the heat around it.,684.0,"697,0,1,,"
685,685,"As sweat evaporates, it turns into a gas, and in this process, the body temperature decreases because it absorbs surrounding heat to increase the temperature of the gas.",685.0,"698,0,0,,699,0,0,,"
686,686,"The state of sweat when sweat occurs as body temperature increases is liquid. However, if sweat is left still in a liquid state, it evaporates into the air, which causes a change in state from liquid to gas and loses heat, which lowers body temperature.",686.0,"700,0,0,,"
687,687,"After sweating, heat is released and the body temperature decreases (as the liquid turns into gas).",687.0,"701,0,1,,"
688,688,"As sweat evaporates, it absorbs heat from the body to change the condition",688.0,"702,0,1,,"
689,689,"Water on the skin surface evaporates over time after sweating. Since a liquid absorbs heat energy in the process of becoming a gas, it absorbs surrounding heat during the evaporation of water. The body temperature is lowered because heat is absorbed.",689.0,"703,0,1,,"
690,690,"Sweat releases waste from our bodies and lowers our body temperature. The molecular structure of a substance is relatively free, that is, energy is needed to dismantle the bonds it forms, which are absorbed from the outside. The sweat that we sweat changes from liquid to gas as it vaporizes and absorbs the heat energy that exists in our bodies. Therefore, our bodies, deprived of heat energy, lower body temperature.",690.0,"704,1,0,,"
691,691,This is because the sweat in the liquid state evaporates into the gaseous state and takes heat from our bodies.,691.0,"705,0,1,,"
692,692,"Sweat is water, and because of its high specific heat, it requires a lot of heat energy from the surroundings to increase the temperature. Therefore, as sweat evaporates, it absorbs heat from the surroundings, that is, our body temperature decreases.Sweat evaporates when it is formed. Evaporation, however, changes from a liquid state to a gaseous state, during which the material absorbs the surrounding heat energy. When water absorbs the heat energy around the body, the heat energy around the body decreases, so the body temperature decreases.",692.0,"706,0,1,,"
693,693,"Since water vapor releases heat and water droplets have the property of absorbing heat, sweat droplets absorb heat and lower body temperature.",693.0,"707,0,1,,"
694,694,"When body temperature rises, our bodies try to release heat out of the body to maintain body temperature. This phenomenon is the phenomenon that releases sweat, and at this time, sweat evaporates from the surface of the body and absorbs vaporization heat, making us feel cool and lower body temperature.",694.0,"708,0,1,,"
695,695,"The phenomenon in which the movement of the molecules forming a liquid becomes active and turns into gases is called vaporization. When a liquid vaporizes, the movement speed of molecules increases, so energy is required, and at this time, the surrounding heat energy is absorbed, and the heat absorbed is called vaporization heat. Therefore, the body temperature decreases as the sweat dries up and absorbs the heat of vaporization.",695.0,"709,0,0,,"
696,696,"Sweat is a phenomenon that releases moisture and waste from the body. It contains blood and nutrients in the water and wastes that are released.  Therefore, when you sweat, heat energy is released and your body temperature is lowered.",696.0,"710,0,1,,"
697,697,?,697.0,"711,0,1,,"
698,698,Umm,698.0,"712,0,1,,"
699,699,I don't know.,699.0,"713,0,1,,"
700,700,It opens up your body temperature and escapes into the air,700.0,"714,1,0,,"
701,701,It was so hot and it ended like a youth,701.0,"715,0,1,,"
702,702,I don't know~♡,702.0,"716,0,0,,"
703,703,Sweat evaporates and absorbs heat energy,703.0,"717,0,0,,"
704,704,The heat is released with sweat,704.0,"718,0,0,,"
705,705,To match the temperature outside,705.0,"719,0,0,,"
706,706,yes,706.0,"720,0,0,,"
707,707,Sweat evaporates and takes away your body temperature,707.0,"721,0,0,,"
708,708,This is because sweat evaporates and absorbs heat from the surrounding area to deprive the body of heat.,708.0,"722,0,0,,"
709,709,"As the heat cools down,",709.0,"723,0,0,,"
710,710,The temperature of my sweat has gone down,710.0,"724,0,0,,"
711,711,.,711.0,"725,0,0,,"
712,712,Sweat on the body evaporates and touches the skin,712.0,"726,0,0,,"
713,713,"This is because when the liquid dries, it takes away the heat around it and becomes gas.",713.0,"727,0,0,,"
714,714,Sweat evaporates and takes out heat from your body,714.0,"728,0,0,,"
715,715,"Due to the nature of returning to the original temperature, when the body temperature increases, sweat is released to lower the body temperature.",715.0,"729,0,0,,"
716,716,Because the water evaporates and takes away the heat from the surroundings.,716.0,"730,0,0,,"
717,717,Because evaporation takes away the heat,717.0,"731,0,0,,"
718,718,The liquid evaporates and takes away heat. It's heat of vaporization.,718.0,"732,0,0,,"
719,719,It's because sweat evaporates and takes away heat,719.0,"733,0,0,,"
720,720,I don't understand.,720.0,"734,0,0,,"
721,721,"Since moisture absorbs heat as it evaporates, the surrounding temperature decreases and the body temperature decreases.",721.0,"735,0,0,,"
722,722,This is because the heat is taken away as the sweat cools.,722.0,"736,0,0,,"
723,723,"This is because when you sweat, the heat in your body escapes.",723.0,"737,0,0,,"
724,724,"As sweat evaporates, it absorbs heat of vaporization, which is an endothermic reaction in which the amount of enthalpy change increases, and this phenomenon lowers the temperature.",724.0,"738,0,0,,"
725,725,There is always a break to keep the body temperature from rising to maintain sex.,725.0,"739,0,0,,"
726,726,It's because the water evaporates and the temperature goes down,726.0,"740,0,0,,"
727,727,M and D,727.0,"741,0,0,,"
728,728,"Yes, yes, yes",728.0,"742,0,1,,"
729,729,Mall,729.0,"743,0,0,,"
730,730,I don't understand.,730.0,"744,0,1,,"
731,731,I don't know. I don't know,731.0,"745,0,1,,"
732,732,I don't know.,732.0,"746,0,1,,"
733,733,I don't know,733.0,"747,0,1,,"
734,734,M and D,734.0,"748,0,1,,749,0,1,,"
735,735,I don't understand.,735.0,"750,0,1,,"
736,736,I don't understand.,736.0,"751,0,1,,"
737,737,I don't understand.,737.0,"752,0,0,,"
738,738,I don't understand.,738.0,"753,0,1,,"
739,739,Because of the sweat?,739.0,"754,0,1,,"
740,740,I don't know.,740.0,"755,0,1,,"
741,741,I don't know,741.0,"756,0,1,,"
742,742,I don't understand.,742.0,"757,0,1,,"
743,743,I don't understand.,743.0,"758,0,1,,"
744,744,M and D,744.0,"759,0,1,,"
745,745,I don't know,745.0,"760,0,1,,"
746,746,Hot,746.0,"761,0,1,,"
747,747,.,747.0,"762,0,1,,"
748,748,I don't understand.,748.0,"763,0,1,,"
749,749,Unknowingness,749.0,"764,0,0,,"
750,750,Mr,750.0,"765,0,1,,"
751,751,I don't know.,751.0,"766,0,1,,"
752,752,.,752.0,"767,0,0,,"
753,753,"In your body temperature, perspiration to evaporate aja doem store.",753.0,"768,0,1,,"
754,754,And get out of water in his body.,754.0,"769,0,0,,"
755,755,""" First, find out what is sweat.",755.0,"770,0,1,,"
756,756,,756.0,"771,0,1,,"
757,757,No sweat : a liquid that is excreted from the [汗腺] sweat glands from humans or animals.,757.0,"772,0,1,,"
758,758,,758.0,"773,0,0,,"
759,759,And inform you that the function of the sweat.,759.0,"774,0,0,,"
760,760,,760.0,"775,0,1,,"
761,761,"Fiji with skin dryness, and the surface of the sweat evaporation heat, while maintaining a normal level, defense by the regulating body temperature. Sweat secretion rate of 600 to 700 a day m per liter, but summer or exercise even when 10 liters. Thermal sweating in accordance with the cause is sweating and identified as psychogenic sweating. 온열성 발한은 체온조절에 관여하는 땀으로서, 기온이 높을 때나 근육운동에 의해 열이 많이 날 때에 생긴다. The sweat of palms and soles other than the body. Psychogenic sweating, armpits and soles of the palm of your hand only, as sweating that happens when emotion shown. When they feel tension, means the word “the hand squirt him” mental sweating. 어떤 동작을 할 때 손에 침을 칠하는 습관이 있는데, 이와 마찬가지로 정신성 발한은 손바닥·발바닥에 습기를 주어, 수족의 움직임을 용이하게 한다는 생물학적인 의미가 있다.",761.0,"776,0,1,,"
762,762,,762.0,"777,0,1,,"
763,763,And I sweat because it's hot. It gets cool when I go to a cool place.,763.0,"778,0,0,,"
764,764,,764.0,"779,0,0,,"
765,765,That's because sweat evaporates and takes away the heat from our bodies.,765.0,"780,0,0,,"
766,766,,766.0,"781,0,0,,"
767,767,Then our hot bodies can come back to normal.,767.0,"782,0,0,,"
768,768,,768.0,"783,0,0,,"
769,769,"I hope it helps.^^ """,769.0,"784,0,0,,"
770,770,"""When a substance in a liquid becomes a gas, it needs energy",770.0,"785,0,1,,"
771,771,Sweat from the body also needs energy when it becomes a gas,771.0,"786,0,0,,"
772,772,That energy is taken from our body temperature,772.0,"787,0,0,,"
773,773,"""",773.0,"788,0,0,,"
774,774,"""",774.0,"789,0,1,,"
775,775,,775.0,"790,0,0,,"
776,776,Sweat: Liquid secreted from sweat glands in humans and animals.,776.0,"791,0,1,,"
777,777,,777.0,"792,0,0,,"
778,778,And I'll show you the function of sweat.,778.0,"793,0,0,,"
779,779,,779.0,"794,0,0,,"
780,780,"Sweat prevents the skin from drying along with sebum, maintains the surface normal, and regulates the body temperature by dissipating evaporation heat. The secretion of sweat is 600~700m이지만 per day, but it can be up to 10까지도 during summer or exercise. Fever is classified into warm and psychotic sweating according to its cause. Thermal sweating is sweat that is involved in body temperature control, which occurs when the temperature is high or when a lot of heat is generated by muscle exercise. This cold comes from the whole body other than the palm and sole of the foot. Mental sweating is perspiration that occurs when you are moved, and appears only in the palm, soles of your feet, and armpits. When you're nervous, the word ""sweat in your hand"" means mental sweating. There is a habit of painting saliva on the hands when performing certain movements, and similarly, mental sweating has a biological meaning that it facilitates the movement of the hands and feet by moisturizing the palms and feet.",780.0,"795,0,1,,"
781,781,,781.0,"796,0,1,,"
782,782,And I sweat because it's hot. It gets cool when I go to a cool place.,782.0,"797,0,0,,"
783,783,,783.0,"798,0,1,,799,0,1,,"
784,784,That's because sweat evaporates and takes away the heat from our bodies.,784.0,"800,0,1,,"
785,785,,785.0,"801,0,1,,"
786,786,Then our hot bodies can come back to normal.,786.0,"802,0,1,,"
787,787,,787.0,"803,0,1,,"
788,788,,788.0,"804,0,1,,"
789,789,"""",789.0,"805,0,1,,"
790,790,"Sweat needs heat to evaporate, because it absorbs heat from our bodies and evaporates.",790.0,"806,0,1,,"
791,791,"""The heat energy in your body is absorbed by sweatIt's a decrease in body temperature """,791.0,"807,0,1,,"
792,792,"Sweat vaporizes and takes away body temperature with vaporizing heat, which seems to lower body temperature",792.0,"808,0,1,,"
793,793,"""",793.0,"809,0,1,,"
794,794,Sweat from the body also needs energy to become a gas,794.0,"810,0,1,,"
795,795,We'll take that energy out of our body temperature,795.0,"811,0,1,,"
796,796,That's why your body temperature goes down,796.0,"812,0,0,,"
797,797,The reason why people sweat when they have a lot of heat is because they want to cool down,797.0,"813,0,0,,"
798,798,"Because your body releases sweat.""",798.0,"814,0,0,,"
799,799,Sweat changes your condition and takes away your body's heat energy,799.0,"815,0,1,,"
800,800,"As the sweat cools, the body temperature decreases.",800.0,"816,0,0,,"
801,801,"When sweat absorbs heat energy, the temperature around it decreases.",801.0,"817,0,1,,"
802,802,"It's like when you put alcohol on your skin, your skin gets cold. This is the same as when alcohol evaporates, it takes a lot of heat from around it and vaporizes it. Using the properties of taking heat away from surrounding objects when a liquid is converted into a gas",802.0,"818,0,1,,"
803,803,Sweat takes away the heat energy from your body,803.0,"819,0,1,,"
804,804,"After sweating due to increased body temperature, the liquid sweat takes away heat energy to vaporize, and in the process, the body temperature is also taken away and the body temperature is lowered.",804.0,"820,0,0,,"
805,805,"As the sweat vaporizes, it takes away the heat from the body and lowers the body temperature",805.0,"821,0,1,,"
806,806,Sweat evaporates and absorbs heat from your body,806.0,"822,0,1,,"
807,807,It's because sweat takes the heat from my body while sweating,807.0,"823,0,1,,"
808,808,Because heat energy escapes as it vaporizes.,808.0,"824,0,1,,"
809,809,It's because sweat takes the energy of the body undergoing ecological changes,809.0,"825,0,0,,"
810,810,"Liquid sweat vaporizes and takes heat away from the body, which lowers body temperature",810.0,"826,0,1,,"
811,811,The body temperature decreases because the sweat absorbs heat as it dries.,811.0,"827,0,0,,"
812,812,"""Because the summer rainy season in our country is hot and humid.",812.0,"828,1,0,,"
813,813,"""Because there's already a lot of moisture in the air, even if you sweat, it doesn't evaporate well or slowly.""",813.0,"829,0,0,,"
814,814,This is because sweat takes the body's energy as the condition changes.,814.0,"830,0,0,,"
815,815,This is because sweat takes the body's energy as the condition changes.,815.0,"831,0,0,,"
816,816,It's because sweat heats up,816.0,"832,0,1,,"
817,817,absorption of heat of vaporization of water,817.0,"833,0,0,,"
818,818,Because the heat goes away with sweat,818.0,"834,0,0,,"
819,819,The sweat evaporates and absorbs the heat around the sweat,819.0,"835,0,1,,"
820,820,The heat went out of my sweat,820.0,"836,0,0,,"
821,821,"Sweat vaporizes and absorbs heat, reducing body temperature.",821.0,"837,0,0,,"
822,822,Heat from moving,822.0,"838,0,1,,"
823,823,"""It's cold because I get wet when I sweat",823.0,"839,0,1,,"
824,824,"""",824.0,"840,0,1,,"
825,825,Let's get the heat out,825.0,"841,0,1,,"
826,826,Because my body temperature is drained by sweat.,826.0,"842,0,0,,"
827,827,The heat from your body goes away with sweat,827.0,"843,0,0,,"
828,828,It's so hot that our bodies evaporate,828.0,"844,0,0,,"
829,829,How do I know?,829.0,"845,1,0,,"
830,830,"If you sweat, it means you have a lot of moisture, but if you don't, your body temperature decreases",830.0,"846,0,0,,"
831,831,"When I sweat and cool down, I rest",831.0,"847,0,0,,"
832,832,"Because moisture is generated, the heat cools down a little.",832.0,"848,0,0,,849,0,1,,"
833,833,"Sweat is water stored in our body, but as the water comes out of our body, time goes by and the body gets cold because of the sweat",833.0,"850,0,1,,"
834,834,"When you sweat, the sweat cools down and the temperature of your body decreases, which is why it is cold.",834.0,"851,0,1,,"
835,835,This is because sweat vaporizes and absorbs heat of vaporization.,835.0,"852,0,0,,"
836,836,It can be converted to kinetic energy,836.0,"853,0,1,,"
837,837,"When you sweat, the sweat cools down and your body temperature drops",837.0,"854,0,1,,"
838,838,"""Since it's summer, sweat...""",838.0,"855,0,0,,"
839,839,"""It's me""",839.0,"856,0,1,,"
840,840,Because sweat flies away with heat,840.0,"857,0,0,,"
841,841,"Sweat is moisture in us, because it feels cool when it is drained.",841.0,"858,0,0,,"
842,842,Sweat drained my heat,842.0,"859,0,1,,"
843,843,I don't know.,843.0,"860,0,1,,"
844,844,It is because sweat is cold.,844.0,"861,0,1,,"
845,845,"If you sweat, the temperature will go down",845.0,"862,0,1,,"
846,846,Because I take out all the heat from my body.,846.0,"863,0,1,,"
847,847,the condition of the water vaporizing and cooling,847.0,"864,0,0,,"
848,848,It's because it's hot,848.0,"865,0,1,,"
849,849,This is because sweat evaporates.,849.0,"866,0,1,,"
850,850,"When sweating, enthalpy increases and heat entry must occur to do so.",850.0,"867,1,0,,"
851,851,This is because sweat evaporates and the heat of vaporization is absorbed.,851.0,"868,1,0,,"
852,852,Because of the heat of vaporization,852.0,"869,0,1,,"
853,853,"As sweat evaporates, the body temperature decreases because it takes away the heat of vaporization from our bodies.",853.0,"870,0,1,,"
854,854,"When sweat vaporizes, heat absorption occurs and the body temperature decreases.",854.0,"871,0,1,,"
855,855,"As the ground vaporizes, it absorbs heat of vaporization, which lowers the body temperature.",855.0,"872,0,0,,"
856,856,The body temperature decreases because sweat evaporates and takes away the heat of vaporization.,856.0,"873,0,1,,"
857,857,Sweat absorbs heat and becomes a gas.,857.0,"874,0,1,,"
858,858,Evaporative heat absorption,858.0,"875,0,1,,"
859,859,It absorbs heat of vaporization,859.0,"876,0,1,,"
860,860,heat of vaporization,860.0,"877,0,1,,"
861,861,It's because sweat evaporates and absorbs heat from vaporization,861.0,"878,0,1,,"
862,862,"As sweat evaporates, it absorbs body temperature and feels cool.",862.0,"879,0,1,,"
863,863,My sweat is dry,863.0,"880,0,1,,"
864,864,"Oh, I don't know. I'm curious",864.0,"881,0,1,,"
865,865,It gets cold when the sweat dries,865.0,"882,0,1,,"
866,866,Sweat vaporizes and takes heat from your body,866.0,"883,0,1,,"
867,867,It's because the water in the body is drained by sweat,867.0,"884,0,1,,"
868,868,This is because sweat absorbs heat from the surroundings as it dries.,868.0,"885,0,0,,"
869,869,It's released with heat,869.0,"886,0,1,,"
870,870,"Heat energy moves from high temperature to low temperature. The temperature of sweat after exercise is lower than the body temperature, so the body temperature is lowered because the heat energy of the body temperature is lost.",870.0,"887,0,1,,"
871,871,The body temperature drops as moisture escapes from the body.,871.0,"888,0,1,,"
872,872,Sweat cools down and flies away with heat,872.0,"889,0,1,,"
873,873,I sweat a lot and take away the heat,873.0,"890,1,1,,"
874,874,Sweat evaporates and takes away your body temperature,874.0,"891,0,1,,"
875,875,Sweat from the body vaporizes and lowers the temperature inside the body,875.0,"892,0,1,,"
876,876,I'm sweating because it's hot,876.0,"893,0,1,,"
877,877,Take heat,877.0,"894,0,1,,"
878,878,My sweat is cold,878.0,"895,0,1,,"
879,879,Our body releases c-dam to control the temperature,879.0,"896,0,1,,"
880,880,"As the sweat cools, the body cools.",880.0,"897,0,1,,"
881,881,This is because the sweat disappeared as it was absorbed by the body.,881.0,"898,0,1,,899,0,1,,"
882,882,"Sweating means that our body's moisture escapes, and as moisture escapes, our body temperature decreases.",882.0,"900,0,1,,"
883,883,"As the sweat evaporates, it cools down because it also takes the heat from my body.",883.0,"901,0,1,,"
884,884,I'm running out of water,884.0,"902,0,1,,"
885,885,I don't know.,885.0,"903,0,1,,"
886,886,This is because sweat evaporates and takes away heat.,886.0,"904,,,,"
887,887,"The body temperature is high, so sweat is released to cool down",887.0,"905,,,,"
888,888,The temperature changed,888.0,"906,4.0%,51.7%,,"
889,889,The reason why you release the heat from your body is because you lose the heat from your sweat,,
890,890,"It's because sweat evaporates and takes heatWhen the body temperature rises, the body temperature decreases by sweating to lower the temperature.",,
891,891,It's because the energy is drained by sweat.,,
892,892,"When you sweat, the wind blows and cools, and your body temperature decreases?",,
893,893,It's the same thing as water on your body,,
894,894,To heat up your body,,
895,895,"Sweat changes the body temperature, so it cools down in the process of trying to get it back to its original state.",,
896,896,.,,
897,897,Moisture escapes from the mong and the body temperature drops,,
898,898,It's because my body is cold,,
899,899,Sweat evaporates with body temperature.,,
900,900,This is because sweat releases heat.,,
901,901,"As the sweat evaporates, the body temperature decreases due to heat of vaporization or release",,
902,902,Well.,,
903,903,Sweat evaporates and takes away the temperature,,
904,904,in order to release heat,,
905,905,Because I'm taking out water to lower my elevated body temperature... It lowers your body temperature.,,
906,906,"Because water has a large specific heat, the moisture in the sweat vaporizes and takes away a lot of heat from the body",,
907,907,d,,
908,908,"As the moisture comes out of your body, it's going to shoot!",,
909,909,heat of vaporization,,
910,910,This is because sweat vaporizes and takes away heat from the body.,,
911,911,"When water vaporizes, it absorbs surrounding heat due to an endothermic reaction.",,
912,912,"Because sweat releases heat and waste from the body, body temperature decreases after sweating",,
913,913,"There is heat in the body in sweat, which releases heat.",,
914,914,I'd love to.,,
915,915,"This is because when a substance evaporates, it absorbs heat and takes away my body temperature.",,
916,916,This is because sweat absorbs heat of vaporization as it evaporates.,,
917,917,It's for maintaining homeostasis.,,
918,918,"When the body temperature increases, the blood flow increases, and when the blood flow increases, the osmotic pressure increases, which lowers the osmotic pressure by discharging sweat to maintain homeostasis.",,
919,919,"Sweat is liquid. Therefore, when sweat evaporates, the body temperature decreases due to the heat of vaporization.",,
920,920,"When sweat evaporates by vaporization heat absorption, the surrounding heat energy is absorbed.",,
921,921,"When a liquid becomes a gas, it absorbs the thermal energy around it and changes its state, and sweat acts as this liquid and takes away body temperature and evaporates.",,
922,922,I don't know.,,
923,923,"When sweat evaporates from your skin, it absorbs energy from your surroundings",,
924,924,This is because it absorbs the heat energy around it after sweating.,,
925,925,"When sweat evaporates, it becomes gas, which takes away heat and lowers body temperature.",,
926,926,The body temperature decreases because sweat generated from the body vaporizes and takes away the heat around it.,,
927,927,"Thermal energy is involved in the phase shift of matter.It absorbs heat energy when it changes from solid to liquid and from liquid to gas, and vice versa. Since sweat is mostly liquid, which is water, when heated on a hot day, it absorbs heat energy and lowers body temperature when it turns into a gas.",,
928,928,The body temperature is lowered because the liquid vaporizes into a gas and takes away heat from the skin.,,
929,929,The body temperature is lowered because the liquid vaporizes into a gas and takes away heat from the skin.,,
930,930,"It absorbs heat of vaporization in the process of liquid turning into gas. As sweat evaporates, the body temperature decreases because it absorbs heat from the body.",,
931,931,"Sweat is a liquid that absorbs the heat around it when a phase change occurs into a gas. Therefore, absorbing heat from the human body lowers body temperature.",,
932,932,The sweat evaporated and the heat went out,,
933,933,The body temperature decreases because sweat evaporates and takes away heat.,,
934,934,"As sweat, which is a liquid, evaporates and becomes a gas, it takes away the heat from your body temperature and lowers your body temperature.",,
935,935,I don't know,,
936,936,The body temperature decreases because the heat of vaporization goes out as the sweat from the body vaporizes.,,
937,937,"Sweat is a liquid, and vaporization occurs in the process of drying after sweating. Energy must be absorbed in order for a liquid with a low energy state to vaporize into a gas with a high energy state. That is, since the heat energy of the skin is absorbed in the process of vaporizing sweat, the body temperature is lowered.",,
938,938,out of heat,,
939,939,"Sweat on the skin evaporates from a liquid state to a gaseous state, which takes the energy needed to change the state from our skin temperature, which lowers the body temperature.",,
940,940,It is easy to control body temperature by taking away existing heat due to opportunity heat.,,
941,941,Sweat vaporizes and absorbs heat It absorbs body heat. It lowers body temperature,,
942,942,The liquid vaporizes and absorbs heat,,
943,943,"Sweat is liquid. The reason why the body sweats is to lower the body temperature, but the body cools down because the sweat vaporizes and takes away the heat of vaporization.",,
944,944,"The sweat evaporates and flies away from the skin's surface, and when this phenomenon occurs, heat absorption occurs that absorbs heat from the surrounding area. Therefore, lowering the body temperature is a phenomenon that occurs because the vaporization phenomenon is an endothermic reaction.",,
945,945,The liquid sweat evaporates and an endothermic reaction occurs. Why do we need this heat absorption energy? It happens because it weakens the attraction between particles in a liquid state and makes them into gas states that are far from each other. So to absorb the heat from our bodies.The body temperature drops.,,
946,946,Most of the sweat is made up of water. This water uses heat energy when it evaporates. The use of heat energy lowers the body temperature.,,
947,947,"The sweat holes in the body become bigger, and as you sweat, the body's heat escapes and the body temperature decreases. The evaporation of sweat is the vaporization of a liquid into a gas, and it is an endothermic reaction.",,
948,948,"As sweat vaporizes from the liquid, it absorbs heat from the body, which lowers body temperature.",,
949,949,Sweat vaporizes and takes away heat from the body according to the change in the condition of the substance,,
950,950,"Sweat is a liquid, but as the liquid vaporizes, it becomes cool to carry heat together.",,
951,951,"The liquid vaporizes into a gas and takes away the surrounding heat energy. Therefore, sweat and sweat vaporize, depriving the body of heat, lowering body temperature.",,
952,952,"The liquid sweat evaporates into the air over time and disappears. The change of a liquid substance into a gaseous state is called vaporization. Since gaseous substances have more energy than liquid substances, liquid substances need to absorb heat from their surroundings to obtain energy to become gaseous substances. In other words, when sweat evaporates, it absorbs heat and evaporates, which lowers body temperature.",,
953,953,Sweat is produced and it dries up and absorbs heat,,
954,954,Evaluation Only. Created with Aspose.Cells for Python via Java.Copyright 2003 - 2022 Aspose Pty Ltd.,,
