,Unnamed: 0,2) What would be good for a bakery if they compete?,Unnamed: 0,", q52_power generation, q52_power generation1"
0,0,I have a desire to win.,0.0,"0,0,"
1,1,You can improve what you lack in your bakery.,1.0,"1,1,"
2,2,It's promoting,2.0,"2,0,"
3,3,"If you win, many people come to your bakery",3.0,"3,0,"
4,4,I think people will buy and go,4.0,"4,0,"
5,5,"As we compete with each other, we develop each other",5.0,"5,1,"
6,6,You can sell a lot. ^^^^^^^^^^^^^^^^^^^^^^^^^^^^^^^^^^^^^^^^^^^^^^^^^^^(Laughing) (Laughing) (Laughing),6.0,"6,0,"
7,7,You can see who did better,7.0,"7,0,"
8,8,to be able to produce better things,8.0,"8,1,"
9,9,You can make a lot of money.,9.0,"9,0,"
10,10,There are more customers,10.0,"10,0,"
11,11,You can make more money.,11.0,"11,0,"
12,12,It sells more.,12.0,"12,0,"
13,13,It can become very popular with the public as a competitor.,13.0,"13,0,"
14,14,I don't know.,14.0,"14,0,"
15,15,It's because a lot of consumers come and make a lot of money,15.0,"15,0,"
16,16,Consumers make a lot of money by coming to the bakery,16.0,"16,0,"
17,17,I can take care of other stores and make corrections,17.0,"17,1,"
18,18,all of a sudden,18.0,"18,0,"
19,19,I'll try to sell better products,19.0,"19,1,"
20,20,A lot of people come to buy it,20.0,"20,0,"
21,21,?,21.0,"21,0,"
22,22,You can buy what you want,22.0,"22,0,"
23,23,It makes me work harder,23.0,"23,1,"
24,24,A lot of people are coming,24.0,"24,0,"
25,25,get paid more,25.0,"25,0,"
26,26,I can achieve good results by trying to make better bread.,26.0,"26,1,"
27,27,Watch the fight,27.0,"27,0,"
28,28,It's famous.,28.0,"28,0,29,0,"
29,29,People are coming in,29.0,"30,1,"
30,30,The bread tastes much better to attract more customers.,30.0,"31,1,"
31,31,"I think I can try or challenge more things, and it will be a trick to develop myself further.",31.0,"32,1,"
32,32,It's because we're trying harder to compete,32.0,"33,0,"
33,33,I can promote it even more,33.0,"34,1,"
34,34,You can listen to other bakery information and make it better than that bakery information,34.0,"35,0,"
35,35,You can compare the differences.,35.0,"36,1,"
36,36,I can eat delicious bread while working harder,36.0,"37,0,"
37,37,You get a lot of better results.,37.0,"38,1,"
38,38,The bakery gets better.,38.0,"39,1,"
39,39,I can come up with a good idea.,39.0,"40,0,"
40,40,It will be good to promote it a lot,40.0,"41,0,"
41,41,What consumers can pay for and make a lot of money,41.0,"42,0,"
42,42,"You can reduce the amount of food you need, treat your customers nicer, make a tasting corner, sample the bread, and buy it if it's good",42.0,"43,0,"
43,43,I don't understand.,43.0,"44,1,"
44,44,"In order to survive the competition, technology is developed.",44.0,"45,0,"
45,45,.,45.0,"46,1,"
46,46,I have a lot of ideas,46.0,"47,1,"
47,47,I'm working harder,47.0,"48,0,"
48,48,I don't know,48.0,"49,0,"
49,49,to be able to attract customers,49.0,"50,1,"
50,50,It's improving,50.0,"51,0,"
51,51,know how to win,51.0,"52,1,"
52,52,Improvement?,52.0,"53,1,"
53,53,We are leading each other in a better direction so that more people can come,53.0,"54,1,"
54,54,to be able to make up for one's shortcomings,54.0,"55,1,"
55,55,We can improve further by filling each other's shortcomings.,55.0,"56,0,"
56,56,Ayun is not left,56.0,"57,0,"
57,57,I don't have it's,57.0,"58,1,59,1,"
58,58,Work harder to make more profit than the other person.,58.0,"60,0,"
59,59,"I want to do better than other bakeries, so I try a lot, and if I do a lot, I develop more and more",59.0,"61,1,"
60,60,.,60.0,"62,1,"
61,61,"By creating competitors, we try to create higher quality",61.0,"63,1,"
62,62,Bakery stores will develop further.,62.0,"64,0,"
63,63,Can advance technology to attract consumers,63.0,"65,0,"
64,64,Either side can benefit.,64.0,"66,0,"
65,65,"Cheap price, good quality, good service",65.0,"67,0,"
66,66,Each other's value can increase.,66.0,"68,0,"
67,67,I don't understand.,67.0,"69,1,"
68,68,"If you win the competition, you will get good results",68.0,"70,0,"
69,69,You can learn how to gain trust by providing better services and create a corporate philosophy.,69.0,"71,1,"
70,70,Bread makers are to make consumers buy delicious bread or to make their business better than other bakeries.,70.0,"72,0,"
71,71,I will make better bread than other bakery,71.0,"73,1,"
72,72,The winning side has a relatively good perception.,72.0,"74,0,"
73,73,I'm sure one side will bring bad results. I think I'll have a chance to grow more,73.0,"75,1,"
74,74,You can tell that your bakery is better because you have something to compare,74.0,"76,0,"
75,75,the development of the store,75.0,"77,0,"
76,76,"If you're popular with people, that store makes a lot of money",76.0,"78,1,"
77,77,Excessive economic losses can be prevented through competition.,77.0,"79,0,"
78,78,It will have a better system.,78.0,"80,1,"
79,79,Increase in sales rate,79.0,"81,0,"
80,80,Competition can lead to more new things,80.0,"82,1,"
81,81,"By reducing the price of the product, consumers' desire to buy the product is increased, and by increasing the number of visits to the bakery, the sales volume of the bakery is increased.",81.0,"83,1,"
82,82,I try to sell bread to many people.,82.0,"84,1,"
83,83,We try to improve the quality of each other's products and develop them further,83.0,"85,0,"
84,84,"If you win the competition, it's good to come up with a strategy to win the next competition even if you lose the competition because it's very cheap.",84.0,"86,1,"
85,85,"You will be more interested in your work and competitive, so you will be able to achieve better results.",85.0,"87,1,"
86,86,"If several bakeries compete, promotion to consumers can be activated and the effect can be achieved. In addition, employees can have a sense of competition for other bakeries, so they can expect the unity of their bakery employees and improve the quality of their bakery products. Finally, competition can improve the competitiveness of the bakery-related market, so consumers such as the ice cream market can gain an advantage in competition between bakery and other markets, resulting in a benefit to the bakery.",86.0,"88,1,89,1,"
87,87,"The quality of bakery goods and services increases, but the financial benefits to the owner can be better, similar, or worse.",87.0,"90,0,"
88,88,We can develop through competitive spirit,88.0,"91,0,"
89,89,We can make a better product,89.0,"92,0,"
90,90,Profit-making through competition,90.0,"93,0,"
91,91,There are more customers,91.0,"94,0,"
92,92,I don't think there will be any improvement in competition.,92.0,"95,1,"
93,93,"""",93.0,"96,0,"
94,94,"Because the bakery will try to provide something better than its counterpart, consumers will find more, and then consumption will increase and profits will increase.",94.0,"97,0,"
95,95,I don't know,95.0,"98,1,"
96,96,Companies can develop and attract more customers.,96.0,"99,0,"
97,97,"More consumers, more revenue.",97.0,"100,0,"
98,98,L.Try to make better bread so that you can put good products.,98.0,"101,0,"
99,99,increase one's economic power,99.0,"102,1,"
100,100,I don't think so,100.0,"103,0,"
101,101,to be able to increase profits,101.0,"104,1,"
102,102,That species tries to make confectionery.,102.0,"105,0,"
103,103,You can make a profit.,103.0,"106,1,"
104,104,I can live harder,104.0,"107,0,"
105,105,"We'll do a lot of things to attract customers, and the profits go up",105.0,"108,1,"
106,106,It's going to get better and have more customers,106.0,"109,0,"
107,107,I don't know,107.0,"110,1,"
108,108,We can sell better products to customers,108.0,"111,1,"
109,109,Will I lose my money? I will lose my money,109.0,"112,1,"
110,110,The level of bakery will increase.,110.0,"113,0,"
111,111,The quality of bread and interior appearance of the bakery is improved,111.0,"114,0,"
112,112,Each other has a passion to work harder.,112.0,"115,0,"
113,113,to be able to make money,113.0,"116,0,"
114,114,I've never been to a bakery.,114.0,"117,1,"
115,115,"If we compete, it's a piece of shit.",115.0,"118,0,119,0,"
116,116,gain a greater profit,116.0,"120,1,"
117,117,Your ability to make bread gets better,117.0,"121,0,"
118,118,Our country will win,118.0,"122,1,"
119,119,Ore-muk-sam (rice cake),119.0,"123,0,"
120,120,You can see the problem in your shop,120.0,"124,0,"
121,121,I don't know.,121.0,"125,0,"
122,122,More delicious bread,122.0,"126,0,"
123,123,I look cute.,123.0,"127,0,"
124,124,ㅇㄻㄴ,124.0,"128,0,"
125,125,The number of customers increases. The number of customers increases,125.0,"129,0,"
126,126,.,126.0,"130,0,"
127,127,There are a lot. It'sold,127.0,"131,0,"
128,128,.,128.0,"132,0,"
129,129,be pleased with one's victory,129.0,"133,0,"
130,130,ㅓ Haha,130.0,"134,0,"
131,131,You can make a profit even if you sell it cheaply.,131.0,"135,0,"
132,132,I can make more money,132.0,"136,1,"
133,133,I don't know,133.0,"137,1,"
134,134,Competition increases opportunities to promote.,134.0,"138,1,"
135,135,The bakery can atrract many customers,135.0,"139,0,"
136,136,to be able to work harder,136.0,"140,0,"
137,137,We try hard to make a lot of money,137.0,"141,0,"
138,138,I'm trying to do better.,138.0,"142,0,"
139,139,ㄴㅇㄹ ㅇㄹㄻㅇ,139.0,"143,0,"
140,140,It makes me proud,140.0,"144,1,"
141,141,gain a greater profit,141.0,"145,0,"
142,142,There are more customers,142.0,"146,1,"
143,143,..............,143.0,"147,1,"
144,144,Taste and quality,144.0,"148,0,149,1,"
145,145,I get pride. Competition is burning,145.0,"150,1,"
146,146,You can develop.,146.0,"151,0,"
147,147,I can make better snacks and develop them,147.0,"152,1,"
148,148,We can get more support from the headquarters,148.0,"153,0,"
149,149,Trying to make it delicious,149.0,"154,0,"
150,150,It improves taste and quality.,150.0,"155,1,"
151,151,People make a lot of money because they go and buy it,151.0,"156,1,"
152,152,Competition can help develop confectionery.,152.0,"157,1,"
153,153,Bakery B,153.0,"158,0,"
154,154,We have more customers,154.0,"159,0,"
155,155,It makes progress.,155.0,"160,0,"
156,156,It makes progress.,156.0,"161,0,"
157,157,I try harder,157.0,"162,1,"
158,158,It's selling a lot.,158.0,"163,1,"
159,159,I don't know...,159.0,"164,0,"
160,160,take turns making regular money with,160.0,"165,1,"
161,161,be even more delicious,161.0,"166,0,"
162,162,Work harder.,162.0,"167,0,"
163,163,You can pursue novelty and find problems.,163.0,"168,0,"
164,164,ㅐ,164.0,"169,0,"
165,165,We can develop each other.,165.0,"170,0,"
166,166,I don't think there's anything particularly good about it.,166.0,"171,0,"
167,167,There are a lot of customers coming.,167.0,"172,1,"
168,168,You can get money.,168.0,"173,0,"
169,169,I'm going to let you know more,169.0,"174,0,"
170,170,He is quick to spin and makes a lot of money,170.0,"175,0,"
171,171,various points,171.0,"176,0,"
172,172,What needs to be improved can be corrected,172.0,"177,1,"
173,173,"When the price goes down due to competition, many customers come.",173.0,"178,1,179,0,"
174,174,to be able to sell more goods,174.0,"180,1,"
175,175,"Because if a bakery wins the competition, a lot of people come",175.0,"181,0,"
176,176,People buy things.,176.0,"182,1,"
177,177,We will make more bread and improve our skills.,177.0,"183,1,"
178,178,We can make better products,178.0,"184,0,"
179,179,"If you compete on better terms, more people will come.",179.0,"185,1,"
180,180,Bakery stores can compete and supply better consumer goods.,180.0,"186,1,"
181,181,"The bread will be cheaper, and it will taste better. Also, the attitude of the clerks will be kind.",181.0,"187,0,"
182,182,The store gets better.,182.0,"188,1,"
183,183,Better things can be developed.,183.0,"189,0,"
184,184,"By making it more profitable for consumers to come more often, the bakery sells a lot of goods",184.0,"190,0,"
185,185,"Because of competition, confectionery technology grows more to make more delicious bread?",185.0,"191,0,"
186,186,be given a chance to improve,186.0,"192,0,"
187,187,to be able to sell more to customers,187.0,"193,1,"
188,188,You can grow and develop by identifying problems or creating more advantages,188.0,"194,1,"
189,189,You can become more perfect because you have a rival,189.0,"195,0,"
190,190,I'm making more,190.0,"196,0,"
191,191,I don't know.,191.0,"197,0,"
192,192,Profits will increase.,192.0,"198,1,"
193,193,It's improving,193.0,"199,0,"
194,194,I can make a better product,194.0,"200,1,"
195,195,?,195.0,"201,0,"
196,196,A lot of customers come in.,196.0,"202,0,"
197,197,"Buy consumer confidence at a cheaper price.""By competing, I was able to work harder to win the other company",197.0,"203,0,"
198,198,"It makes you more efficient.""",198.0,"204,0,"
199,199,The winner of the competition can earn more money.,199.0,"205,0,"
200,200,A good change will occur,200.0,"206,1,"
201,201,I don't think there'll be any good for the bakery,201.0,"207,1,"
202,202,I don't know.,202.0,"208,1,209,1,"
203,203,be good at making money,203.0,"210,0,"
204,204,I don't know.,204.0,"211,0,"
205,205,Popularity,205.0,"212,1,"
206,206,"Competition can sell better products to consumers, and if competition prevails, more consumers can come to the bakery.",206.0,"213,1,"
207,207,It improves the taste.,207.0,"214,1,"
208,208,"Because the bakery feels competitive with each other, they will be able to eat more bread and make a lot of bread. And there's going to be more income.",208.0,"215,0,"
209,209,You can grow the store more.,209.0,"216,0,"
210,210,I get passionate,210.0,"217,1,"
211,211,.,211.0,"218,0,"
212,212,New bread is coming out,212.0,"219,1,"
213,213,I can improve my skills because I try to win.,213.0,"220,0,"
214,214,Development,214.0,"221,1,"
215,215,I get acquainted with other bakeries,215.0,"222,1,"
216,216,I don't know.,216.0,"223,0,"
217,217,You can make a profit and develop a menu.,217.0,"224,0,"
218,218,I don't know.,218.0,"225,1,"
219,219,"Due to competitive spirit, we can make more efforts to sell and generate sales.",219.0,"226,1,"
220,220,make money,220.0,"227,1,"
221,221,"Because we try to be better at each other, we can make a brilliant bread in the process.",221.0,"228,1,"
222,222,We can increase sales by improving the service.,222.0,"229,1,"
223,223,I don't know,223.0,"230,1,"
224,224,It's getting cheaper when different bakeries compete with each other,224.0,"231,1,"
225,225,You can make better quality products.,225.0,"232,0,"
226,226,I'm working hard for better service,226.0,"233,0,"
227,227,provide better service,227.0,"234,1,"
228,228,Bread improves in quality,228.0,"235,0,"
229,229,Better service delivery,229.0,"236,0,"
230,230,I try to make the product better,230.0,"237,0,"
231,231,"Because I try to be better than my competitor, my ability is improved",231.0,"238,1,239,1,"
232,232,A lot of people come when I buy it,232.0,"240,1,"
233,233,There are more people coming.,233.0,"241,0,"
234,234,We can compete and develop further.,234.0,"242,0,"
235,235,"If I have a better point, I only make money",235.0,"243,0,"
236,236,The winner will benefit from the competition,236.0,"244,0,"
237,237,I can gather people,237.0,"245,0,"
238,238,Developing and developing new places.,238.0,"246,0,"
239,239,You can learn more technology and discover new technology,239.0,"247,0,"
240,240,to be able to work diligently,240.0,"248,0,"
241,241,be no good,241.0,"249,1,"
242,242,"If the two bakeries compete, both become popular and many consumers can come to the bakery.",242.0,"250,0,"
243,243,"If I become popular in competition, I think I can make a lot of money because many people come.",243.0,"251,0,"
244,244,"If you compete and win, you don't need much.",244.0,"252,1,"
245,245,There are more people coming.,245.0,"253,0,"
246,246,I don't know,246.0,"254,1,"
247,247,I don't know.,247.0,"255,0,"
248,248,I don't know.,248.0,"256,0,"
249,249,I improve my skills by trying to make good bread,249.0,"257,1,"
250,250,a heightened sense of competition,250.0,"258,1,"
251,251,Do you have any good points?,251.0,"259,0,"
252,252,to be able to improve the quality,252.0,"260,1,"
253,253,...I don't know,253.0,"261,1,"
254,254,to show better quality,254.0,"262,1,"
255,255,I will buy more products,255.0,"263,0,"
256,256,become more competitive,256.0,"264,0,"
257,257,You can get better skills,257.0,"265,0,"
258,258,More advanced,258.0,"266,0,"
259,259,You two can get close by fighting,259.0,"267,1,"
260,260,can provide better quality,260.0,"268,0,269,1,"
261,261,Bakery stores develop,261.0,"270,0,"
262,262,It grows to a new level.,262.0,"271,0,"
263,263,I can sell more things because I'm competitive,263.0,"272,1,"
264,264,You get more consumers,264.0,"273,0,"
265,265,We can benefit from each other.,265.0,"274,1,"
266,266,You can make more money if you win the competition.,266.0,"275,0,"
267,267,It can continue to develop and improve qualitatively.,267.0,"276,1,"
268,268,People who usually go to other bakeries can turn to better bakeries.,268.0,"277,1,"
269,269,Bakery stores can be conscious and participate in economic activities more diligently.,269.0,"278,0,"
270,270,Don't know,270.0,"279,0,"
271,271,"If you win the competition, you can monopolize it",271.0,"280,1,"
272,272,"Through experience, you can produce better products and sell good products to consumers.",272.0,"281,1,"
273,273,?,273.0,"282,0,"
274,274,"The more you compete and develop, the more customers you have",274.0,"283,1,"
275,275,It can attract attention to consumers and induce more sales.,275.0,"284,0,"
276,276,They work harder by competing with each other because they are motivated.,276.0,"285,0,"
277,277,The bakery will also work harder,277.0,"286,0,"
278,278,"You will lose money when you compete, but after winning the competition, you can monopolize the sales revenue",278.0,"287,0,"
279,279,Profits may increase.,279.0,"288,0,"
280,280,"If you compete, you can improve your confectionery skills to win, and if you win the competition, you can make a big profit.",280.0,"289,0,"
281,281,Each other's skills improve.,281.0,"290,0,"
282,282,It's,282.0,"291,0,"
283,283,improve in quality,283.0,"292,0,"
284,284,None.,284.0,"293,0,"
285,285,I don't understand.,285.0,"294,0,"
286,286,profit generation,286.0,"295,1,"
287,287,None.,287.0,"296,0,"
288,288,I don't have it's,288.0,"297,1,"
289,289,?,289.0,"298,0,299,1,"
290,290,Monopoly seems more efficient than competition,290.0,"300,1,"
291,291,I don't know.,291.0,"301,0,"
292,292,I don't understand.,292.0,"302,1,"
293,293,The bakery class is different.,293.0,"303,0,"
294,294,There is nothing much.,294.0,"304,0,"
295,295,product quality improvement,295.0,"305,0,"
296,296,"You'll get more profitDeveloping creative, new menus, differentiating themselves",296.0,"306,1,"
297,297,You can do business better by knowing what more consumers want.,297.0,"307,0,"
298,298,A lot of good ideas will come to mind.,298.0,"308,0,"
299,299,"If you compete, the store will make more progress to sell more",299.0,"309,0,"
300,300,I don't think it's going to be good. I think it's much more profitable to sell it exclusively and sell it at a higher price than to compete.,300.0,"310,1,"
301,301,I feel proud when bakeries compete with each other and grow.,301.0,"311,1,"
302,302,I don't know because I haven't tried it.,302.0,"312,0,"
303,303,I don't understand.,303.0,"313,0,"
304,304,Your skills will improve,304.0,"314,0,"
305,305,"We can find each other's strengths and weaknesses, and if we have a chance, we can agree with each other to make greater economic gains.",305.0,"315,1,"
306,306,You become passionate about your store.,306.0,"316,0,"
307,307,The competition diversifies consumers,307.0,"317,0,"
308,308,I don't know.,308.0,"318,1,"
309,309,an effort to compete,309.0,"319,0,"
310,310,The quality of each other's products improves and sales increase.,310.0,"320,0,"
311,311,It's going to be far.,311.0,"321,1,"
312,312,You can get a bigger profit economically.,312.0,"322,1,"
313,313,You can compete with each other and make more profit.,313.0,"323,0,"
314,314,It makes me work harder,314.0,"324,0,"
315,315,We can provide better service to future businesses,315.0,"325,1,"
316,316,Sales increase when consumers use it a lot,316.0,"326,1,"
317,317,We compete with each other and work harder,317.0,"327,0,"
318,318,You can make a profit from good service,318.0,"328,1,329,0,"
319,319,a guest,319.0,"330,1,"
320,320,You can sell a higher level of goods because you want to provide better benefits and better services,320.0,"331,0,"
321,321,The bakery itself can grow further.,321.0,"332,1,"
322,322,You can have a monopoly when you win the competition.,322.0,"333,1,"
323,323,h,323.0,"334,1,"
324,324,You can get technical skills by producing better quality products.,324.0,"335,0,"
325,325,compete and develop further,325.0,"336,0,"
326,326,to increase one's income,326.0,"337,1,"
327,327,You can generate sales by creating more ideas.,327.0,"338,0,"
328,328,the joy of competition,328.0,"339,0,"
329,329,It will be better than before.,329.0,"340,0,"
330,330,"""The news would say it's good, but in fact, what comes from bakery Paris Baguette or something like that would be a competition for individual bakeries. If it's not a good restaurant, I can't compete with you, so what should I do?",330.0,"341,0,"
331,331,"""",331.0,"342,0,"
332,332,People gather by making more delicious bread.,332.0,"343,0,"
333,333,development,333.0,"344,0,"
334,334,It's improving,334.0,"345,1,"
335,335,You can make more money,335.0,"346,0,"
336,336,It's fun,336.0,"347,0,"
337,337,It's good to sell a better girl,337.0,"348,0,"
338,338,It will make more money,338.0,"349,0,"
339,339,The bakery's items will sell well,339.0,"350,1,"
340,340,Business will be better.,340.0,"351,0,"
341,341,Only the bakery can be run by yourself,341.0,"352,0,"
342,342,I don't know.,342.0,"353,1,"
343,343,ㅈ,343.0,"354,1,"
344,344,Thing,344.0,"355,0,"
345,345,Only more will sell better quality and more goods.,345.0,"356,0,"
346,346,Consumers can make more money because they buy bread from their bakery.,346.0,"357,0,"
347,347,I don't know,347.0,"358,1,359,1,"
348,348,There are a lot of people coming.,348.0,"360,1,"
349,349,"If we continue to compete, our country will develop a lot.",349.0,"361,0,"
350,350,"If you work hard to make more delicious confectionery, you can achieve better results.",350.0,"362,0,"
351,351,I don't know,351.0,"363,0,"
352,352,I don't know,352.0,"364,0,"
353,353,"Change, cheaper, tastier, say good bread",353.0,"365,1,"
354,354,Because a lot of people come and work hard.Because you end up doing what you want to do,354.0,"366,0,"
355,355,I don't know,355.0,"367,0,"
356,356,I don't know.,356.0,"368,0,"
357,357,I'm glad to win,357.0,"369,0,"
358,358,More research will be conducted on the goods to be given to consumers.,358.0,"370,0,"
359,359,"The quality of one's products is improved, so more customers can come.",359.0,"371,1,"
360,360,The bread was delicious,360.0,"372,0,"
361,361,"If you win, you make a lot of money",361.0,"373,0,"
362,362,The number of consumers,362.0,"374,0,"
363,363,S5757,363.0,"375,0,"
364,364,"If you do well, your sales may go up",364.0,"376,1,"
365,365,I can come up with a better idea,365.0,"377,0,"
366,366,3225253,366.0,"378,0,"
367,367,"As the price becomes expensive, people can buy it at a high price.",367.0,"379,0,"
368,368,I don't know.,368.0,"380,0,"
369,369,h,369.0,"381,0,"
370,370,h,370.0,"382,0,"
371,371,You can increase your profits by selling new products.,371.0,"383,1,"
372,372,I don't know.,372.0,"384,0,"
373,373,to be able to make a profit,373.0,"385,1,"
374,374,h,374.0,"386,0,"
375,375,h,375.0,"387,0,"
376,376,The bakery owner can work harderAhhhhhhhhhhhhhhhhhhhhhhhhhhh,376.0,"388,0,389,1,"
377,377,Many consumers can come,377.0,"390,0,"
378,378,Earn money................................................................................................................................................................................................................................................,378.0,"391,0,"
379,379,Several guests may come.,379.0,"392,1,"
380,380,There are shops that will benefit and they may be praised by customers,380.0,"393,0,"
381,381,People are gathering,381.0,"394,0,"
382,382,I'm making money haha,382.0,"395,0,"
383,383,Increase the possibility of development. Consumers come to think of what they want.,383.0,"396,0,"
384,384,Business is booming because there are a lot of people coming,384.0,"397,0,"
385,385,You can grow by looking at other bakeries.,385.0,"398,0,"
386,386,The product will become cheaper because consumers buy cheaper products.,386.0,"399,1,"
387,387,"If bakeries compete with each other, people will post delicious food on SNS, and those who see it will visit there",387.0,"400,0,"
388,388,.,388.0,"401,1,"
389,389,to be able to fill in the gaps by looking at other stores,389.0,"402,0,"
390,390,People can see who's coming a lot.,390.0,"403,0,"
391,391,I can buy more bread,391.0,"404,0,"
392,392,We can sell delicious snacks to customers and increase profits,392.0,"405,1,"
393,393,I think a lot of bread will be sold.,393.0,"406,1,"
394,394,You can sell a lot of goods by lowering the price.,394.0,"407,0,"
395,395,There can be a lot of customers.It's fun to compete,395.0,"408,0,"
396,396,It sells more.,396.0,"409,1,"
397,397,The number of customers is increasing,397.0,"410,0,"
398,398,"While competing, they create better ideas than other bakeries, attracting consumers to generate higher profits or patenting ingenious technologies created by competing.",398.0,"411,0,"
399,399,You can sell a lot of bread by lowering the price by competing.,399.0,"412,0,"
400,400,"You can learn from each other, try to be better than your competitors, and become a better bakery.",400.0,"413,0,"
401,401,I think we can make a lot of money if we compete with each other,401.0,"414,0,"
402,402,Bakery B,402.0,"415,0,"
403,403,Bakery profits increase.,403.0,"416,0,"
404,404,You can study many things and make good bread to become a better bakery.,404.0,"417,1,"
405,405,You can make better quality products.,405.0,"418,1,419,0,"
406,406,"If you win the competition, customers will gather.",406.0,"420,1,"
407,407,The potential that you didn't know comes out,407.0,"421,1,"
408,408,"Problems can be improved, and more customers can visit.",408.0,"422,0,"
409,409,There's a fire,409.0,"423,0,"
410,410,"If it works out, it can work out very well.",410.0,"424,0,"
411,411,"Since customers compete with what they are satisfied with, if they compete with each other, more customers will come.",411.0,"425,1,"
412,412,Sales increase as more people come.,412.0,"426,0,"
413,413,There are a lot of people living.,413.0,"427,1,"
414,414,"The bakery, which won the competition, benefits a lot from having many customers.",414.0,"428,0,"
415,415,"It would be nice to compete and attract consumers to the better side, so bakeries can also make money.",415.0,"429,1,"
416,416,Consumers can make better things by taking advantage of their favorite characteristics.,416.0,"430,0,"
417,417,You can win the hearts of consumers by making better products.,417.0,"431,1,"
418,418,"If you win the competition, more people will come to the store.",418.0,"432,0,"
419,419,"As we compete with each other, we try to make a better bakery",419.0,"433,1,"
420,420,The bakery itself can develop.,420.0,"434,0,"
421,421,Gain experience.,421.0,"435,1,"
422,422,"Some places work well, some places can't work well, so I think a place that works well will be good.",422.0,"436,1,"
423,423,There are a lot of customers coming.,423.0,"437,1,"
424,424,"If we compete with each other, it will be a little better bakery.",424.0,"438,0,"
425,425,"By lowering the price, people can buy a lot and make a lot of money",425.0,"439,1,"
426,426,"""",426.0,"440,1,"
427,427,I think we can develop further by competing with each other.,427.0,"441,1,"
428,428,"It may sell better than other stores. (Lower prices, more customers)",428.0,"442,1,"
429,429,"As written above, it will be a better bakery than before by managing store facilities and menus harder, and if it is evaluated as a better bakery than other bakeries, people who came to other bakeries can lead to their own bakery, which will increase consumers.",429.0,"443,1,"
430,430,Sales increase with the attention of consumers,430.0,"444,1,"
431,431,I can develop a bakery.,431.0,"445,1,"
432,432,It'll be competitive and focus on making a profit,432.0,"446,1,"
433,433,Bakery stores try to sell better products to consumers and promote them well.,433.0,"447,0,"
434,434,"As consumers compete and make bread that consumers want, the number of consumer sites will increase, and profits will increase in bakeries.",434.0,"448,1,449,0,"
435,435,You can develop further and reflect on what's wrong.,435.0,"450,0,"
436,436,We can develop something better because of our competitive spirit,436.0,"451,0,"
437,437,Bakery has the advantage of increasing the likelihood of having more customers as they try to develop better products,437.0,"452,0,"
438,438,They will try to do more in the direction that consumers want So the consumer will try to exploit more,438.0,"453,1,"
439,439,You can secure what you've been doing wrong so far.,439.0,"454,1,"
440,440,I will try to improve more,440.0,"455,1,"
441,441,Bakery stores can compare and compete with other bakery products to handle higher quality products and create a better environment,441.0,"456,0,"
442,442,"As we hear good products from each other in the process of economizing, we can make products in consideration of various processes and methods and attract more consumers by improving quality.",442.0,"457,1,"
443,443,They compete with each other and develop further,443.0,"458,1,"
444,444,The bakery will make more delicious bread,444.0,"459,0,"
445,445,You will be more diligent in operating the bakery.,445.0,"460,1,"
446,446,"It seems that you can get feedback on the food you make, and as you compete, you can gain knowledge about consumers.",446.0,"461,0,"
447,447,Profits will rise.,447.0,"462,0,"
448,448,"As they compete with each other, they can notice their store's shortcomings, so the store can be developed.",448.0,"463,1,"
449,449,Will the profits increase unexpectedly?,449.0,"464,1,"
450,450,I can see where it's much better,450.0,"465,1,"
451,451,It can be sold by measuring the appropriate amount of supply.,451.0,"466,0,"
452,452,facility,452.0,"467,0,"
453,453,I will pay more attention to the quality of the bakery,453.0,"468,1,"
454,454,I can work harder and fix the wrong things.,454.0,"469,0,"
455,455,"Competition with each other can lower profits or increase quality, leading to a large number of consumers coming",455.0,"470,1,"
456,456,The profit is likely to increase before the competition,456.0,"471,0,"
457,457,You can study new confectionery due to competition among bakery stores and make profits in the store by introducing new confectionery to consumers.,457.0,"472,0,"
458,458,Bakery can develop a lot,458.0,"473,0,"
459,459,"Near the bakery,",459.0,"474,1,"
460,460,Making more delicious bread and making more customers come,460.0,"475,0,"
461,461,I like only one person,461.0,"476,0,"
462,462,They can make a lot of money by attracting customers while competing.,462.0,"477,0,"
463,463,I can make better bread,463.0,"478,1,479,1,"
464,464,"The quality has improved and it has become famous, so a lot of people come",464.0,"480,0,"
465,465,Bread is getting better,465.0,"481,0,"
466,466,Business may turn out better.,466.0,"482,1,"
467,467,"Some places are more ruined, and many places are doing well",467.0,"483,1,"
468,468,"Promoting to people, I think about how to make more delicious food",468.0,"484,1,"
469,469,There is a bakery that benefits.,469.0,"485,1,"
470,470,Competition will reduce the store's weaknesses because it will secure more of each other's bad points.,470.0,"486,1,"
471,471,You can make a lot of money by letting consumers come to your bakery.,471.0,"487,1,"
472,472,Business is doing well,472.0,"488,1,"
473,473,"""",473.0,"489,1,"
474,474,"""Many people come because it's rumored to be cheaper, better ingredients, and good service.""",474.0,"490,1,"
475,475,The bakery can do better by selling it better and cheaper.,475.0,"491,1,"
476,476,"If they compete with each other, the bakery can do business honestly because they have to use better ingredients.",476.0,"492,0,"
477,477,You can buy things cheaper and better.,477.0,"493,0,"
478,478,I don't have it's,478.0,"494,0,"
479,479,Bakery can be further developed,479.0,"495,0,"
480,480,You can see the lack of self-confectionery in the bakery.,480.0,"496,1,"
481,481,to be able to earn income,481.0,"497,1,"
482,482,I'm winning,482.0,"498,0,"
483,483,The bakery can develop further.,483.0,"499,0,"
484,484,You can compete and develop something better than what you originally sold.,484.0,"500,0,"
485,485,I can make good bread.,485.0,"501,1,"
486,486,We can try to be good to each other and make good water bread.,486.0,"502,0,"
487,487,You can develop your bakery further by looking at your competitor's bakery.,487.0,"503,0,"
488,488,Research and try to sell good things.,488.0,"504,0,"
489,489,"To compete, bakeries develop new technologies.",489.0,"505,0,"
490,490,They try to develop their own skills because of competition.,490.0,"506,1,"
491,491,Develop technology.,491.0,"507,0,"
492,492,Bakery stores can develop their abilities while competing.,492.0,"508,1,509,0,"
493,493,Increase the competitiveness of products.,493.0,"510,1,"
494,494,It helps economic development.You can demonstrate your abilities and talents better.,494.0,"511,0,"
495,495,It's because customers might come better,495.0,"512,0,"
496,496,improve the quality of the goods,496.0,"513,1,"
497,497,The product gets better.,497.0,"514,0,"
498,498,Many consumers come to the bakery.,498.0,"515,0,"
499,499,It's selling better,499.0,"516,0,"
500,500,"People like more delicious bread, so it will be sold a lot.",500.0,"517,0,"
501,501,I can develop better bread,501.0,"518,0,"
502,502,I don't know,502.0,"519,1,"
503,503,"""You can eat cheap and delicious snacks.""",503.0,"520,1,"
504,504,"""",504.0,"521,1,"
505,505,I don't know...,505.0,"522,0,"
506,506,We can benefit from each other,506.0,"523,0,"
507,507,We can compete and make various kinds of bread to make and sell delicious bread,507.0,"524,0,"
508,508,You can sell a lot of bread,508.0,"525,1,"
509,509,Consumers Are Happy,509.0,"526,0,"
510,510,,510.0,"527,0,"
511,511,"""",511.0,"528,0,"
512,512,The quality of goods or food sold to each other's bakery is improved to sell better.,512.0,"529,0,"
513,513,Because I can make more money.,513.0,"530,1,"
514,514,The product gets better.,514.0,"531,1,"
515,515,I don't know,515.0,"532,1,"
516,516,Many people come to nice places,516.0,"533,1,"
517,517,"If you think about better thoughts and products and make good products, your business is good and the more you think about it, the more good products you produce.",517.0,"534,1,"
518,518,Edible.,518.0,"535,1,"
519,519,I'm going to give you a piggyback ride,519.0,"536,1,"
520,520,More consumers are likely to come to the bakery to buy bread by promoting it.,520.0,"537,1,"
521,521,We can make good money because we have a lot of consumers.,521.0,"538,1,539,1,"
522,522,"""",522.0,"540,1,"
523,523,"If one bakery wins the competition, the bakery can make a lot of money.",523.0,"541,1,"
524,524,It's,524.0,"542,1,"
525,525,You can get to know other bakeries better and attract customers by creating new products.,525.0,"543,1,"
526,526,to be able to develop,526.0,"544,1,"
527,527,"If the product is cheap, the profits of the bakery can be sold a lot because consumers look for places where the product is cheap.",527.0,"545,1,"
528,528,You can make bread in a better environment.,528.0,"546,0,"
529,529,I can sell more,529.0,"547,1,"
530,530,I'm going to do something better in competition,530.0,"548,1,"
531,531,More consumers are likely to come.,531.0,"549,1,"
532,532,More consumers are coming,532.0,"550,1,"
533,533,It sells more.,533.0,"551,1,"
534,534,I don't know.,534.0,"552,1,"
535,535,"When competition occurs, bakeries can make a lot of effort and produce good results, better than their competitors. In addition, through competition, various developments such as technology development can occur, and problems that you have usually can be improved.",535.0,"553,1,"
536,536,We can provide better quality goods and services to attract more consumers.,536.0,"554,1,"
537,537,You can raise the level of technology and figure out what customers like and what services they like.,537.0,"555,0,"
538,538,"If there is only one bakery in one area, the locals gather at the bakery. Eventually, the bakery becomes a monopoly and there is no need to develop better bread or provide better service. However, in order to attract consumers, if there are many bakeries, many bakeries will try to provide better quality bread and services than other bakeries.  In the process, technological development occurs.",538.0,"556,0,"
539,539,"When competition is made, nearby bakeries try to provide good quality products and services to consumers, and many consumers are attracted to the neighborhood. Therefore, a concept similar to the bakery alley as a whole is formed, so the bakery can increase sales.",539.0,"557,0,"
540,540,Continuous research will enable us to develop better quality products and find out which lines are the most reasonable. Having technology that can develop better quality provides an opportunity to obtain patent rights and engage in production activities in a new direction.,540.0,"558,0,"
541,541,"Bakery stores try to produce quality goods and services to attract more consumers than their competitors. Accordingly, the bakery can make better products, so it can develop itself and increase the value of the bakery",541.0,"559,0,"
542,542,Bakery stores can develop production technology by continuously improving the quality of goods.,542.0,"560,1,"
543,543,"Because bakery companies compete with each other to produce better products and services, the bakery's technology level and reputation itself can develop and increase than before competition.",543.0,"561,1,"
544,544,"In order to survive the competition, we can analyze more from the initial idea and improve the quality of the product by making it more affordable",544.0,"562,1,"
545,545,"Through competition, they try to further develop their bakery, which is an opportunity for the bakery to further develop. When competition occurs, they will try to improve the quality of their products or services to attract consumers, which leads to the development of companies. Therefore, when competition occurs, it is an opportunity for bakeries to develop each other.",545.0,"563,0,"
546,546,"Bakery stores can develop the quality of their products, so they can make their customers' image of the bakery better.",546.0,"564,1,"
547,547,"If there is no competitor, it is highly likely that there will be no further development in the current state because it will be sold according to the standards set by it. However, if there is a competitor, more progress will be made in terms of technology development and service provision because they will strive to provide better products and services than the other.",547.0,"565,1,"
548,548,"Before competition, they put their interests first, so if the quality of the product is not developed and the product remains the same, the company can develop itself more and more, and one product is less competitive, so the company can develop better technology.",548.0,"566,1,"
549,549,"Competition creates an opportunity to develop bakeries as various attempts are made to increase competitiveness, such as developing know-how to improve product quality or changing production lines to lower unit prices.",549.0,"567,0,"
550,550,"In order for bakeries to lower prices to attract more consumers, bakeries should study how to make the same product at a lower cost. In that case, the bakery's production cost can be reduced, resulting in an increase in profits. In addition, in an effort to attract consumers, more consumers can come and the sales of bakeries can increase.",550.0,"568,0,569,0,"
551,551,"If the bakeries compete, they can make a bigger profit than they didn't",551.0,"570,1,"
552,552,"When competition occurs, bakeries can make a lot of effort and produce good results, better than their competitors. In addition, through competition, various developments such as technology development can occur, and problems that you have usually can be improved.",552.0,"571,1,"
553,553,"Competition can improve baking skills because bakeries have to produce good quality products on a limited budget. And, in the long run, improved technology can now be a competitive advantage for oligopolies, giving consumers a good idea and a big advantage.",553.0,"572,1,"
554,554,"Without competition, bakeries will have less incentive to improve services and products. As a result, bakeries will not be able to develop themselves. Competition will serve as a motivation for bakeries to improve their products and services. Therefore, competition has a good effect on bakery in that it increases the level of bakery.",554.0,"573,1,"
555,555,"In the process of competing for consumer choice, the quality of the product increases, which can improve the image of the company. In addition, it can be an opportunity to produce high-quality services to differentiate itself from other companies in other parts of the product.",555.0,"574,0,"
556,556,"When there is one more bakery than when there was only one bakery, I will try to differentiate my products and provide higher quality services. Through this process, sales can improve compared to when there was only one bakery.",556.0,"575,0,"
557,557,"When competing, each bakery increases many services to increase its value. We try to increase the value for the purpose of maintaining existing consumers, which in turn contributes a lot to attracting new consumers.",557.0,"576,0,"
558,558,"First of all, if bakeries compete with each other, they will try to provide better confectionery or services, and in this process, new products can be launched. Among these new products, making confectionery that consumers really like can bring great benefits to companies. In addition, if the quality of service is improved, more people will visit bakeries through good reviews from people, and through this, many customers can be welcomed.",558.0,"577,0,"
559,559,"From the bakery's point of view, if there is a competitive bakery, they will try to attract more people. Then the bakery will produce better products, and people's perception and evaluation of the bakery will increase further.",559.0,"578,0,"
560,560,"As they compete with each other, the price goes down, so people can buy more.",560.0,"579,1,"
561,561,Moderate competition helps to coax between bakeries,561.0,"580,0,"
562,562,"The price has become cheaper, so a lot of people are coming",562.0,"581,0,"
563,563,The part-timer works harder,563.0,"582,1,"
564,564,You can gain regular customers and competitiveness in the store,564.0,"583,1,"
565,565,"There will be many new consumers who come after hearing rumors by diversifying things such as quality, price, and type.",565.0,"584,1,"
566,566,Self-development,566.0,"585,1,"
567,567,"Bakery stores compete to provide more delicious products, which can build each other's skills or skills or reconsider",567.0,"586,0,"
568,568,We can achieve more sales,568.0,"587,0,"
569,569,The bakery will make more delicious bread,569.0,"588,0,"
570,570,I will live faithfully,570.0,"589,1,"
571,571,"Because we compete with each other, we can fill in the shortcomings.",571.0,"590,1,"
572,572,It is differentiated from other stores.,572.0,"591,1,"
573,573,You can make bread of different kinds,573.0,"592,1,"
574,574,I don't have it's,574.0,"593,1,"
575,575,improve the quality of the goods,575.0,"594,0,"
576,576,I will try to be better than next door,576.0,"595,1,"
577,577,"We will try to make it better than the competitive bakery, and that will increase the bakery's reputation",577.0,"596,0,"
578,578,We make up for each other's shortcomings and get better,578.0,"597,0,"
579,579,The daily sales will go up,579.0,"598,0,599,0,"
580,580,"The cheaper you sell, the more you will sell.",580.0,"600,0,"
581,581,We have a lot of customers,581.0,"601,0,"
582,582,You can benefit from winning the economy.,582.0,"602,0,"
583,583,You can promote more.,583.0,"603,1,"
584,584,The quality of bread is improved further.,584.0,"604,1,"
585,585,It's differentiated,585.0,"605,0,"
586,586,I'll sell more,586.0,"606,0,"
587,587,I think it will produce better products,587.0,"607,1,"
588,588,"By improving quality while competing, you will be able to earn higher returns than existing profits, and you will be able to increase the value of your company.",588.0,"608,0,"
589,589,You can make more money by making more delicious bread.,589.0,"609,0,"
590,590,It's delicious,590.0,"610,1,"
591,591,"If you win the competition, more consumers will come.",591.0,"611,1,"
592,592,"To be honest, the good points are likely to be less than that of consumers, but if they win the competition, consumers will only find the bakery.",592.0,"612,0,"
593,593,We will be able to compete with each other and carry out a win-win strategyI think we will try to make more delicious bread because we have win-win relationship,593.0,"613,1,"
594,594,The store is developing,594.0,"614,1,"
595,595,It can provide better services to consumers and develop to come up with better or interesting products.,595.0,"615,0,"
596,596,improve in quality,596.0,"616,0,"
597,597,We can prevent each other's oligopoly and improve the quality of our products,597.0,"617,0,"
598,598,to be able to earn a greater profit,598.0,"618,0,"
599,599,improvement in one's ability,599.0,"619,0,"
600,600,We have a lot of customers,600.0,"620,1,"
601,601,Please stop it. A napping belt,601.0,"621,0,"
602,602,The bathroom...!!,602.0,"622,1,"
603,603,[Crying],603.0,"623,0,"
604,604,Wow,604.0,"624,0,"
605,605,Don't know,605.0,"625,1,"
606,606,become more competitive,606.0,"626,0,"
607,607,We can develop each other more,607.0,"627,0,"
608,608,I will try to have a better product,608.0,"628,0,629,0,"
609,609,The number of consumers increases.,609.0,"630,1,"
610,610,There may be a rush of customers,610.0,"631,1,"
611,611,Becoming more advanced,611.0,"632,0,"
612,612,You can learn more about your skills.,612.0,"633,1,"
613,613,increase one's economic power,613.0,"634,0,"
614,614,I don't know if it's good or bad,614.0,"635,1,"
615,615,The quality of the product can be improved through competition.,615.0,"636,1,"
616,616,to be able to attract consumers,616.0,"637,1,"
617,617,You can improve the quality of your products while competing and make more money by offering better products to consumers.,617.0,"638,0,"
618,618,Effective measures are explored for marketing.,618.0,"639,0,"
619,619,I don't know.,619.0,"640,1,"
620,620,You can burn your will.,620.0,"641,0,"
621,621,You can gain the benefit of your own store by eliminating competitors.,621.0,"642,1,"
622,622,Store revenues increase as consumers' demand for consumption increases due to lower prices!,622.0,"643,1,"
623,623,I don't have it's,623.0,"644,1,"
624,624,You grow.,624.0,"645,0,"
625,625,There is nothing good about the bakery,625.0,"646,0,"
626,626,to be able to sell quality goods to consumers,626.0,"647,1,"
627,627,There is no good in losing customers.,627.0,"648,0,"
628,628,You can become proficient in the way you do business and treat customers more flexibly.,628.0,"649,1,"
629,629,to be able to improve the quality,629.0,"650,0,"
630,630,Let's see. Sexy,630.0,"651,0,"
631,631,You can find a new way to sell things.,631.0,"652,0,"
632,632,You can see which is better and which is better sold through the consumer.,632.0,"653,1,"
633,633,There are a lot of people coming,633.0,"654,0,"
634,634,You can find your shortcomings by looking at other competitors.,634.0,"655,1,"
635,635,Stores can make good stores by producing better quality bread and providing better services to customers.,635.0,"656,0,"
636,636,"When you compete, customers flock to you, and when you become more and more and more, your business goes well.",636.0,"657,1,"
637,637,I can explore and develop the product further.,637.0,"658,0,659,0,"
638,638,Consumers come to see us a lot because of the low prices,638.0,"660,0,"
639,639,Your bread and services will improve.,639.0,"661,0,"
640,640,You can think about how to increase sales by looking elsewhere.,640.0,"662,0,"
641,641,The service will be better.,641.0,"663,0,"
642,642,It is advantageous only to one side because there are many places and there are no customers,642.0,"664,0,"
643,643,We can better understand what consumers want.,643.0,"665,1,"
644,644,The service gets better,644.0,"666,1,"
645,645,to be able to attract customers,645.0,"667,0,"
646,646,make better bread,646.0,"668,0,"
647,647,You can raise the quality of your household's bread by being conscious of other households.,647.0,"669,0,"
648,648,"Through competition, bakeries develop in various aspects, which can lead to the improvement of the overall quality of life in society.",648.0,"670,1,"
649,649,More people are coming,649.0,"671,0,"
650,650,I don't understand.,650.0,"672,0,"
651,651,It releases a variety of products to better attract consumers.,651.0,"673,0,"
652,652,Sales increase,652.0,"674,0,"
653,653,You can make up for the taste.,653.0,"675,1,"
654,654,You'll gain more,654.0,"676,1,"
655,655,Competitiveness increases.,655.0,"677,0,"
656,656,More people are coming,656.0,"678,0,"
657,657,You'll be able to grow more,657.0,"679,0,"
658,658,to be able to live cheaper,658.0,"680,1,"
659,659,"The environment will be better than before. Even if you lose the competition, you can go somewhere else and do better.",659.0,"681,0,"
660,660,I don't know.,660.0,"682,0,"
661,661,You can make a profit by developing better.,661.0,"683,1,"
662,662,Many customers come because the price is lowered,662.0,"684,0,"
663,663,"If you compete, you can feel pleasure while trampling on the inferior bakery on the other side from the superior bakery on one side.",663.0,"685,0,"
664,664,Sonnips will either not be at another bakery or come to eat more delicious bread from their bakery to buy their favorite bread.,664.0,"686,0,"
665,665,There can be more customers.,665.0,"687,0,"
666,666,Work harder and economic activities circulate to become virtuous,666.0,"688,0,689,1,"
667,667,in a roundabout way,667.0,"690,0,"
668,668,competition in good faith,668.0,"691,0,"
669,669,We can improve each other more,669.0,"692,0,"
670,670,"In other words, if you don't compete, the store won't be able to continue to maintain the quality of the store and make better products. The continued emergence of new kinds of chicken in chicken stores is equally competitive by creating new products.",670.0,"693,1,"
671,671,h,671.0,"694,0,"
672,672,I don't know.,672.0,"695,0,"
673,673,a better place to live,673.0,"696,0,"
674,674,I try harder,674.0,"697,0,"
675,675,Consumer Maniom,675.0,"698,1,"
676,676,The number of customers is increasing,676.0,"699,1,"
677,677,I don't know,677.0,"700,0,"
678,678,Rival,678.0,"701,0,"
679,679,Harder,679.0,"702,0,"
680,680,Developable,680.0,"703,1,"
681,681,feel good about each other,681.0,"704,1,"
682,682,Chinese zodiac sign,682.0,"705,0,"
683,683,Lee Sung-bae ♡ Kevin,683.0,"706,0,"
684,684,Increase quality and increase the desire to satisfy consumption items,684.0,"707,1,"
685,685,The consumption increases,685.0,"708,1,"
686,686,I don't think so^^,686.0,"709,0,"
687,687,I think it will be fun and I can improve more with my desire to win.,687.0,"710,0,"
688,688,Other competitors can be separated and monopolized alone.,688.0,"711,0,"
689,689,You can sell more.,689.0,"712,0,"
690,690,make more money,690.0,"713,0,"
691,691,The winning bakery has all the customers,691.0,"714,1,"
692,692,There are more customersMore and more good products can be supplied to consumers,692.0,"715,1,"
693,693,The number of customers will increase.,693.0,"716,1,"
694,694,know better about business,694.0,"717,0,"
695,695,"If you win the competition, you can take over the consumer, and when other households fail, you can raise the price little by little, sell it in its original state, and even get the consumer",695.0,"718,1,719,0,"
696,696,You can fill in the gaps?,696.0,"720,0,"
697,697,Competition will attract more consumers.,697.0,"721,1,"
698,698,It will be fun to compete,698.0,"722,1,"
699,699,"And you'll become more sociable while competing.""",699.0,"723,1,"
700,700,"It's good to have more hygiene, lower prices, and events",700.0,"724,1,"
701,701,"If you sell a lot and win, your store will have a lot.",701.0,"725,0,"
702,702,You can sell more things or make them better,702.0,"726,0,"
703,703,"As they compete with each other, the bakery develops.",703.0,"727,0,"
704,704,It can attract more consumers.,704.0,"728,0,"
705,705,It can attract more consumers.,705.0,"729,0,"
706,706,It can attract more consumers.,706.0,"730,1,"
707,707,"If you compete with the other bakery, you can produce a better product than the other bakery, and it benefits the bakery",707.0,"731,0,"
708,708,"""① The merchant has become kind.",708.0,"732,1,"
709,709,,709.0,"733,1,"
710,710,② The price of the goods has gone down.,710.0,"734,1,"
711,711,,711.0,"735,0,"
712,712,③ The quality of the goods has improved.,712.0,"736,0,"
713,713,,713.0,"737,0,"
714,714,④ The types of things have become more diverse.,714.0,"738,0,"
715,715,,715.0,"739,1,"
716,716,,716.0,"740,0,"
717,717,"""",717.0,"741,0,"
718,718,It can attract more consumers.,718.0,"742,0,"
719,719,"""We can attract many customers",719.0,"743,0,"
720,720,"""",720.0,"744,0,"
721,721,You can research more and come up with a good product.,721.0,"745,1,"
722,722,I can try harder,722.0,"746,0,"
723,723,You can eat cleaner and more delicious things cheaply.,723.0,"747,0,"
724,724,Consumers gain a lot from winning the trial bakery,724.0,"748,1,749,1,"
725,725,Consumers buy a lot of bread and it's good,725.0,"750,0,"
726,726,You can eat more kinds of bread.,726.0,"751,0,"
727,727,It is profitable to make a lot of money because the number of customers increases.,727.0,"752,1,"
728,728,"""The more bakeries, the more customers, the lower the price,",728.0,"753,1,"
729,729,"If you raise the quality, there will be more customers",729.0,"754,1,"
730,730,"You have a chance to experience more and do better.""",730.0,"755,0,"
731,731,"It will be delicious to make better quality bread, so there will be more consumers.",731.0,"756,1,"
732,732,"It gets cheaper, tastes better, and people get more serious.",732.0,"757,0,"
733,733,Someone's coming,733.0,"758,0,"
734,734,"""Because there's a lot of customers",734.0,"759,0,"
735,735,"If you compete, you can grow even more.""",735.0,"760,0,"
736,736,I get greedy about business,736.0,"761,1,"
737,737,There will be more customers.,737.0,"762,1,"
738,738,Confectionery technology and expertise will be improved.,738.0,"763,1,"
739,739,to be able to produce better products,739.0,"764,1,"
740,740,Confectionery technology and professionalism are improved,740.0,"765,1,"
741,741,The problem is security and we can attract more customers,741.0,"766,0,"
742,742,to gain more popularity with consumers,742.0,"767,0,"
743,743,to gain more popularity with consumers,743.0,"768,0,"
744,744,I don't know.,744.0,"769,1,"
745,745,There are a lot of people coming,745.0,"770,0,"
746,746,I don't know.,746.0,"771,1,"
747,747,"Compared to others, your bakery can develop further",747.0,"772,0,"
748,748,I don't know.,748.0,"773,1,"
749,749,I make bread delicious to do better than my competitor,749.0,"774,0,"
750,750,It can be further developed.,750.0,"775,1,"
751,751,It can be further developed.,751.0,"776,1,"
752,752,"If you win the competition, the guests will have a monopoly.",752.0,"777,0,"
753,753,to be able to compete properly,753.0,"778,0,779,1,"
754,754,"If you win the competition, you can get more buyers.",754.0,"780,0,"
755,755,The number of customers is increasing,755.0,"781,0,"
756,756,"With competitive spirit, many customers gather by making bread harder.",756.0,"782,1,"
757,757,have a driving force to work,757.0,"783,1,"
758,758,I want to give the bakery a chance,758.0,"784,0,"
759,759,I don't know,759.0,"785,0,"
760,760,I don't know.,760.0,"786,0,"
761,761,I don't know.,761.0,"787,1,"
762,762,Facilities are getting better. Reputation is going up,762.0,"788,0,"
763,763,having fun at work,763.0,"789,1,"
764,764,·ㆍ,764.0,"790,0,"
765,765,We can develop better quality bread,765.0,"791,1,"
766,766,work hard,766.0,"792,0,"
767,767,Profits are falling,767.0,"793,0,"
768,768,I don't know,768.0,"794,0,"
769,769,I'll make a better product,769.0,"795,0,"
770,770,to be able to strengthen one's will,770.0,"796,0,"
771,771,increase in productivity,771.0,"797,0,"
772,772,Sales rise as customers increase,772.0,"798,1,"
773,773,Develop new products or promote them.,773.0,"799,1,"
774,774,"If you want to eat bread, you can gather more customers because you will come near it.",774.0,"800,1,"
775,775,.,775.0,"801,0,"
776,776,Bread that even my children can eat! The bakery makes it.,776.0,"802,0,"
777,777,The number of regular customers is increasing Then you're old,777.0,"803,1,"
778,778,The bakery is developing,778.0,"804,1,"
779,779,I become more diligent and work harder,779.0,"805,1,"
780,780,I have a sense of competition and work harder.,780.0,"806,1,"
781,781,Qualitative improvement can be achieved by competing for better service,781.0,"807,0,"
782,782,Competition creates another profit in the process of finding better prices and services.,782.0,"808,1,809,1,"
783,783,I don't think so,783.0,"810,1,"
784,784,?,784.0,"811,1,"
785,785,It inspires professionalism and motivation,785.0,"812,1,"
786,786,It is an opportunity for each other to develop further.,786.0,"813,1,"
787,787,I don't have it's,787.0,"814,1,"
788,788,Earnings increase because they compete with each other to produce good results.,788.0,"815,0,"
789,789,The number of customers increases.,789.0,"816,1,"
790,790,I feel proud to be able to make better bread,790.0,"817,1,"
791,791,It's good to winIt can be an opportunity for the quality of the product to improve.,791.0,"818,1,"
792,792,We can learn from our competitors' marketing strategies,792.0,"819,1,"
793,793,The number of customers increases.,793.0,"820,0,"
794,794,There is nothing much.,794.0,"821,1,"
795,795,drinking,795.0,"822,1,"
796,796,I don't understand.,796.0,"823,1,"
797,797,be stimulated,797.0,"824,1,"
798,798,It makes me work harder,798.0,"825,0,"
799,799,I get to study more about the taste,799.0,"826,1,"
800,800,I don't know,800.0,"827,1,"
801,801,I don't know.,801.0,"828,0,"
802,802,There is nothing particularly good about it,802.0,"829,1,"
803,803,It can aim for an increase in external customers by improving the overall quality of service.,803.0,"830,0,"
804,804,The monopoly market is unreasonable.,804.0,"831,0,"
805,805,A lot of effort is made to attract a lot of consumers.,805.0,"832,0,"
806,806,You can get regular customers by gaining consumer confidence.,806.0,"833,0,"
807,807,You can develop.,807.0,"834,1,"
808,808,I don't know.,808.0,"835,1,"
809,809,I don't know.,809.0,"836,0,"
810,810,It is an opportunity to gain one's competitiveness.,810.0,"837,0,"
811,811,"If you win the competition, you can get more customers.",811.0,"838,0,839,0,"
812,812,B.H.G,812.0,"840,0,"
813,813,I don't know.,813.0,"841,0,"
814,814,"The quality of the taste increases, but it is troublesome. There's nothing good",814.0,"842,0,"
815,815,"If you compete, you can develop your bakery more without doing your job roughly and it is motivating.",815.0,"843,1,"
816,816,The bakery develops.,816.0,"844,1,"
817,817,Awesome.,817.0,"845,0,"
818,818,There is nothing good about it and the competing bakeries both go down the drain.,818.0,"846,0,"
819,819,We can increase the quality of service and increase the number of customers.,819.0,"847,0,"
820,820,"As consumers can be gathered more than before and the quality of goods and services increases, the level of the bakery itself increases.",820.0,"848,1,"
821,821,motivation for development,821.0,"849,0,"
822,822,"Technically skilled by improving the quality of goods, and if a competitive bakery is bankrupt, monopoly can be fulfilled.",822.0,"850,0,"
823,823,"Many consumers come. It may be less, but it is omitted because there is not enough time.",823.0,"851,0,"
824,824,"Bakery stores are also making efforts to sell better sampungs at a lower price, increasing the frequency of customers coming in",824.0,"852,1,"
825,825,"It will fly.""",825.0,"853,1,"
826,826,. Let's Make Better Products!,826.0,"854,0,"
827,827,"When you compete, the bakery comes up with a variety of creative ways to make a profit.",827.0,"855,0,"
828,828,"If several bakeries compete, they can first compensate for the shortcomings of the product. In addition, you will be able to think more about various sales strategies to efficiently operate the bakery.",828.0,"856,1,"
829,829,"Through competition, bakeries attract more consumers due to the quality, service, and price of advanced products, which can lead to large losses in the short term, but in the long run, they can generate more profits due to more consumption, and self-development through competition.",829.0,"857,0,"
830,830,The quality of the product increases and efforts are made to develop new technologies.,830.0,"858,1,"
831,831,"If competition is made, bakeries will try to develop better products, which can leave a bigger profit frame.",831.0,"859,0,"
832,832,Not enough time (an alumni association,832.0,"860,1,"
833,833,"This is because when they compete, bakeries try to think of various creative ways to develop better products, develop technologies, or sell them cheaper.",833.0,"861,0,"
834,834,I can make something more delicious.,834.0,"862,1,"
835,835,"""It will be meaningful to live.(ㅅ))",835.0,"863,1,"
836,836,"The person who makes it by making more delicious bread can feel proud.""",836.0,"864,0,"
837,837,It is a driving force for growth.,837.0,"865,1,"
838,838,I'm sorry.,838.0,"866,1,"
839,839,Developable,839.0,"867,1,"
840,840,I think about it a bit more and improve,840.0,"868,1,869,0,"
841,841,I can make a better product,841.0,"870,1,"
842,842,You can develop more menus.,842.0,"871,1,"
843,843,to be able to attract consumers,843.0,"872,1,"
844,844,It can provide better service.,844.0,"873,1,"
845,845,They can highlight their own specialties compared to other bakeries and promote their own strengths.,845.0,"874,1,"
846,846,What?,846.0,"875,1,"
847,847,It improves the taste.,847.0,"876,1,"
848,848,I don't know,848.0,"877,0,"
849,849,M and D,849.0,"878,1,"
850,850,Guests can flock in.,850.0,"879,0,"
851,851,three-packed pork,851.0,"880,1,"
852,852,improve one's sales ability,852.0,"881,0,"
853,853,It will develop further.,853.0,"882,1,"
854,854,It's Molly,854.0,"883,1,"
855,855,.,855.0,"884,1,"
856,856,I don't know.,856.0,"885,1,"
857,857,to be able to benefit,857.0,"886,0,"
858,858,be low in revenue,858.0,"887,1,"
859,859,"If you win by playing hard, your business will go well",859.0,"888,1,"
860,860,The income goes down.,860.0,"889,0,"
861,861,I'm going to work hard in management,861.0,"890,0,"
862,862,to be able to work hard,862.0,"891,1,"
863,863,I don't understand.,863.0,"892,1,"
864,864,earn a large income,864.0,"893,0,"
865,865,Customers are coming to the store,865.0,"894,1,"
866,866,I can try many different things,866.0,"895,0,"
867,867,Bakery B,867.0,"896,1,"
868,868,I don't know because I don't have a mole,868.0,"897,0,"
869,869,become more competitive,869.0,"898,1,899,1,"
870,870,"Through its competitor bakery, it can improve its shortcomings and develop better.",870.0,"900,0,"
871,871,We know each other's shortcomings and can develop further,871.0,"901,0,"
872,872,become competitive,872.0,"902,0,"
873,873,We're going to have better police officers,873.0,"903,0,"
874,874,You can see what's wrong and what's done well.,874.0,"904,1,"
875,875,I don't know,875.0,"905,0,"
876,876,You can make better bread.,876.0,"906,0,"
877,877,More guests are coming,877.0,"907,0,"
878,878,I can develop bread development,878.0,"908,0,"
879,879,..............,879.0,"909,1,"
880,880,I can make a better product,880.0,"910,0,"
881,881,I can make a better product,881.0,"911,1,"
882,882,It can sell better,882.0,"912,0,"
883,883,development,883.0,"913,0,"
884,884,It's getting better.,884.0,"914,0,"
885,885,I get a spirit of challenge,885.0,"915,0,"
886,886,A spirit of challenge has arisen,886.0,"916,1,"
887,887,There is a better product for consumers,887.0,"917,0,"
888,888,Better products may be developed.,888.0,"918,0,"
889,889,Competition can improve further. Because I keep trying to win more and more and more and more and more and more.,889.0,"919,1,"
890,890,"There will be more customers by developing new menus every dayIf you study to make more delicious food, you can make more delicious products, so your reputation gets better",890.0,"920,0,"
891,891,It can improve its reputation by offering newer menus and services,891.0,"921,0,"
892,892,It can become popular by making new bread,892.0,"922,0,"
893,893,You can become popular by making new bread.,893.0,"923,1,"
894,894,"""You make a lot of money",894.0,"924,1,"
895,895,"""",895.0,"925,0,"
896,896,It will become popular by making new bread,896.0,"926,0,"
897,897,I don't think there will be any good in competition.,897.0,"927,1,"
898,898,"By studying bread, I think I can make more delicious bread than other bakeries and sell more bread by attracting consumers' attention.",898.0,"928,0,929,0,"
899,899,"If you compete, you can see where is more delicious because sales go up whenever people prefer",899.0,"930,0,"
900,900,I think I will make a new bread to gather people in competition.,900.0,"931,0,"
901,901,to work harder,901.0,"932,0,"
902,902,I make bread harder because of competition,902.0,"933,0,"
903,903,The bakery grows more and the number of customers increases as various menus come out,903.0,"934,1,"
904,904,The winning side of the competition has many customers and can benefit a lot,904.0,"935,1,"
905,905,They make more delicious bread for each other.,905.0,"936,0,"
906,906,"If you compete, you can offer better products to your customers.",906.0,"937,0,"
907,907,"If one side goes well, you can push the other side and make a big hit",907.0,"938,0,"
908,908,I can run a bakery well because I get to know more about consumers,908.0,"939,0,"
909,909,"By competing with each other, we can know and improve what we lack in each other's stores.",909.0,"940,0,"
910,910,You can look at each other and add what you lack in the store to sell bread more deliciously.,910.0,"941,1,"
911,911,It will sell more,911.0,"942,0,"
912,912,I can give better products to customers. The quality can also be better.,912.0,"943,0,"
913,913,"If you compete, if you hold more bread, it will be delicious, so you can come more.",913.0,"944,0,"
914,914,"To compete with each other, we can make new bread and develop new bread.",914.0,"945,1,"
915,915,More people come and can compete with each other and give and receive help.,915.0,"946,0,"
916,916,The number of customers increases by making new bread.,916.0,"947,0,"
917,917,"As the bakery works harder, many people come to the bakery and make a lot of money.",917.0,"948,1,"
918,918,to be able to sell at a high price,918.0,"949,0,"
919,919,Don't know,919.0,"950,1,"
920,920,You could see more profit,920.0,"951,0,"
921,921,You can buy good things cheaply.,921.0,"952,1,"
922,922,You can get feedback and find out what to improve.,922.0,"953,0,"
923,923,There will be a lot of customers.,923.0,"954,1,"
924,924,.,924.0,"955,0,"
925,925,We may have more guests,925.0,"956,0,"
926,926,It's cheaper and more delicious,926.0,"957,1,"
927,927,Business is booming by selling better quality goods.,927.0,"958,0,959,1,"
928,928,You can attract more customers.,928.0,"960,1,"
929,929,I think I will make better bread if I do economy,929.0,"961,1,"
930,930,You can see what your store is expensive and cheap.,930.0,"962,0,"
931,931,You can make money.,931.0,"963,0,"
932,932,to be able to make money,932.0,"964,1,"
933,933,I don't know,933.0,"965,1,"
934,934,There are many new products coming out,934.0,"966,0,"
935,935,You can learn something new.,935.0,"967,1,"
936,936,You can get more profit.,936.0,"968,0,"
937,937,"As we compete with each other, we can work harder and sell better products.",937.0,"969,0,"
938,938,There are more customers coming.,938.0,"970,1,"
939,939,"If you win, you'll have a good business",939.0,"971,0,"
940,940,"It stimulates each other, so it helps you grow",940.0,"972,0,"
941,941,The bakery gets better.,941.0,"973,0,"
942,942,You can develop by trying to be good to each other through competition.,942.0,"974,0,"
943,943,Consumers come to the store a lot,943.0,"975,0,"
944,944,I get more customers.,944.0,"976,0,"
945,945,Bakery stores can develop and make bread more delicious.,945.0,"977,0,"
946,946,"You can make a lot of profit by competing, and you can become more famous.",946.0,"978,1,"
947,947,to be able to judge critically,947.0,"979,1,"
948,948,We can better understand what our customers want,948.0,"980,0,"
949,949,to be able to know what the customer wants,949.0,"981,1,"
950,950,to be able to understand what the customer wants,950.0,"982,1,"
951,951,better understand what customers want,951.0,"983,0,"
952,952,Bakery stores can develop because they have to constantly try to develop taste and quality through competition.,952.0,"984,1,"
953,953,"As competition between competitors is built, the quality of service and how to beat competitors are naturally considered, and a good system that has never been introduced before is introduced, but the two bakeries are loved for creating such a structure.",953.0,"985,0,"
954,954,No one can come to the bakery again if they compete.,954.0,"986,0,"
955,955,.,955.0,"987,0,"
956,956,I don't know,956.0,"988,1,989,1,"
957,957,I think a lot of people will come to the bakery where I promoted hard,957.0,"990,1,"
958,958,I don't know.,958.0,"991,0,"
959,959,You can make better quality products.,959.0,"992,0,"
960,960,I don't know.,960.0,"993,0,"
961,961,Business is booming as the number of customers increases,961.0,"994,1,"
962,962,Yeah.,962.0,"995,0,"
963,963,We can improve it in a better way,963.0,"996,1,"
964,964,Bakery seems to be becoming more trendy and trendy.,964.0,"997,1,"
965,965,I don't know,965.0,"998,0,"
966,966,I can make more delicious bread,966.0,"999,1,"
967,967,I don't know,967.0,"1000,0,"
968,968,We can see each other's products and increase the number of new products,968.0,"1001,1,"
969,969,have nothing to do with,969.0,"1002,1,"
970,970,We will try to make better bread with competitive spirit,970.0,"1003,0,"
971,971,I don't know.,971.0,"1004,1,"
972,972,Better quality can be provided to consumers,972.0,"1005,0,"
973,973,to be able to earn a large income,973.0,"1006,1,"
974,974,It's just a loss,974.0,"1007,1,"
975,975,We can compete in good faith and improve further,975.0,"1008,1,"
976,976,Good faith competition can build up affection with other bakeries.,976.0,"1009,1,"
977,977,"By competing in good faith, if you try harder to make better bread and do better, you will have more customers.",977.0,"1010,1,"
978,978,to be able to develop further,978.0,"1011,1,"
979,979,I can experience more and make more delicious confectionery with competition,979.0,"1012,0,"
980,980,I don't know,980.0,"1013,0,"
981,981,get a chance to boost the sales of the store,981.0,"1014,0,"
982,982,Competition allows bakery to make better progress to gain the upper hand in the industry.,982.0,"1015,1,"
983,983,It can be expected that the development of the product is promoted and the quality of the product increases.,983.0,"1016,0,"
984,984,better understand what customers want,984.0,"1017,0,"
985,985,"In the absence of competitors, you may become lazy and try not to make efforts to grow, and if you always try to develop through competition, the consumption of bread naturally increases as the quality of the product increases.",985.0,"1018,1,1019,0,"
986,986,I can see what products are selling well,986.0,"1020,1,"
987,987,to be able to know what the customer wants,987.0,"1021,1,"
988,988,We can create new products.,988.0,"1022,0,"
989,989,I don't knowI don't know,989.0,"1023,0,"
990,990,There are benefits depending on how you do it.,990.0,"1024,0,"
991,991,It's good for making money because there are more consumers,991.0,"1025,1,"
992,992,"Even if it is hard, I can make money",992.0,"1026,0,"
993,993,I don't know,993.0,"1027,1,"
994,994,I can tell which store is better and which one is better quality,994.0,"1028,1,"
995,995,I think I have an idea to make a new bread,995.0,"1029,1,"
996,996,Sales can go up by making better quality products.,996.0,"1030,1,"
997,997,I don't know.,997.0,"1031,1,"
998,998,I'm going to get better,998.0,"1032,0,"
999,999,I think I will make a better product and make a good product for consumers,999.0,"1033,1,"
1000,1000,I don't know.,1000.0,"1034,1,"
1001,1001,Making unusual bread makes more money.,1001.0,"1035,1,"
1002,1002,Both are good. A wins with experience. B is good because new people come,1002.0,"1036,1,"
1003,1003,Bakery A,1003.0,"1037,1,"
1004,1004,I don't know.,1004.0,"1038,1,"
1005,1005,I can make another bread by looking at the bread that is not in the other store.,1005.0,"1039,1,"
1006,1006,I can make something better,1006.0,"1040,1,"
1007,1007,Bakery stores are likely to develop,1007.0,"1041,1,"
1008,1008,"Because if there's even one good place in our store, other people can promote our store.",1008.0,"1042,0,"
1009,1009,People are coming,1009.0,"1043,0,"
1010,1010,Sales are going up,1010.0,"1044,0,"
1011,1011,to be able to develop,1011.0,"1045,0,"
1012,1012,A lot of customers come,1012.0,"1046,0,"
1013,1013,I'm going to sell it hard because I'm becoming competitive,1013.0,"1047,1,"
1014,1014,I'm getting better,1014.0,"1048,1,1049,1,"
1015,1015,I think it's just annoying,1015.0,"1050,0,"
1016,1016,The quality goes up,1016.0,"1051,1,"
1017,1017,It's not good,1017.0,"1052,1,"
1018,1018,"to create better products, services and benefits",1018.0,"1053,0,"
1019,1019,to sell better quality goods,1019.0,"1054,1,"
1020,1020,make a profit,1020.0,"1055,1,"
1021,1021,The quality of bread can be better,1021.0,"1056,1,"
1022,1022,It's fun,1022.0,"1057,1,"
1023,1023,Bakery will try to sell better products to gain an upper hand in competition with other stores,1023.0,"1058,1,"
1024,1024,to be able to improve one's shortcomings,1024.0,"1059,1,"
1025,1025,I have a brilliant idea,1025.0,"1060,0,"
1026,1026,You can develop your product further through competitive activities.,1026.0,"1061,1,"
1027,1027,"As you compete, you can produce better products, and once you compete, you can become competitive, so if you have a competitive situation next time, you can solve it well",1027.0,"1062,1,"
1028,1028,"By creating better quality and prices, more customers can come and earn a lot of money",1028.0,"1063,0,"
1029,1029,develop a sense of competition,1029.0,"1064,0,"
1030,1030,I don't know.,1030.0,"1065,1,"
1031,1031,I don't know,1031.0,"1066,1,"
1032,1032,Each other will strive for more sales and become more competitive,1032.0,"1067,0,"
1033,1033,I know;,1033.0,"1068,1,"
1034,1034,"As the competition pattern is promoted, both bakeries can have promotional effects.",1034.0,"1069,1,"
1035,1035,to be able to improve one's skills further,1035.0,"1070,1,"
1036,1036,I don't know,1036.0,"1071,0,"
1037,1037,The bakery itself can develop by providing better services to secure more consumers.,1037.0,"1072,1,"
1038,1038,Bakery stores develop various products to win the competition.,1038.0,"1073,0,"
1039,1039,No. Monopoly is the best,1039.0,"1074,0,"
1040,1040,"Increased baldness, increased baldness",1040.0,"1075,1,"
1041,1041,I don't know,1041.0,"1076,0,"
1042,1042,and make high quality bread,1042.0,"1077,1,"
1043,1043,"Honestly, there is no advantage over monopoly",1043.0,"1078,1,1079,1,"
1044,1044,"There is an opportunity to improve the quality of products, and creativity can be increased through competition.",1044.0,"1080,1,"
1045,1045,"According to Adam Smith's theory of national wealth, the 'invisible hand' works in the market economy system, and the actions of economic actors moving for their own interests contribute to supporting the economy. As everyone knows, it is not for their good that companies improve the quality of their products, but for their own benefit. In other words, in the case of bakeries belonging to one of the three main economic players, increasing the quality of their bread can persuade consumers who want to get the goods from their hard-earned money to get the goods to consumers, so they try to lower the price as much as possible and increase the quality. Therefore, for bakeries, this competition contributes to improving the quality of their products.",1045.0,"1081,1,"
1046,1046,They can further develop the products they used to sell.,1046.0,"1082,1,"
1047,1047,The quality of bakeries can be improved because bakeries compete with each other to attract consumers and release better products.,1047.0,"1083,1,"
1048,1048,Product development becomes active.,1048.0,"1084,1,"
1049,1049,"No, I don't know. You crazy people",1049.0,"1085,1,"
1050,1050,bakery's efforts to survive Improve quality Increase sales,1050.0,"1086,1,"
1051,1051,You can develop a bakery. You can grow. be able to show one's desire to win,1051.0,"1087,1,"
1052,1052,"Each bakery will be able to have the originality of its products through improved creativity and a lot of feedback through various manufacturing processes, thinking that their products should be made more special and superior.",1052.0,"1088,1,"
1053,1053,Various products and services can be provided to more consumers.,1053.0,"1089,1,"
1054,1054,"The bakery will try to improve the quality of the product through competition in good faith. In this process, more creative and new products will emerge, which is good because bakery can secure different competitiveness from other bakery stores.",1054.0,"1090,1,"
1055,1055,"As they make new attempts and compete with lower prices and good quality, they will become widely known on social networking sites, attract more people, which will have the effect of increasing profits and increasing popularity.",1055.0,"1091,1,"
1056,1056,You're working harder,1056.0,"1092,1,"
1057,1057,"By competing, you can make new products and stimulate your bakery",1057.0,"1093,1,"
1058,1058,We can make better products for each other,1058.0,"1094,1,"
1059,1059,I think I'll earn a lot.,1059.0,"1095,1,"
1060,1060,to raise the price by mutual agreement,1060.0,"1096,1,"
1061,1061,A sense of competition grows,1061.0,"1097,1,"
1062,1062,a vigorous passion,1062.0,"1098,1,"
1063,1063,to be able to gather people,1063.0,"1099,1,"
1064,1064,I work harder because I'm competitive.,1064.0,"1100,1,"
1065,1065,"By competing with each other, we can make new menus",1065.0,"1101,0,"
1066,1066,You can make better bread.,1066.0,"1102,0,"
1067,1067,"The total revenue may be high or low, but it is possible to provide goods to consumers at a low price. The number of customers increases.",1067.0,"1103,0,"
1068,1068,"As you compete, you naturally have an incentive to analyze, supplement, and develop your shortcomings and strengths in more detail",1068.0,"1104,1,"
1069,1069,"As they strive to increase quality and taste diversity, pride in their own confectionery and the quality of confectionery increase.",1069.0,"1105,0,"
1070,1070,A good strategy can attract many consumers.,1070.0,"1106,1,"
1071,1071,I am concerned about menu development and quality,1071.0,"1107,0,"
1072,1072,"The more competition you have, the more bakeries grow",1072.0,"1108,0,1109,0,"
1073,1073,"Good-faith competition can be a good opportunity for each other to grow, and if many competitors come in, there will be a lot of recognition that there are many bakeries in the place, so sales of bakeries will increase.",1073.0,"1110,0,"
1074,1074,"By comparing the other's products and services, you can find and compensate for your weaknesses that you have never thought about before.",1074.0,"1111,0,"
1075,1075,Competition improves the environment and has more customers,1075.0,"1112,1,"
1076,1076,There is an increase in the number of customers who are competing and services are increasing services increases,1076.0,"1113,0,"
1077,1077,The number of customers is increasing,1077.0,"1114,1,"
1078,1078,It is possible to improve the quality of the product by itself,1078.0,"1115,0,"
1079,1079,a rise in the level of bakeries,1079.0,"1116,1,"
1080,1080,Many consumers will come,1080.0,"1117,1,"
1081,1081,I don't know.,1081.0,"1118,1,"
1082,1082,More consumers and better proficiency,1082.0,"1119,1,"
1083,1083,Improving the efficiency of the bakery itself,1083.0,"1120,0,"
1084,1084,to be able to attract more customers,1084.0,"1121,1,"
1085,1085,You can improve the quality of the goods.,1085.0,"1122,1,"
1086,1086,You can reflect on yourself.,1086.0,"1123,1,"
1087,1087,"Improve quality, increase customer satisfaction",1087.0,"1124,1,"
1088,1088,I don't understand.You can increase your own value,1088.0,"1125,0,"
1089,1089,The price goes down and the demand goes up,1089.0,"1126,1,"
1090,1090,It can attract more consumers.,1090.0,"1127,0,"
1091,1091,The bakery can be more developed than before,1091.0,"1128,0,"
1092,1092,You can see how the other person makes bread,1092.0,"1129,1,"
1093,1093,"If competition is made, the bakery will try to provide better services and goods, so the bakery will be more developed.",1093.0,"1130,0,"
1094,1094,You can develop your products further and reflect on yourself by looking at the other bakery.,1094.0,"1131,1,"
1095,1095,"Bakery A may reduce its income due to Bakery B, but on the other hand, it can find opportunities for self-development such as improving snack making technology to secure competitiveness.",1095.0,"1132,0,"
1096,1096,"As in the above answer, if what is provided to consumers through competition is improved, more consumers will visit bakeries, and bakeries will be able to earn more profits.",1096.0,"1133,0,"
1097,1097,"While trying to improve the quality of the product, it contributes to the improvement of the bakery's skills.",1097.0,"1134,0,"
1098,1098,"We can be good competitors to each other and attract a sense of becoming a better bakery to each other. It would be a good profit if competition did not overheat. For example, bakery A posted a new bread and saw people gather and become popular, and bakery B would benefit from trying in a similar way.",1098.0,"1135,1,"
1099,1099,"Bakery stores can lead their business in a better direction, looking back on their past appearances and devising improvements and various marketing strategies to win competition with other bakeries.",1099.0,"1136,1,"
1100,1100,"Product quality can be improved. By competing, more research will be conducted, and accordingly, the quality of services and products will naturally improve and consumer evaluation will improve.",1100.0,"1137,1,"
1101,1101,"Competition will provide quality goods and services to consumers through good-faith competition. Also, if you succeed in competition, you will be able to make more profits.",1101.0,"1138,1,1139,0,"
1102,1102,"For now, the quality of goods and services at the bakery will improve. As a result, an increase in the number of consumers in the bakery could further increase profits, which was the original purpose, so it is helpful and good for not only consumers but also bakeries.",1102.0,"1140,1,"
1103,1103,"Moderate competition, which is not excessive, helps individuals develop themselves (businesses). If you lose by competing, you may suffer damage. However, through competition, each bakery will strive for higher quality production, which will enable them to acquire higher production technology on their own. If bakeries were simply produced passively before competition, it would be an opportunity for bakery shops to develop not only for production but also for higher quality products after competition.",1103.0,"1141,0,"
1104,1104,"In order to make more profit, I will try to make more bread than the other bakery, and I will be more passionate. In addition, people at the bakery can strengthen their enthusiasm and show their cooperation better.",1104.0,"1142,0,"
1105,1105,"When competition begins, bakeries will be able to develop themselves naturally while studying to beat their opponents. For example, the bakery's efforts to produce more cheaply can lead to efficient production, and the bakery's efforts to gain a good reputation among consumers can produce better bread.",1105.0,"1143,0,"
1106,1106,"Through competition, each company will strive to develop technologies to improve product quality, and through this process, companies will also be able to increase corporate competitiveness.",1106.0,"1144,0,"
1107,1107,"Consumers will increase by selling high-quality products, and accordingly, bakery sales will rise.",1107.0,"1145,0,"
1108,1108,"Competition drives bakery to make higher quality bread to sell more bread. Therefore, the process of selling higher quality bread at a bakery can be difficult, but after that, it can have a good effect, such as feeling proud of making higher quality bread.",1108.0,"1146,0,"
1109,1109,"From the bakery's point of view, more diverse types of bread are developed and marketing strategies are sought, creating competitiveness.",1109.0,"1147,0,"
1110,1110,"At first, bakeries may be difficult due to excessive price competition, but in the process of improving product quality, they may produce products that can be recognized elsewhere. In addition, if the two bakeries coordinate their opinions and open differently, they can spend the rest of their time with their families or develop their operations more efficiently than before.",1110.0,"1148,1,"
1111,1111,"As previously answered in question 1, bakeries (enterprises) want to attract consumers by investigating consumers' preferences and investing resources in product research in the competition process. If this process is successful, the bakery will sell more products and the profit will increase further.",1111.0,"1149,1,"
1112,1112,Consumers will be able to develop confectionery technology because they try to make more delicious and quality bread to come to their bakery. You will also get a better reputation.,1112.0,"1150,1,"
1113,1113,"In the process of competition, bakeries also have the advantage of being able to develop their goods and services.  In addition, companies, whether or not they have the upper hand in the competition process, will be able to produce better products than existing products and develop technologies that can produce products at a lower cost in the process.",1113.0,"1151,,"
1114,1114,"We will try to increase consumers' desire to buy by creating various menus, which will eventually cause sales to rise. It will also work harder to produce bakery products in a competitive manner. The quality of the service will also increase.",1114.0,"1152,,"
1115,1115,"If the technology or product quality of a company increases through competition, the competitiveness of the company in the world will increase.",1115.0,"1153,45.9%,"
1116,1116,"There is a possibility of bakery development while trying to provide better service. Also, the guest",,
1117,1117,"You can turn it off.""",,
1118,1118,Eating bread,,
1119,1119,I don't know.,,
1120,1120,It could be more profitable,,
1121,1121,Bakery stores will develop further,,
1122,1122,The economic benefits increase.,,
1123,1123,The bakery is going to have a private lease,,
1124,1124,The economic benefits increase,,
1125,1125,The economic benefits increase,,
1126,1126,make a profit by bringing in customers,,
1127,1127,Selling good products can be trusted by people and the economy develops the economy,,
1128,1128,We can find each other's shortcomings.,,
1129,1129,You can sell better products and gain trust from consumers.,,
1130,1130,I can think of a way to make a profit,,
1131,1131,"You can find what you lack in your bakery and the price is lowered, making it economically beneficial for consumers to purchase a lot. In addition, good services can win the trust of consumers.",,
1132,1132,The economic benefits increase,,
1133,1133,"If there's a new bread, consumers will buy more",,
1134,1134,There's a new bread coming out,,
1135,1135,"Bakery stores develop with a desire to win, thinking about how to get attention from consumers",,
1136,1136,You can change it anew while competing.,,
1137,1137,Bakery B,,
1138,1138,You can make better bread at the bakery.,,
1139,1139,People come to see new things because they are more developed and come across new things,,
1140,1140,The bakery makes better bread,,
1141,1141,"If the bakery monopolizes the area, there is no incentive to improve the quality of goods and services. However, if there is competition, various efforts will be made to secure consumers, and in the process, the quality of goods and services can be improved, and more efficient management measures can be devised.",,
1142,1142,Bakery stores have more customers because of advertising,,
1143,1143,become a better bakery,,
1144,1144,We can sell a lot of food because people flock to it.,,
1145,1145,Bakery B gave a lot of advertisements and promoted them so much that consumers can see the details.,,
1146,1146,We can develop more with each other.,,
1147,1147,Make a lot of money.,,
1148,1148,You can make better things.,,
1149,1149,It can become more famous and attract consumers,,
1150,1150,We have guests,,
1151,1151,"People get to check which bakery is better, so there are more customers.",,
1152,1152,Find what you lacked in your bakery,,
1153,1153,I can work harder and earn that much money as I become competitive,,
1154,1154,I try to make better products,,
1155,1155,I try to make a better product,,
1156,1156,I don't know.,,
1157,1157,""" You can create a good image of a company and sell a lot of goods, which increases the profit of the company. Also, the quality of the product increases and the competitiveness increases",,
1158,1158,"""",,
1159,1159,There are a lot of customers,,
1160,1160,There are more customers,,
1161,1161,.,,
1162,1162,There will be no good in the bakery,,
1163,1163,.,,
1164,1164,A lot of customers are coming,,
1165,1165,"Many people can visit the bakery often. Also, many people gather at better bakeries.",,
1166,1166,You can make better food with more stimulation.,,
1167,1167,I feel better when the bread making technology is better and sold more than other stores,,
1168,1168,You can try to have a better system and get back as much as you try,,
1169,1169,Evaluation Only. Created with Aspose.Cells for Python via Java.Copyright 2003 - 2022 Aspose Pty Ltd.,,
