,Unnamed: 0,1. The sentences below misunderstand the meaning of 'human dignity'. So humans are not the real reason for dignity. So what is the real reason for human dignity?,Unnamed: 0,", q56_Features, q56_Unique"
0,0,I don't know.,0.0,"0,0,0"
1,1,I don't understand.,1.0,"1,0,0"
2,2,Human dignity cannot be judged because of social requirements because it is a right to be respected from birth,2.0,"2,0,1"
3,3,I don't know.,3.0,"3,0,0"
4,4,I can think about it,4.0,"4,0,0"
5,5,I don't know.,5.0,"5,0,0"
6,6,I don't know.,6.0,"6,0,0"
7,7,Toto,7.0,"7,0,0"
8,8,individual human rights,8.0,"8,0,0"
9,9,I don't know,9.0,"9,0,0"
10,10,Because there is life.,10.0,"10,1,0"
11,11,"Human rights, regardless of skin color, religion, culture, etc",11.0,"11,0,1"
12,12,Because I have emotions,12.0,"12,0,0"
13,13,"There is not a human existence for a particular reason, but because it is a human being, there is a human survival.",13.0,"13,0,1"
14,14,There is too much discrimination,14.0,"14,0,0"
15,15,This is because humans are worth being respected for their existence.,15.0,"15,0,1"
16,16,Just because women and black people are not good looking doesn't mean that they don't have dignity just because they don't have power because they don't have a good university.,16.0,"16,0,1"
17,17,What you see is not everything,17.0,"17,0,0"
18,18,"""I'm a human being, so I'm dignified",18.0,"18,0,1"
19,19,"""",19.0,"19,1,0"
20,20,Because humans are all life. Human beings are dignified just by being alive.,20.0,"20,0,1"
21,21,"The human dignity in the sentence is wrong because it is expressed as dignity by a particular person, a particular organ, etc., rather than being respected as a human being",21.0,"21,0,1"
22,22,Everyone is dignified.It's because we live equally without discrimination,22.0,"22,0,1"
23,23,This is because everyone is born in the world and has the right to enjoy as a person equally.,23.0,"23,0,1"
24,24,Human dignity is a right that must be protected because it is a right naturally picked up by any human being.,24.0,"24,0,0"
25,25,"This is because they claim to have reason and let humans live in their favor by changing the environment. Since there are many individuals called humans and they have continued to develop, they are dignified not to cause harm to humans",25.0,"25,0,1"
26,26,Because there is an ideology that a person is worthy of his existence and that his personality should be respected.,26.0,"26,0,0"
27,27,We're people who care about each other,27.0,"27,0,1"
28,28,"I think humans are dignified because they are human. He is more intelligent than most animals and plants, and has the power to develop the times by using things around him This is because they have learned to live in cooperation with other humans and know how to respect and care for each other.",28.0,"28,0,029,0,0"
29,29,Because he has an ego and has a much better ability to think for himself than other animals,29.0,"30,0,0"
30,30,Humans are dignified because they are something that won't hurt anyone's eyes.,30.0,"31,0,0"
31,31,It's because you're precious living beings,31.0,"32,0,1"
32,32,"The reason for human dignity is not determined by gender, power, or race, but by honesty or sincerity.",32.0,"33,0,0"
33,33,"""All men are equal",33.0,"34,0,0"
34,34,"""",34.0,"35,0,0"
35,35,This is because they judged it only by its appearance.,35.0,"36,0,0"
36,36,Because it's different from what it looks like,36.0,"37,0,0"
37,37,Human beings cannot be called human dignity just because they are superior.,37.0,"38,0,0"
38,38,respect for people,38.0,"39,0,0"
39,39,I can breathe,39.0,"40,0,0"
40,40,Because humans are more capable than animals,40.0,"41,0,0"
41,41,"Because humans are creatures, they cannot judge by their appearance.",41.0,"42,0,1"
42,42,You can't judge a book by its cover,42.0,"43,0,0"
43,43,"Human beings are the reason why human dignity is human dignity, even if nothing is outstanding.",43.0,"44,0,1"
44,44,"White, man, wealth, age, good looks, power, good college, no dignity. Everyone thinks it's dignity",44.0,"45,0,0"
45,45,"Animals live according to their instincts, because humans can think and act rationally.",45.0,"46,0,0"
46,46,It is dignified because it is human,46.0,"47,0,0"
47,47,Because I'm a precious and valuable person,47.0,"48,0,0"
48,48,Dignity is ourselves because it is precious and precious.,48.0,"49,0,1"
49,49,Because I'm a man of great importance,49.0,"50,0,0"
50,50,I don't understand people,50.0,"51,0,0"
51,51,Humans can be dignified just by being human.,51.0,"52,0,1"
52,52,"A person who knows how to live for others, cares for others, and has a good mindset can be said to be a person of dignity.",52.0,"53,0,0"
53,53,"Because humans are rational, smart, and moral.",53.0,"54,0,0"
54,54,Everyone is dignified.,54.0,"55,0,0"
55,55,This is because you can think for yourself and put it into action and have reason.,55.0,"56,0,0"
56,56,He is dignified because he is kind and considerate,56.0,"57,0,0"
57,57,be strong,57.0,"58,0,059,0,0"
58,58,Because I can think for myself,58.0,"60,0,0"
59,59,"The idea of evaluating a person by gender, race, property, age, appearance, and power education does not seem right. It is not important to look outward, but it is important to look inward and think of people with dignity.",59.0,"61,0,0"
60,60,I can think and relate to it,60.0,"62,0,1"
61,61,It's dignified because of the right mindset.,61.0,"63,0,0"
62,62,You shouldn't judge just by the appearance.,62.0,"64,0,1"
63,63,I can be considerate and respectful for others,63.0,"65,0,0"
64,64,Because I'm a human being,64.0,"66,0,0"
65,65,Because there's only one person in the world,65.0,"67,1,0"
66,66,Because I'm a human being human,66.0,"68,0,1"
67,67,It's because he's alive and has feelings,67.0,"69,0,0"
68,68,M and D,68.0,"70,0,0"
69,69,The reason why humans are precious is because they are life,69.0,"71,0,0"
70,70,This is because human dignity is a value that people have only because they are human.,70.0,"72,0,0"
71,71,Don't just look at the human form from the outside. Human dignity comes from within.,71.0,"73,0,0"
72,72,I don't know,72.0,"74,0,0"
73,73,"Like the sentences above, a person who is not prejudiced is dignified.",73.0,"75,0,0"
74,74,"Like the sentences above, a person who is not prejudiced is dignified.",74.0,"76,0,0"
75,75,Human beings are precious beings that are one and only,75.0,"77,0,0"
76,76,Because he's smart,76.0,"78,0,0"
77,77,I don't know,77.0,"79,0,0"
78,78,The person who can take care of himself while thinking of others is the most dignified.,78.0,"80,0,0"
79,79,Because each and every creation of God is a different creation,79.0,"81,0,0"
80,80,This is because each person has a different idea.,80.0,"82,0,0"
81,81,I think human beings are dignified because they have different ideas and ideas and think that they have nothing to throw away,81.0,"83,0,1"
82,82,It's Mongla,82.0,"84,0,1"
83,83,"I can talk, I can make things, and I understand things well",83.0,"85,0,0"
84,84,You can hide and think about what you've done,84.0,"86,0,0"
85,85,be dignified because one is human,85.0,"87,0,1"
86,86,Because I'm a human being,86.0,"88,0,089,0,1"
87,87,Because of G,87.0,"90,0,1"
88,88,Each human being is dignified because it is the only precious thing in the world and will never be in the world again.,88.0,"91,0,1"
89,89,Because I'm a human being,89.0,"92,0,1"
90,90,"""Because you are the only one living in this world",90.0,"93,0,1"
91,91,"""",91.0,"94,1,0"
92,92,Because humans are humans,92.0,"95,0,0"
93,93,Just the existence of a person,93.0,"96,0,0"
94,94,Humans are just a kind of animal.It is not special or dignified because it is human.,94.0,"97,0,1"
95,95,be dignified because one is human,95.0,"98,0,0"
96,96,Because humans are humans,96.0,"99,0,1"
97,97,"Life is very precious, one by one. People are dignified because they are ""life.""",97.0,"100,0,1"
98,98,FIt's because people are considerate of others and everyone's human rights exist,98.0,"101,1,0"
99,99,"Men, whites, property, age, appearance, power, even if not a good university, human beings are dignified",99.0,"102,1,0"
100,100,People are moral people,100.0,"103,0,0"
101,101,Because every human being is dignified without a specific standard,101.0,"104,0,0"
102,102,"This is because they have done actions through their thoughts and given them to anyone or people, and even if they are not successful, they have dignity from the time they fly.",102.0,"105,0,0"
103,103,A man is dignified because he is a precious person with a precious life.,103.0,"106,0,0"
104,104,Because it's a precious life.,104.0,"107,0,0"
105,105,Man is dignified because he has morality.,105.0,"108,0,0"
106,106,This is because each person has a distinct personality and each person's charm is different.,106.0,"109,0,0"
107,107,This is because each person has different thoughts and personalities.,107.0,"110,0,0"
108,108,Because humans exist on this planet.,108.0,"111,0,0"
109,109,"This is because humans can communicate, talk, and respect people.",109.0,"112,0,0"
110,110,It is because there is a human right as a person who should be loved and live in society,110.0,"113,1,0"
111,111,a man of great value,111.0,"114,1,0"
112,112,Because it is valuable and precious.,112.0,"115,0,0"
113,113,A person who is a person and knows how to be considerate and respectful of others is truly a John Mian,113.0,"116,0,0"
114,114,"A man's dignity is not a condition of dignity, but a man who knows he's precious",114.0,"117,0,1"
115,115,Man is dignified because he is a creature,115.0,"118,0,1119,1,0"
116,116,Because they're all different lives,116.0,"120,0,0"
117,117,This is because human beings are all different in appearance from what they think of each and every one by person.,117.0,"121,0,1"
118,118,Human beings are dignified to admit their mistakes.,118.0,"122,0,0"
119,119,Human beings are dignified only because they are human Human beings themselves should be respected,119.0,"123,0,1"
120,120,Human beings are dignified only because they are human,120.0,"124,0,0"
121,121,have a long life span,121.0,"125,0,1"
122,122,It is dignified because I set my goal and move on.,122.0,"126,0,1"
123,123,be dignified in man's own right,123.0,"127,0,1"
124,124,"Oh, my",124.0,"128,0,0"
125,125,"Human beings are born with rights, so they are dignified",125.0,"129,0,0"
126,126,I think it is the real reason why humans are dignified because they are human and have reason to think.,126.0,"130,0,1"
127,127,Human beings are born with dignity.,127.0,"131,0,0"
128,128,Human beings are dignified by themselves.,128.0,"132,0,1"
129,129,Human beings are all born with dignity,129.0,"133,0,0"
130,130,Because we all have the same human rights,130.0,"134,0,0"
131,131,We are unique and precious,131.0,"135,0,0"
132,132,Because I'm a human being,132.0,"136,0,0"
133,133,I don't know.,133.0,"137,0,0"
134,134,Human beings are born with dignity.,134.0,"138,0,0"
135,135,Because people have human rights from birth.,135.0,"139,0,1"
136,136,Man is dignified because he is precious since he was born,136.0,"140,0,1"
137,137,Because it's a personality.,137.0,"141,0,0"
138,138,Because humans can think,138.0,"142,0,1"
139,139,"Human beings are creatures, so they are dignified in themselves.",139.0,"143,0,1"
140,140,Something with a good personality,140.0,"144,0,1"
141,141,Because humans need to be respected by themselves,141.0,"145,0,0"
142,142,"Since humans are born with human dignity from being born as humans, they do not need social conditions such as power, age, and property.",142.0,"146,0,0"
143,143,.,143.0,"147,0,0"
144,144,"Humans are human beings, so they are dignified by themselves, regardless of special external reasons, education, race, age, etc.",144.0,"148,0,1149,0,1"
145,145,"Humans are dignified because ""human"" itself is life without any conditions",145.0,"150,0,1"
146,146,Human beings are dignified because they are human.,146.0,"151,0,1"
147,147,"People are born with human rights and dignity, and their human rights are natural human rights, and all humans are equal, and all human beings are the same, so human dignity is the same and should not be discriminated against.",147.0,"152,0,1"
148,148,All human beings are dignified because they have been granted human rights since birth,148.0,"153,0,0"
149,149,"Humans all have human rights, and they all think humans are dignified because they are all equal.",149.0,"154,0,1"
150,150,Because I'm a person,150.0,"155,1,0"
151,151,be dignified because one is a person,151.0,"156,0,1"
152,152,Human beings think that living is dignity,152.0,"157,0,0"
153,153,We were born equal,153.0,"158,0,1"
154,154,Because I'm a human being,154.0,"159,0,1"
155,155,It's because everyone is living a community life and thinking and doing things together,155.0,"160,0,1"
156,156,"Human beings are human beings, so their existence itself is dignified. Regardless of gender, social status, or educational background, humans are dignified in themselves.",156.0,"161,0,1"
157,157,It's alive,157.0,"162,0,1"
158,158,Because I'm a human being human,158.0,"163,0,1"
159,159,I don't know,159.0,"164,0,1"
160,160,have dignity as a human being,160.0,"165,0,1"
161,161,"Humans have no difference in dignity according to gender, property, age, appearance, and power. Human beings are dignified just because they are human",161.0,"166,0,0"
162,162,Because I'm a person,162.0,"167,0,1"
163,163,Because I'm a human being,163.0,"168,0,0"
164,164,I think the reason why humans are dignified is just because they are human.,164.0,"169,0,0"
165,165,Human beings have dignity by themselves,165.0,"170,0,1"
166,166,Human beings are dignified as human beings,166.0,"171,0,1"
167,167,Human beings are dignified just because they are human.,167.0,"172,0,1"
168,168,It's because I have human rights,168.0,"173,0,1"
169,169,"Human beings are not only those above them, but everyone is dignified in their own right.",169.0,"174,0,1"
170,170,"Humans think they are the strongest, most dignified beings.",170.0,"175,0,1"
171,171,I don't know.,171.0,"176,0,1"
172,172,Because I was born as a human,172.0,"177,0,0"
173,173,Human beings are dignified only because they are human,173.0,"178,0,1179,0,1"
174,174,"Humans are dignified just because they are human, and cannot infringe on other people's freedom and rights. And people are born with human rights.",174.0,"180,0,1"
175,175,This is because humans are dignified just because they are human.,175.0,"181,0,1"
176,176,"Since human dignity is human, dignity has the right to live a minimal human life.",176.0,"182,0,1"
177,177,It can be said that humans are dignified only by their existence.,177.0,"183,0,0"
178,178,Because it's human.,178.0,"184,0,1"
179,179,"On human dignity, we rely on ourselves without any specific conditions to work hard on that particular task.",179.0,"185,1,0"
180,180,Human beings are dignified because they are human.,180.0,"186,0,0"
181,181,Human beings are dignified in themselves because they are human.,181.0,"187,0,1"
182,182,Because it's human.,182.0,"188,0,1"
183,183,Human beings themselves are dignified.,183.0,"189,0,0"
184,184,"Human beings are dignified by themselves. Therefore, there is no reason.",184.0,"190,0,0"
185,185,"Human beings have natural rights, and everyone has the same dignity. Authorization is dignified in itself, and its value cannot be determined by gender, race, property level, age, appearance, power, and academic background.",185.0,"191,0,0"
186,186,Every human being is dignified. be dignified because one is human,186.0,"192,0,1"
187,187,Humans are dignified because they all have life and have thoughts and strengths in any situation.,187.0,"193,0,0"
188,188,Because humans are thinking animals.,188.0,"194,0,1"
189,189,Human beings are dignified by themselves.,189.0,"195,1,0"
190,190,Human beings are very strict in themselves,190.0,"196,0,1"
191,191,This is because he has the ability to protect and judge himself.,191.0,"197,0,1"
192,192,"Man is not dignified. However, for one's own benefit, they are subjugated by themselves under the social system and only make themselves dignified under the premise of the law.",192.0,"198,0,1"
193,193,Man is not dignified.,193.0,"199,0,0"
194,194,Human beings are dignified beings in their own right.,194.0,"200,0,1"
195,195,"All living things, matter, exist. Some animals have intelligence, such as making tools. However, only humans ask themselves why they exist. Therefore, it can be said that only humans who give meaning to their existence exist unlike other beings, and thus all humans are dignified.",195.0,"201,0,1"
196,196,Human beings are dignified because they are human. Human beings are dignified in their own.,196.0,"202,0,0"
197,197,Because humans are living creatures.Man is dignified because he was born as a human.,197.0,"203,0,0"
198,198,Because I'm a human being,198.0,"204,0,1"
199,199,be dignified because one is human,199.0,"205,1,0"
200,200,I don't understand.,200.0,"206,0,1"
201,201,It's basically a person,201.0,"207,0,1"
202,202,"Because you're human, do you need words?",202.0,"208,0,0209,0,0"
203,203,We can love each other and feel joy,203.0,"210,0,0"
204,204,..,204.0,"211,0,1"
205,205,Because I'm a human being,205.0,"212,0,0"
206,206,It's alive,206.0,"213,0,1"
207,207,Human beings have a value for dignity because they are human.,207.0,"214,0,1"
208,208,"""Because this is about prejudice, man is not dignified, man is dignified in his own way",208.0,"215,0,1"
209,209,"""",209.0,"216,0,1"
210,210,I don't know.,210.0,"217,0,0"
211,211,The specs should be good,211.0,"218,0,0"
212,212,Human beings,212.0,"219,0,1"
213,213,"""Because I'm just a human being.I think I'm just a human being with dignity.",213.0,"220,0,1"
214,214,"""",214.0,"221,0,1"
215,215,"They're creatures, they're intelligent, they think for themselves, they act for themselves, they realize themselves, they live with others",215.0,"222,0,0"
216,216,Human beings are dignified as human beings,216.0,"223,0,0"
217,217,survive on human grounds,217.0,"224,0,0"
218,218,"Humans are dignified beings just by being human, regardless of race, age, or property.",218.0,"225,0,1"
219,219,"Regardless of race, nationality, or property, humans are all dignified just because they are human.",219.0,"226,0,0"
220,220,Things like freedom and equality are human dignity.,220.0,"227,0,1"
221,221,Hah!,221.0,"228,0,1"
222,222,Because it's human.,222.0,"229,0,0"
223,223,Because humans are humans. The reason for dignity is self-evident.,223.0,"230,0,1"
224,224,Because I'm a human being human,224.0,"231,0,1"
225,225,Human beings are dignified because they think and have their own opinions,225.0,"232,0,0"
226,226,Because it's worth everything,226.0,"233,1,0"
227,227,I don't know,227.0,"234,0,1"
228,228,Humans are all equal and dignified for no reason,228.0,"235,0,1"
229,229,"Human dignity is a man-made justice. We believe that human dignity should be established of course, but in fact, human dignity is contradictory because it is created by the hope that full and rich people will maintain their happiness.We are just the same creatures as all animals on Earth that cannot survive permanently.",229.0,"236,0,0"
230,230,Man is dignified because he was born as a human.,230.0,"237,0,0"
231,231,Human beings are dignified by their existence alone,231.0,"238,0,1239,0,0"
232,232,the greatest creature,232.0,"240,0,1"
233,233,The reason why humans are dignified is that their existence itself is valuable.,233.0,"241,0,1"
234,234,Human beings are dignified by their existence alone,234.0,"242,0,1"
235,235,have human rights,235.0,"243,0,1"
236,236,"Since I was born, I'm breathing and living,",236.0,"244,0,1"
237,237,Human beings are dignified in their mere existence. Because every human being has dignity.,237.0,"245,0,1"
238,238,Human beings have dignity just because they are human,238.0,"246,0,0"
239,239,Because I was born,239.0,"247,0,1"
240,240,"In fact, humans are not dignified",240.0,"248,0,1"
241,241,Because I'm a human.,241.0,"249,0,0"
242,242,No.,242.0,"250,0,1"
243,243,Because he's a human being human.,243.0,"251,0,0"
244,244,Because I'm a human being,244.0,"252,0,0"
245,245,Human beings are dignified because they are human.,245.0,"253,0,1"
246,246,Human beings are dignified just because they are human and have dignity,246.0,"254,0,1"
247,247,Because people have dignity just because they are human from birth,247.0,"255,0,1"
248,248,Because I was born as a human,248.0,"256,0,0"
249,249,"In fact, humans are not dignified",249.0,"257,0,1"
250,250,Human beings are dignified just because they are human,250.0,"258,1,0"
251,251,"Everyone has human dignity, and even if gender, skin color, appearance, age, etc. are different, human dignity is essential, so human dignity is different from person to person and each person is good at different things",251.0,"259,0,1"
252,252,Moe.,252.0,"260,0,1"
253,253,Because I'm a human being human,253.0,"261,0,1"
254,254,It's a precious creature from heaven!,254.0,"262,0,0"
255,255,I don't know,255.0,"263,0,1"
256,256,Human beings are dignified in themselves because they are human,256.0,"264,0,0"
257,257,This is because humans are dignified in their existence.,257.0,"265,0,1"
258,258,Human beings are dignified simply because they are human beings.,258.0,"266,0,0"
259,259,I don't understand.,259.0,"267,0,1"
260,260,Human beings themselves are dignified.,260.0,"268,0,0269,1,0"
261,261,Because there is life.,261.0,"270,0,1"
262,262,Because I'm a human being,262.0,"271,0,0"
263,263,Human beings themselves have dignity,263.0,"272,0,0"
264,264,Because I'm a human being,264.0,"273,0,0"
265,265,I don't know.,265.0,"274,0,0"
266,266,be dignified in man's own right,266.0,"275,0,0"
267,267,?,267.0,"276,0,1"
268,268,All human beings are dignified by their birth.,268.0,"277,0,0"
269,269,Dignity is nothing,269.0,"278,0,0"
270,270,All men are dignified,270.0,"279,0,1"
271,271,Human beings are dignified because they can do everything,271.0,"280,0,0"
272,272,Because humans are creatures.,272.0,"281,0,1"
273,273,"Humans are dignified just because they are human, regardless of gender, nationality, or race.",273.0,"282,0,0"
274,274,My mom made me born,274.0,"283,0,0"
275,275,It is dignified because it has human thoughts and is conscientious.,275.0,"284,0,0"
276,276,"This is because it is a life, a precious child of someone, and a person who deserves to be respected.",276.0,"285,0,1"
277,277,Because I'm thinking,277.0,"286,0,0"
278,278,"Because I'm in this world,",278.0,"287,0,0"
279,279,be dignified because one is a man.,279.0,"288,0,0"
280,280,"""Because human dignity has the right idea",280.0,"289,0,1"
281,281,"""",281.0,"290,0,0"
282,282,The reason why humans are dignified is that they have the ability to think right and make judgments.,282.0,"291,0,0"
283,283,"This is because humans are not dignified under any conditions, but because humans are dignified just because they are born.",283.0,"292,0,1"
284,284,Because they are all precious,284.0,"293,0,0"
285,285,People themselves are dignified,285.0,"294,0,1"
286,286,a person's warm heart toward others,286.0,"295,1,0"
287,287,"Humans have their own human rights, their own values, and all human rights, so humans are dignified.",287.0,"296,0,0"
288,288,Because they are all precious beings.,288.0,"297,1,0"
289,289,"A man is a man, a white man, a rich man, an old man, a good-looking man, a powerful man, and a man who does not have dignity after graduating from a good university is dignified in itself.",289.0,"298,1,0299,0,0"
290,290,Go to the mountains and exercise men,290.0,"300,0,1"
291,291,Because humans deserve respect and are precious,291.0,"301,1,0"
292,292,thinking and speaking,292.0,"302,0,1"
293,293,Because humans are humans.,293.0,"303,0,0"
294,294,"For man is a precious life made by God and given by heaven, and a warrant for all things",294.0,"304,1,0"
295,295,I was able to think and talk,295.0,"305,0,0"
296,296,be dignified because one is humanBecause it's all fair.,296.0,"306,0,1"
297,297,Because humans are humans,297.0,"307,0,0"
298,298,be dignified because it is a life,298.0,"308,0,0"
299,299,"Humans have their own shortcomings and strengths, so they are different depending on the individual and everyone is precious",299.0,"309,0,0"
300,300,Because I was born with life.,300.0,"310,0,0"
301,301,It's alive,301.0,"311,0,0"
302,302,"Everyone has their own personality, strengths and weaknesses, and everyone is dignified.",302.0,"312,0,0"
303,303,It's dignity because it's a person.,303.0,"313,0,0"
304,304,Because he's alive,304.0,"314,0,1"
305,305,be dignified as a human being,305.0,"315,0,1"
306,306,Because they have lives and they all have human rights.,306.0,"316,0,0"
307,307,"""Because he has life and deserves respect",307.0,"317,0,0"
308,308,"""",308.0,"318,0,0"
309,309,"Because they're all thoughtful, emotional, and talkative lives",309.0,"319,0,0"
310,310,Human beings themselves are dignified,310.0,"320,0,0"
311,311,"Because you're considerate, respectful, and think?",311.0,"321,0,0"
312,312,It is because humans are precious creatures from heaven and have the ability to do so,312.0,"322,0,0"
313,313,It is wrong to judge a person's dignity on any condition.Because it depends on the person.,313.0,"323,0,0"
314,314,a man of moral high opinion,314.0,"324,0,1"
315,315,It is dignified because it does what it should do as a human being.,315.0,"325,0,0"
316,316,"Human dignity is not classified by human gender, race, power, and wealth.",316.0,"326,0,0"
317,317,"The meaning of human dignity I thought is ordinary to do everything in daily life that talks, eats, and wraps without treating humans.""",317.0,"327,0,0"
318,318,There is a certain possibility in human nature.,318.0,"328,0,0329,0,0"
319,319,All men are dignified.,319.0,"330,0,0"
320,320,"Human dignity is not based on gender, physical difference, property, age, and power, but every human being has dignity.",320.0,"331,0,0"
321,321,"Humans cannot evaluate the high and low of dignity according to nationality, person, age, appearance, power, and property. Dignity is something that applies equally to everyone.",321.0,"332,0,0"
322,322,Because humans can share thoughts and help others,322.0,"333,0,0"
323,323,These are all visible.,323.0,"334,0,0"
324,324,"For example, ""H"" respects people."""" That's the right answer.""",324.0,"335,0,0"
325,325,be due to one's moral character,325.0,"336,0,0"
326,326,Someone who can think and respect others,326.0,"337,1,0"
327,327,"This is because humans can think with their heads and act at their disposal, not according to instinct.",327.0,"338,0,0"
328,328,Human beings live by doing good things,328.0,"339,0,1"
329,329,Because all human beings are precious.,329.0,"340,0,0"
330,330,"Since humans are worthy and deserve to be respected by themselves from birth,",330.0,"341,0,1"
331,331,It's because I can respect and be considerate of someone,331.0,"342,0,0"
332,332,"Unlike animals, they have thoughts and live according to reason",332.0,"343,1,0"
333,333,This is because humans can think differently from animals and make their own lives.,333.0,"344,0,0"
334,334,It's because it has an ego unlike animals,334.0,"345,0,0"
335,335,"Unlike animals, humans feel precious and think a lot",335.0,"346,0,0"
336,336,"The reason why humans are dignified is that unlike other animals, they have intelligence to think about.",336.0,"347,0,1"
337,337,"You can use tools and have excellent ability to solve problems. It is also because there is a language, so we can have a conversation.",337.0,"348,0,0"
338,338,This is because humans have intelligence that can think differently from other animals and reason that can translate the idea into action.,338.0,"349,0,0"
339,339,The reason why humans are dignified is that they have the intelligence to think differently from other animals and can carry out what they think.,339.0,"350,0,0"
340,340,"Unlike other creatures, humans can use tools and do things that animals cannot do.",340.0,"351,0,0"
341,341,"It is because he knows how to use tools, is more intelligent than other living things, and is more capable of knowing and solving certain problems",341.0,"352,0,0"
342,342,A man who treats people equally is dignified.,342.0,"353,0,0"
343,343,Human beings are precious lives,343.0,"354,0,0"
344,344,"Human beings have emotions, they can do what robots can't do, and they can develop many things",344.0,"355,0,0"
345,345,Man is dignified because he is born as a man,345.0,"356,0,0"
346,346,"""The reason why people are dignified is that unlike animals, they use tools, and animals live instinctively, but people live with their own ideas.",346.0,"357,0,0"
347,347,"""",347.0,"358,0,0359,0,0"
348,348,Human beings are dignified because they are human,348.0,"360,0,0"
349,349,G,349.0,"361,0,0"
350,350,A man who is a living and driven man is worthy of dignity,350.0,"362,0,0"
351,351,Because I am precious myself.,351.0,"363,0,0"
352,352,It's dignified because there's only one in the world.,352.0,"364,0,0"
353,353,Because we're all the same human beings,353.0,"365,0,0"
354,354,be dignified because one is a person,354.0,"366,0,0"
355,355,Because I can think,355.0,"367,0,0"
356,356,have power and dignity,356.0,"368,0,1"
357,357,We're the same people and we live in the same world,357.0,"369,0,0"
358,358,Because I was born.,358.0,"370,0,0"
359,359,be dignified because one has power,359.0,"371,0,1"
360,360,The reason why humans are so respectful is that they can think,360.0,"372,0,1"
361,361,Each and every one of us is dignified because we have different values,361.0,"373,0,1"
362,362,Because I have power,362.0,"374,0,0"
363,363,"You can think, you can talk, you can talk to other peoples",363.0,"375,0,1"
364,364,That's because humans were born one in 4.5 billion minutes.,364.0,"376,0,1"
365,365,The reason why humans are dignified is that they can think and judge,365.0,"377,0,1"
366,366,"Because humans are all different, they have different values and different thoughts. Therefore, all human beings are dignified.",366.0,"378,0,1"
367,367,be dignified because one is a man,367.0,"379,0,1"
368,368,I don't know.,368.0,"380,0,1"
369,369,I have emotions,369.0,"381,1,0"
370,370,I don't have it's,370.0,"382,0,0"
371,371,E,371.0,"383,0,1"
372,372,Yukmingwan Middle School,372.0,"384,0,0"
373,373,F,373.0,"385,0,1"
374,374,Man is dignified because he cannot be changed by anything and is the only one in the world.,374.0,"386,0,1"
375,375,"Human dignity is not determined by standards, but there is dignity because it is human itself. Since human dignity must be equal, these sentences are not based on equality, so they are not the real reason for human dignity.",375.0,"387,0,0"
376,376,"This is because everything, such as gender, status, and age, is irrelevant and is a thinking entity.",376.0,"388,0,0389,0,1"
377,377,"All human beings are dignified. So it is not right to weigh dignity by any standard. Humans live in a community while living in this world, and everyone lives equally. So all human beings are dignified.",377.0,"390,0,1"
378,378,"Human beings have dignity just by being human. Therefore, human beings are dignified.",378.0,"391,0,1"
379,379,"Humans are dignified regardless of gender, race, or ability because they are dignified in themselves.",379.0,"392,0,1"
380,380,Of course human beings are dignified because they were born as human beings,380.0,"393,1,0"
381,381,"Since all humans are equal and born with natural rights, it is impossible to judge humans on a specific basis, so all humans are dignified.",381.0,"394,0,0"
382,382,"Human dignity is gender, race, education, private property, age, appearance.It is not because of power, but because of dignity as a person himself.",382.0,"395,0,0"
383,383,There is no reason for human dignity. The reason a person is dignified is just because he is.,383.0,"396,0,1"
384,384,Because it's just human.,384.0,"397,0,1"
385,385,"Humans are not dignified only when certain conditions are satisfied, but they are dignified beings that deserve respect from their birth itself.",385.0,"398,0,0"
386,386,Human beings are dignified by themselves.,386.0,"399,1,0"
387,387,"It is dignified that it exists regardless of gender, race, property, age, appearance, power, study, etc.",387.0,"400,1,0"
388,388,"The reason why I think humans are dignified is that humans are living creatures and have a wide variety of emotions and reason at the same time. In addition, humans can control and control themselves and try to live accordingly with their values.",388.0,"401,0,0"
389,389,"Humans are dignified because they are all equal and guaranteed human rights regardless of gender, occupation, religion, race, degree of wealth, education, and class.",389.0,"402,0,1"
390,390,"Human beings have dignity by themselves. Therefore, with human rights, dignity cannot be violated in any case. If the sentences are correct in the meaning of dignity understood, humans can be dignified only in limited cases, so the rest of us do not have dignity.",390.0,"403,0,1"
391,391,Because I live in this world as a human being.,391.0,"404,0,0"
392,392,"As can be seen in the Constitution and the Universal Declaration of Human Rights, it stipulates that any human being, regardless of educational background, gender, or race, deserves dignity and should be guaranteed.",392.0,"405,1,0"
393,393,"Humans have a dignified value for the reason that any human being, regardless of gender, race, property, age, or appearance, is a human being.",393.0,"406,0,0"
394,394,"This is because humans are just a part of the world and affect many things around them. And because everything is connected like a thread, it is not an exaggeration to say that humans make up this world.",394.0,"407,0,0"
395,395,"Humans have lives that cannot be created even if science develops, and unlike other animals, they have reason, so they are dignified because they have the power to think about society or develop society or science.Because it's all fair.",395.0,"408,0,0"
396,396,Because humans are humans,396.0,"409,0,1"
397,397,be dignified because it is a life,397.0,"410,0,1"
398,398,"Humans have their own shortcomings and strengths, so they are different depending on the individual and everyone is precious",398.0,"411,0,0"
399,399,Because I was born with life.,399.0,"412,0,1"
400,400,It's alive,400.0,"413,1,0"
401,401,"Everyone has their own personality, strengths and weaknesses, and everyone is dignified.",401.0,"414,0,1"
402,402,It's dignity because it's a person.,402.0,"415,0,1"
403,403,Because he's alive,403.0,"416,0,1"
404,404,be dignified as a human being,404.0,"417,0,1"
405,405,Because they have lives and they all have human rights.,405.0,"418,0,0419,0,1"
406,406,"""Because he has life and deserves respect",406.0,"420,0,1"
407,407,"""",407.0,"421,0,0"
408,408,"Because they're all thoughtful, emotional, and talkative lives",408.0,"422,0,1"
409,409,Human beings themselves are dignified,409.0,"423,0,0"
410,410,"Because you're considerate, respectful, and think?",410.0,"424,0,1"
411,411,It is because humans are precious creatures from heaven and have the ability to do so,411.0,"425,0,1"
412,412,It is wrong to judge a person's dignity on any condition.Because it depends on the person.,412.0,"426,0,1"
413,413,a man of moral high opinion,413.0,"427,0,0"
414,414,It is dignified because it does what it should do as a human being.,414.0,"428,0,1"
415,415,"Human dignity is not classified by human gender, race, power, and wealth.",415.0,"429,0,0"
416,416,"The meaning of human dignity I thought is ordinary to do everything in daily life that talks, eats, and wraps without treating humans.""",416.0,"430,0,1"
417,417,There is a certain possibility in human nature.,417.0,"431,0,1"
418,418,All men are dignified.,418.0,"432,0,1"
419,419,"Human dignity is not based on gender, physical difference, property, age, and power, but every human being has dignity.",419.0,"433,0,1"
420,420,"Humans cannot evaluate the high and low of dignity according to nationality, person, age, appearance, power, and property. Dignity is something that applies equally to everyone.",420.0,"434,0,1"
421,421,Because humans can share thoughts and help others,421.0,"435,1,0"
422,422,These are all visible.,422.0,"436,0,1"
423,423,"For example, ""H"" respects people."""" That's the right answer.""",423.0,"437,0,1"
424,424,be due to one's moral character,424.0,"438,0,1"
425,425,Someone who can think and respect others,425.0,"439,0,1"
426,426,"This is because humans can think with their heads and act at their disposal, not according to instinct.",426.0,"440,0,1"
427,427,Human beings live by doing good things,427.0,"441,0,0"
428,428,Because all human beings are precious.,428.0,"442,0,1"
429,429,"Since humans are worthy and deserve to be respected by themselves from birth,",429.0,"443,0,0"
430,430,It's because I can respect and be considerate of someone,430.0,"444,0,1"
431,431,"Unlike animals, they have thoughts and live according to reason",431.0,"445,0,1"
432,432,This is because humans can think differently from animals and make their own lives.,432.0,"446,0,1"
433,433,It's because it has an ego unlike animals,433.0,"447,0,0"
434,434,"Unlike animals, humans feel precious and think a lot",434.0,"448,0,1449,0,1"
435,435,"The reason why humans are dignified is that unlike other animals, they have intelligence to think about.",435.0,"450,0,0"
436,436,"You can use tools and have excellent ability to solve problems. It is also because there is a language, so we can have a conversation.",436.0,"451,0,0"
437,437,This is because humans have intelligence that can think differently from other animals and reason that can translate the idea into action.,437.0,"452,0,0"
438,438,The reason why humans are dignified is that they have the intelligence to think differently from other animals and can carry out what they think.,438.0,"453,0,0"
439,439,"Unlike other creatures, humans can use tools and do things that animals cannot do.",439.0,"454,0,0"
440,440,"It is because he knows how to use tools, is more intelligent than other living things, and is more capable of knowing and solving certain problems",440.0,"455,0,0"
441,441,A man who treats people equally is dignified.,441.0,"456,0,0"
442,442,Human beings are precious lives,442.0,"457,0,1"
443,443,"Human beings have emotions, they can do what robots can't do, and they can develop many things",443.0,"458,0,1"
444,444,Man is dignified because he is born as a man,444.0,"459,0,0"
445,445,"""The reason why people are dignified is that unlike animals, they use tools, and animals live instinctively, but people live with their own ideas.",445.0,"460,0,1"
446,446,"""",446.0,"461,0,1"
447,447,Human beings are dignified because they are human,447.0,"462,0,1"
448,448,G,448.0,"463,0,1"
449,449,A man who is a living and driven man is worthy of dignity,449.0,"464,0,0"
450,450,Because I am precious myself.,450.0,"465,0,1"
451,451,It's dignified because there's only one in the world.,451.0,"466,0,0"
452,452,Because we're all the same human beings,452.0,"467,0,1"
453,453,be dignified because one is a person,453.0,"468,0,0"
454,454,Because I can think,454.0,"469,0,1"
455,455,have power and dignity,455.0,"470,0,1"
456,456,We're the same people and we live in the same world,456.0,"471,0,0"
457,457,Because I was born.,457.0,"472,0,1"
458,458,be dignified because one has power,458.0,"473,0,0"
459,459,The reason why humans are so respectful is that they can think,459.0,"474,0,1"
460,460,Each and every one of us is dignified because we have different values,460.0,"475,0,1"
461,461,Because I have power,461.0,"476,0,1"
462,462,"You can think, you can talk, you can talk to other peoples",462.0,"477,0,1"
463,463,That's because humans were born one in 4.5 billion minutes.,463.0,"478,0,1479,0,1"
464,464,The reason why humans are dignified is that they can think and judge,464.0,"480,0,0"
465,465,"Because humans are all different, they have different values and different thoughts. Therefore, all human beings are dignified.",465.0,"481,0,1"
466,466,be dignified because one is a man,466.0,"482,0,0"
467,467,I don't know.,467.0,"483,0,0"
468,468,I have emotions,468.0,"484,0,1"
469,469,I don't have it's,469.0,"485,0,0"
470,470,E,470.0,"486,0,0"
471,471,Yukmingwan Middle School,471.0,"487,0,1"
472,472,F,472.0,"488,0,1"
473,473,Man is dignified because he cannot be changed by anything and is the only one in the world.,473.0,"489,0,1"
474,474,"Human dignity is not determined by standards, but there is dignity because it is human itself. Since human dignity must be equal, these sentences are not based on equality, so they are not the real reason for human dignity.",474.0,"490,0,1"
475,475,"This is because everything, such as gender, status, and age, is irrelevant and is a thinking entity.",475.0,"491,0,0"
476,476,"All human beings are dignified. So it is not right to weigh dignity by any standard. Humans live in a community while living in this world, and everyone lives equally. So all human beings are dignified.",476.0,"492,0,1"
477,477,"Human beings have dignity just by being human. Therefore, human beings are dignified.",477.0,"493,0,1"
478,478,"Humans are dignified regardless of gender, race, or ability because they are dignified in themselves.",478.0,"494,0,1"
479,479,Of course human beings are dignified because they were born as human beings,479.0,"495,0,0"
480,480,"Since all humans are equal and born with natural rights, it is impossible to judge humans on a specific basis, so all humans are dignified.",480.0,"496,0,1"
481,481,"Human dignity is gender, race, education, private property, age, appearance.It is not because of power, but because of dignity as a person himself.",481.0,"497,0,1"
482,482,There is no reason for human dignity. The reason a person is dignified is just because he is.,482.0,"498,0,1"
483,483,Because it's just human.,483.0,"499,0,0"
484,484,"Humans are not dignified only when certain conditions are satisfied, but they are dignified beings that deserve respect from their birth itself.",484.0,"500,0,1"
485,485,Human beings are dignified by themselves.,485.0,"501,1,0"
486,486,"It is dignified that it exists regardless of gender, race, property, age, appearance, power, study, etc.",486.0,"502,0,1"
487,487,"The reason why I think humans are dignified is that humans are living creatures and have a wide variety of emotions and reason at the same time. In addition, humans can control and control themselves and try to live accordingly with their values.",487.0,"503,1,0"
488,488,"Humans are dignified because they are all equal and guaranteed human rights regardless of gender, occupation, religion, race, degree of wealth, education, and class.",488.0,"504,0,0"
489,489,"Human beings have dignity by themselves. Therefore, with human rights, dignity cannot be violated in any case. If the sentences are correct in the meaning of dignity understood, humans can be dignified only in limited cases, so the rest of us do not have dignity.",489.0,"505,0,0"
490,490,Because I live in this world as a human being.,490.0,"506,0,1"
491,491,"As can be seen in the Constitution and the Universal Declaration of Human Rights, it stipulates that any human being, regardless of educational background, gender, or race, deserves dignity and should be guaranteed.",491.0,"507,0,0"
492,492,"Humans have a dignified value for the reason that any human being, regardless of gender, race, property, age, or appearance, is a human being.",492.0,"508,0,0509,0,0"
493,493,"This is because humans are just a part of the world and affect many things around them. And because everything is connected like a thread, it is not an exaggeration to say that humans make up this world.",493.0,"510,0,0"
494,494,"Humans have lives that cannot be created even if science develops, and unlike other animals, they have reason, so they are dignified because they have the power to think about society or develop society or science.Because all men are equal.",494.0,"511,0,0"
495,495,This is because humans are dignified just because they are humans without conditions.,495.0,"512,0,1"
496,496,It's because it's,496.0,"513,1,0"
497,497,be dignified as a human being,497.0,"514,0,1"
498,498,Human beings are dignified because they are human.,498.0,"515,0,1"
499,499,745465,499.0,"516,0,1"
500,500,We are dignified because we are all the same human beings,500.0,"517,0,0"
501,501,All men are born equal and dignified,501.0,"518,0,0"
502,502,There is no reason to be discriminated against by being born as a human being.,502.0,"519,0,0"
503,503,F,503.0,"520,0,0"
504,504,Because I'm a human being,504.0,"521,0,0"
505,505,"Humans have dignity because they are just humans, regardless of gender, race, or property.",505.0,"522,0,1"
506,506,Humanity itself is dignity,506.0,"523,0,1"
507,507,He is dignified because he is a man.,507.0,"524,0,0"
508,508,Because humans have dignity unconditionally as soon as they are born,508.0,"525,0,1"
509,509,Human beings are dignified because they are life.,509.0,"526,0,0"
510,510,Because humans have dignity unconditionally as soon as they are born,510.0,"527,0,0"
511,511,Human beings are dignified because they are life,511.0,"528,0,1"
512,512,The world is a scary place,512.0,"529,0,0"
513,513,Because I was born when I was born.^^,513.0,"530,0,1"
514,514,"Humans all have personalities from birth, and humans are worth being dignified by themselves.",514.0,"531,0,0"
515,515,Human beings are not beings of dignity.,515.0,"532,1,0"
516,516,respect for human beings,516.0,"533,0,1"
517,517,Because humans can think and live by helping each other,517.0,"534,0,0"
518,518,B is dignified because he is white-eyed.,518.0,"535,0,0"
519,519,yes,519.0,"536,1,0"
520,520,Because humans are dignified.,520.0,"537,0,0"
521,521,Human beings are also dignified because everything that has life is dignified.,521.0,"538,0,1539,0,1"
522,522,be dignified as a human being,522.0,"540,0,0"
523,523,Because I was born as a human.,523.0,"541,0,0"
524,524,Because it's human.,524.0,"542,0,1"
525,525,Human dignity has no particular characteristics,525.0,"543,0,0"
526,526,This is because humans were all born in the same way and each person thinks differently.,526.0,"544,0,1"
527,527,Because humans think and have morality.,527.0,"545,1,0"
528,528,This is because humans have decided at will that they are dignified.,528.0,"546,0,1"
529,529,Human beings are dignified to be alive.,529.0,"547,0,0"
530,530,I think we think humans are dignified because we are humans. All living things must be identified.,530.0,"548,0,0"
531,531,Because it's human.,531.0,"549,0,0"
532,532,I don't know.,532.0,"550,0,0"
533,533,He is dignified because he was born a human being.,533.0,"551,0,1"
534,534,I don't know.,534.0,"552,1,0"
535,535,"Man is not dignified. But not everyone is not without dignity. A dignified human being is dignified because he tried to be dignified. Therefore, people who have not tried like them are not dignified. Therefore, all humans are not dignified, but there is a dignified person among them. This means that not having dignity is not dignity, but just as all are not dignity, dignity is dignity, but not all are dignity. Dignity and non-dignity work at the same rate in everyone.",535.0,"553,1,0"
536,536,Because it's human.,536.0,"554,0,1"
537,537,I can feel the emotions,537.0,"555,0,0"
538,538,be dignified because one is human,538.0,"556,0,0"
539,539,Because all human beings have equal rights.,539.0,"557,0,1"
540,540,Because life is precious,540.0,"558,0,0"
541,541,Human beings are dignified because they are human,541.0,"559,0,1"
542,542,"I understand the meaning of ""human dignity""",542.0,"560,0,0"
543,543,"There is no reason for human dignity, just dignity.",543.0,"561,0,0"
544,544,We are dignified as a life. I don't need a condition for dignity.,544.0,"562,0,0"
545,545,Because we're all equal,545.0,"563,0,0"
546,546,"It's dignity because it's a human being, not because of what you have.",546.0,"564,0,1"
547,547,Human beings are dignified by themselves.,547.0,"565,0,1"
548,548,All men are equal,548.0,"566,0,1"
549,549,People born in the world are obligated to receive equal rights and freedom,549.0,"567,0,1"
550,550,Human beings are dignified as human beings.,550.0,"568,0,1569,0,0"
551,551,be a man of property,551.0,"570,0,0"
552,552,Every human being has dignity from birth,552.0,"571,0,1"
553,553,"Human beings have life, so everyone is dignified",553.0,"572,0,1"
554,554,I'm just a person,554.0,"573,0,0"
555,555,Having a natural right by birth represents human dignity in itself,555.0,"574,0,0"
556,556,Because all men are equal,556.0,"575,0,0"
557,557,The real reason for human dignity can only be known when it comes out of prejudice.,557.0,"576,0,0"
558,558,"Since all humans are dignified, they cannot judge dignity by university, status, age, or gender.",558.0,"577,0,0"
559,559,"Human dignity refers to the ideology that a person is worthy of existence just because he or she is human, and that personality should be respected. Human dignity is an expression of the idea of natural human rights that humans are born with rights from birth, and it refers to the principle that the value of dignity should be guaranteed and respected just because it is human.",559.0,"578,0,1"
560,560,"Human beings are dignified only by their existence with life, and there is no standard for judging the position of each other's dignity in humans.",560.0,"579,0,1"
561,561,"Human beings are dignified only by their existence with life, and there is no standard for judging the position of each other's dignity in humans.",561.0,"580,0,1"
562,562,"Human dignity is worth its existence just because it is human.Therefore, A, B, C, D, E, F, and G are all wrong because they judge people by men, whites, property, age, appearance, power, and university.",562.0,"581,0,1"
563,563,There is no need for a reason for human dignity.,563.0,"582,0,0"
564,564,There is no reason for human dignity.,564.0,"583,0,0"
565,565,"Humans as humans themselves should be respected by others and should not be discriminated against by appearance, property, gender, or educational background. Human beings have dignity because they are human.",565.0,"584,0,1"
566,566,"Because humans were born, because they exist in this world, and because they exist according to the laws of nature, I think humans themselves should be dignified.",566.0,"585,0,0"
567,567,"Human beings are dignified, no matter what conditions they are, for their own reasons",567.0,"586,0,1"
568,568,"Human dignity refers to the ideology that a person is worthy of existence just because he or she is human, and that personality should be respected. Human dignity is an expression of the idea of natural human rights that humans are born with rights from birth, and it refers to the principle that the value of dignity should be guaranteed and respected just because it is human.",568.0,"587,0,1"
569,569,"Human beings are born with human rights. Humans are dignified in themselves because they have inviolability that no one can infringe on and have the natural rights granted by heaven. For thousands of years, humans have formed a society and lived as top predators. It can be said that it has made a clear distinction from animals, such as uniting and fighting to protect ourselves, and establishing laws and systems to protect our rights. Humans have the ability to think differently from animals and have lived with that ability, so humans can be said to be dignified.",569.0,"588,0,0"
570,570,"The reason for human dignity cannot be related to the reasons for the above examples. This is because humans are beings that are precious and should be respected by themselves. If one respects those people just because they are handsome and have a lot of money, this society will not operate normally. Recognizing everyone's dignity in a democratic society would be a shortcut to a desirable society.",570.0,"589,0,1"
571,571,Humans are all dignified regardless of any conditions because everyone is born equal with character.,571.0,"590,0,0"
572,572,I think humans are dignified and valuable just because they are humans.,572.0,"591,0,1"
573,573,"The reason why humans are dignified is because they are humans themselves. Not because he graduated from a good university, but because he is not a specific gender, he is the only one and should be respected. Human beings are dignified in their very existence.",573.0,"592,0,1"
574,574,"Humans are equal as humans themselves. The above examples classify humans into gender, skin color, property, age, appearance, power, and educational background. It is wrong to divide humans into specific groups and think that only that group is dignified. Humans have the right to be respected from birth, and this right cannot be violated by anyone, and is given equally to everyone. Therefore, all human beings are dignified.",574.0,"593,0,1"
575,575,"Humans are dignified and valuable beings in human beings themselves. Therefore, freedom and rights should not be violated by anyone, nor should they be violated. Recognizing and respecting human dignity is also directly related to peace in the world.",575.0,"594,0,1"
576,576,"This is because humans are dignified without missing a single person just by ""human being."" It is endowed from birth, so it has a natural personality.",576.0,"595,0,0"
577,577,"Humans all have personalities, do not pursue a selfish life, and live by reason, not a life faithful to instinct. I think it's dignified because of this.",577.0,"596,0,0"
578,578,"Humans can be said to be dignified in that they can think a little higher-order than any other animal. I can sympathize, understand, and care for the pain of other lives. In addition, humans can be said to be dignified because they are irreplaceable beings.",578.0,"597,0,0"
579,579,"Every human being was born with the right to freedom and equality. Therefore, humans are dignified in their existence and their values deserve respect by everyone. There is no foot in the sand after that.",579.0,"598,0,0599,0,1"
580,580,The ideology of human dignity is that human beings themselves are valuable and should respect their character.,580.0,"600,0,0"
581,581,"By birth, humans are granted rights from heaven, naturally have rights, and not to be violated by someone. Therefore, from this point of view, the above fingerprints are not the real reason because there is a common reason for dignity. This is why it is reasonable that human beings are born and survive in this world toward their goals and dreams.",581.0,"601,0,1"
582,582,"""The primary reason for human dignity is that we can understand the dignity of others by thinking rationally",582.0,"602,0,1"
583,583,It's because there is. We are all born with dignity. But it's not like we're going to be able to do our best,583.0,"603,0,1"
584,584,The reason why we can maintain dignity is because we have the ability not to violate the dignity of others,584.0,"604,1,0"
585,585,"It's because I have it. But sometimes there are cases where irrational thinking violates the dignity of others, and that's why we organize a group, a state, to make rules, to make rules for others",585.0,"605,0,0"
586,586,"It prevents infringement of dignity. Nevertheless, those who violate the dignity of others",586.0,"606,0,1"
587,587,"In general, a corresponding punishment is imposed to remind and reflect on dignity again.",587.0,"607,0,1"
588,588,"The standard of dignity has always changed with the times. In the past, black people and women used to have dignity",588.0,"608,0,0"
589,589,"Although it was not guaranteed, even the dignity of animals is considered in modern times.",589.0,"609,0,0"
590,590,"This means that over time, humanity has expanded the scope of dignity, allowing us to take a broader leap forward",590.0,"610,0,0"
591,591,"It means that we tend to respect each other, and that's why we're so dignified",591.0,"611,0,1"
592,592,"This is because they recognize and respect the dignity of others.""",592.0,"612,0,1"
593,593,"Human dignity refers to the noble nature that humans cannot deny or commit because they are humans in advance. Therefore, humans have human dignity because they are human, and no one can't help but have it. The above sentences are not correct because they limit people with human dignity, and the only reason why humans are dignified is that they are human. However, this alone has every reason to have human dignity.Human beings should be respected because they are human beings. Human rights should be respected because humans have natural human rights from birth like the idea of natural human rights. Rather than being respected for special reasons or conditions, it should be respected as a human being.",593.0,"613,0,0"
594,594,"If someone says that he or she is the only one with dignity or that someone can be ignored for some reason, people will ignore each other and say that they are the only ones with dignity.But human beings are all dignified.This is because all humans have rights from birth.In addition, since no one can infringe on the right, humans recognize each other as dignity, and thereby their dignity is recognized.Therefore, humans cannot be ignored by someone and can be said to be dignified beings who cannot ignore someone.",594.0,"614,0,1"
595,595,"The reason why humans are dignified is that they are worth their existence just because they are humans. Therefore, deformed babies, disabled people, and everyone can be dignified for whatever reason. It can be said that it is really wrong that something is good and that a person who is not superior and lacking compared to others cannot be dignified. Human beings have dignity from the point of birth.",595.0,"615,0,0"
596,596,Humans are dignified because they have innate dignity from their existence.,596.0,"616,0,0"
597,597,Man is dignified just because he was born.,597.0,"617,0,0"
598,598,"If human dignity is human, all human beings are dignified",598.0,"618,0,1"
599,599,Human beings are all human rights and dignity from birth.,599.0,"619,0,0"
600,600,Human beings are all equals.,600.0,"620,0,0"
601,601,And human dignity.,601.0,"621,0,1"
602,602,Anyone deserves respect and the value of their recognized right.,602.0,"622,0,1"
603,603,Man is just because you're a man must be respected.,603.0,"623,0,1"
604,604,Because he is with dignity in itself.,604.0,"624,0,0"
605,605,""" because anyone deserves respect.",605.0,"625,0,1"
606,606,"""",606.0,"626,0,1"
607,607,Human beings are human dignity because it is.,607.0,"627,0,0"
608,608,"Big, mature.",608.0,"628,0,1629,0,1"
609,609,Every human being is there social dignity must be respected by the very existence.,609.0,"630,0,1"
610,610,Human beings are born in itself deserves respect and humanity was born with.,610.0,"631,0,1"
611,611,Human beings are human dignity.,611.0,"632,1,0"
612,612,Man is on its own existence that must be respected.,612.0,"633,0,1"
613,613,Human beings are born not discriminated against because they have the right to be respected.,613.0,"634,0,0"
614,614,I have one,614.0,"635,0,0"
615,615,Human dignity be if I could find their target.,615.0,"636,0,1"
616,616,Seems to be human ... jomeomseong f.,616.0,"637,0,1"
617,617,"Regardless of gender, race, property, age, appearance, power, or good university, human beings themselves are dignified, regardless of the above because they are guaranteed dignity from birth.",617.0,"638,0,1"
618,618,This is because the concept of human dignity is a concept accumulated by humans.,618.0,"639,0,1"
619,619,Human beings are dignified in their very existence.,619.0,"640,0,0"
620,620,Because I'm a human being,620.0,"641,0,1"
621,621,"Natural human rights, human beings are human beings from birth, so they are dignified.",621.0,"642,0,0"
622,622,It is dignified because it has life.,622.0,"643,0,1"
623,623,Human beings are dignified in their own way.,623.0,"644,0,1"
624,624,Because I'm a human being,624.0,"645,0,0"
625,625,This is because the existence of humans itself gives the meaning of dignity.,625.0,"646,0,0"
626,626,That's what I think,626.0,"647,0,0"
627,627,The existence itself is dignified.,627.0,"648,0,1"
628,628,Human beings think. And it can be said that humans are dignified because they act responsibly for the idea.,628.0,"649,1,0"
629,629,Because they are all the same human beings.,629.0,"650,0,0"
630,630,Human beings are dignified because they are human.,630.0,"651,0,1"
631,631,Because human rights exist,631.0,"652,0,1"
632,632,Human beings are dignified because they are human beings.,632.0,"653,0,0"
633,633,It is because of its uselessness,633.0,"654,1,0"
634,634,Because every human being has the right to dignity,634.0,"655,0,1"
635,635,I think about it myself,635.0,"656,0,1"
636,636,There is no condition for human dignity. Humans are human beings and should be respected.,636.0,"657,0,1"
637,637,This is because humans have signed a social contract under the provision of human rights in order to ensure their own safety.,637.0,"658,0,1659,0,0"
638,638,It is because the existence of human beings is dignified.,638.0,"660,0,0"
639,639,Because it's human.,639.0,"661,0,1"
640,640,All human beings are dignified because they are human beings.,640.0,"662,1,0"
641,641,be dignified because one is human,641.0,"663,0,1"
642,642,Human beings have special meanings in themselves,642.0,"664,0,1"
643,643,The reason why humans are dignified is not because they are just humans for some reason.,643.0,"665,0,0"
644,644,Because it's human.,644.0,"666,0,0"
645,645,"It's a natural right, so humans are born with dignity.",645.0,"667,0,1"
646,646,be dignified because one is human,646.0,"668,0,0"
647,647,All men are equally dignified.,647.0,"669,0,0"
648,648,Human beings are dignified by themselves.,648.0,"670,0,0"
649,649,"Humans are not dignified for any reason, but dignified in themselves.",649.0,"671,0,0"
650,650,be dignified because of life,650.0,"672,0,1"
651,651,Every human being is dignified for no reason.,651.0,"673,0,1"
652,652,Because humans are precious in themselves.,652.0,"674,0,1"
653,653,Man is an animal of morality and is dignified in its existence.,653.0,"675,0,1"
654,654,"Human dignity should be valued and respected because it is a human being, not judged by conditions and situations. Therefore, the real reason why humans are dignified is because they are humans.",654.0,"676,0,1"
655,655,be dignified because one is human,655.0,"677,0,1"
656,656,Human beings are dignified by themselves because they are human. It is not about judging dignity and non-dignity by people's personal characteristics.,656.0,"678,0,0"
657,657,"Human beings are not dignified under any conditions, but dignified by their existence alone",657.0,"679,0,0"
658,658,Because I was born,658.0,"680,0,1"
659,659,Human beings are dignified in their very existence.,659.0,"681,0,1"
660,660,This is because he was born under the same sky and had cognitive abilities differentiated from animals.,660.0,"682,0,0"
661,661,Human beings are all equal because they are human. There is no reason to be different.,661.0,"683,0,1"
662,662,Because I'm a human being human,662.0,"684,1,0"
663,663,This is because all of them contain discriminatory words.,663.0,"685,0,1"
664,664,"Because he is a person with a personality, he should be respected even if he is not pretty and handsome.",664.0,"686,0,1"
665,665,Because I was born.,665.0,"687,0,1"
666,666,"From birth, man is born with dignity",666.0,"688,0,1689,0,1"
667,667,Man is dignified because he has life.,667.0,"690,1,0"
668,668,Because people are equal!,668.0,"691,1,0"
669,669,Human beings survive because they are human,669.0,"692,0,0"
670,670,Every human being is born with dignity.,670.0,"693,0,0"
671,671,Human beings have human dignity since birth.,671.0,"694,0,1"
672,672,"Knowing the importance of life with intelligence,",672.0,"695,0,0"
673,673,ABCDEFG and everyone is dignified from birth.,673.0,"696,0,0"
674,674,"Regardless of gender, race, wealth, age, appearance, power, and educational background, it is dignified in itself.",674.0,"697,0,1"
675,675,This is because humans are dignified beings from the moment they are born.,675.0,"698,0,0"
676,676,It is because of the dignity of man himself.,676.0,"699,0,1"
677,677,This is because it is a warrant of all things and there is a valuable thing called death.,677.0,"700,0,0"
678,678,f,678.0,"701,0,0"
679,679,be dignified by man himself,679.0,"702,0,1"
680,680,be dignified because one was born with life,680.0,"703,0,0"
681,681,Human existence itself is dignified.,681.0,"704,0,0"
682,682,"Born as a human being, he is endowed with dignity.",682.0,"705,0,0"
683,683,Because I'm alive,683.0,"706,0,1"
684,684,Everyone has to be dignified,684.0,"707,0,1"
685,685,Because I'm a person,685.0,"708,0,1"
686,686,Human beings are dignified.,686.0,"709,0,1"
687,687,Because we all have to treat each other as equal creatures in equal positions,687.0,"710,0,1"
688,688,Because dignity is what man thought,688.0,"711,0,1"
689,689,What we all think is the same,689.0,"712,0,0"
690,690,Because I'm a human being.,690.0,"713,0,1"
691,691,Human beings are dignified by themselves,691.0,"714,0,1"
692,692,"Because I'm a human beingHuman beings should be respected because they are human beings. Human rights should be respected because humans have natural human rights from birth like the idea of natural human rights. Rather than being respected for special reasons or conditions, it should be respected as a human being.",692.0,"715,0,1"
693,693,"If someone says that he or she is the only one with dignity or that someone can be ignored for some reason, people will ignore each other and say that they are the only ones with dignity.But human beings are all dignified.This is because all humans have rights from birth.In addition, since no one can infringe on the right, humans recognize each other as dignity, and thereby their dignity is recognized.Therefore, humans cannot be ignored by someone and can be said to be dignified beings who cannot ignore someone.",693.0,"716,0,0"
694,694,"The reason why humans are dignified is that they are worth their existence just because they are humans. Therefore, deformed babies, disabled people, and everyone can be dignified for whatever reason. It can be said that it is really wrong that something is good and that a person who is not superior and lacking compared to others cannot be dignified. Human beings have dignity from the point of birth.",694.0,"717,0,1"
695,695,Humans are dignified because they have innate dignity from their existence.,695.0,"718,0,0719,0,1"
696,696,Man is dignified just because he was born.,696.0,"720,0,1"
697,697,"If human dignity is human, all human beings are dignified",697.0,"721,0,0"
698,698,Human beings are all human rights and dignity from birth.,698.0,"722,0,0"
699,699,Human beings are all equals.,699.0,"723,0,0"
700,700,And human dignity.,700.0,"724,0,0"
701,701,Anyone deserves respect and the value of their recognized right.,701.0,"725,0,0"
702,702,Man is just because you're a man must be respected.,702.0,"726,0,1"
703,703,Because he is with dignity in itself.,703.0,"727,0,1"
704,704,""" because anyone deserves respect.",704.0,"728,0,0"
705,705,"""",705.0,"729,0,1"
706,706,Human beings are human dignity because it is.,706.0,"730,0,0"
707,707,"Big, mature.",707.0,"731,0,1"
708,708,Every human being is there social dignity must be respected by the very existence.,708.0,"732,0,0"
709,709,Human beings are born in itself deserves respect and humanity was born with.,709.0,"733,0,0"
710,710,Human beings are human dignity.,710.0,"734,0,1"
711,711,Man is on its own existence that must be respected.,711.0,"735,0,0"
712,712,Human beings are born not discriminated against because they have the right to be respected.,712.0,"736,0,0"
713,713,I have one,713.0,"737,0,1"
714,714,Human dignity be if I could find their target.,714.0,"738,0,0"
715,715,Seems to be human ... jomeomseong f.,715.0,"739,0,1"
716,716,"Regardless of gender, race, property, age, appearance, power, or good university, human beings themselves are dignified, regardless of the above because they are guaranteed dignity from birth.",716.0,"740,0,0"
717,717,This is because the concept of human dignity is a concept accumulated by humans.,717.0,"741,0,0"
718,718,Human beings are dignified in their very existence.,718.0,"742,0,1"
719,719,Because I'm a human being,719.0,"743,0,0"
720,720,"Natural human rights, human beings are human beings from birth, so they are dignified.",720.0,"744,0,1"
721,721,It is dignified because it has life.,721.0,"745,0,0"
722,722,Human beings are dignified in their own way.,722.0,"746,0,1"
723,723,Because I'm a human being,723.0,"747,0,0"
724,724,This is because the existence of humans itself gives the meaning of dignity.,724.0,"748,1,0749,0,0"
725,725,That's what I think,725.0,"750,0,1"
726,726,The existence itself is dignified.,726.0,"751,0,0"
727,727,Human beings think. And it can be said that humans are dignified because they act responsibly for the idea.,727.0,"752,0,1"
728,728,Because they are all the same human beings.,728.0,"753,0,0"
729,729,Human beings are dignified because they are human.,729.0,"754,0,0"
730,730,Because human rights exist,730.0,"755,0,0"
731,731,Human beings are dignified because they are human beings.,731.0,"756,0,0"
732,732,It is because of its uselessness,732.0,"757,0,1"
733,733,Because every human being has the right to dignity,733.0,"758,0,1"
734,734,I think about it myself,734.0,"759,0,0"
735,735,There is no condition for human dignity. Humans are human beings and should be respected.,735.0,"760,1,0"
736,736,This is because humans have signed a social contract under the provision of human rights in order to ensure their own safety.,736.0,"761,0,0"
737,737,It is because the existence of human beings is dignified.,737.0,"762,0,1"
738,738,Because it's human.,738.0,"763,0,1"
739,739,All human beings are dignified because they are human beings.,739.0,"764,0,1"
740,740,be dignified because one is human,740.0,"765,0,1"
741,741,Human beings have special meanings in themselves,741.0,"766,0,0"
742,742,The reason why humans are dignified is not because they are just humans for some reason.,742.0,"767,0,0"
743,743,Because it's human.,743.0,"768,0,0"
744,744,"It's a natural right, so humans are born with dignity.",744.0,"769,0,1"
745,745,be dignified because one is human,745.0,"770,0,0"
746,746,All men are equally dignified.,746.0,"771,0,0"
747,747,Human beings are dignified by themselves.,747.0,"772,0,1"
748,748,"Humans are not dignified for any reason, but dignified in themselves.",748.0,"773,0,1"
749,749,be dignified because of life,749.0,"774,0,0"
750,750,Every human being is dignified for no reason.,750.0,"775,0,0"
751,751,Because humans are precious in themselves.,751.0,"776,0,1"
752,752,Man is an animal of morality and is dignified in its existence.,752.0,"777,0,0"
753,753,"Human dignity should be valued and respected because it is a human being, not judged by conditions and situations. Therefore, the real reason why humans are dignified is because they are humans.",753.0,"778,0,1779,0,0"
754,754,be dignified because one is human,754.0,"780,0,1"
755,755,Human beings are dignified by themselves because they are human. It is not about judging dignity and non-dignity by people's personal characteristics.,755.0,"781,0,1"
756,756,"Human beings are not dignified under any conditions, but dignified by their existence alone",756.0,"782,0,0"
757,757,Because I was born,757.0,"783,0,0"
758,758,Human beings are dignified in their very existence.,758.0,"784,1,0"
759,759,This is because he was born under the same sky and had cognitive abilities differentiated from animals.,759.0,"785,0,1"
760,760,Human beings are all equal because they are human. There is no reason to be different.,760.0,"786,0,0"
761,761,Because I'm a human being human,761.0,"787,0,1"
762,762,This is because all of them contain discriminatory words.,762.0,"788,0,0"
763,763,"Because he is a person with a personality, he should be respected even if he is not pretty and handsome.",763.0,"789,0,1"
764,764,Because I was born.,764.0,"790,0,0"
765,765,"From birth, man is born with dignity",765.0,"791,0,0"
766,766,Man is dignified because he has life.,766.0,"792,0,1"
767,767,Because people are equal!,767.0,"793,0,0"
768,768,Human beings survive because they are human,768.0,"794,0,1"
769,769,Every human being is born with dignity.,769.0,"795,0,1"
770,770,Human beings have human dignity since birth.,770.0,"796,0,1"
771,771,"Knowing the importance of life with intelligence,",771.0,"797,0,1"
772,772,ABCDEFG and everyone is dignified from birth.,772.0,"798,0,1"
773,773,"Regardless of gender, race, wealth, age, appearance, power, and educational background, it is dignified in itself.",773.0,"799,0,1"
774,774,This is because humans are dignified beings from the moment they are born.,774.0,"800,0,0"
775,775,It is because of the dignity of man himself.,775.0,"801,0,1"
776,776,This is because it is a warrant of all things and there is a valuable thing called death.,776.0,"802,0,1"
777,777,f,777.0,"803,0,0"
778,778,be dignified by man himself,778.0,"804,0,0"
779,779,be dignified because one was born with life,779.0,"805,0,0"
780,780,Human existence itself is dignified.,780.0,"806,0,1"
781,781,"Born as a human being, he is endowed with dignity.",781.0,"807,0,1"
782,782,Because I'm alive,782.0,"808,0,0809,0,1"
783,783,Everyone has to be dignified,783.0,"810,0,0"
784,784,Because I'm a person,784.0,"811,0,0"
785,785,Human beings are dignified.,785.0,"812,0,0"
786,786,Because we all have to treat each other as equal creatures in equal positions,786.0,"813,0,0"
787,787,Because dignity is what man thought,787.0,"814,0,0"
788,788,What we all think is the same,788.0,"815,0,0"
789,789,Because I'm a human being.,789.0,"816,0,0"
790,790,Human beings are dignified by themselves,790.0,"817,0,1"
791,791,"Because I'm a human beingIt is to judge humans objectively, and I think that judging humans by their appearance, character, property, and power is an act that ignores human dignity.",791.0,"818,1,0"
792,792,This is because humans are dignified by themselves.,792.0,"819,0,0"
793,793,"Human beings are dignified by themselves, so they cannot weigh dignity with other factors",793.0,"820,0,1"
794,794,This is because one should be respected.,794.0,"821,0,0"
795,795,Because every human being has basic rights,795.0,"822,0,0"
796,796,It is because humans are dignified by themselves.,796.0,"823,0,0"
797,797,Because there is only one person in the world.,797.0,"824,0,1"
798,798,be dignified because one is human,798.0,"825,0,1"
799,799,I don't know.,799.0,"826,0,0"
800,800,"Regardless of age, appearance, academic background, skin color, and property, humans are dignified in themselves.",800.0,"827,0,0"
801,801,Human beings are dignified because they are human beings themselves.,801.0,"828,0,0"
802,802,Because all men are equal,802.0,"829,0,0"
803,803,People's values are different from person to person,803.0,"830,1,0"
804,804,Humans are precious lives,804.0,"831,0,1"
805,805,Human beings are dignified in their own right,805.0,"832,0,1"
806,806,You don't have to distinguish,806.0,"833,0,1"
807,807,Human beings are dignified in themselves,807.0,"834,0,0"
808,808,All,808.0,"835,,"
809,809,Human beings are dignified in their own right,809.0,"836,,"
810,810,"All living things, including humans, are dignified",810.0,"837,6.1%,44.7%"
811,811,Because they have their own values,,
812,812,Because humans have dignity in themselves.,,
813,813,Existence,,
814,814,"Since existence itself has dignity, it is not a reason to have dignity conditionally.",,
815,815,"The existence of a human being in itself has human dignity, not related to competence, gender, or race",,
816,816,There is no reason for human dignity. It's just dignity because it's human.,,
817,817,Every human being is dignified in its very existence,,
818,818,Because existence alone is worth it.,,
819,819,Human beings have dignity in themselves,,
820,820,"People are valuable in their own way, regardless of gender, race, or property.",,
821,821,"""There should be no reason for dignity other than being human.",,
822,822,"Because that's what human dignity is.""",,
823,823,be dignified because one is human,,
824,824,Because every human being has the right to be respected,,
825,825,I don't know,,
826,826,Because everyone has a right to live.,,
827,827,Human beings themselves are dignified,,
828,828,This is because human beings themselves are dignified.,,
829,829,Because I was born,,
830,830,Everyone has human dignity,,
831,831,C,,
832,832,I don't understand.,,
833,833,It's because humans were born.,,
834,834,"""It's better than an animal",,
835,835,"""",,
836,836,Your superiors say you're dignified,,
837,837,This is because humans divide the top and bottom into classes.,,
838,838,It's because you'really smart,,
839,839,Because we have dignity as a human beings,,
840,840,I was born with life,,
841,841,All men are equal and dignified.,,
842,842,be dignified because one is human,,
843,843,"Article 10 of our Constitution stipulates that ""all citizens have dignity and value as humans and have the right to pursue happiness."" This provision is a regulation in which our Constitution proclaims human dignity, and aims to protect it by stipulating human inherent values in the Constitution. The emergence of totalitarianism after World War I ignored human dignity and individual values and committed inhumane treatment such as genocide and forced labor without hesitation. After World War II, each country stipulated human dignity and values in the Constitution, followed by the United Nations Charter, the Universal Declaration of Human Rights, the European Convention on Human Rights, and the United Nations Convention on Human Rights.",,
844,844,Because I'm breathing,,
845,845,All men are dignified.,,
846,846,Because I'm a human being,,
847,847,"This is because they are all human beings regardless of gender, skin color, appearance, educational background, and age, so they all have the right to be human and have human dignity.",,
848,848,This is because you can think and record it unlike other living things.,,
849,849,e,,
850,850,"All human beings are precious, so they are dignified",,
851,851,All men are dignified without discrimination,,
852,852,Human beings are dignified because they exist as creatures.,,
853,853,"Humans are dignified by themselves regardless of gender, nationality, or race.",,
854,854,be dignified as a human being,,
855,855,This is because humans are special in themselves and have different characteristics from each human being.,,
856,856,"In fact, human beings are not dignified beings. All life is equal and all life is shallow.",,
857,857,Evaluation Only. Created with Aspose.Cells for Python via Java.Copyright 2003 - 2022 Aspose Pty Ltd.,,
