,Unnamed: 0,"2. In the picture below, boys and girls are talking about different cultures. What advice do you need to be given to change the attitude of two people toward another country's culture into a desirable one?",Unnamed: 0,", q57_diversity, q57_respect"
0,0,I don't know.,0.0,"0,0,0"
1,1,"People in other countries may think that we are strange, so it would be better to experience other countries' cultures often without ignoring them because they are different from ours",1.0,"1,0,1"
2,2,You should learn to respect other countries' cultures more,2.0,"2,0,1"
3,3,We should respect other cultures,3.0,"3,0,1"
4,4,Please speak properly,4.0,"4,0,0"
5,5,Because it is different from country to country,5.0,"5,1,0"
6,6,I don't know.,6.0,"6,0,0"
7,7,Tata (meaning 'Tata',7.0,"7,0,0"
8,8,M and D,8.0,"8,0,0"
9,9,You just have to face a great deal of cultural discrimination,9.0,"9,0,0"
10,10,Because there is their culture.,10.0,"10,1,0"
11,11,They should have the idea that there is such a culture.,11.0,"11,0,1"
12,12,We should not ignore the culture of other countries because each country has a different background,12.0,"12,0,1"
13,13,Don't focus on the culture you belong to and broaden your perspective.,13.0,"13,0,1"
14,14,"That's possible, my friend",14.0,"14,0,0"
15,15,Have an attitude of understanding and respecting the culture of other countries.,15.0,"15,0,1"
16,16,"Yes, if it's another country, you're a foreigner",16.0,"16,0,0"
17,17,He also recognizes that foreigners are foreigners,17.0,"17,0,0"
18,18,You have to understand that each country has a different culture,18.0,"18,1,0"
19,19,You have to admit that the cultures of many countries in the world are different.,19.0,"19,1,0"
20,20,They should correct their negative attitude by frowning at the shape of the language and advise that each country has its own culture and characteristics.,20.0,"20,0,1"
21,21,You have to understand and be considerate of all cultures,21.0,"21,0,1"
22,22,"If you change your position with people from other countries and go to that country and experience culture yourself, prejudice will disappear.",22.0,"22,0,1"
23,23,"They do not have a negative attitude toward the culture of other countries, but have a positive attitude.",23.0,"23,0,1"
24,24,The culture is different depending on the surrounding environment. So there is a cultural difference between Korea and other countries,24.0,"24,1,0"
25,25,Don't whisper behind your back. I solve my questions by myself.,25.0,"25,0,0"
26,26,I understand the culture of other countries,26.0,"26,0,1"
27,27,"Even if we learn about the culture of another country and show a different appearance from us using the culture of another country, we should respect the culture of the country without discriminating or looking at it with a strange perspective.",27.0,"27,0,1"
28,28,It is necessary to accept and respect the culture of other countries openly,28.0,"28,0,129,0,1"
29,29,"Not all cultures of our own countries are right, each country has different cultures, so we should understand and respect them.",29.0,"30,0,1"
30,30,"It is a traditional culture of other countries, but we should not discriminate",30.0,"31,0,1"
31,31,We need to understand and respect the differences in cultures.,31.0,"32,0,1"
32,32,"Because the culture is different, not one is right or wrong",32.0,"33,0,1"
33,33,"This is because people with different cultures will think it strange if they see our culture.""",33.0,"34,0,1"
34,34,You have to respect other people's culture.,34.0,"35,0,1"
35,35,The culture of other countries should also be respected.,35.0,"36,0,1"
36,36,Learn and understand about different cultures,36.0,"37,0,0"
37,37,"Even if the culture is different, you have to prove it.",37.0,"38,0,0"
38,38,They do not ignore the culture of other countries,38.0,"39,0,1"
39,39,He'll see you as a freak,39.0,"40,0,1"
40,40,"Guys, you guys look weird to him",40.0,"41,0,1"
41,41,"Because cultures are different from country to country, we should respect different cultures and understand each other.",41.0,"42,0,1"
42,42,We acknowledge and respect each other,42.0,"43,0,1"
43,43,The culture varies slightly from country to region. It may seem strange to others that you are eating rice now. We should respect and understand each other's culture.,43.0,"44,1,0"
44,44,"Don't think it's strange that the culture is different, but you should develop a heart that respects other cultures",44.0,"45,0,1"
45,45,You shouldn't think only your own culture is right. People in other countries should respect and understand.,45.0,"46,1,0"
46,46,"""Thinking that our culture is different even in other countries",46.0,"47,1,0"
47,47,"We should not discriminate against because of that And because different countries have different cultures.""",47.0,"48,1,0"
48,48,Try to understand and respect the culture of other countries,48.0,"49,0,0"
49,49,"Each country has a different culture, so the person is not wrong, it's just different.",49.0,"50,0,1"
50,50,Because each country has its own characteristics,50.0,"51,0,1"
51,51,It is because different countries have different cultures,51.0,"52,0,0"
52,52,"People in other countries will see you the same way, but let's not say anything disparaging",52.0,"53,0,0"
53,53,"We should respect the culture of other countries, not say anything about being different from us.",53.0,"54,0,1"
54,54,"The culture different from the culture of the country where you live is not wrong, but different.",54.0,"55,0,1"
55,55,I go to other countries and teach them true education.,55.0,"56,1,0"
56,56,How would you feel if someone else thought of our country like this?,56.0,"57,0,1"
57,57,Indian people may not understand eating with spoons and chopsticks because you understand other countries' cultures and the continents' cultures were determined by the movement of continents in the past,57.0,"58,0,159,0,1"
58,58,Respecting culture of other countries,58.0,"60,0,1"
59,59,They want to know that each other has a different culture,59.0,"61,0,1"
60,60,I think it is right to have an attitude of accepting and understanding other countries' cultures without prejudice to other countries' cultures.,60.0,"62,1,0"
61,61,Make you understand the culture,61.0,"63,0,1"
62,62,Don't ignore other countries' cultures and respect them.,62.0,"64,0,0"
63,63,You have to be determined with the idea that you should respect other cultures.,63.0,"65,0,0"
64,64,"Different countries may have different languages, religions, and cultures The culture must be respected.",64.0,"66,0,0"
65,65,Different countries eat differently ^^,65.0,"67,0,1"
66,66,"Each country has a different culture, so we should respect the culture of the country",66.0,"68,1,0"
67,67,Every country and culture can be different,67.0,"69,0,0"
68,68,People in other countries might think that way about our culture,68.0,"70,0,0"
69,69,M and D,69.0,"71,0,1"
70,70,We have to respect the culture of other cultures,70.0,"72,0,1"
71,71,You have to respect and look at other cultures and see if they can be different. Culture is all different depending on the environment.,71.0,"73,0,1"
72,72,The cultures are different. But I think it's a stranger if you don't force and accept it.,72.0,"74,0,0"
73,73,I don't know,73.0,"75,0,1"
74,74,"We should not think of different cultures as strange, and each country has different cultures, so we should respect and accept them with an attitude of understanding.",74.0,"76,0,0"
75,75,"We should not think of different cultures as strange, and each country has different cultures, so we should respect them and accept them with an attitude of understanding.",75.0,"77,0,0"
76,76,We must respect their culture,76.0,"78,0,1"
77,77,Traditional,77.0,"79,0,0"
78,78,"Each country has a different culture, so we should do this",78.0,"80,0,0"
79,79,Makes it possible to experience culture in the country.,79.0,"81,0,1"
80,80,Culture,80.0,"82,0,0"
81,81,We should respect the culture of other countries.,81.0,"83,0,1"
82,82,"Different countries have different cultures and different laws, so it can be inevitably strange for us, but I think it is wrong to look at it from that perspective because it is familiar to that person",82.0,"84,0,0"
83,83,It stops,83.0,"85,0,1"
84,84,You should be able to respect the culture of other countries.,84.0,"86,0,1"
85,85,You're such a bad kid.,85.0,"87,0,1"
86,86,Recognize the Korean culture of other countries,86.0,"88,0,189,0,1"
87,87,I don't know,87.0,"90,0,1"
88,88,We should respect the culture of other countries,88.0,"91,0,1"
89,89,Understand and respect culture that is different from oneself.,89.0,"92,0,1"
90,90,"I look at the culture of other countries with respect, not comparison.",90.0,"93,0,1"
91,91,Understanding and respecting cultures that are different from yours,91.0,"94,0,1"
92,92,to understand each other's culture,92.0,"95,0,0"
93,93,the cultural background of the country,93.0,"96,0,1"
94,94,"Culture isn't wrong, it's different^^",94.0,"97,0,1"
95,95,It's a different culture. I understand,95.0,"98,0,1"
96,96,to understand the culture of another country,96.0,"99,0,1"
97,97,"Let's not think about ""what's wrong with you"" and ""Oh, this country is doing this and that."" ""Let's accept and acknowledge together",97.0,"100,1,0"
98,98,I don't knowYou have to respect the culture of other countries,98.0,"101,0,1"
99,99,"Each has a different culture. Think about it. Each has a different culture, so we have to respect each other and understand each other",99.0,"102,0,1"
100,100,You should understand and respect other cultures.,100.0,"103,0,1"
101,101,Recognize and respect the differences between the cultures of your own country and those of other countries.,101.0,"104,0,1"
102,102,"Other countries' cultures also have their own customs, so they should not be viewed from an external perspective.",102.0,"105,0,1"
103,103,Because each country has different cultures. So please respect other cultures.,103.0,"106,0,1"
104,104,Respect the culture of other countries.,104.0,"107,0,1"
105,105,Let's respect each country's culture.,105.0,"108,0,1"
106,106,Let's understand with an attitude that we should respect the culture of other countries.,106.0,"109,0,1"
107,107,"Each country has a different culture and diet, so you have to respect other countries",107.0,"110,0,1"
108,108,You have to understand and respect the culture of other countries.,108.0,"111,0,0"
109,109,"They are all the same people, and people from different countries will think the same when they see girls and boys. So let's respect culture in any country.",109.0,"112,1,0"
110,110,"Each country has its own unique culture, so it should have an attitude to respect and understand other cultures",110.0,"113,0,1"
111,111,Don't think it's weird that we're different.,111.0,"114,0,1"
112,112,The culture of other countries should be cherished like that of our country.,112.0,"115,0,1"
113,113,"Whatever it looks like, we have to accept it as if it's our culture",113.0,"116,0,1"
114,114,"Each country has a different culture, so it is different because it lives in different cultures",114.0,"117,0,1"
115,115,"We should respect other people's culture because the culture is different for each person and country, so if we can't accept each other's culture, there will be conflict",115.0,"118,0,1119,0,1"
116,116,You have to respect the culture of other countries,116.0,"120,0,0"
117,117,We need to understand and respect the culture of the country.,117.0,"121,0,1"
118,118,"Instead of looking critically at other countries, we should acknowledge and respect each other's differences.",118.0,"122,0,0"
119,119,"If you respect the culture of each country without discrimination, you should see it",119.0,"123,1,0"
120,120,We should respect the culture of other countries and not prejudge the culture of other countries just because it is different from our own culture,120.0,"124,0,1"
121,121,We have to respect the culture of the country,121.0,"125,0,1"
122,122,"Just because there is a difference between Korea and Korea, let's not say anything as a joke",122.0,"126,0,1"
123,123,You have to respect the culture of other countries,123.0,"127,0,1"
124,124,LOL,124.0,"128,0,1"
125,125,Because different countries have different cultures,125.0,"129,0,1"
126,126,"Schools provide education that understands, respects, and cares about the cultures of other countries.",126.0,"130,0,0"
127,127,"You should not discriminate because you are different from your own culture, but respect various cultures.",127.0,"131,0,1"
128,128,I want you to respect the culture of other countries.,128.0,"132,0,0"
129,129,We have to respect each country's own culture,129.0,"133,0,1"
130,130,You have to understand the culture and be considerate of each other,130.0,"134,0,1"
131,131,"People who eat with their hands may look strange when they see us, and foreigners may look strange when they see our country, so let's change our position and respect the culture of other countries",131.0,"135,0,1"
132,132,Educate the idea of cultural relativism.,132.0,"136,0,1"
133,133,We have to respect each country's culture,133.0,"137,0,1"
134,134,Nina is good,134.0,"138,0,0"
135,135,They think and respect each other's culture.,135.0,"139,0,1"
136,136,You have to have a mindset to understand any people's culture,136.0,"140,0,1"
137,137,You shouldn't criticize other countries' cultures like that. You shouldn't think only your culture is right. The culture of other countries is also important.,137.0,"141,0,1"
138,138,Recognize the culture of the other country and don't belittle it because it's different from their own culture,138.0,"142,0,1"
139,139,You have to respect and understand the culture of other countries.,139.0,"143,0,1"
140,140,I don't know.,140.0,"144,0,1"
141,141,"It is not right to criticize the culture of other countries, so we should respect the culture of other countries.",141.0,"145,0,1"
142,142,"Since cultural differences are different from country to country, it is necessary to understand and respect each other even if their cultures are different.",142.0,"146,0,1"
143,143,"Just as we wonder about other countries' culture, people in other countries will wonder about our culture. I think we should respect each other because each country has a different culture",143.0,"147,0,1"
144,144,Have an attitude of respecting and understanding the culture of the country.,144.0,"148,0,1149,1,0"
145,145,"When people in other countries see you, you may feel awkward and strange. But the attitude of ignoring the culture of other countries is not right. We need to understand and respect each other.",145.0,"150,0,0"
146,146,"Each country has its own culture, and if you look at it in a strange way, the people in that country will be upset",146.0,"151,0,1"
147,147,We have to understand it because each country has a different culture and lifestyle.,147.0,"152,0,1"
148,148,Please understand that the culture of every country is different,148.0,"153,0,0"
149,149,"The culture of the place of birth and the place of birth, that is, the culture of each country is different. Since they have learned the culture of the country where they were born, they should understand each other's culture because the culture of other countries is unfamiliar. Each country's topography, place, weather, and everything is different, so cultures appear differently.",149.0,"154,0,1"
150,150,You have to understand because each country has a different culture,150.0,"155,0,0"
151,151,"It's natural that each person has a different environment, but you have to realize that it's not wrong, it's different",151.0,"156,0,0"
152,152,"Just as our country eats with chopsticks, our culture has been like this since a long time ago, so it is natural to have a culture like our country in other countries",152.0,"157,0,0"
153,153,I understand.,153.0,"158,0,0"
154,154,Must have a cultural relativistic attitude,154.0,"159,0,0"
155,155,They advise me to respect and know the culture of other countries,155.0,"160,0,1"
156,156,"We should recognize and accept the diversity and differences of culture without thinking that it is a different culture. Our culture may also be unfamiliar to people in other countries. Therefore, we should respect the various cultures of the global village.",156.0,"161,0,0"
157,157,live in the country,157.0,"162,0,1"
158,158,Don't ignore the culture,158.0,"163,0,1"
159,159,I don't know,159.0,"164,0,0"
160,160,It's the first time I see any language,160.0,"165,0,1"
161,161,Relatively understand other cultures from a cultural relativistic point of view.,161.0,"166,0,1"
162,162,You should understand and respect other cultures well,162.0,"167,0,1"
163,163,You can change your perspective,163.0,"168,0,1"
164,164,"Regardless of which country's culture you look at, you need to respect and understand its culture.",164.0,"169,1,0"
165,165,You should understand the culture of other countries,165.0,"170,0,1"
166,166,"Don't live like that, you scumbag",166.0,"171,1,0"
167,167,"Culture is different from society to society, so you should have an attitude of cultural relativism.",167.0,"172,0,1"
168,168,I hope you can understand multiculturalism,168.0,"173,0,0"
169,169,You should know and respect that there is no right or wrong in the culture of other countries.,169.0,"174,0,1"
170,170,I try to think historically and environmentally about why I have such a culture when I understand the culture of other countries and respect it.,170.0,"175,0,1"
171,171,Each country is different,171.0,"176,0,1"
172,172,We should respect the culture of other countries,172.0,"177,0,1"
173,173,Each country has a different culture and language,173.0,"178,0,1179,0,1"
174,174,"Culture should be viewed as relative, not absolute, and culture should be viewed from various perspectives rather than from any one perspective. And culture is related to the lifestyle of one region, so you should not ignore or disparage other cultures.",174.0,"180,0,1"
175,175,This is because the history and social characteristics of the country should be considered when looking at culture.,175.0,"181,1,0"
176,176,You have to have a mind to understand other countries' cultures morally,176.0,"182,0,1"
177,177,You should be able to be considerate and respectful of other countries',177.0,"183,0,1"
178,178,"Each country has a different culture, so you should understand and consider the differences.",178.0,"184,0,1"
179,179,Cultural relativism should be done.,179.0,"185,0,1"
180,180,Understand culture.,180.0,"186,0,1"
181,181,"Since culture has diversity in each country, it should not be rejected as different from mine, but an attitude to respect and selectively accept it is necessary.",181.0,"187,0,1"
182,182,Nothing else is strange.,182.0,"188,0,1"
183,183,Culture or letters may differ from country to country.,183.0,"189,0,1"
184,184,"Since each region has a different culture, an attitude to respect it is necessary.",184.0,"190,0,0"
185,185,Understand and respect the culture of other countries. The unique lifestyle and characteristics of each country are the result of the accumulation of various factors such as the environment and history of the country.,185.0,"191,0,0"
186,186,It's not good to ignore people because they have different cultures,186.0,"192,1,0"
187,187,You should be able to understand and accept other cultures. It should be acknowledged that other cultures are also one culture.,187.0,"193,0,1"
188,188,You should understand other countries' cultures and have an attitude that can accept them to some extent.,188.0,"194,0,1"
189,189,The difference in culture is that you have to understand it without prejudice.,189.0,"195,0,1"
190,190,It is necessary to understand and respect the cultures of each country.,190.0,"196,1,0"
191,191,Understand their lifestyle and have an attitude of respect,191.0,"197,0,1"
192,192,It is polite to whisper. All you have to do is not to face. And it's enough to be curious.,192.0,"198,0,1"
193,193,I think you're going to look uncivilized when you eat rice with a spoon,193.0,"199,0,1"
194,194,"It is natural that the cultures of other countries are different because they have developed in different environments from their own countries, and this should not be taken as strange.",194.0,"200,0,0"
195,195,"Each region's culture reflects the humanities, social, and natural conditions of each region, so it is necessary to respect them.",195.0,"201,0,0"
196,196,It allows people from other countries to have a reverse attitude to think from the perspective of others.,196.0,"202,0,1"
197,197,"We should recognize and respect the culture of other countries.Culture is relative, so it can appear differently from country to country. Our culture is not standard.",197.0,"203,0,0"
198,198,"Culture is relative, and everyone should be respected",198.0,"204,0,1"
199,199,We should respect the culture of other countries.,199.0,"205,0,0"
200,200,We have to respect each country's culture,200.0,"206,0,0"
201,201,Don't know,201.0,"207,0,1"
202,202,From a comparative point of view,202.0,"208,0,1209,0,1"
203,203,"The man in the picture also has a woman around him, but I don't have one. Kidding. We should understand each other",203.0,"210,0,1"
204,204,..,204.0,"211,0,1"
205,205,You have to respect and understand other cultures,205.0,"212,0,1"
206,206,You guys are even weirder,206.0,"213,0,0"
207,207,Beware of door-to-door loan,207.0,"214,0,1"
208,208,"I think we should not look too critically at the cultures of other countries, but positively accept other cultures.",208.0,"215,0,1"
209,209,You should also understand the culture of other countries.,209.0,"216,0,1"
210,210,You have to understand the culture of other countries,210.0,"217,0,0"
211,211,We should try to respect each other's culture,211.0,"218,0,1"
212,212,I think we should respect culture in other countries.,212.0,"219,0,0"
213,213,"""",213.0,"220,0,1"
214,214,You have to be able to respect the language and culture of other countries,214.0,"221,0,0"
215,215,"""You can't do that. You have to consider the socio-cultural background of the country",215.0,"222,0,1"
216,216,"""",216.0,"223,0,1"
217,217,You will understand if you find out the surroundings of people in other countries.,217.0,"224,0,1"
218,218,It is necessary to understand the religion and natural environment of the society that uses the culture.,218.0,"225,1,0"
219,219,"The culture of other countries was considered as the standard of our culture, and this idea of self-culturalism was wrong. We should respect the culture of other countries and acknowledge the differences.",219.0,"226,0,0"
220,220,"""",220.0,"227,0,1"
221,221,There is no absolute standard in culture.,221.0,"228,0,0"
222,222,We should look at other cultures with cultural relativism,222.0,"229,0,0"
223,223,"Culture should be judged in consideration of the environment and context of society, and any cultural factor should know that there is a reason for its existence.",223.0,"230,0,1"
224,224,It should be viewed from the perspective of cultural relativism.,224.0,"231,0,0"
225,225,"He thinks it's weird that you don't use your hands, man. Just accept it",225.0,"232,0,1"
226,226,We must consider the environment of the country,226.0,"233,0,1"
227,227,Acceptance of other cultures to the extent that they do not harm others,227.0,"234,0,1"
228,228,You have to respect and be considerate of the culture of other cultures,228.0,"235,0,0"
229,229,"If you live in a different country from me, the culture can be different, so you have to understand it. It's not wrong, it's different, okay?",229.0,"236,0,1"
230,230,I'm not Confucius enough to criticize others yet. I don't think anyone can say anything wrong with each other.,230.0,"237,0,0"
231,231,It also fosters an attitude of respect for the cultures of other countries.,231.0,"238,0,1239,0,1"
232,232,It's going to be far.,232.0,"240,0,1"
233,233,a medicine for sale,233.0,"241,0,1"
234,234,"The two people in the picture need a cultural relativistic attitude. It should be advised to understand the culture of other countries in historical, social and other contexts.",234.0,"242,0,1"
235,235,It's going to be far.,235.0,"243,0,1"
236,236,develop a relativistic attitude,236.0,"244,0,1"
237,237,You should understand and respect the cultural background of other countries,237.0,"245,0,1"
238,238,Don't think negatively about the culture of people in other countries and let them know that they are different and not wrong.,238.0,"246,0,0"
239,239,I think it would be better to experience other cultures more and make them understand the cultures of other countries naturally.,239.0,"247,0,1"
240,240,Have a cultural relativistic attitude,240.0,"248,1,0"
241,241,Let's kill two people and watch for world peace,241.0,"249,0,0"
242,242,Have a culture-relativistic attitude.,242.0,"250,0,0"
243,243,Respect other cultures,243.0,"251,0,0"
244,244,It should be viewed from the perspective of cultural relativism.,244.0,"252,0,0"
245,245,Let's find out about cultural relativism in one of the social studies textbooks in Jihak history,245.0,"253,0,0"
246,246,Don't ignore the culture of other countries,246.0,"254,0,1"
247,247,"A country has its own culture and customs, so you should think about it relatively.",247.0,"255,0,1"
248,248,"There may be different cultures, so you have to understand each other",248.0,"256,0,1"
249,249,Let's respect other countries' cultures and not ignore them,249.0,"257,0,1"
250,250,I eat it like this,250.0,"258,0,1"
251,251,He admits that the cultures of other countries are different and often changes his attitude that his own culture is the greatest,251.0,"259,0,1"
252,252,"There are bound to be differences between countries, continents, regions, and families because they have different lifestyles and beliefs. You have to understand as boys and girls are different.",252.0,"260,0,1"
253,253,I'd be happy if I saw your handwriting and thought it looked like a worm an impudent fellow,253.0,"261,0,1"
254,254,Keep the interaction going,254.0,"262,0,1"
255,255,I don't know,255.0,"263,0,0"
256,256,Then why do you guys eat with a spoon?,256.0,"264,0,0"
257,257,"Culture is not only seeing and understanding part of it, but also seeing and understanding the whole.",257.0,"265,0,1"
258,258,You should know and try to understand that each country has its own culture.,258.0,"266,0,0"
259,259,Understand and accept the culture of other countries as a whole.,259.0,"267,0,0"
260,260,You should know how to understand other people's culture and characteristics.,260.0,"268,0,0269,0,0"
261,261,"No matter how different the country and culture are, you should not demean yourself with a hamb.",261.0,"270,0,1"
262,262,"The culture of another society is created by the environmental factors or other social factors that the society faces, and there are suitable factors in all cultural behaviors. Therefore, all cultures that do not ignore human basic rights should be respected.",262.0,"271,0,0"
263,263,"Don't speak in a negative or critical tone, but be positive and have an attitude to understand culture.",263.0,"272,0,1"
264,264,It's different from culture to culture. I understand,264.0,"273,0,0"
265,265,Admit the difference in culture,265.0,"274,0,0"
266,266,You have to have a point of view that understands different cultures,266.0,"275,0,1"
267,267,each culture,267.0,"276,0,1"
268,268,?,268.0,"277,0,1"
269,269,Talk in a manner that respects the culture of other countries.,269.0,"278,0,1"
270,270,Ignore it,270.0,"279,0,1"
271,271,Let's respect multicultural families,271.0,"280,0,1"
272,272,Let's not focus on our culture and think about other countries' culture,272.0,"281,0,1"
273,273,Actively embrace other cultures.,273.0,"282,0,1"
274,274,You should respect other cultures.,274.0,"283,0,1"
275,275,.,275.0,"284,0,1"
276,276,You should try to know and understand different cultures.,276.0,"285,0,1"
277,277,"I want to understand and know the culture of other countries, but if there is something I don't know, I study.",277.0,"286,0,1"
278,278,We should understand and respect the culture of other countries,278.0,"287,0,1"
279,279,You have to respect other cultures,279.0,"288,0,1"
280,280,I think it is wrong to think that one's actions or words are unconditionally correct.,280.0,"289,0,1"
281,281,"The culture of other countries should always be respected like our culture.""",281.0,"290,0,1"
282,282,"Each country eats different things, so you have to respect the people of other countries",282.0,"291,0,1"
283,283,We should respect the culture of other countries. It's wrong to think that only our culture is right,283.0,"292,0,0"
284,284,We should understand the differences in each other's cultures and respect the cultures of other countries.,284.0,"293,0,1"
285,285,We should respect each other's culture,285.0,"294,0,1"
286,286,You should try to respect and understand the culture of other countries.,286.0,"295,0,1"
287,287,"If you look at the culture of Yuri and the people of other countries, let's not think that they have that culture and don't think it's weird",287.0,"296,0,1"
288,288,This is because each person needs to understand and respect the difference in lifestyle.,288.0,"297,0,1"
289,289,"Since each country has a different environment and everyone has a different culture, we should understand that and respect the culture of all countries.",289.0,"298,0,0299,0,1"
290,290,"Each country has a different culture, so we should respect the culture of the country.",290.0,"300,1,0"
291,291,It is because the culture of other countries is different,291.0,"301,0,1"
292,292,It's just that the culture of other countries and our country is different,292.0,"302,0,1"
293,293,We should respect the culture of other countries.,293.0,"303,0,1"
294,294,It is not wrong to be different.,294.0,"304,0,1"
295,295,"Even if it is different from your own country, you should respect and understand that country.",295.0,"305,0,0"
296,296,"You should have an attitude to understand the culture of other countriesCulture is relative, so it can appear differently from country to country. Our culture is not standard.",296.0,"306,0,0"
297,297,"Culture is relative, and everyone should be respected",297.0,"307,0,1"
298,298,We should respect the culture of other countries.,298.0,"308,1,0"
299,299,We have to respect each country's culture,299.0,"309,0,1"
300,300,Don't know,300.0,"310,0,1"
301,301,From a comparative point of view,301.0,"311,0,1"
302,302,"The man in the picture also has a woman around him, but I don't have one. Kidding. We should understand each other",302.0,"312,0,1"
303,303,..,303.0,"313,0,1"
304,304,You have to respect and understand other cultures,304.0,"314,0,1"
305,305,You guys are even weirder,305.0,"315,0,1"
306,306,Beware of door-to-door loan,306.0,"316,0,1"
307,307,"I think we should not look too critically at the cultures of other countries, but positively accept other cultures.",307.0,"317,0,1"
308,308,You should also understand the culture of other countries.,308.0,"318,0,1"
309,309,You have to understand the culture of other countries,309.0,"319,1,0"
310,310,We should try to respect each other's culture,310.0,"320,0,1"
311,311,I think we should respect culture in other countries.,311.0,"321,0,1"
312,312,"""",312.0,"322,0,1"
313,313,You have to be able to respect the language and culture of other countries,313.0,"323,0,1"
314,314,"""You can't do that. You have to consider the socio-cultural background of the country",314.0,"324,0,1"
315,315,"""",315.0,"325,0,1"
316,316,You will understand if you find out the surroundings of people in other countries.,316.0,"326,0,1"
317,317,It is necessary to understand the religion and natural environment of the society that uses the culture.,317.0,"327,0,1"
318,318,"The culture of other countries was considered as the standard of our culture, and this idea of self-culturalism was wrong. We should respect the culture of other countries and acknowledge the differences.",318.0,"328,0,1329,0,1"
319,319,"""",319.0,"330,0,1"
320,320,There is no absolute standard in culture.,320.0,"331,0,1"
321,321,We should look at other cultures with cultural relativism,321.0,"332,0,1"
322,322,"Culture should be judged in consideration of the environment and context of society, and any cultural factor should know that there is a reason for its existence.",322.0,"333,0,1"
323,323,It should be viewed from the perspective of cultural relativism.,323.0,"334,0,1"
324,324,"He thinks it's weird that you don't use your hands, man. Just accept it",324.0,"335,0,1"
325,325,We must consider the environment of the country,325.0,"336,0,1"
326,326,Acceptance of other cultures to the extent that they do not harm others,326.0,"337,1,0"
327,327,You have to respect and be considerate of the culture of other cultures,327.0,"338,1,0"
328,328,"If you live in a different country from me, the culture can be different, so you have to understand it. It's not wrong, it's different, okay?",328.0,"339,1,0"
329,329,I'm not Confucius enough to criticize others yet. I don't think anyone can say anything wrong with each other.,329.0,"340,0,1"
330,330,It also fosters an attitude of respect for the cultures of other countries.,330.0,"341,0,1"
331,331,It's going to be far.,331.0,"342,0,0"
332,332,a medicine for sale,332.0,"343,1,0"
333,333,"The two people in the picture need a cultural relativistic attitude. It should be advised to understand the culture of other countries in historical, social and other contexts.",333.0,"344,0,1"
334,334,It's going to be far.,334.0,"345,0,0"
335,335,develop a relativistic attitude,335.0,"346,0,1"
336,336,You should understand and respect the cultural background of other countries,336.0,"347,0,1"
337,337,Don't think negatively about the culture of people in other countries and let them know that they are different and not wrong.,337.0,"348,0,1"
338,338,I think it would be better to experience other cultures more and make them understand the cultures of other countries naturally.,338.0,"349,1,0"
339,339,Have a cultural relativistic attitude,339.0,"350,0,1"
340,340,Let's kill two people and watch for world peace,340.0,"351,0,1"
341,341,Have a culture-relativistic attitude.,341.0,"352,0,1"
342,342,Respect other cultures,342.0,"353,0,1"
343,343,It should be viewed from the perspective of cultural relativism.,343.0,"354,0,1"
344,344,Let's find out about cultural relativism in one of the social studies textbooks in Jihak history,344.0,"355,0,1"
345,345,Don't ignore the culture of other countries,345.0,"356,0,1"
346,346,"A country has its own culture and customs, so you should think about it relatively.",346.0,"357,1,0"
347,347,"There may be different cultures, so you have to understand each other",347.0,"358,0,1359,0,1"
348,348,Let's respect other countries' cultures and not ignore them,348.0,"360,0,1"
349,349,I eat it like this,349.0,"361,0,1"
350,350,He admits that the cultures of other countries are different and often changes his attitude that his own culture is the greatest,350.0,"362,0,1"
351,351,"There are bound to be differences between countries, continents, regions, and families because they have different lifestyles and beliefs. You have to understand as boys and girls are different.",351.0,"363,0,1"
352,352,I'd be happy if I saw your handwriting and thought it looked like a worm an impudent fellow,352.0,"364,0,0"
353,353,Keep the interaction going,353.0,"365,0,0"
354,354,I don't know,354.0,"366,0,1"
355,355,Then why do you guys eat with a spoon?,355.0,"367,0,1"
356,356,"Culture is not only seeing and understanding part of it, but also seeing and understanding the whole.",356.0,"368,0,1"
357,357,You should know and try to understand that each country has its own culture.,357.0,"369,0,0"
358,358,Understand and accept the culture of other countries as a whole.,358.0,"370,0,1"
359,359,You should know how to understand other people's culture and characteristics.,359.0,"371,0,1"
360,360,"No matter how different the country and culture are, you should not demean yourself with a hamb.",360.0,"372,0,1"
361,361,"The culture of another society is created by the environmental factors or other social factors that the society faces, and there are suitable factors in all cultural behaviors. Therefore, all cultures that do not ignore human basic rights should be respected.",361.0,"373,0,1"
362,362,"Don't speak in a negative or critical tone, but be positive and have an attitude to understand culture.",362.0,"374,0,1"
363,363,It's different from culture to culture. I understand,363.0,"375,0,1"
364,364,Admit the difference in culture,364.0,"376,0,1"
365,365,You have to have a point of view that understands different cultures,365.0,"377,0,1"
366,366,each culture,366.0,"378,0,1"
367,367,?,367.0,"379,0,1"
368,368,Talk in a manner that respects the culture of other countries.,368.0,"380,0,1"
369,369,Ignore it,369.0,"381,1,0"
370,370,Let's respect multicultural families,370.0,"382,0,1"
371,371,Let's not focus on our culture and think about other countries' culture,371.0,"383,0,1"
372,372,Actively embrace other cultures.,372.0,"384,0,1"
373,373,You should respect other cultures.,373.0,"385,0,1"
374,374,.,374.0,"386,0,1"
375,375,You should try to know and understand different cultures.,375.0,"387,0,1"
376,376,"I want to understand and know the culture of other countries, but if there is something I don't know, I study.",376.0,"388,0,1389,0,0"
377,377,We should understand and respect the culture of other countries,377.0,"390,0,1"
378,378,You have to respect other cultures,378.0,"391,1,0"
379,379,I think it is wrong to think that one's actions or words are unconditionally correct.,379.0,"392,0,1"
380,380,"The culture of other countries should always be respected like our culture.""",380.0,"393,0,1"
381,381,"Each country eats different things, so you have to respect the people of other countries",381.0,"394,0,1"
382,382,We should respect the culture of other countries. It's wrong to think that only our culture is right,382.0,"395,0,1"
383,383,We should understand the differences in each other's cultures and respect the cultures of other countries.,383.0,"396,0,1"
384,384,We should respect each other's culture,384.0,"397,0,1"
385,385,You should try to respect and understand the culture of other countries.,385.0,"398,0,1"
386,386,"If you look at the culture of Yuri and the people of other countries, let's not think that they have that culture and don't think it's weird",386.0,"399,0,1"
387,387,This is because each person needs to understand and respect the difference in lifestyle.,387.0,"400,0,1"
388,388,"Since each country has a different environment and everyone has a different culture, we should understand that and respect the culture of all countries.",388.0,"401,0,1"
389,389,"Each country has a different culture, so we should respect the culture of the country.",389.0,"402,1,0"
390,390,It is because the culture of other countries is different,390.0,"403,0,1"
391,391,It's just that the culture of other countries and our country is different,391.0,"404,0,1"
392,392,We should respect the culture of other countries.,392.0,"405,0,0"
393,393,It is not wrong to be different.,393.0,"406,0,1"
394,394,"Even if it is different from your own country, you should respect and understand that country.",394.0,"407,0,1"
395,395,"You should have an attitude to understand the culture of other countriesCulture is relative, so it can appear differently from country to country. Our culture is not standard.",395.0,"408,0,0"
396,396,"Culture is relative, and everyone should be respected",396.0,"409,0,1"
397,397,We should respect the culture of other countries.,397.0,"410,0,1"
398,398,We have to respect each country's culture,398.0,"411,0,0"
399,399,Don't know,399.0,"412,0,0"
400,400,From a comparative point of view,400.0,"413,0,1"
401,401,"The man in the picture also has a woman around him, but I don't have one. Kidding. We should understand each other",401.0,"414,0,1"
402,402,..,402.0,"415,0,0"
403,403,You have to respect and understand other cultures,403.0,"416,0,1"
404,404,You guys are even weirder,404.0,"417,0,1"
405,405,Beware of door-to-door loan,405.0,"418,0,1419,0,1"
406,406,"I think we should not look too critically at the cultures of other countries, but positively accept other cultures.",406.0,"420,0,1"
407,407,You should also understand the culture of other countries.,407.0,"421,0,1"
408,408,You have to understand the culture of other countries,408.0,"422,0,1"
409,409,We should try to respect each other's culture,409.0,"423,0,1"
410,410,I think we should respect culture in other countries.,410.0,"424,0,1"
411,411,"""",411.0,"425,0,1"
412,412,You have to be able to respect the language and culture of other countries,412.0,"426,0,1"
413,413,"""You can't do that. You have to consider the socio-cultural background of the country",413.0,"427,0,1"
414,414,"""",414.0,"428,0,1"
415,415,You will understand if you find out the surroundings of people in other countries.,415.0,"429,1,0"
416,416,It is necessary to understand the religion and natural environment of the society that uses the culture.,416.0,"430,0,1"
417,417,"The culture of other countries was considered as the standard of our culture, and this idea of self-culturalism was wrong. We should respect the culture of other countries and acknowledge the differences.",417.0,"431,0,0"
418,418,"""",418.0,"432,0,1"
419,419,There is no absolute standard in culture.,419.0,"433,0,1"
420,420,We should look at other cultures with cultural relativism,420.0,"434,0,1"
421,421,"Culture should be judged in consideration of the environment and context of society, and any cultural factor should know that there is a reason for its existence.",421.0,"435,0,1"
422,422,It should be viewed from the perspective of cultural relativism.,422.0,"436,1,0"
423,423,"He thinks it's weird that you don't use your hands, man. Just accept it",423.0,"437,0,1"
424,424,We must consider the environment of the country,424.0,"438,1,0"
425,425,Acceptance of other cultures to the extent that they do not harm others,425.0,"439,0,1"
426,426,You have to respect and be considerate of the culture of other cultures,426.0,"440,0,1"
427,427,"If you live in a different country from me, the culture can be different, so you have to understand it. It's not wrong, it's different, okay?",427.0,"441,0,0"
428,428,I'm not Confucius enough to criticize others yet. I don't think anyone can say anything wrong with each other.,428.0,"442,0,1"
429,429,It also fosters an attitude of respect for the cultures of other countries.,429.0,"443,0,1"
430,430,It's going to be far.,430.0,"444,0,1"
431,431,a medicine for sale,431.0,"445,0,1"
432,432,"The two people in the picture need a cultural relativistic attitude. It should be advised to understand the culture of other countries in historical, social and other contexts.",432.0,"446,0,1"
433,433,It's going to be far.,433.0,"447,0,0"
434,434,develop a relativistic attitude,434.0,"448,0,1449,0,1"
435,435,You should understand and respect the cultural background of other countries,435.0,"450,0,1"
436,436,Don't think negatively about the culture of people in other countries and let them know that they are different and not wrong.,436.0,"451,0,0"
437,437,I think it would be better to experience other cultures more and make them understand the cultures of other countries naturally.,437.0,"452,0,0"
438,438,Have a cultural relativistic attitude,438.0,"453,0,1"
439,439,Let's kill two people and watch for world peace,439.0,"454,0,1"
440,440,Have a culture-relativistic attitude.,440.0,"455,0,1"
441,441,Respect other cultures,441.0,"456,0,1"
442,442,It should be viewed from the perspective of cultural relativism.,442.0,"457,0,1"
443,443,Let's find out about cultural relativism in one of the social studies textbooks in Jihak history,443.0,"458,0,1"
444,444,Don't ignore the culture of other countries,444.0,"459,0,1"
445,445,"A country has its own culture and customs, so you should think about it relatively.",445.0,"460,0,1"
446,446,"There may be different cultures, so you have to understand each other",446.0,"461,0,1"
447,447,Let's respect other countries' cultures and not ignore them,447.0,"462,0,1"
448,448,I eat it like this,448.0,"463,0,1"
449,449,He admits that the cultures of other countries are different and often changes his attitude that his own culture is the greatest,449.0,"464,0,0"
450,450,"There are bound to be differences between countries, continents, regions, and families because they have different lifestyles and beliefs. You have to understand as boys and girls are different.",450.0,"465,0,1"
451,451,I'd be happy if I saw your handwriting and thought it looked like a worm an impudent fellow,451.0,"466,0,1"
452,452,Keep the interaction going,452.0,"467,0,1"
453,453,I don't know,453.0,"468,0,1"
454,454,Then why do you guys eat with a spoon?,454.0,"469,0,1"
455,455,"Culture is not only seeing and understanding part of it, but also seeing and understanding the whole.",455.0,"470,0,1"
456,456,You should know and try to understand that each country has its own culture.,456.0,"471,0,1"
457,457,Understand and accept the culture of other countries as a whole.,457.0,"472,0,1"
458,458,You should know how to understand other people's culture and characteristics.,458.0,"473,0,1"
459,459,"No matter how different the country and culture are, you should not demean yourself with a hamb.",459.0,"474,0,1"
460,460,"The culture of another society is created by the environmental factors or other social factors that the society faces, and there are suitable factors in all cultural behaviors. Therefore, all cultures that do not ignore human basic rights should be respected.",460.0,"475,0,1"
461,461,"Don't speak in a negative or critical tone, but be positive and have an attitude to understand culture.",461.0,"476,0,0"
462,462,It's different from culture to culture. I understand,462.0,"477,0,1"
463,463,Admit the difference in culture,463.0,"478,0,1479,1,0"
464,464,You have to have a point of view that understands different cultures,464.0,"480,0,1"
465,465,each culture,465.0,"481,0,0"
466,466,?,466.0,"482,0,1"
467,467,Talk in a manner that respects the culture of other countries.,467.0,"483,0,0"
468,468,Ignore it,468.0,"484,0,1"
469,469,Let's respect multicultural families,469.0,"485,0,0"
470,470,Let's not focus on our culture and think about other countries' culture,470.0,"486,0,1"
471,471,Actively embrace other cultures.,471.0,"487,0,1"
472,472,You should respect other cultures.,472.0,"488,0,1"
473,473,.,473.0,"489,0,1"
474,474,You should try to know and understand different cultures.,474.0,"490,0,1"
475,475,"I want to understand and know the culture of other countries, but if there is something I don't know, I study.",475.0,"491,0,0"
476,476,We should understand and respect the culture of other countries,476.0,"492,0,1"
477,477,You have to respect other cultures,477.0,"493,0,1"
478,478,I think it is wrong to think that one's actions or words are unconditionally correct.,478.0,"494,0,1"
479,479,"The culture of other countries should always be respected like our culture.""",479.0,"495,0,1"
480,480,"Each country eats different things, so you have to respect the people of other countries",480.0,"496,0,1"
481,481,We should respect the culture of other countries. It's wrong to think that only our culture is right,481.0,"497,0,1"
482,482,We should understand the differences in each other's cultures and respect the cultures of other countries.,482.0,"498,0,1"
483,483,We should respect each other's culture,483.0,"499,0,1"
484,484,You should try to respect and understand the culture of other countries.,484.0,"500,0,1"
485,485,"If you look at the culture of Yuri and the people of other countries, let's not think that they have that culture and don't think it's weird",485.0,"501,1,0"
486,486,This is because each person needs to understand and respect the difference in lifestyle.,486.0,"502,0,1"
487,487,"Since each country has a different environment and everyone has a different culture, we should understand that and respect the culture of all countries.",487.0,"503,0,1"
488,488,"Each country has a different culture, so we should respect the culture of the country.",488.0,"504,0,0"
489,489,It is because the culture of other countries is different,489.0,"505,0,0"
490,490,It's just that the culture of other countries and our country is different,490.0,"506,0,1"
491,491,We should respect the culture of other countries.,491.0,"507,0,1"
492,492,It is not wrong to be different.,492.0,"508,0,0509,0,1"
493,493,"Even if it is different from your own country, you should respect and understand that country.",493.0,"510,1,0"
494,494,You should have an attitude to understand the culture of other countriesI don't know,494.0,"511,0,1"
495,495,I need the ability to understand the culture of other countries.,495.0,"512,0,1"
496,496,It is necessary to understand and respect the culture of other countries.,496.0,"513,0,1"
497,497,You should know how to understand the cultures and traditions of other countries.,497.0,"514,0,1"
498,498,We should respect the cultures of other countries,498.0,"515,0,1"
499,499,Understand the culture of another country by comparing it to its traditions and surroundings.,499.0,"516,0,1"
500,500,5.48486E+15,500.0,"517,0,0"
501,501,"Don't try to belittle other countries' cultures, but try to understand them",501.0,"518,0,1"
502,502,Respect everyone and understand culture,502.0,"519,0,1"
503,503,Recognize differences in culture.,503.0,"520,0,0"
504,504,Respect the culture of other countries,504.0,"521,0,0"
505,505,"You need a cultural relativist attitude. You, who will be strong citizens in the future, should understand other people's culture more.",505.0,"522,1,0"
506,506,"We should recognize and respect the culture of our country, not ignore the culture of our country just because it is different from our culture.",506.0,"523,0,1"
507,507,Let's acknowledge the difference in culture,507.0,"524,0,0"
508,508,Understand the history of other countries and embrace culture.,508.0,"525,0,1"
509,509,Let's look at other cultures from a relativistic perspective,509.0,"526,0,0"
510,510,The culture of your country and the culture of other countries may be the same but different,510.0,"527,0,1"
511,511,Let's look at other cultures from a relativistic perspective,511.0,"528,0,1"
512,512,"Each country can have a different culture, so you have to understand and respect it",512.0,"529,0,1"
513,513,"When we eat rice in Korea, we use chopsticks and spoons, but in India, we eat rice in a different way.",513.0,"530,0,1"
514,514,"Of course, I don't want to give advice because it's a reaction that can happen.",514.0,"531,0,0"
515,515,People's cultural and religious characteristics should be understood.,515.0,"532,0,1"
516,516,You should be able to understand other cultures.,516.0,"533,0,0"
517,517,Why don't you discriminate?,517.0,"534,0,1"
518,518,We need an attitude that can understand and accept other countries' cultures of other countries,518.0,"535,0,1"
519,519,This is because each country has a different culture and language.,519.0,"536,0,1"
520,520,respect for other countries' cultures,520.0,"537,0,1"
521,521,You have to learn to respect other cultures,521.0,"538,0,1539,0,1"
522,522,"In Korea, foreigners may think it is strange. So let's understand the culture of the country.",522.0,"540,0,1"
523,523,We should respect the culture of other countries,523.0,"541,0,0"
524,524,"Just like our culture, there is a culture that suits other countries, so we should respect and understand",524.0,"542,0,1"
525,525,We should respect the culture of other countries as it is,525.0,"543,0,0"
526,526,Because I don't understand the culture and think it's weird,526.0,"544,0,1"
527,527,"It is likely to advise people not to look negatively at other countries' cultures, but to understand and accept their lifestyles.",527.0,"545,0,1"
528,528,You should understand each other's differences and see them without discrimination.,528.0,"546,0,1"
529,529,"""",529.0,"547,0,1"
530,530,"It will not cause international isolation if we accept the culture of other countries well.""",530.0,"548,0,1"
531,531,Let's just not go to another country,531.0,"549,0,1"
532,532,"People have different cultures and different texts. Don't try to ostracize them too much. If you accept them in moderation, we can improve",532.0,"550,0,1"
533,533,We should look at it with an attitude of respect for the culture of other countries.,533.0,"551,0,1"
534,534,It's the same thing that we eat kimchi in other countries,534.0,"552,0,0"
535,535,You should try to respect and understand both your own and other cultures with cultural relativism.,535.0,"553,0,0"
536,536,Don't look down on other people's culture I like that culture in that country,536.0,"554,0,1"
537,537,You should understand and accept other countries' lifestyles and attitudes.,537.0,"555,0,1"
538,538,"You should not discriminate against others because they are different in culture, and you should respect their culture.",538.0,"556,1,0"
539,539,Each should respect the culture of the country.,539.0,"557,0,1"
540,540,"Each country has its own culture, so it should have an attitude of respect.",540.0,"558,0,0"
541,541,Learn the culture of other countries.,541.0,"559,0,1"
542,542,Let's respect the culture of other countries,542.0,"560,0,1"
543,543,"You can't do that, my friend. ^^",543.0,"561,0,1"
544,544,You should try to understand the culture of other countries.,544.0,"562,0,1"
545,545,"Even if it is a culture that Jisin does not know or is not familiar with, it should be accepted with respect.",545.0,"563,0,1"
546,546,I want you to understand and respect that each region or country has its own culture My friend ^^,546.0,"564,0,1"
547,547,Let's understand the differences in culture,547.0,"565,0,1"
548,548,Each country has its own culture. Don't think it's strange that the culture is different from mine.,548.0,"566,0,1"
549,549,"If you put yourself in the shoes of people from other countries, you should understand each other as well.",549.0,"567,0,1"
550,550,"""",550.0,"568,0,1569,0,1"
551,551,You have to understand the difference in culture,551.0,"570,0,1"
552,552,"I will tell my friend that when you are from that country, think about your home country's soup",552.0,"571,0,1"
553,553,We should respect the culture of other countries,553.0,"572,0,1"
554,554,be blind to culture,554.0,"573,0,1"
555,555,Recognize and respect cultural differences,555.0,"574,0,0"
556,556,You should understand and acknowledge the culture of other countries.,556.0,"575,0,1"
557,557,"You have to admit something else, not think it's wrong or bad because it's different from our country.",557.0,"576,0,1"
558,558,"We should respect other cultures, too",558.0,"577,0,1"
559,559,You have to understand and be considerate of cultural differences,559.0,"578,0,1"
560,560,Respect the culture,560.0,"579,0,1"
561,561,You have to understand diversity and admit that you and that person can be different.,561.0,"580,0,1"
562,562,"It is not right to view culture as an object of evaluation. All cultures are different, not wrong",562.0,"581,0,0"
563,563,"Friends, those people you don't understand, will think of you that way.",563.0,"582,0,1"
564,564,"Friends, those people you don't understand, will think of you that way.",564.0,"583,0,1"
565,565,"Rather than looking at other cultures in the realm of their own culture, it is right to observe the culture of the country from the perspective of the person.I should have an attitude of acknowledging it, thinking it's something else rather than wrong and weird that I don't",565.0,"584,0,0"
566,566,"""Don't judge a culture that you haven't experienced yet. From the other person's point of view,",566.0,"585,0,0"
567,567,"Let's think about it and understand and respect their culture.""",567.0,"586,0,1"
568,568,"""The first picture",568.0,"587,0,1"
569,569,"Each country has a different culture, so you can eat rice with your hands.",569.0,"588,0,1"
570,570,The second picture,570.0,"589,0,0"
571,571,"Our characters are Korean, and each country has its own language, such as English, Japanese, and so on. As such, other countries will also have their own letters. It is not right to discriminate against it.""",571.0,"590,0,1"
572,572,"The cultures of different countries are different depending on their history and geographical environment, so they should be respected. Even in the eyes of the other person, Korea's culture is different from its own, so it will be considered strange.",572.0,"591,0,1"
573,573,"You should always think that other cultures are not wrong, not trying to understand the actions of people in other countries, but taking them as natural actions and passing them over.",573.0,"592,0,0"
574,574,"You have to understand and respect the culture of other countries as strange, not wrong, but unique, and different!",574.0,"593,0,1"
575,575,"Culture is different by region and country, and from the other person's point of view, our culture seems strange. Only when these different cultures are recognized and cared for each other can a peaceful global society be achieved. In our view, if it seems strange to eat with our hands, it may be strange for them to eat with chopsticks, but if we judge right from wrong with such a culture, disputes will arise.",575.0,"594,0,1"
576,576,"It is not right to look at other societies' cultures and think in a heterogeneous way. The humanities environment develops according to the natural environment of the region, and the food, clothing, and shelter culture are formed according to the characteristics of the region. It is by no means ethical to be considered wrong just because you are different from me. It is necessary to respect cultures that are different from ours because people from other cultures may think that our culture is different and strange.",576.0,"595,0,1"
577,577,"Advice Guys you may have such doubts about the culture of people in other countries, but don't feel disgusted or speak out about it. For example, are foreigners barbaric people who see our country's Boshintang food culture? You can't help but get angry if you say, ""What's wrong with the shape of that text?"" after looking at our Hangul. Let's understand them with a contrarian attitude",577.0,"596,0,1"
578,578,"Since customs and traditions are different from country to country, eating habits may be different, and the origin of letters may be different, the shape of letters may be different, so you should be informed that you should understand and respect them without ignoring them.",578.0,"597,0,1"
579,579,We should not look at the culture of other countries in a bad light because it is different from our culture.,579.0,"598,0,0599,0,0"
580,580,"Korea and other countries are different locally and historically, so they should have an attitude of understanding.""",580.0,"600,0,1"
581,581,"We should not judge other cultures based on our own culture. This culture is created because local characteristics, social environment, and people's characteristics are all combined to come out in an optimized direction.",581.0,"601,0,1"
582,582,It is necessary to respect and judge culture by itself.,582.0,"602,0,0"
583,583,"It is also necessary to take a stance of supporting the enemy. In the eyes of the other person, our culture may be strange. If you respect the culture first, the other person will respect the culture.""",583.0,"603,0,1"
584,584,"Even if you have a different culture from your own country, you should respect and acknowledge that your country's culture is different. If people ignore and discriminate against each other because they have different cultures, people will not harmonize with each other and only conflict will be created, so a peaceful world will not take place.",584.0,"604,0,1"
585,585,"People from other countries may feel strange and strange when they see our culture, but how would it feel if they ignore and downplay our culture just because it is different from their own? We should all advise that we should live a life that strives to recognize and respect the diversity of other countries' cultures.",585.0,"605,0,0"
586,586,"In our view, the cultures of other countries may look unique and different. However, this is different, not wrong, and when you think about it in a different way, our culture may seem unique to people in other countries, so all cultures deserve respect. However, I think there is something to discuss about culture outside of ethical common sense.",586.0,"606,0,0"
587,587,"I don`t think there`s anything desirable about looking at other cultures. However, it is right to respect the culture of each country. Because the way we live is all different.",587.0,"607,0,0"
588,588,"In other people's eyes, I may think I have a strange culture.",588.0,"608,0,1"
589,589,"Therefore, we cannot discriminate between superiority and inferiority in culture.""",589.0,"609,0,0"
590,590,"The world is made up of many countries. Because each country has a different history and lifestyle, cultures appear differently. Instead of rejecting these cultures and thinking that their culture is right, they should have an attitude to understand and respect the culture of other countries.",590.0,"610,0,1"
591,591,"Our culture is taken for granted to us. Also, we all feel unpleasant when others blame us for our culture. As such, all cultures in the world are created from pride in their own culture, and culture has no reason to be treated badly by someone. Let's live with respect for other cultures.",591.0,"611,0,0"
592,592,"""",592.0,"612,0,1"
593,593,"If there is a difference from other countries while thinking that their culture is absolutely correct, they should not think that they are superior to the culture of other countries and criticize them. There will be so many cultures because there are so many countries in the world. Therefore, I think that respecting and understanding the diversity of many cultures is an essential attitude in today's global era.In general, the phenomenon of being trapped only in this self-culture and not being able to understand and respect the culture of other countries is called cultural historicalism. In order to solve this cultural historicalism, it should be advised to respect and understand the culture of other countries.",593.0,"613,0,1"
594,594,"""Just as we have our own culture, other countries have their own culture.",594.0,"614,0,1"
595,595,The culture has long been established and common in the country,595.0,"615,0,0"
596,596,Just because we feel different culture doesn't mean we're wrong. That's why it's not a culture that's wrong,596.0,"616,0,1"
597,597,It's just that you think it's different from us and you're interested in the culture of that country,597.0,"617,0,0"
598,598,"What do you think?""",598.0,"618,0,1"
599,599,"In the above picture, the two students look at the culture of other countries with an attitude of self-culturalism that they regard as inferior or uncivilized without respecting the culture of other countries. This culture hinders smooth cultural exchanges and has problems due to conflicts with other cultures. Therefore, the two students should look at culture from the perspective of cultural relativism, an attitude to understand and respect one culture. Only then can the culture be objectively understood without prejudice and contribute to preserving cultural diversity.",599.0,"619,0,0"
600,600,"When culture is defined as a collection of behaviors and attitudes shared by group members, different values, attitudes, and behaviors that various groups constituting a society may have are called cultural differences. In modern society, cultural differences are inevitable as exchanges between countries and groups increase due to globalization and the development of information and communication technology. Therefore, we should have the flexibility to understand and respect these cultural differences between groups. When various cultures collide in society, it can be a serious social problem if cultural differences are not recognized and other cultures are suppressed as a dominant governing system. Therefore, it will be necessary to know that all cultures are valuable, to understand and not reject other cultures without prejudice. Also, culture should not be divided into superior and inferior.",600.0,"620,0,0"
601,601,"There are so many countries, so many people, so many languages and so many cultures in the world.And all of those cultures are made up of the experiences of the people of that country and many other things.But if you judge and ignore many of those things by your own standards, it can be an act of ignoring all of the country's history, not just its culture.So it would be better to understand and respect each other's culture.",601.0,"621,0,0"
602,602,"""Although we are used to our own culture, we can feel that our culture is right and that other cultures are wrong and awkward. For example, there are so many different things from our cultures, such as the issue of racism, such as black and white, and the unique customs and customs of the country. However, we should never ignore or belittle Korea because it is different from us, or because it is a backward country.",602.0,"622,0,0"
603,603,"We should understand everything that can be called the country's own culture and try to match each other.""",603.0,"623,0,1"
604,604,"Rather than a self-culture-centered attitude that despises other cultures, a cultural relativistic attitude that can respect other cultures is needed.",604.0,"624,0,1"
605,605,We should respect each other because we have different cultures.,605.0,"625,0,1"
606,606,"It is necessary not to say that the culture of other countries is wrong, but to understand that culture there is",606.0,"626,0,1"
607,607,We should also understand and respect the cultures of other countries.,607.0,"627,0,1"
608,608,We should understand and appreciate the culture of other countries.,608.0,"628,0,0629,0,1"
609,609,Let's be nice.,609.0,"630,0,1"
610,610,You should not evaluate other cultures based on your own culture.,610.0,"631,0,1"
611,611,societies related to different culturesWe should understand the historical situation and look at the culture from the perspective of other countries.,611.0,"632,0,1"
612,612,societies related to different culturesWe should understand the historical situation and look at the culture from the perspective of other countries.,612.0,"633,0,1"
613,613,People in other countries should respect them because they follow their culture,613.0,"634,0,1"
614,614,"""",614.0,"635,0,1"
615,615,It is important to understand the process of forming different cultures.,615.0,"636,0,1"
616,616,I respect you,616.0,"637,0,1"
617,617,"There is no standard for judging culture, and all cultures must be understood and accepted. However, if you accept culture without criticism, you can do something wrong, so you should accept it after criticizing it.",617.0,"638,0,1"
618,618,That's what we look like to the people of the country.,618.0,"639,0,1"
619,619,You should try to understand the culture of other countries without rejecting it.,619.0,"640,0,1"
620,620,Respect the culture of other countries,620.0,"641,0,1"
621,621,You have to respect the culture of other countries.,621.0,"642,0,0"
622,622,We must respect other cultures,622.0,"643,0,1"
623,623,Look again at the history of the country or its background from a holistic perspective.,623.0,"644,0,1"
624,624,"""You have to understand other people in different countries It's not discrimination.",624.0,"645,0,1"
625,625,"""",625.0,"646,0,1"
626,626,"Friends, I don't want you to blame us for our different lifestyles or think we're weird people. Shouldn't they understand that because they have their own culture? And when I saw a letter earlier, it said that the shape was strange, but the letter was also made very difficult, so shouldn't we understand this as well? I hope you don't blame us for being weird because it's different from what we use.",626.0,"647,0,1"
627,627,"You should have an attitude that recognizes, understands, and does not reject the differences between others or other cultures.",627.0,"648,0,1"
628,628,You should know how to accommodate the cultures of different countries.,628.0,"649,0,1"
629,629,It is necessary to learn the culture of other countries by obtaining information through computers.,629.0,"650,0,1"
630,630,The diversity of culture must be recognized.,630.0,"651,0,1"
631,631,You should understand and respect the culture of others.,631.0,"652,0,1"
632,632,Say that to yourself.,632.0,"653,0,1"
633,633,Let's not look at it from a beta perspective,633.0,"654,0,0"
634,634,"Don't put the difference between countries in words, think about it",634.0,"655,0,1"
635,635,cultural understanding of other countries,635.0,"656,0,1"
636,636,Divest prejudice from your mind.,636.0,"657,0,1"
637,637,"Being different doesn't mean you're wrong. Don't think it's weird just because it's different from me, but you need an attitude to understand the culture.",637.0,"658,0,1659,0,1"
638,638,I heard you eat dog meat in your country,638.0,"660,0,0"
639,639,"We should look at it from a different perspective, not from a strange or wrong perspective.",639.0,"661,0,1"
640,640,"We need to respect other things, not wrong",640.0,"662,0,1"
641,641,You need to understand culture and know how to hug.,641.0,"663,0,1"
642,642,"When we look at us from the perspective of people from other countries, we can also look amazing. Let's put ourselves in a different position.",642.0,"664,0,0"
643,643,It should be advised to understand and respect the culture of other countries.,643.0,"665,0,0"
644,644,putting on the other's shoe,644.0,"666,0,0"
645,645,"Even if it is a culture that shows a different appearance from itself, it should be respected and respected.",645.0,"667,0,1"
646,646,"If you want to be respected for your country's culture, respect it first",646.0,"668,0,0"
647,647,You're the same to others,647.0,"669,0,0"
648,648,Let's find out why you eat it with your hands and how it looks like,648.0,"670,0,0"
649,649,"The attitude is very desirable. I am curious about the culture of other countries. It is not known whether the above people ignore or belittle the attitudes of other countries. Therefore, there is no problem and it is desirable. People who think it's cultural discrimination too sensitively are sensitive.",649.0,"671,0,0"
650,650,I accept the difference.,650.0,"672,0,0"
651,651,Respect and consideration are needed.,651.0,"673,0,0"
652,652,"Each country has a different culture, not a different culture or a culture.",652.0,"674,0,0"
653,653,Let's respect the difference,653.0,"675,0,0"
654,654,Let's put ourselves in the shoes of the people of the country,654.0,"676,0,0"
655,655,Foreigners will think so when they see you,655.0,"677,0,0"
656,656,Diversity must be recognized regardless of cultural superiority.,656.0,"678,0,0"
657,657,You have to have a strong stance. People in other countries will think strange when they see me.,657.0,"679,0,0"
658,658,There's nothing better or better than the rest of the country and our country is different,658.0,"680,0,0"
659,659,"Have an inclusive mindset that says, ""That country is like that.""",659.0,"681,0,0"
660,660,"Culture reflects the characteristics of the country, so if you live in different regions, you have to respect and acknowledge different cultures",660.0,"682,0,0"
661,661,Be tolerant of other countries' cultural backgrounds,661.0,"683,0,0"
662,662,"People in other countries will have their own culture like us. You should recognize and accept that it is not a wrong culture, but a different culture.",662.0,"684,0,0"
663,663,It is necessary to understand and respect the values pursued by each country and the culture accordingly.,663.0,"685,0,0"
664,664,We need an attitude with cultural relativity,664.0,"686,0,0"
665,665,"Cultural development has been relatively carried out according to regional and temporal characteristics, so an attitude of understanding and respecting cultures different from their own culture is necessary.",665.0,"687,0,0"
666,666,"As important as Korea's culture, other countries' cultures are also important, and in order for their own culture to be recognized, advice is needed to respect the other's culture.",666.0,"688,0,0689,0,0"
667,667,Let's understand other cultures,667.0,"690,0,0"
668,668,You should have an attitude of understanding other countries' cultures.,668.0,"691,0,0"
669,669,How will our culture be seen by people in other countries?I ask a reverse question.,669.0,"692,0,0"
670,670,"It's another country's culture, so understand it with a different country's mind",670.0,"693,0,0"
671,671,We need to be aware of the culture of other countries without eyeglasses,671.0,"694,0,0"
672,672,You shouldn't say that you're different from us. Let's respect other cultures.,672.0,"695,0,0"
673,673,You should develop an attitude to understand and respect other cultures.,673.0,"696,0,0"
674,674,It is necessary to have an attitude of respecting each other's culture.,674.0,"697,0,0"
675,675,Every country has its own culture. It's not wrong,675.0,"698,0,0"
676,676,The attitude of criticizing other people's culture just because they are different from me is not correct.,676.0,"699,0,0"
677,677,You have to understand because it is a culture of another country.,677.0,"700,0,0"
678,678,We need a cultural relativistic attitude to understand the culture of other countries,678.0,"701,0,0"
679,679,Each country should respect its culture because it occurs according to its environment.,679.0,"702,0,0"
680,680,Other countries' cultures are also recognized.,680.0,"703,0,0"
681,681,I have to think positively about the culture of the country,681.0,"704,0,0"
682,682,"We should not despise and ignore other cultures, but have an attitude of understanding and embracing them.",682.0,"705,0,0"
683,683,"""Each country has its own culture, so we should respect it.",683.0,"706,0,0"
684,684,"Do you want people from other countries to have a prejudice and think weirdly about our country's unique culture?""",684.0,"707,0,0"
685,685,"It is necessary to take the difference between different environments and cultures as natural, not strange.",685.0,"708,0,0"
686,686,"Your culture may also seem strange from the perspective of people from other countries. It's because the way we grew up is different, so I think it's better to respect each other",686.0,"709,0,0"
687,687,You should have an attitude of respect for other cultures.,687.0,"710,0,0"
688,688,Your culture can feel that way to others,688.0,"711,0,0"
689,689,We should develop an attitude that respects the culture of other countries,689.0,"712,0,0"
690,690,Accept the culture of other countries.,690.0,"713,0,0"
691,691,You should respect and understand other cultures.,691.0,"714,0,0"
692,692,"They change their position as if the culture of other countries is their own.In general, the phenomenon of being trapped only in this self-culture and not being able to understand and respect the culture of other countries is called cultural historicalism. In order to solve this cultural historicalism, it should be advised to respect and understand the culture of other countries.",692.0,"715,0,0"
693,693,"""Just as we have our own culture, other countries have their own culture.",693.0,"716,0,0"
694,694,The culture has long been established and common in the country,694.0,"717,0,0"
695,695,Just because we feel different culture doesn't mean we're wrong. That's why it's not a culture that's wrong,695.0,"718,0,0719,0,0"
696,696,It's just that you think it's different from us and you're interested in the culture of that country,696.0,"720,0,0"
697,697,"What do you think?""",697.0,"721,0,0"
698,698,"In the above picture, the two students look at the culture of other countries with an attitude of self-culturalism that they regard as inferior or uncivilized without respecting the culture of other countries. This culture hinders smooth cultural exchanges and has problems due to conflicts with other cultures. Therefore, the two students should look at culture from the perspective of cultural relativism, an attitude to understand and respect one culture. Only then can the culture be objectively understood without prejudice and contribute to preserving cultural diversity.",698.0,"722,0,0"
699,699,"When culture is defined as a collection of behaviors and attitudes shared by group members, different values, attitudes, and behaviors that various groups constituting a society may have are called cultural differences. In modern society, cultural differences are inevitable as exchanges between countries and groups increase due to globalization and the development of information and communication technology. Therefore, we should have the flexibility to understand and respect these cultural differences between groups. When various cultures collide in society, it can be a serious social problem if cultural differences are not recognized and other cultures are suppressed as a dominant governing system. Therefore, it will be necessary to know that all cultures are valuable, to understand and not reject other cultures without prejudice. Also, culture should not be divided into superior and inferior.",699.0,"723,0,0"
700,700,"There are so many countries, so many people, so many languages and so many cultures in the world.And all of those cultures are made up of the experiences of the people of that country and many other things.But if you judge and ignore many of those things by your own standards, it can be an act of ignoring all of the country's history, not just its culture.So it would be better to understand and respect each other's culture.",700.0,"724,0,0"
701,701,"""Although we are used to our own culture, we can feel that our culture is right and that other cultures are wrong and awkward. For example, there are so many different things from our cultures, such as the issue of racism, such as black and white, and the unique customs and customs of the country. However, we should never ignore or belittle Korea because it is different from us, or because it is a backward country.",701.0,"725,0,0"
702,702,"We should understand everything that can be called the country's own culture and try to match each other.""",702.0,"726,0,0"
703,703,"Rather than a self-culture-centered attitude that despises other cultures, a cultural relativistic attitude that can respect other cultures is needed.",703.0,"727,0,0"
704,704,We should respect each other because we have different cultures.,704.0,"728,0,0"
705,705,"It is necessary not to say that the culture of other countries is wrong, but to understand that culture there is",705.0,"729,0,0"
706,706,We should also understand and respect the cultures of other countries.,706.0,"730,0,0"
707,707,We should understand and appreciate the culture of other countries.,707.0,"731,0,0"
708,708,Let's be nice.,708.0,"732,0,0"
709,709,You should not evaluate other cultures based on your own culture.,709.0,"733,0,0"
710,710,societies related to different culturesWe should understand the historical situation and look at the culture from the perspective of other countries.,710.0,"734,0,0"
711,711,societies related to different culturesWe should understand the historical situation and look at the culture from the perspective of other countries.,711.0,"735,0,0"
712,712,People in other countries should respect them because they follow their culture,712.0,"736,0,0"
713,713,"""",713.0,"737,0,0"
714,714,It is important to understand the process of forming different cultures.,714.0,"738,0,0"
715,715,I respect you,715.0,"739,0,0"
716,716,"There is no standard for judging culture, and all cultures must be understood and accepted. However, if you accept culture without criticism, you can do something wrong, so you should accept it after criticizing it.",716.0,"740,0,0"
717,717,That's what we look like to the people of the country.,717.0,"741,0,0"
718,718,You should try to understand the culture of other countries without rejecting it.,718.0,"742,0,0"
719,719,Respect the culture of other countries,719.0,"743,0,0"
720,720,You have to respect the culture of other countries.,720.0,"744,0,0"
721,721,We must respect other cultures,721.0,"745,0,0"
722,722,Look again at the history of the country or its background from a holistic perspective.,722.0,"746,0,0"
723,723,"""You have to understand other people in different countries It's not discrimination.",723.0,"747,0,0"
724,724,"""",724.0,"748,0,0749,0,0"
725,725,"Friends, I don't want you to blame us for our different lifestyles or think we're weird people. Shouldn't they understand that because they have their own culture? And when I saw a letter earlier, it said that the shape was strange, but the letter was also made very difficult, so shouldn't we understand this as well? I hope you don't blame us for being weird because it's different from what we use.",725.0,"750,0,0"
726,726,"You should have an attitude that recognizes, understands, and does not reject the differences between others or other cultures.",726.0,"751,0,0"
727,727,You should know how to accommodate the cultures of different countries.,727.0,"752,0,0"
728,728,It is necessary to learn the culture of other countries by obtaining information through computers.,728.0,"753,0,0"
729,729,The diversity of culture must be recognized.,729.0,"754,0,0"
730,730,You should understand and respect the culture of others.,730.0,"755,0,0"
731,731,Say that to yourself.,731.0,"756,0,0"
732,732,Let's not look at it from a beta perspective,732.0,"757,0,0"
733,733,"Don't put the difference between countries in words, think about it",733.0,"758,0,0"
734,734,cultural understanding of other countries,734.0,"759,0,0"
735,735,Divest prejudice from your mind.,735.0,"760,0,0"
736,736,"Being different doesn't mean you're wrong. Don't think it's weird just because it's different from me, but you need an attitude to understand the culture.",736.0,"761,0,0"
737,737,I heard you eat dog meat in your country,737.0,"762,0,0"
738,738,"We should look at it from a different perspective, not from a strange or wrong perspective.",738.0,"763,0,0"
739,739,"We need to respect other things, not wrong",739.0,"764,0,0"
740,740,You need to understand culture and know how to hug.,740.0,"765,0,0"
741,741,"When we look at us from the perspective of people from other countries, we can also look amazing. Let's put ourselves in a different position.",741.0,"766,0,0"
742,742,It should be advised to understand and respect the culture of other countries.,742.0,"767,0,0"
743,743,putting on the other's shoe,743.0,"768,0,0"
744,744,"Even if it is a culture that shows a different appearance from itself, it should be respected and respected.",744.0,"769,0,0"
745,745,"If you want to be respected for your country's culture, respect it first",745.0,"770,0,0"
746,746,You're the same to others,746.0,"771,0,0"
747,747,Let's find out why you eat it with your hands and how it looks like,747.0,"772,0,0"
748,748,"The attitude is very desirable. I am curious about the culture of other countries. It is not known whether the above people ignore or belittle the attitudes of other countries. Therefore, there is no problem and it is desirable. People who think it's cultural discrimination too sensitively are sensitive.",748.0,"773,0,0"
749,749,I accept the difference.,749.0,"774,0,0"
750,750,Respect and consideration are needed.,750.0,"775,0,0"
751,751,"Each country has a different culture, not a different culture or a culture.",751.0,"776,0,0"
752,752,Let's respect the difference,752.0,"777,0,0"
753,753,Let's put ourselves in the shoes of the people of the country,753.0,"778,0,0779,0,0"
754,754,Foreigners will think so when they see you,754.0,"780,0,0"
755,755,Diversity must be recognized regardless of cultural superiority.,755.0,"781,0,0"
756,756,You have to have a strong stance. People in other countries will think strange when they see me.,756.0,"782,0,0"
757,757,There's nothing better or better than the rest of the country and our country is different,757.0,"783,0,0"
758,758,"Have an inclusive mindset that says, ""That country is like that.""",758.0,"784,0,0"
759,759,"Culture reflects the characteristics of the country, so if you live in different regions, you have to respect and acknowledge different cultures",759.0,"785,0,0"
760,760,Be tolerant of other countries' cultural backgrounds,760.0,"786,0,0"
761,761,"People in other countries will have their own culture like us. You should recognize and accept that it is not a wrong culture, but a different culture.",761.0,"787,0,0"
762,762,It is necessary to understand and respect the values pursued by each country and the culture accordingly.,762.0,"788,0,0"
763,763,We need an attitude with cultural relativity,763.0,"789,0,0"
764,764,"Cultural development has been relatively carried out according to regional and temporal characteristics, so an attitude of understanding and respecting cultures different from their own culture is necessary.",764.0,"790,0,0"
765,765,"As important as Korea's culture, other countries' cultures are also important, and in order for their own culture to be recognized, advice is needed to respect the other's culture.",765.0,"791,0,0"
766,766,Let's understand other cultures,766.0,"792,0,0"
767,767,You should have an attitude of understanding other countries' cultures.,767.0,"793,0,0"
768,768,How will our culture be seen by people in other countries?I ask a reverse question.,768.0,"794,0,0"
769,769,"It's another country's culture, so understand it with a different country's mind",769.0,"795,0,0"
770,770,We need to be aware of the culture of other countries without eyeglasses,770.0,"796,0,0"
771,771,You shouldn't say that you're different from us. Let's respect other cultures.,771.0,"797,0,0"
772,772,You should develop an attitude to understand and respect other cultures.,772.0,"798,0,0"
773,773,It is necessary to have an attitude of respecting each other's culture.,773.0,"799,0,0"
774,774,Every country has its own culture. It's not wrong,774.0,"800,0,0"
775,775,The attitude of criticizing other people's culture just because they are different from me is not correct.,775.0,"801,0,0"
776,776,You have to understand because it is a culture of another country.,776.0,"802,0,0"
777,777,We need a cultural relativistic attitude to understand the culture of other countries,777.0,"803,0,0"
778,778,Each country should respect its culture because it occurs according to its environment.,778.0,"804,0,0"
779,779,Other countries' cultures are also recognized.,779.0,"805,0,0"
780,780,I have to think positively about the culture of the country,780.0,"806,0,0"
781,781,"We should not despise and ignore other cultures, but have an attitude of understanding and embracing them.",781.0,"807,0,0"
782,782,"""Each country has its own culture, so we should respect it.",782.0,"808,0,0809,0,0"
783,783,"Do you want people from other countries to have a prejudice and think weirdly about our country's unique culture?""",783.0,"810,0,0"
784,784,"It is necessary to take the difference between different environments and cultures as natural, not strange.",784.0,"811,0,0"
785,785,"Your culture may also seem strange from the perspective of people from other countries. It's because the way we grew up is different, so I think it's better to respect each other",785.0,"812,0,0"
786,786,You should have an attitude of respect for other cultures.,786.0,"813,0,0"
787,787,Your culture can feel that way to others,787.0,"814,0,0"
788,788,We should develop an attitude that respects the culture of other countries,788.0,"815,0,0"
789,789,Accept the culture of other countries.,789.0,"816,0,0"
790,790,You should respect and understand other cultures.,790.0,"817,0,0"
791,791,"They change their position as if the culture of other countries is their own.You have to understand, embrace, and care about other cultures",791.0,"818,0,0"
792,792,You have to understand the culture,792.0,"819,0,0"
793,793,"There are various cultures all over the world, so you should know how to accommodate them.",793.0,"820,0,0"
794,794,"Each country has its own culture, so we should respect each other's culture",794.0,"821,0,0"
795,795,Different countries have different cultures,795.0,"822,0,0"
796,796,I don't know,796.0,"823,0,0"
797,797,"Don't curse at me for being different, but understand",797.0,"824,0,0"
798,798,"It will be the same as the current situation if people from other countries see it However, it is wrong to act like that with prejudice, so we should understand and respect different cultures",798.0,"825,0,0"
799,799,"Just as Korea eats rice with chopsticks and spoons, other countries should respect rice with their hands and understand and respect their own language.",799.0,"826,0,0"
800,800,A community can be formed only by respecting and understanding the cultures of other countries.,800.0,"827,0,0"
801,801,You should understand the environment of other countries and respect their culture,801.0,"828,0,0"
802,802,We need advice to understand and respect the culture of other countries,802.0,"829,0,0"
803,803,We should respect the culture of other countries.,803.0,"830,0,0"
804,804,"In other countries, we are strange, too.",804.0,"831,0,0"
805,805,Don't look at the culture of other countries with the culture of our country,805.0,"832,0,0"
806,806,You have to understand the culture of other countries.,806.0,"833,0,0"
807,807,They also respect the cultures of other countries.,807.0,"834,0,0"
808,808,"""Every country is culturally different, so we should try to understand it. (And on the fingerprints, male students are only curious about other cultures and are not making disparaging remarks.The student's fingerprints... ""What's that? Why are you eating it with your hands?"" It would be better to say ""dirty"".)""",808.0,"835,,"
809,809,"Each country has a different culture, so you should have an attitude of respect.",809.0,"836,,"
810,810,Understand the culture of other countries,810.0,"837,5.1%,57.6%"
811,811,Recognize the culture of other countries,,
812,812,We need cultural relativism that respects the culture of other countries,,
813,813,Look at people without prejudice,,
814,814,Let's think about it in reverse,,
815,815,Let's understand and respect each other's differences,,
816,816,We have to look at every country's culture in a relativistic way,,
817,817,It's just that we have different cultures They'll find it strange that we use chopsticks,,
818,818,You have to respect and understand the culture of other countries,,
819,819,cultivate a culture-relativistic attitude,,
820,820,We should respect each other's culture.,,
821,821,Respect it,,
822,822,"You must be aware of, understand, and accept differences in other countries' cultures from an ethical perspective.",,
823,823,You have to think about cultural relativism,,
824,824,Don't try to understand. Just think they're like that,,
825,825,Let's understand all cultures,,
826,826,How would you feel if a person from another country looked at you with the same eyes as you just now? Put yourself in a different position,,
827,827,"There are many countries, and each country has a different geography, climate, history, and culture, so the way of eating food and letters can be different",,
828,828,You should accept and respect other cultures.,,
829,829,It is necessary to understand the background of each other's culture and to understand the cause of the culture.,,
830,830,We should teach through education that we should understand and respect the culture of other countries.,,
831,831,You should have an attitude to embrace different cultures.,,
832,832,I don't know,,
833,833,acknowledge and understand the difference in culture,,
834,834,Do you look down on the people of the country?,,
835,835,You have to think that each country has its own culture,,
836,836,Different countries have different cultures,,
837,837,Let's understand the culture of other countries,,
838,838,M and D,,
839,839,Try to understand other people's culture,,
840,840,I accept and accept that I am different,,
841,841,"""Every country has a different culture, so please understand that",,
842,842,"""",,
843,843,"If you don't do anything, you'll get half done",,
844,844,It smells like a damn kimchi,,
845,845,"Because different countries have different cultures, we should not look at them with strange eyes",,
846,846,Don't think of other countries' cultures as strange and respect them,,
847,847,"It's not wrong that the culture of the country is different from ours, it's different and we have to respect and understand it",,
848,848,Don't think it's weird that it's different from us. We should respect the culture of other countries,,
849,849,You're doing great. You're being criticized,,
850,850,You have to respect and understand the culture of other countries,,
851,851,Advice,,
852,852,You have to understand the difference.,,
853,853,I respect you,,
854,854,It provides activity-oriented education for cultural understanding. This is because education with only ppt is not fun and there are not many listeners.,,
855,855,"People who have a different culture from themselves because they live or feel different from me, not people who recognize their own culture, know how to admit it, and don't think only their culture is right.",,
856,856,e,,
857,857,They say we should respect all cultures,,
858,858,We need to create a multicultural family,,
859,859,It should be aware of and accept the appearance of other countries' cultures.,,
860,860,We should abandon the prejudice that only our own culture is right and respect the culture of other countries as well.,,
861,861,It is not strange that we are different.,,
862,862,It's not right to think it's weird just because it's different from our culture. What do you think it would be like if people from different cultures thought our culture was weird?,,
863,863,Skip liberal arts as much as possible.,,
864,864,Evaluation Only. Created with Aspose.Cells for Python via Java.Copyright 2003 - 2022 Aspose Pty Ltd.,,
