,Unnamed: 0,"4. Hyunjin went to the swimming pool with his friends on a hot summer day. When I came out for a while after swimming excitedly with my friends, my body suddenly trembled and felt cold. Why did Hyunjin feel nervous and cold when he came out of the water even though it was a hot summer day? Let's talk about changes in the state of matter.",Unnamed: 0,", q59_evaporation, q59_heat, q59_vaporization, q59_cold"
0,0,I don't know.,0.0,"0,0,0,0,0"
1,1,I don't understand.,1.0,"1,0,0,0,0"
2,2,"As water evaporates, it evaporates through the body temperature, so the body loses heat",2.0,"2,0,1,0,0"
3,3,It's because the temperature suddenly changed,3.0,"3,0,0,0,0"
4,4,The water temperature is lower than the body temperature,4.0,"4,0,0,0,0"
5,5,My body trembles because I've been in the water for a long time,5.0,"5,0,0,0,0"
6,6,I don't know.,6.0,"6,0,0,0,0"
7,7,Kiki.,7.0,"7,0,0,0,0"
8,8,Wind,8.0,"8,0,0,0,0"
9,9,The body feels cold because the temperature of the water is adjusted to the temperature of the water and it is different from the water,9.0,"9,0,0,0,1"
10,10,Because it touches the air.,10.0,"10,0,0,0,0"
11,11,This is because the body's heat escapes as the water evaporates.,11.0,"11,1,0,0,0"
12,12,My body temperature suddenly got cold,12.0,"12,0,1,0,0"
13,13,The body temperature decreases because the water dries and the body temperature escapes.,13.0,"13,0,1,0,0"
14,14,Because your body temperature changes when you come out of the water,14.0,"14,0,0,0,0"
15,15,The water was wrapped around us warmly and it gets cold when it disappears.,15.0,"15,0,0,0,0"
16,16,"When water evaporates, it evaporates with the heat in my body",16.0,"16,1,0,0,0"
17,17,"I stayed in low-temperature water for a long time, so my body temperature got lower",17.0,"17,0,0,0,0"
18,18,"As the water dries, the body heat goes away, too",18.0,"18,0,1,0,0"
19,19,"When I was in the water, I got used to the cold temperature of the water, but when it suddenly came out, the temperature change was high.",19.0,"19,0,0,0,0"
20,20,"When the water comes out of the water, the body trembles and feels cold because the body temperature drops rapidly as the water dries.",20.0,"20,0,0,0,0"
21,21,I don't know,21.0,"21,0,0,0,0"
22,22,This is because the body's moisture vaporizes and releases energy.,22.0,"22,1,0,0,0"
23,23,"As the liquid turns into a gas, the energy absorption plate occurs. Because water absorbs body temperature and turns into gas, it becomes cold when it comes out of water.",23.0,"23,1,0,0,0"
24,24,I feel cold for a while because my body got cold while I was in the water,24.0,"24,0,0,0,1"
25,25,The temperature has changed,25.0,"25,0,0,0,1"
26,26,Adjusted to the temperature of the water,26.0,"26,0,0,0,1"
27,27,"If we come out when our bodies are watery, we can get chills even in summer because the water dries up when we meet the temperature outside.",27.0,"27,1,0,0,0"
28,28,I have water on my skin,28.0,"28,0,0,0,029,0,0,0,0"
29,29,"This is because if you go outside with water on your body, the effect works even in summer as it is cold.",29.0,"30,0,0,0,1"
30,30,I was in the cold water and came out,30.0,"31,0,1,0,0"
31,31,"This is because as the water dries, my body temperature is also taken away.",31.0,"32,0,0,0,1"
32,32,This is because the temperature in water and outside are different.,32.0,"33,1,0,0,0"
33,33,"As the water came out of the water, it became cold because of the wind.",33.0,"34,0,0,0,1"
34,34,The temperature inside the water and outside are different,34.0,"35,0,0,0,1"
35,35,"It was warm in the water, but it was warmer outside than in the water.",35.0,"36,0,0,0,0"
36,36,"If you stay in the water, it warms your body with a sun comb.",36.0,"37,0,0,0,1"
37,37,Your body temperature decreases because you stay in cold water for a long time,37.0,"38,0,1,0,0"
38,38,Water took HYUNJIN's body temperature away,38.0,"39,0,1,0,0"
39,39,This is because the body temperature is taken away as the water evaporates.,39.0,"40,0,1,0,0"
40,40,It's because water evaporates and your body temperature is taken away,40.0,"41,0,1,0,0"
41,41,"""It's because water evaporates and takes away the body's heat!",41.0,"42,0,0,0,0"
42,42,"""",42.0,"43,0,0,0,1"
43,43,"If I stay in the water, I can get used to it. I can't get used to it when it comes out of the water",43.0,"44,0,0,0,1"
44,44,"When you are in water, you feel cold because the temperature of the water changes suddenly when you go outside.",44.0,"45,0,0,0,1"
45,45,It's cold when the temperature changes suddenly because the temperature changes,45.0,"46,1,0,0,0"
46,46,The temperature inside and outside the water is different,46.0,"47,0,0,0,0"
47,47,This is because body temperature drops while drying water.,47.0,"48,0,0,0,0"
48,48,My body adapted to the water,48.0,"49,0,0,0,0"
49,49,Because there is water in the body,49.0,"50,0,0,0,1"
50,50,I have water on my body,50.0,"51,0,0,0,0"
51,51,"This is because the body temperature is high before entering the water, but after entering the cold water, the body temperature decreases",51.0,"52,1,0,0,0"
52,52,This is because even the wind with cold water feels cold.,52.0,"53,0,0,0,0"
53,53,This is because the body temperature drops as the water dries.,53.0,"54,0,0,0,0"
54,54,This is because the water is absorbed as it dries and the body temperature cools.,54.0,"55,0,0,0,0"
55,55,"It is because our body is cool, but when we enter a swimming pool with a lot of human temperature and come up to the ground where there are no people attached, there is a change in body temperature It's got to do with nerves",55.0,"56,0,0,0,0"
56,56,The sea is cold,56.0,"57,0,0,0,0"
57,57,The temperature is adjusted to the water,57.0,"58,0,0,0,059,0,0,0,1"
58,58,I feel cold because I was in the water and suddenly came out,58.0,"60,0,0,0,1"
59,59,The temperature outside is cold because the water gets used to the temperature and the body gets used to it after a long time,59.0,"61,0,0,0,1"
60,60,"My body was adjusted to cold water, but as soon as I came out, there was a temperature difference.",60.0,"62,0,0,0,1"
61,61,The temperature suddenly changed and my body was shocked.,61.0,"63,0,0,0,0"
62,62,This is because the temperature suddenly changed when I got out because I got used to the temperature of the water.,62.0,"64,0,0,0,0"
63,63,"If you stay in water for a long time, the temperature changes suddenly because your body fits that temperature",63.0,"65,1,0,0,0"
64,64,The water that was in your body was released,64.0,"66,1,0,0,0"
65,65,"I adjusted to the temperature in the water, but I couldn't adjust to the temperature outside",65.0,"67,0,1,0,0"
66,66,It's because the water evaporates and escapes with Hyunjin's temperature difference,66.0,"68,1,0,0,0"
67,67,"The water warmed my temperature, but it was cold because the water dried up.",67.0,"69,0,0,0,1"
68,68,"Water has a role in taking away body temperature, and as it came out of the water, water took away body temperature.",68.0,"70,0,0,0,1"
69,69,"This is because when water evaporates, it takes away heat by tile heat.",69.0,"71,1,0,0,0"
70,70,"We live with the temperature of the air before we enter the pool, but when we enter the water, we adapt to the temperature of the net. And when I come out, I think it's cold because I can't adjust to the outside temperature.",70.0,"72,0,0,1,0"
71,71,"When you get out of the water after adjusting to the temperature in the water, the temperature in the body is still suitable for the temperature in the water, and the temperature outside the body is different, so it is colder when the water dries.",71.0,"73,0,0,0,0"
72,72,"This is because as the water dries and evaporates, the body temperature that Hyun-jin had escapes with water.",72.0,"74,0,1,0,0"
73,73,"Drying water means that water evaporates, and when water evaporates, body temperature flies away with water.",73.0,"75,0,0,0,0"
74,74,at a change of temperature,74.0,"76,1,0,0,0"
75,75,Because water absorbs heat from the body,75.0,"77,1,0,0,0"
76,76,I think Hyunjin's body got cold because the water in his body got cold,76.0,"78,1,1,0,0"
77,77,absorption of heat of vaporization,77.0,"79,1,0,0,0"
78,78,The water evaporated and HYUNJIN took out the temperature,78.0,"80,0,0,0,0"
79,79,"As the water vaporizes, it takes heat from the body",79.0,"81,1,0,0,0"
80,80,I think it's cold because the water on the body evaporates due to vaporization and absorbs the heat around it,80.0,"82,1,0,0,0"
81,81,through evaporation,81.0,"83,1,0,0,0"
82,82,This is because the water disappears due to the vaporization phenomenon when it comes out while adjusting to the temperature of the water.,82.0,"84,0,0,0,0"
83,83,Because it vaporizes,83.0,"85,1,0,0,0"
84,84,Because of the vaporization,84.0,"86,1,0,0,0"
85,85,I was in a cold place and suddenly came out and got sunlight on my skin,85.0,"87,1,0,0,0"
86,86,due to vaporization,86.0,"88,0,1,0,089,1,0,0,0"
87,87,"Because water absorbs heat from the body to become water vapor due to vaporization,",87.0,"90,0,1,0,0"
88,88,"As liquid water vaporizes, it takes body temperature and flies away",88.0,"91,1,0,0,0"
89,89,This is because water absorbs heat from the body as it vaporizes and then flies away as gas,89.0,"92,1,0,0,0"
90,90,It vaporizes and takes the heat from your body,90.0,"93,0,0,0,0"
91,91,The water absorbs the heat around it to evaporate,91.0,"94,0,1,0,0"
92,92,Water absorbs heat from the surroundings to vaporize,92.0,"95,0,0,0,0"
93,93,"When liquid water vaporizes, it absorbs the heat around it and feels cold",93.0,"96,0,0,0,1"
94,94,I don't know,94.0,"97,0,0,1,0"
95,95,"In order for water (liquid) to turn into a gas, it has to absorb heat, because the water on the body absorbed the heat in its body temperature",95.0,"98,0,0,0,0"
96,96,The water on the body is absorbed by the air and at the same time it feels cold,96.0,"99,0,0,0,0"
97,97,It's because I couldn't adapt quickly to the sudden temperature change,97.0,"100,0,0,0,0"
98,98,"When you come out of the park while swimming, it gets colder because your body dries in the waterIt's because it's windy to be in the liquid water and then suddenly meet the gas and dry it",98.0,"101,0,0,0,0"
99,99,"My body temperature, which was set in the water, does not match the temperature outside the water.",99.0,"102,0,0,1,0"
100,100,Because the body temperature of the water and the body temperature outside the water change significantly,100.0,"103,1,0,0,0"
101,101,"This is because the temperature in the water is low, but if you suddenly go to a place with a high temperature, your body gets cold",101.0,"104,0,0,0,1"
102,102,This is because matter absorbs or releases heat and energy when conditions change.,102.0,"105,0,0,0,0"
103,103,I felt cold because the water was on my body and dried.,103.0,"106,0,0,0,0"
104,104,"Because the water temperature of the swimming pool and the temperature outside are different, I feel cold outside because I can't adapt when I come out.",104.0,"107,0,0,0,0"
105,105,This is because there is a difference between the temperature of the water and the temperature outside.,105.0,"108,1,0,0,0"
106,106,It is because water on the body permeates the body coldly.,106.0,"109,0,0,0,0"
107,107,This is because the body could not adapt as the temperature suddenly increased.,107.0,"110,1,0,0,0"
108,108,It is cold because the body temperature adjusted to water comes out after being in water and the water changes into gas and evaporates,108.0,"111,0,0,0,0"
109,109,"This is because when you come out with water on your face, your body temperature rises.",109.0,"112,1,0,0,0"
110,110,It gets cold because the water is about to evaporate into the gas.,110.0,"113,0,0,0,1"
111,111,feel cold with one's hands and feet blowing,111.0,"114,0,0,0,0"
112,112,The water evaporates and gets cold,112.0,"115,1,0,0,0"
113,113,The temperature of the water in the pool and the temperature of the air outside are different. It gets cold because it gets watery when you go outside,113.0,"116,1,0,0,0"
114,114,Because the temperature difference is severe,114.0,"117,0,0,0,0"
115,115,This is because water evaporates when it meets warm air.,115.0,"118,0,0,0,0119,0,0,0,0"
116,116,"The body is suddenly cold because the water evaporates into the sky, so the body shakes and is cold.",116.0,"120,0,0,0,0"
117,117,It's because the body temperature drops when you're in the water,117.0,"121,0,0,0,0"
118,118,"When you're in the water, your body temperature drops",118.0,"122,0,0,0,0"
119,119,This is because the body temperature has decreased.,119.0,"123,0,0,0,0"
120,120,"Because the body temperature inside and outside the water is different,",120.0,"124,1,0,0,0"
121,121,Because the body temperature dropped from the water is still low,121.0,"125,0,0,0,0"
122,122,I went into the cold water and came out,122.0,"126,0,1,0,0"
123,123,This is because body temperature is used when the water dries,123.0,"127,0,0,0,0"
124,124,"Because water evaporates into the air as it dries, the temperature decreases as the water that surrounds the body evaporates.",124.0,"128,0,0,0,0"
125,125,"Hyunjin's condition changed from the swimming pool to the air, so such a change occurs.",125.0,"129,0,0,0,0"
126,126,This is because the water cools down and takes away the body's,126.0,"130,0,0,0,0"
127,127,"When you enter the water, heat moves from the human body to the water, and when it comes out of the water,",127.0,"131,0,0,0,1"
128,128,It goes from solvent to solute,128.0,"132,0,0,0,0"
129,129,My body's heat is gone,129.0,"133,1,0,0,0"
130,130,"It's been in the water for a long time, so the temperature goes down",130.0,"134,1,0,0,0"
131,131,It was because I was in a cold zone and suddenly I was exposed to a place where the temperature difference was severe,131.0,"135,1,0,0,0"
132,132,"This is because there is no air in the water, and when the body set to the water temperature came out, it met cold air.",132.0,"136,0,1,0,0"
133,133,"While in the pool, the temperature becomes similar to that of the water, so when you leave the pool, you feel cold when the water in the body evaporates because the temperature outside and the body temperature are different.",133.0,"137,0,0,1,0"
134,134,The water is dry,134.0,"138,0,0,0,0"
135,135,"This is because when we go out of the pool, the water in our bodies evaporates and heat is released.",135.0,"139,0,0,0,0"
136,136,"Water is lower in temperature than a person's body, so the person's body temperature is taken away by water",136.0,"140,0,0,1,0"
137,137,"I need heat to dry the water, but it is cold when the water dries because of the heat in my body.",137.0,"141,0,0,0,0"
138,138,"When the water dries, it gets dry",138.0,"142,0,0,0,0"
139,139,It's because my body is cold,139.0,"143,1,0,0,0"
140,140,"The body heat is needed to dry the water in the body, because the body heat is lost to dry the water.",140.0,"144,0,0,0,0"
141,141,.,141.0,"145,0,0,0,0"
142,142,"Because water evaporates with heat as it dries, it feels cold when it comes out of the water.",142.0,"146,0,0,0,1"
143,143,"When it comes out of water, it dries up and becomes a gaseous upper body in a liquid state. Therefore, you feel cold as the object that was originally attached to the body and heat transferred disappears.",143.0,"147,0,0,0,0"
144,144,"This is because the body was only adapted to water, but suddenly came out of the water and the body did not adapt quickly.",144.0,"148,0,0,0,1149,1,1,0,0"
145,145,This is because the heat in the body moved to water.,145.0,"150,0,0,0,0"
146,146,"Because the temperature of the water is different from the temperature outside,",146.0,"151,0,0,0,0"
147,147,"Since water has a lower temperature than our body, entering the swimming pool, which is lower than our own temperature, will lower the body temperature. Even though it's a hot summer day, I think it's colder when the water dries because it comes out in a cold state again.",147.0,"152,0,0,0,0"
148,148,"Because of the temperature difference,",148.0,"153,0,0,0,0"
149,149,"When the water dries, it takes away your body's temperature",149.0,"154,0,1,0,0"
150,150,I'm already used to the temperature of my body in the pool,150.0,"155,0,0,0,1"
151,151,"When I came outside, the temperature was lower than the temperature in the water",151.0,"156,0,0,0,0"
152,152,The temperature is different,152.0,"157,0,0,0,0"
153,153,Because water absorbs body temperature,153.0,"158,0,1,1,0"
154,154,This is because water (moisture) evaporates into the air and takes away body temperature (heat).,154.0,"159,0,1,0,0"
155,155,The temperature of the water and the temperature outside the water are different,155.0,"160,0,0,0,0"
156,156,Because I came out of the cold water,156.0,"161,0,0,0,0"
157,157,"There's water, but there's a cold wind",157.0,"162,0,0,0,0"
158,158,"""Because of the heat of vaporization, the water evaporates and takes away the heat together",158.0,"163,0,0,0,0"
159,159,"""",159.0,"164,0,0,0,0"
160,160,"As the entropy increases as it vaporizes, the temperature drops because it absorbs energy from our bodies",160.0,"165,1,1,0,0"
161,161,I don't understand.,161.0,"166,1,0,0,0"
162,162,Don't know,162.0,"167,0,1,1,0"
163,163,I don't know.,163.0,"168,0,0,1,0"
164,164,"When you first enter the water, the temperature of the water is lower because when you enter the water, the temperature outside becomes lower",164.0,"169,0,0,0,0"
165,165,HYUNJIN feels weird,165.0,"170,0,0,0,1"
166,166,This is because the water dries up and takes away heat.,166.0,"171,0,0,0,0"
167,167,"When the water dries, it is cold because the water is blown away",167.0,"172,0,0,0,0"
168,168,"The water evaporated and drained the heat around, because the water on Hyunjin's body drained Hyunjin's heat.",168.0,"173,0,0,1,0"
169,169,This is because water absorbs the surrounding temperature in the process of becoming water vapor.,169.0,"174,0,1,0,0"
170,170,"When you go into the water, the temperature in your body decreases, so it's cold even when you go outside",170.0,"175,1,0,0,0"
171,171,The temperature suddenly changed,171.0,"176,0,1,0,0"
172,172,The wind blows while the water dries,172.0,"177,0,0,0,0"
173,173,"""My body has already adjusted to cold water, but when I come out of the water again, the adjusted water cannot adapt to the outside, so my body trembles.",173.0,"178,0,0,1,0179,0,0,1,0"
174,174,"""",174.0,"180,0,0,1,0"
175,175,"This is because when water changes state to water vapor, it absorbs heat from our bodies.",175.0,"181,0,0,0,0"
176,176,It's because the water evaporates and takes away the heat,176.0,"182,0,0,1,0"
177,177,"This is because as water evaporates, it absorbs heat from the body together and evaporates.",177.0,"183,0,0,1,0"
178,178,This is because the water attached to the body evaporates and takes heat from our bodies.,178.0,"184,0,1,0,0"
179,179,"This is because the temperature of water is low, so our body temperature drops, and when we suddenly come out, the temperature gradually increases, and the body temperature changes rapidly.",179.0,"185,0,0,1,0"
180,180,Evaporation is an endothermic reaction,180.0,"186,0,1,1,0"
181,181,"When the water on the body vaporizes, it absorbs the heat around it, so the body temperature is absorbed and the body temperature is lowered, making it cold.",181.0,"187,0,0,1,0"
182,182,This is because water vaporizes and absorbs heat of vaporization.,182.0,"188,1,1,0,0"
183,183,The water evaporates and takes away the heat from the surrounding area,183.0,"189,0,0,1,0"
184,184,Water vaporizes and absorbs heat from vaporization,184.0,"190,0,0,0,0"
185,185,Liquid water turned into a gaseous state and absorbed heat of vaporization in the process. This is because the body temperature has dropped accordingly.,185.0,"191,0,0,0,0"
186,186,"As you come out, the water on your body evaporates, thereby wiping out the heat of evaporation and lowering your body temperature.",186.0,"192,0,0,0,0"
187,187,"Because water needs heat to vaporize, Hyunjin absorbs heat of vaporization as the water on the body evaporates.",187.0,"193,0,0,0,0"
188,188,"When water dries, a liquid becomes a gas, which takes heat away from the surroundings because it is an endothermic reaction. Therefore, the body's heat escapes and feels cold.",188.0,"194,0,1,1,0"
189,189,"When water vaporizes from liquid to gas, it feels cold because it absorbs heat from the surroundings.",189.0,"195,0,0,1,0"
190,190,This is because liquid water on the skin evaporated and took away heat.,190.0,"196,0,0,0,0"
191,191,absorption of heat of vaporization,191.0,"197,0,1,1,0"
192,192,"This is because the skin is covered with water and water evaporates in all skin surface areas. At this time, mukbang is cold because it is an endothermic reaction.",192.0,"198,0,0,1,0"
193,193,due to the heat of vaporization,193.0,"199,0,0,0,0"
194,194,Water evaporates and absorbs heat equivalent to the enthalpy of evaporation,194.0,"200,0,0,0,0"
195,195,"Water phase changes from liquid to gas and absorbs heat from vaporization. Therefore, if you think of Gye as water, Gye takes away heat energy from the surroundings, and Hyunjin feels cold.",195.0,"201,0,0,0,0"
196,196,"The evaporation process of water is an endothermic process. Therefore, when water evaporates, Hyunjin takes away the heat from Hyunjin's body, and Hyunjin feels cold.",196.0,"202,0,0,0,0"
197,197,"The water on the body vaporizes and absorbs heatAs the water evaporates, a change in state occurs, and the surrounding temperature decreases by absorbing heat. Therefore, it feels cold.",197.0,"203,0,0,0,0"
198,198,Body temperature is lowered due to heat absorption,198.0,"204,0,0,0,0"
199,199,"When the phase changes from a liquid to a gas, the heat of vaporization is absorbed",199.0,"205,0,0,0,0"
200,200,I'm not sure about this,200.0,"206,0,0,0,0"
201,201,Your body temperature drops so fast,201.0,"207,0,0,1,0"
202,202,"When it evaporates, the air around it cools, so it's cold",202.0,"208,0,0,0,0209,0,0,0,0"
203,203,Because HYUNJIN is not a manly man yet,203.0,"210,0,0,0,0"
204,204,..,204.0,"211,0,0,0,0"
205,205,I know,205.0,"212,0,0,0,0"
206,206,"It's cold, but it's still cold",206.0,"213,0,0,0,0"
207,207,"As the water dries, the moisture in the body escapes",207.0,"214,1,1,0,0"
208,208,"Water evaporates and takes heat, which seems to be why our bodies are cold",208.0,"215,1,0,1,0"
209,209,Because it is cold in the water.,209.0,"216,0,0,0,0"
210,210,Because the temperature dropped,210.0,"217,0,1,0,0"
211,211,Water changes temperature easily,211.0,"218,0,0,0,0"
212,212,"""I don't know.""",212.0,"219,0,1,0,0"
213,213,"""",213.0,"220,0,0,1,0"
214,214,"The temperature of the water is higher than that of the outdoor air, so it feels cold at the moment.",214.0,"221,0,0,0,0"
215,215,The moisture in your body is gone too,215.0,"222,0,1,0,0"
216,216,This is because water vaporizes and takes away body temperature.,216.0,"223,0,0,0,0"
217,217,"This is because when water evaporates, it absorbs the temperature around it.",217.0,"224,0,0,0,0"
218,218,It feels cold because the moisture-containing warmth is instantly taken away.,218.0,"225,0,0,0,0"
219,219,This is because the water on the body evaporates and takes away our Mong's body temperature.,219.0,"226,0,0,1,0"
220,220,"Because the heat in our body escapes,",220.0,"227,1,0,0,0"
221,221,"This is because when water evaporates, it takes out body temperature.",221.0,"228,0,0,1,0"
222,222,"When the water dries, it absorbs the heat of evaporation. This is the same principle that sweat cools down when it evaporates. This is how we feel cold because water absorbs heat from the skin and vaporizes the water.",222.0,"229,0,0,0,0"
223,223,It's because your body loses heat,223.0,"230,1,0,1,0"
224,224,It's because the water takes away the body heat while the body is wet,224.0,"231,1,1,0,0"
225,225,"As the water evaporated, the heat dissipated into the air",225.0,"232,0,0,0,0"
226,226,I don't know,226.0,"233,0,1,0,0"
227,227,a change in body temperature,227.0,"234,0,0,0,0"
228,228,"When water changes and evaporates, it absorbs the heat of caution, so the body feels cold.",228.0,"235,0,0,0,0"
229,229,This is because the vaporization of the liquid into a gas causes heat to be released.,229.0,"236,0,0,0,0"
230,230,"As the water evaporates, the body's heat disappears",230.0,"237,0,0,0,0"
231,231,"Because the temperature in the water and outside the atmosphere are different, the body needs to maintain the temperature",231.0,"238,0,0,0,0239,0,0,0,0"
232,232,"Energy is needed to evaporate water from the body into water vapor, and the body temperature drops because water evaporates using the heat energy of our body.",232.0,"240,0,1,0,0"
233,233,"As the water evaporates, the body's heat disappears",233.0,"241,0,0,0,0"
234,234,It's cold because of the wind,234.0,"242,0,0,1,0"
235,235,Water evaporates and takes away body temperature,235.0,"243,0,0,0,0"
236,236,"Since the temperature of your body changes according to the temperature in the water in the water, when you come out, the temperature decreases further as the water dries, so you feel cold.",236.0,"244,0,1,0,0"
237,237,Because the water dries up and takes away the heat from your body,237.0,"245,0,0,0,1"
238,238,He took my temperature away,238.0,"246,0,0,0,0"
239,239,HYUNJIN was a sick friend with a rare disease with low body temperature,239.0,"247,1,1,0,0"
240,240,It's because you live in Yotunheim,240.0,"248,0,0,0,0"
241,241,My body temperature went down,241.0,"249,0,0,0,0"
242,242,"It evaporates as the water dries, but the body is cold because it takes away the heat around it while evaporating.",242.0,"250,0,0,0,0"
243,243,I'm weak,243.0,"251,0,0,0,0"
244,244,"Due to the absorption of heat from vaporization,",244.0,"252,0,0,0,0"
245,245,I think it's because the body temperature is low and then suddenly high,245.0,"253,1,1,0,0"
246,246,"Because when water meets hot heat and evaporates, it goes up with the body's",246.0,"254,0,0,0,1"
247,247,Because the temperature inside the water is different from the temperature outside,247.0,"255,0,0,0,0"
248,248,It's hypothermia,248.0,"256,0,0,0,0"
249,249,It's because the heat from the body evaporates,249.0,"257,0,0,0,0"
250,250,Because my body temperature is low in the water and my body is cold.,250.0,"258,1,0,1,0"
251,251,I also feel cold when I go to the swimming pool and go outside,251.0,"259,0,0,0,0"
252,252,Your body temperature goes down with water,252.0,"260,1,0,0,0"
253,253,"When I go to the swimming pool and come outside, I do it too",253.0,"261,1,0,1,0"
254,254,"""When a person's body temperature falls and the temperature outside meets the temperature, he or she becomes cold",254.0,"262,0,1,0,0"
255,255,"""I'm going to wear it""",255.0,"263,0,0,0,0"
256,256,Water takes away body temperature because it has the property of evaporating.,256.0,"264,1,0,0,0"
257,257,This is because it is relatively cold outside the water than inside the water.,257.0,"265,0,0,0,1"
258,258,"The temperature is high because it is hot summer, so it gets cold by taking away the heat of vaporization.",258.0,"266,0,0,0,0"
259,259,"This is because water heats up faster than the ground, making it warmer",259.0,"267,0,0,0,0"
260,260,It is cold because the water in the body evaporates momentarily after coming out of the swimming pool.,260.0,"268,0,0,0,0269,0,0,1,0"
261,261,"When you come out in a wet state, evaporation occurs, and the ambient temperature is lowered due to the absorption of the vaporization heat of the water. In addition, it is a summer with more sunlight, so the evaporation rate is also fast (of course, it can be less affected because of the high humidity), so the temperature drops more easily. Therefore, the body becomes cold due to evaporation of water.",261.0,"270,0,1,0,0"
262,262,?Change in the state of matter?,262.0,"271,0,0,0,0"
263,263,It's cold as the water dries,263.0,"272,0,0,0,0"
264,264,This is because the body's heat is released when water evaporates,264.0,"273,0,0,0,0"
265,265,It's because it takes away your body's temperature,265.0,"274,0,0,0,0"
266,266,The water on HYUNJIN's body vaporizes with the heat and his body temperature,266.0,"275,0,0,0,0"
267,267,Cold as moisture dries,267.0,"276,0,0,0,0"
268,268,Because I was in cold water and suddenly came out into the hot air.,268.0,"277,0,0,0,0"
269,269,All right.,269.0,"278,0,1,0,0"
270,270,The water gets cold by exertion,270.0,"279,1,1,0,0"
271,271,I don't know,271.0,"280,0,1,0,0"
272,272,This is because water vaporizes and absorbs heat.,272.0,"281,0,1,0,0"
273,273,This is because Hyunjin took away the heat from his body as the water evaporated.,273.0,"282,0,1,0,0"
274,274,.,274.0,"283,1,1,0,0"
275,275,"This is because Hyun-jin's body is adapted to the swimming pool water and the temperature drops, but as he goes outside, the lowered body temperature comes into contact with the warm outside air to convey the feeling.",275.0,"284,1,1,1,0"
276,276,The body feels cold because it is adapted to the temperature in the water and is exposed to a very different temperature.,276.0,"285,1,1,0,0"
277,277,I was in the water and came out,277.0,"286,1,0,0,0"
278,278,by the wind,278.0,"287,1,1,0,0"
279,279,The temperature feels cold because it is difficult to adjust to the temperature of the outside because I have adjusted to the temperature of the water.,279.0,"288,0,0,0,0"
280,280,"Because the water is cold and when it comes out, it's wide",280.0,"289,1,1,0,0"
281,281,This is because the heat in my body evaporates and escapes together.,281.0,"290,0,1,0,0"
282,282,"Water (water droplets) dried in the air, so the body was wet, and the body was cold and trembling because the temperature of the body dropped as the water dried by the air.",282.0,"291,1,1,0,0"
283,283,My body's heat is taken away from me,283.0,"292,0,1,0,0"
284,284,This is because the heat in the body is taken away after playing in the water.,284.0,"293,0,0,0,0"
285,285,It's because water on your body takes away the temperature,285.0,"294,1,1,0,0"
286,286,"The water cools and cools when it meets the air, and because of this, when the water in the body dries, the body temperature decreases and the body becomes cold.",286.0,"295,0,1,0,0"
287,287,"When you come out of the water, the water in the body evaporates, depriving the body of vaporization heat and lowering the body's heat.",287.0,"296,0,0,0,0"
288,288,This is because the body's heat escapes as the water evaporates.,288.0,"297,1,0,0,0"
289,289,The body is cold because the water evaporates.,289.0,"298,1,0,0,0299,1,1,0,0"
290,290,Because water evaporates and takes away the body's heat,290.0,"300,0,1,0,0"
291,291,"The water is cool and cold, so when you play in the water, it feels colder when the temperature is adjusted to the water and comes out of the water.",291.0,"301,0,0,0,1"
292,292,This is because water takes away heat when it evaporates.,292.0,"302,0,0,0,0"
293,293,It feels cold because it takes away the heat from your body.,293.0,"303,1,0,0,0"
294,294,The water evaporates and takes away the heat from your body,294.0,"304,1,1,0,0"
295,295,in the heat of the water,295.0,"305,0,0,0,0"
296,296,"This is because the body is swollen with moisture.As the water evaporates, a change in state occurs, and the surrounding temperature decreases by absorbing heat. Therefore, it feels cold.",296.0,"306,0,0,0,0"
297,297,Body temperature is lowered due to heat absorption,297.0,"307,0,0,0,0"
298,298,"When the phase changes from a liquid to a gas, the heat of vaporization is absorbed",298.0,"308,1,0,0,0"
299,299,I'm not sure about this,299.0,"309,0,0,0,0"
300,300,Your body temperature drops so fast,300.0,"310,0,0,0,1"
301,301,"When it evaporates, the air around it cools, so it's cold",301.0,"311,0,0,0,0"
302,302,Because HYUNJIN is not a manly man yet,302.0,"312,1,1,0,0"
303,303,..,303.0,"313,0,0,0,0"
304,304,I know,304.0,"314,0,0,0,0"
305,305,"It's cold, but it's still cold",305.0,"315,0,0,0,0"
306,306,"As the water dries, the moisture in the body escapes",306.0,"316,1,1,0,0"
307,307,"Water evaporates and takes heat, which seems to be why our bodies are cold",307.0,"317,0,0,1,0"
308,308,Because it is cold in the water.,308.0,"318,0,0,1,0"
309,309,Because the temperature dropped,309.0,"319,0,0,0,1"
310,310,Water changes temperature easily,310.0,"320,1,0,0,0"
311,311,"""I don't know.""",311.0,"321,0,0,0,0"
312,312,"""",312.0,"322,0,0,0,0"
313,313,"The temperature of the water is higher than that of the outdoor air, so it feels cold at the moment.",313.0,"323,0,0,0,1"
314,314,The moisture in your body is gone too,314.0,"324,0,0,0,0"
315,315,This is because water vaporizes and takes away body temperature.,315.0,"325,1,0,0,0"
316,316,"This is because when water evaporates, it absorbs the temperature around it.",316.0,"326,0,0,0,0"
317,317,It feels cold because the moisture-containing warmth is instantly taken away.,317.0,"327,1,0,0,1"
318,318,This is because the water on the body evaporates and takes away our Mong's body temperature.,318.0,"328,1,0,0,0329,0,0,0,0"
319,319,"Because the heat in our body escapes,",319.0,"330,1,0,0,0"
320,320,"This is because when water evaporates, it takes out body temperature.",320.0,"331,0,0,0,0"
321,321,"When the water dries, it absorbs the heat of evaporation. This is the same principle that sweat cools down when it evaporates. This is how we feel cold because water absorbs heat from the skin and vaporizes the water.",321.0,"332,1,0,0,0"
322,322,It's because your body loses heat,322.0,"333,1,0,0,0"
323,323,It's because the water takes away the body heat while the body is wet,323.0,"334,0,0,0,0"
324,324,"As the water evaporated, the heat dissipated into the air",324.0,"335,0,0,0,0"
325,325,I don't know,325.0,"336,0,0,0,0"
326,326,a change in body temperature,326.0,"337,0,0,0,0"
327,327,"When water changes and evaporates, it absorbs the heat of caution, so the body feels cold.",327.0,"338,0,0,0,0"
328,328,This is because the vaporization of the liquid into a gas causes heat to be released.,328.0,"339,0,1,0,0"
329,329,"As the water evaporates, the body's heat disappears",329.0,"340,0,0,0,0"
330,330,"Because the temperature in the water and outside the atmosphere are different, the body needs to maintain the temperature",330.0,"341,0,0,0,0"
331,331,"Energy is needed to evaporate water from the body into water vapor, and the body temperature drops because water evaporates using the heat energy of our body.",331.0,"342,0,1,0,0"
332,332,"As the water evaporates, the body's heat disappears",332.0,"343,0,0,0,0"
333,333,It's cold because of the wind,333.0,"344,0,0,0,0"
334,334,Water evaporates and takes away body temperature,334.0,"345,1,0,0,0"
335,335,"Since the temperature of your body changes according to the temperature in the water in the water, when you come out, the temperature decreases further as the water dries, so you feel cold.",335.0,"346,0,1,0,0"
336,336,Because the water dries up and takes away the heat from your body,336.0,"347,1,0,0,0"
337,337,He took my temperature away,337.0,"348,1,1,0,0"
338,338,HYUNJIN was a sick friend with a rare disease with low body temperature,338.0,"349,1,0,0,0"
339,339,It's because you live in Yotunheim,339.0,"350,0,0,0,0"
340,340,My body temperature went down,340.0,"351,0,0,0,0"
341,341,"It evaporates as the water dries, but the body is cold because it takes away the heat around it while evaporating.",341.0,"352,0,0,0,0"
342,342,I'm weak,342.0,"353,1,1,0,0"
343,343,"Due to the absorption of heat from vaporization,",343.0,"354,0,0,1,0"
344,344,I think it's because the body temperature is low and then suddenly high,344.0,"355,0,0,1,0"
345,345,"Because when water meets hot heat and evaporates, it goes up with the body's",345.0,"356,0,0,1,0"
346,346,Because the temperature inside the water is different from the temperature outside,346.0,"357,0,0,0,0"
347,347,It's hypothermia,347.0,"358,0,0,0,0359,1,0,0,0"
348,348,It's because the heat from the body evaporates,348.0,"360,1,0,0,0"
349,349,Because my body temperature is low in the water and my body is cold.,349.0,"361,0,0,1,0"
350,350,I also feel cold when I go to the swimming pool and go outside,350.0,"362,1,1,0,0"
351,351,Your body temperature goes down with water,351.0,"363,0,0,0,0"
352,352,"When I go to the swimming pool and come outside, I do it too",352.0,"364,0,0,0,0"
353,353,"""When a person's body temperature falls and the temperature outside meets the temperature, he or she becomes cold",353.0,"365,0,0,0,0"
354,354,"""I'm going to wear it""",354.0,"366,1,0,0,0"
355,355,Water takes away body temperature because it has the property of evaporating.,355.0,"367,1,0,1,0"
356,356,This is because it is relatively cold outside the water than inside the water.,356.0,"368,0,0,0,0"
357,357,"The temperature is high because it is hot summer, so it gets cold by taking away the heat of vaporization.",357.0,"369,1,1,0,0"
358,358,"This is because water heats up faster than the ground, making it warmer",358.0,"370,0,1,0,0"
359,359,It is cold because the water in the body evaporates momentarily after coming out of the swimming pool.,359.0,"371,1,0,1,0"
360,360,"When you come out in a wet state, evaporation occurs, and the ambient temperature is lowered due to the absorption of the vaporization heat of the water. In addition, it is a summer with more sunlight, so the evaporation rate is also fast (of course, it can be less affected because of the high humidity), so the temperature drops more easily. Therefore, the body becomes cold due to evaporation of water.",360.0,"372,0,0,1,0"
361,361,?Change in the state of matter?,361.0,"373,0,0,0,0"
362,362,It's cold as the water dries,362.0,"374,1,1,0,0"
363,363,This is because the body's heat is released when water evaporates,363.0,"375,1,1,0,0"
364,364,It's because it takes away your body's temperature,364.0,"376,0,1,0,0"
365,365,The water on HYUNJIN's body vaporizes with the heat and his body temperature,365.0,"377,1,0,1,0"
366,366,Cold as moisture dries,366.0,"378,0,0,0,0"
367,367,Because I was in cold water and suddenly came out into the hot air.,367.0,"379,1,1,0,0"
368,368,All right.,368.0,"380,0,0,0,0"
369,369,The water gets cold by exertion,369.0,"381,0,1,0,0"
370,370,I don't know,370.0,"382,1,0,1,0"
371,371,This is because water vaporizes and absorbs heat.,371.0,"383,1,1,0,0"
372,372,This is because Hyunjin took away the heat from his body as the water evaporated.,372.0,"384,0,1,0,0"
373,373,.,373.0,"385,1,0,1,0"
374,374,"This is because Hyun-jin's body is adapted to the swimming pool water and the temperature drops, but as he goes outside, the lowered body temperature comes into contact with the warm outside air to convey the feeling.",374.0,"386,1,0,1,0"
375,375,The body feels cold because it is adapted to the temperature in the water and is exposed to a very different temperature.,375.0,"387,0,0,0,0"
376,376,I was in the water and came out,376.0,"388,1,0,0,0389,1,1,1,0"
377,377,by the wind,377.0,"390,1,0,1,0"
378,378,The temperature feels cold because it is difficult to adjust to the temperature of the outside because I have adjusted to the temperature of the water.,378.0,"391,1,1,1,0"
379,379,"Because the water is cold and when it comes out, it's wide",379.0,"392,0,0,0,0"
380,380,This is because the heat in my body evaporates and escapes together.,380.0,"393,1,0,0,0"
381,381,"Water (water droplets) dried in the air, so the body was wet, and the body was cold and trembling because the temperature of the body dropped as the water dried by the air.",381.0,"394,1,1,0,0"
382,382,My body's heat is taken away from me,382.0,"395,1,0,0,0"
383,383,This is because the heat in the body is taken away after playing in the water.,383.0,"396,0,0,0,0"
384,384,It's because water on your body takes away the temperature,384.0,"397,0,0,0,1"
385,385,"The water cools and cools when it meets the air, and because of this, when the water in the body dries, the body temperature decreases and the body becomes cold.",385.0,"398,1,0,0,0"
386,386,"When you come out of the water, the water in the body evaporates, depriving the body of vaporization heat and lowering the body's heat.",386.0,"399,0,0,0,0"
387,387,This is because the body's heat escapes as the water evaporates.,387.0,"400,0,0,0,0"
388,388,The body is cold because the water evaporates.,388.0,"401,0,0,1,0"
389,389,Because water evaporates and takes away the body's heat,389.0,"402,0,0,0,0"
390,390,"The water is cool and cold, so when you play in the water, it feels colder when the temperature is adjusted to the water and comes out of the water.",390.0,"403,0,0,0,0"
391,391,This is because water takes away heat when it evaporates.,391.0,"404,1,0,0,0"
392,392,It feels cold because it takes away the heat from your body.,392.0,"405,0,0,0,0"
393,393,The water evaporates and takes away the heat from your body,393.0,"406,1,0,0,0"
394,394,in the heat of the water,394.0,"407,0,0,0,0"
395,395,"This is because the body is swollen with moisture.As the water evaporates, a change in state occurs, and the surrounding temperature decreases by absorbing heat. Therefore, it feels cold.",395.0,"408,0,0,0,0"
396,396,Body temperature is lowered due to heat absorption,396.0,"409,0,0,0,0"
397,397,"When the phase changes from a liquid to a gas, the heat of vaporization is absorbed",397.0,"410,0,1,0,0"
398,398,I'm not sure about this,398.0,"411,0,0,0,0"
399,399,Your body temperature drops so fast,399.0,"412,1,0,0,0"
400,400,"When it evaporates, the air around it cools, so it's cold",400.0,"413,1,0,1,0"
401,401,Because HYUNJIN is not a manly man yet,401.0,"414,0,0,0,1"
402,402,..,402.0,"415,1,0,0,0"
403,403,I know,403.0,"416,0,0,0,0"
404,404,"It's cold, but it's still cold",404.0,"417,0,0,0,0"
405,405,"As the water dries, the moisture in the body escapes",405.0,"418,1,0,1,0419,0,0,0,0"
406,406,"Water evaporates and takes heat, which seems to be why our bodies are cold",406.0,"420,0,0,0,0"
407,407,Because it is cold in the water.,407.0,"421,0,0,0,0"
408,408,Because the temperature dropped,408.0,"422,1,1,0,0"
409,409,Water changes temperature easily,409.0,"423,1,0,1,0"
410,410,"""I don't know.""",410.0,"424,0,1,0,0"
411,411,"""",411.0,"425,1,1,0,0"
412,412,"The temperature of the water is higher than that of the outdoor air, so it feels cold at the moment.",412.0,"426,1,0,0,0"
413,413,The moisture in your body is gone too,413.0,"427,1,1,0,0"
414,414,This is because water vaporizes and takes away body temperature.,414.0,"428,1,0,1,0"
415,415,"This is because when water evaporates, it absorbs the temperature around it.",415.0,"429,0,0,0,0"
416,416,It feels cold because the moisture-containing warmth is instantly taken away.,416.0,"430,0,0,0,0"
417,417,This is because the water on the body evaporates and takes away our Mong's body temperature.,417.0,"431,1,0,0,0"
418,418,"Because the heat in our body escapes,",418.0,"432,1,0,1,0"
419,419,"This is because when water evaporates, it takes out body temperature.",419.0,"433,0,0,0,0"
420,420,"When the water dries, it absorbs the heat of evaporation. This is the same principle that sweat cools down when it evaporates. This is how we feel cold because water absorbs heat from the skin and vaporizes the water.",420.0,"434,1,1,0,0"
421,421,It's because your body loses heat,421.0,"435,1,0,0,0"
422,422,It's because the water takes away the body heat while the body is wet,422.0,"436,1,1,1,0"
423,423,"As the water evaporated, the heat dissipated into the air",423.0,"437,1,0,1,0"
424,424,I don't know,424.0,"438,1,0,0,0"
425,425,a change in body temperature,425.0,"439,1,0,1,0"
426,426,"When water changes and evaporates, it absorbs the heat of caution, so the body feels cold.",426.0,"440,1,1,0,0"
427,427,This is because the vaporization of the liquid into a gas causes heat to be released.,427.0,"441,1,0,1,0"
428,428,"As the water evaporates, the body's heat disappears",428.0,"442,0,0,0,0"
429,429,"Because the temperature in the water and outside the atmosphere are different, the body needs to maintain the temperature",429.0,"443,1,0,0,0"
430,430,"Energy is needed to evaporate water from the body into water vapor, and the body temperature drops because water evaporates using the heat energy of our body.",430.0,"444,1,1,0,0"
431,431,"As the water evaporates, the body's heat disappears",431.0,"445,1,1,0,0"
432,432,It's cold because of the wind,432.0,"446,0,0,0,0"
433,433,Water evaporates and takes away body temperature,433.0,"447,0,0,1,0"
434,434,"Since the temperature of your body changes according to the temperature in the water in the water, when you come out, the temperature decreases further as the water dries, so you feel cold.",434.0,"448,0,0,0,0449,1,1,0,0"
435,435,Because the water dries up and takes away the heat from your body,435.0,"450,0,0,1,0"
436,436,He took my temperature away,436.0,"451,0,0,0,0"
437,437,HYUNJIN was a sick friend with a rare disease with low body temperature,437.0,"452,0,0,0,0"
438,438,It's because you live in Yotunheim,438.0,"453,1,1,0,0"
439,439,My body temperature went down,439.0,"454,1,0,0,0"
440,440,"It evaporates as the water dries, but the body is cold because it takes away the heat around it while evaporating.",440.0,"455,0,0,0,0"
441,441,I'm weak,441.0,"456,0,0,1,0"
442,442,"Due to the absorption of heat from vaporization,",442.0,"457,1,1,0,0"
443,443,I think it's because the body temperature is low and then suddenly high,443.0,"458,1,0,1,0"
444,444,"Because when water meets hot heat and evaporates, it goes up with the body's",444.0,"459,1,1,0,0"
445,445,Because the temperature inside the water is different from the temperature outside,445.0,"460,1,0,0,0"
446,446,It's hypothermia,446.0,"461,1,0,1,0"
447,447,It's because the heat from the body evaporates,447.0,"462,1,1,0,0"
448,448,Because my body temperature is low in the water and my body is cold.,448.0,"463,0,0,0,0"
449,449,I also feel cold when I go to the swimming pool and go outside,449.0,"464,1,1,0,0"
450,450,Your body temperature goes down with water,450.0,"465,0,0,1,0"
451,451,"When I go to the swimming pool and come outside, I do it too",451.0,"466,1,1,0,0"
452,452,"""When a person's body temperature falls and the temperature outside meets the temperature, he or she becomes cold",452.0,"467,1,1,0,0"
453,453,"""I'm going to wear it""",453.0,"468,1,0,0,0"
454,454,Water takes away body temperature because it has the property of evaporating.,454.0,"469,1,0,0,0"
455,455,This is because it is relatively cold outside the water than inside the water.,455.0,"470,1,0,0,0"
456,456,"The temperature is high because it is hot summer, so it gets cold by taking away the heat of vaporization.",456.0,"471,0,0,0,0"
457,457,"This is because water heats up faster than the ground, making it warmer",457.0,"472,1,1,0,0"
458,458,It is cold because the water in the body evaporates momentarily after coming out of the swimming pool.,458.0,"473,1,0,0,0"
459,459,"When you come out in a wet state, evaporation occurs, and the ambient temperature is lowered due to the absorption of the vaporization heat of the water. In addition, it is a summer with more sunlight, so the evaporation rate is also fast (of course, it can be less affected because of the high humidity), so the temperature drops more easily. Therefore, the body becomes cold due to evaporation of water.",459.0,"474,0,0,0,0"
460,460,?Change in the state of matter?,460.0,"475,1,0,0,0"
461,461,It's cold as the water dries,461.0,"476,1,0,1,0"
462,462,This is because the body's heat is released when water evaporates,462.0,"477,0,0,0,0"
463,463,It's because it takes away your body's temperature,463.0,"478,0,0,0,0479,0,0,0,0"
464,464,The water on HYUNJIN's body vaporizes with the heat and his body temperature,464.0,"480,0,0,0,0"
465,465,Cold as moisture dries,465.0,"481,0,0,1,0"
466,466,Because I was in cold water and suddenly came out into the hot air.,466.0,"482,0,0,0,1"
467,467,All right.,467.0,"483,0,0,0,0"
468,468,The water gets cold by exertion,468.0,"484,1,1,0,0"
469,469,I don't know,469.0,"485,0,0,0,0"
470,470,This is because water vaporizes and absorbs heat.,470.0,"486,0,1,0,0"
471,471,This is because Hyunjin took away the heat from his body as the water evaporated.,471.0,"487,0,0,0,0"
472,472,.,472.0,"488,0,0,0,1"
473,473,"This is because Hyun-jin's body is adapted to the swimming pool water and the temperature drops, but as he goes outside, the lowered body temperature comes into contact with the warm outside air to convey the feeling.",473.0,"489,0,1,0,0"
474,474,The body feels cold because it is adapted to the temperature in the water and is exposed to a very different temperature.,474.0,"490,0,0,0,1"
475,475,I was in the water and came out,475.0,"491,0,0,0,0"
476,476,by the wind,476.0,"492,1,1,0,0"
477,477,The temperature feels cold because it is difficult to adjust to the temperature of the outside because I have adjusted to the temperature of the water.,477.0,"493,0,0,0,0"
478,478,"Because the water is cold and when it comes out, it's wide",478.0,"494,1,0,0,0"
479,479,This is because the heat in my body evaporates and escapes together.,479.0,"495,0,0,0,1"
480,480,"Water (water droplets) dried in the air, so the body was wet, and the body was cold and trembling because the temperature of the body dropped as the water dried by the air.",480.0,"496,1,1,0,0"
481,481,My body's heat is taken away from me,481.0,"497,1,0,1,0"
482,482,This is because the heat in the body is taken away after playing in the water.,482.0,"498,0,1,0,0"
483,483,It's because water on your body takes away the temperature,483.0,"499,0,0,0,0"
484,484,"The water cools and cools when it meets the air, and because of this, when the water in the body dries, the body temperature decreases and the body becomes cold.",484.0,"500,0,0,0,0"
485,485,"When you come out of the water, the water in the body evaporates, depriving the body of vaporization heat and lowering the body's heat.",485.0,"501,1,0,0,0"
486,486,This is because the body's heat escapes as the water evaporates.,486.0,"502,1,1,0,0"
487,487,The body is cold because the water evaporates.,487.0,"503,0,0,0,0"
488,488,Because water evaporates and takes away the body's heat,488.0,"504,0,0,0,0"
489,489,"The water is cool and cold, so when you play in the water, it feels colder when the temperature is adjusted to the water and comes out of the water.",489.0,"505,0,0,0,0"
490,490,This is because water takes away heat when it evaporates.,490.0,"506,1,0,0,0"
491,491,It feels cold because it takes away the heat from your body.,491.0,"507,0,0,0,0"
492,492,The water evaporates and takes away the heat from your body,492.0,"508,0,0,0,0509,0,0,0,0"
493,493,in the heat of the water,493.0,"510,0,0,0,0"
494,494,This is because the body is swollen with moisture.7.64857E+17,494.0,"511,0,0,0,0"
495,495,It's because the water evaporates and takes away my body temperature,495.0,"512,1,0,0,0"
496,496,The water dries up and the temperature outside is colder than the temperature inside,496.0,"513,0,0,0,0"
497,497,This is because water becomes gas from a liquid.,497.0,"514,0,0,0,0"
498,498,There's a temperature difference between the water and the outside,498.0,"515,0,0,0,0"
499,499,"As Muric dried up, he took Hyunjin's precious body temperature and dried up",499.0,"516,1,1,0,0"
500,500,This is because water absorbs heat of vaporization when it evaporates.,500.0,"517,0,1,0,0"
501,501,I lost my temperature to water,501.0,"518,0,1,0,0"
502,502,This is because the water on the body comes out of the water and cools as it evaporates with the air.,502.0,"519,0,0,0,0"
503,503,This is because moisture in the body evaporates and the temperature is also taken away.,503.0,"520,1,0,1,0"
504,504,The body trembles as the moisture on the body evaporates into the air.,504.0,"521,0,0,0,0"
505,505,This is because moisture in the body evaporates and the temperature is also taken away.,505.0,"522,1,1,0,0"
506,506,be affected by changes in the environment around a substance,506.0,"523,1,0,1,0"
507,507,"The swimming pool was opened in the summer, and the sun shot hot water, so the water was lukewarm, so I felt cold when I came out of the swimming pool.",507.0,"524,0,0,0,0"
508,508,"If you ask Naver intellectual, people will kindly explain it to you.^^",508.0,"525,1,0,1,0"
509,509,You feel cold as the moisture in your body evaporates into the air.,509.0,"526,0,0,0,0"
510,510,I don't understand.,510.0,"527,0,0,0,1"
511,511,It's cold,511.0,"528,1,0,0,0"
512,512,I don't know.,512.0,"529,0,0,0,0"
513,513,It's because I've been in cold water for too long.,513.0,"530,1,0,0,0"
514,514,M and D,514.0,"531,0,0,0,0"
515,515,"This is because when water evaporates, it evaporates with heat.",515.0,"532,1,0,0,0"
516,516,out of body temperature,516.0,"533,0,0,0,0"
517,517,I don't know,517.0,"534,1,0,0,0"
518,518,I don't understand.,518.0,"535,0,1,0,0"
519,519,This is because water droplets attached to the body evaporate into gas and take up heat from the body.,519.0,"536,0,0,0,1"
520,520,The moisture in your body takes heat when the wind blows,520.0,"537,0,0,0,1"
521,521,"This is because when water dries out of the body, the body temperature also escapes.",521.0,"538,0,0,0,0539,0,0,0,1"
522,522,"As the water dries, it takes away the heat from your body",522.0,"540,0,0,0,1"
523,523,This is because the water in the body evaporates and absorbs heat and flies away.,523.0,"541,0,0,0,0"
524,524,I got water on my body,524.0,"542,0,1,0,0"
525,525,"When water dries, water evaporates, but as water evaporates, it takes away heat from our skin and lowers our body temperature",525.0,"543,0,0,0,0"
526,526,The body temperature will be lowered because water evaporates into water vapor and absorbs heat from vaporization,526.0,"544,1,0,0,0"
527,527,The water is just cold,527.0,"545,0,0,0,0"
528,528,"This is because when the water on the skin evaporates and becomes water vapor, it absorbs heat as it evaporates, and the temperature around it temporarily drops.",528.0,"546,1,1,0,0"
529,529,Because my body temperature dropped,529.0,"547,0,0,0,0"
530,530,"As the body temperature comes out of the water, the temperature changes, so it escapes.",530.0,"548,1,1,0,0"
531,531,"This is because when you come out of the swimming pool, the water dries and dries with sweat, so your body temperature is less maintained.",531.0,"549,0,0,0,0"
532,532,Water on your body lowers your body temperature,532.0,"550,0,0,0,0"
533,533,This is because the water dries quickly.,533.0,"551,0,1,0,0"
534,534,This is because the body has a fever.,534.0,"552,0,0,1,0"
535,535,It's because water evaporates,535.0,"553,0,0,1,0"
536,536,I'm sorry I majored in liberal arts,536.0,"554,1,1,0,0"
537,537,"When I come out, the water becomes steam and flies away, so it seems to be getting cold.",537.0,"555,0,1,0,0"
538,538,"When the water dries, when the liquid turns into a gas, it takes away the heat around it and changes, so it feels cold.",538.0,"556,0,0,0,1"
539,539,"When you come out of cold water, the temperature difference gets worse, so it gets cold",539.0,"557,1,1,0,0"
540,540,The temperature inside and outside the water are different,540.0,"558,1,0,1,0"
541,541,"I adjusted to the temperature of the water when I was swimming, but I couldn't because I came out of the water.",541.0,"559,0,1,0,0"
542,542,The temperature of my body in the water and the temperature of my body are different,542.0,"560,0,0,1,0"
543,543,Because the temperature inside the water is different from the temperature outside,543.0,"561,0,0,1,0"
544,544,I don't know,544.0,"562,1,0,0,0"
545,545,The body temperature dropped because the body temperature was taken away by the water because it stayed in the water.,545.0,"563,1,0,0,0"
546,546,fall flat on one's body,546.0,"564,1,1,0,0"
547,547,Because the body temperature drops as the water dries,547.0,"565,1,1,0,0"
548,548,It is cold when you come out because the temperature of your body is lowered because you are in the water.,548.0,"566,1,1,0,0"
549,549,"As the water evaporates, it takes away the heat from our bodies, so we feel cold because the heat is instantly taken away.",549.0,"567,1,1,0,0"
550,550,It's because I've been in the water for too long,550.0,"568,0,0,1,0569,1,1,0,0"
551,551,"When the water dries, it takes away the heat from the object",551.0,"570,1,1,0,0"
552,552,Dehydration. Or the change that occurs when the body is stirred in water and the cold air meet,552.0,"571,1,1,0,0"
553,553,The moisture in my body is gone,553.0,"572,1,1,0,0"
554,554,This is because water has the property of stealing the temperature around it.,554.0,"573,1,1,1,0"
555,555,"During state conversion, vaporization from a liquid to a gas can be called an endothermic reaction, in which water absorbs heat and feels cool in the body.",555.0,"574,1,0,1,0"
556,556,"During state conversion, vaporization from a liquid to a gas can be called an endothermic reaction, in which water absorbs heat and feels cool in the body.",556.0,"575,1,1,0,0"
557,557,"As the water evaporates, it takes moisture out, and heat is also released.So it is cold as the body temperature decreases.",557.0,"576,1,1,1,0"
558,558,This is because the water around the body became gas and took away the heat from the body.,558.0,"577,1,1,0,0"
559,559,"This is because when we go to a hot place after staying in a cold place, the temperature difference is so great that we try to set the temperature in our bodies",559.0,"578,1,0,1,0"
560,560,"The body feels cold because it takes away the heat from the body as it evaporates, which is a phenomenon in which water in the body changes into gas.",560.0,"579,1,1,0,0"
561,561,"The body is cold because water in the body evaporates as it absorbs heat from the surrounding body, that is, vaporization occurs. In conclusion, you feel cold because the heat in your body is absorbed as the water evaporates",561.0,"580,1,0,0,0"
562,562,This is because the body temperature is taken away as the water that was stuck to the body flies away.,562.0,"581,1,0,0,0"
563,563,"First, the temperature is much lower than in summer weather because the water has a large specific heat. When you come out of swimming there, your body temperature drops, and since water absorbs heat in the process of evaporating, it absorbs all the heat from the skin and becomes cold.",563.0,"582,0,0,0,1"
564,564,This is because water absorbs heat from the surroundings as it sublimates.,564.0,"583,1,0,0,0"
565,565,"I feel cold when I come out of the pool after swimming continuously. The reason can be explained by one example. When spraying waterpas or alcohol disinfectants on the body, you can feel very cool in a moment. It is based on the principle of vaporization. Waterpas and alcohol disinfectants vaporize very quickly, lowering the body's temperature. Therefore, when you come out of the water, the temperature of the body decreases as moisture on the surface of the body evaporates.",565.0,"584,0,0,0,0"
566,566,"Just as spraying water on the floor dries and cools the surroundings, the water on the body turns into gas and vaporizes (taking away heat energy), so you feel cold.",566.0,"585,1,1,0,0"
567,567,"When water evaporates, it gets cold because it also takes heat.",567.0,"586,1,0,1,0"
568,568,"When the water dries, it takes away the heat. This is called evaporation heat and is taken away for use when changing states. It's midsummer, but it takes away your body temperature, so your body shakes and feels cold. When the body's water dries up, this phenomenon also disappears.",568.0,"587,1,1,0,0"
569,569,"This is because when you are in water, your body temperature is taken away from the water, and when you come out of the water, the water remaining in the body dries, you need a temperature to dry, and the temperature you need here is taken from your body temperature.",569.0,"588,1,1,0,0"
570,570,"""The water (liquid) in your body evaporates into water vapor",570.0,"589,1,1,0,0"
571,571,Energy must be obtained when evaporating from a liquid to a gas.,571.0,"590,1,1,0,0"
572,572,"That energy is taken away from the surrounding heat, and it's taken away from the body",572.0,"591,1,1,1,0"
573,573,"We feel cold.""",573.0,"592,1,1,0,0"
574,574,"It feels colder because it absorbs the heat around it due to the heat of vaporization. Also, even if you are outside bare body, a thin layer of air is formed around your skin at body temperature, which disappears.",574.0,"593,1,1,0,0"
575,575,"The temperature of the water is low, so it gets cold as the body temperature is taken away. And when the water on the skin evaporates, heat is needed, and the body temperature is taken away.",575.0,"594,0,0,0,0"
576,576,"Water (liquid) in the body evaporates into water vapor (gas), and when it evaporates from liquid to gas, energy must be obtained. The energy takes away the surrounding heat and gets energy, which makes us feel cold because it takes away the heat from our bodies.",576.0,"595,0,0,0,0"
577,577,The body felt cold because the body's moisture evaporates with heat and takes away the body's heat.,577.0,"596,1,0,0,0"
578,578,"As it comes out of the water, the moisture attached to the body dries, which is a process in which a liquid called water becomes a gas. In this process, water requires energy to vaporize, and since heat is used around it, the body loses heat and becomes cold.",578.0,"597,1,0,0,0"
579,579,"The process of vaporizing the process of going from liquid to gas during the change in state of a substance is called liquefaction, and Hyunjin's case is vaporization because the water dries. At this time, in order for the conversion process from liquid to vaporization to become farther away, the changing system absorbs heat and causes an endothermic reaction, but the temperature is lowered because the heat is lost due to the reaction of the system.",579.0,"598,0,0,0,0599,1,0,0,0"
580,580,"""When you come out of the water, you have water on your body, and the water turns into gas over time",580.0,"600,1,1,0,0"
581,581,We usually describe this phenomenon as dry. But the scientific term for this phenomenon is:,581.0,"601,1,1,1,0"
582,582,"It refers to the change of a liquid into a gaseous state due to vaporization. In this process, the liquid is in a gaseous state",582.0,"602,1,1,0,0"
583,583,"It absorbs the heat around it to change, and the water on the body is also used to become a gas",583.0,"603,1,1,0,0"
584,584,"It absorbs heat around the body. Because of that, the temperature around your body decreases, so like the above",584.0,"604,1,0,1,0"
585,585,"The phenomenon is what happens.""",585.0,"605,1,1,1,0"
586,586,"As Hyun-jin comes out of the water from the swimming pool, the water from the swimming pool sticks to the body and comes out together. This water turns into water vapor as it releases heat energy and turns into a gaseous state, which is called vaporization. Hyunjin must have felt cold because the heat energy she had was used for vaporization.",586.0,"606,0,0,0,0"
587,587,"This is because the substance releases or absorbs heat energy when the state changes. This is because when we come out of the pool, the water on our bodies vaporizes and absorbs the heat energy around us, so our bodies lose heat energy. I'm nervous because the water vaporizes and takes away the heat from our bodies.",587.0,"607,1,0,0,0"
588,588,"When you enter the swimming pool and come out, you come out with water all over your body.However, when the water on the body evaporates, it takes away the heat from the body and changes from liquid to gas.So Hyunjin, who lost his body heat, felt cold even though the weather was hot.",588.0,"608,1,0,0,0"
589,589,"As the water that existed in the body vaporizes, it absorbs heat from the body together, so our body lost heat and felt nervous and cold.",589.0,"609,0,0,1,0"
590,590,"This is because liquid moisture on the surface of the body evaporates into gas, resulting in heat of vaporization that takes away the body's heat.",590.0,"610,1,1,0,0"
591,591,Because the water has evaporated.,591.0,"611,1,0,0,0"
592,592,"When the water dries, it feels cold because it evaporates with heat",592.0,"612,1,0,1,0"
593,593,"Of course, it was because of the temperature difference since you were in the water.The body trembles as the water on the body evaporates.",593.0,"613,0,0,0,0"
594,594,"Hah, hah, hah.",594.0,"614,1,1,0,0"
595,595,This is because the water vaporizes and takes away our body temperature.,595.0,"615,1,1,0,0"
596,596,The body feels cold because the water in the body vaporizes and absorbs the heat around it.,596.0,"616,1,1,0,0"
597,597,This is because the water vaporizes and takes away the heat around it.,597.0,"617,1,1,1,0"
598,598,"""As the water flies away, your body temperature also goes away.""",598.0,"618,1,1,0,0"
599,599,"""",599.0,"619,0,1,0,0"
600,600,This is because the water on the body evaporates and takes away heat.,600.0,"620,0,0,1,0"
601,601,The water vaporizes over time and heats up the body,601.0,"621,1,0,1,0"
602,602,"The water on the body vaporizes and absorbs the heat of vaporization, and then it takes away the heat from the body, so you feel cold. When you feel that your body temperature has dropped in your brain, your body muscles tremble and gradually recover your body temperature.",602.0,"622,0,0,1,0"
603,603,Because the water vaporizes and drains the heat from our bodies,603.0,"623,0,0,1,0"
604,604,"The water attached to the body vaporizes over time, and the body heat also flies away.",604.0,"624,0,1,1,0"
605,605,This is because the temperature in the body decreased as the water entered.,605.0,"625,1,0,1,0"
606,606,"It's because when you come out of the water, the water in your body gets cold",606.0,"626,0,0,1,0"
607,607,Because it gets cold as the water dries.,607.0,"627,1,0,0,0"
608,608,"Hyun-jin, who has been in the water for a long time, loses water while the water dries when the temperature of his body drops and his body temperature drops a little more.",608.0,"628,1,0,1,0629,1,0,1,0"
609,609,Hyunjin's whole body is red from fear.,609.0,"630,1,0,1,0"
610,610,"When moisture escapes, the body feels cold because air enters the remaining part, and for this reason, when hot water is sprayed on the body when fever occurs, the moisture escapes and cools the body, so as in some cases, the moisture vaporizes and feels cold.",610.0,"631,1,0,1,0"
611,611,Hyunjin felt cold because his body temperature was absorbed by the heat of vaporization in which the water on his body evaporates.,611.0,"632,1,0,1,0"
612,612,This is because the water dries and absorbs heat to lower body temperature.,612.0,"633,1,0,0,0"
613,613,This is because water evaporates and absorbs heat from vaporization to deprive the body of heat.,613.0,"634,1,1,0,0"
614,614,This is because water vaporizes and absorbs heat.,614.0,"635,0,0,1,0"
615,615,The body feels cold because the water vaporizes into water vapor and an endothermic reaction occurs.,615.0,"636,1,0,1,0"
616,616,"Since the water on the body vaporizes into water vapor and absorbs the heat of vaporization, the body feels cold by absorbing the heat of the body.",616.0,"637,1,0,1,0"
617,617,Take the heat away,617.0,"638,1,0,1,0"
618,618,It feels cold because water vaporizes and flies away with heat from the wet body.,618.0,"639,1,0,1,0"
619,619,"As the water evaporates, the temperature drops",619.0,"640,1,1,0,0"
620,620,absorption of heat of vaporization,620.0,"641,1,1,0,0"
621,621,Water on the body evaporates and takes away body temperature. So I feel cold.,621.0,"642,1,1,0,0"
622,622,This is because the water on the body evaporated. It gives off heat when vaporization takes place.,622.0,"643,1,1,0,0"
623,623,"This is because water evaporated in the body, absorbing heat, and vaporizing it.",623.0,"644,0,0,0,0"
624,624,a sharp drop in body temperature due to water,624.0,"645,1,1,0,0"
625,625,The body temperature was lowered because the water evaporated and took away the body temperature.,625.0,"646,0,0,0,0"
626,626,"Water in the body evaporates, and energy is needed to jump from liquid to gas But I feel cold because the heat around me takes away that energy.",626.0,"647,1,1,0,0"
627,627,This is because water evaporates as it comes out of the water and takes away heat from the body.,627.0,"648,0,0,0,0"
628,628,It vaporizes from water to water vapor and absorbs heat of vaporization. Heat escapes from the body.,628.0,"649,1,1,0,0"
629,629,"As the liquid water attached to the body evaporated, it absorbed the heat around it and took away the heat from the body, making it feel cold.",629.0,"650,1,0,0,0"
630,630,"This is because when moisture evaporates, it takes away heat from the surface of the skin.",630.0,"651,1,0,0,0"
631,631,"When water turns into water vapor, it absorbs heat",631.0,"652,1,1,0,0"
632,632,This is because water absorbs heat of vaporization as it evaporates into water vapor.,632.0,"653,0,0,0,0"
633,633,absorption of heat of vaporization,633.0,"654,1,1,0,0"
634,634,"Water vaporizes by phase change, but vaporization is an endothermic reaction, so the body feels cold.",634.0,"655,0,0,0,0"
635,635,"This is because water in the body absorbs heat of vaporization as it becomes gas in a liquid state, taking away the heat around it and lowering the temperature of the body.",635.0,"656,1,1,0,0"
636,636,"As Hyunjin's water evaporates, the temperature of the surrounding area, that is, Hyunjin's body, decreases because it absorbs vaporized heat from the surrounding area.",636.0,"657,1,1,0,0"
637,637,Absorbs vaporizing energy when the state changes from liquid to gas,637.0,"658,1,1,0,0659,1,0,0,0"
638,638,Water vaporizes and takes in heat.,638.0,"660,0,0,0,0"
639,639,"Water changes state from liquid to gas, which is an endothermic process that absorbs ambient heat. Therefore, Hyunjin's body temperature is lowered.",639.0,"661,1,0,0,0"
640,640,Body temperature drops due to heat absorption as sweat vaporizes,640.0,"662,1,1,0,0"
641,641,This is because water evaporates and absorbs heat from the body.,641.0,"663,1,1,0,0"
642,642,"The water on the body vaporizes into water vapor due to the hot weather, and since an endothermic reaction takes away the body's heat during vaporization, the body temperature decreases and feels cold.",642.0,"664,1,1,0,0"
643,643,Absorbs heat of vaporization when vaporized from water to water vapor,643.0,"665,1,0,0,0"
644,644,"As the water dried up, the heat from the body was released together.(Emission of Evaporative Heat)",644.0,"666,1,0,1,0"
645,645,Water evaporates and takes away heat from the body.,645.0,"667,1,0,0,0"
646,646,"When water evaporates, the enthalpy of the internal material increases due to a change in state. That is, since heat is absorbed from the surroundings, the surrounding temperature is lowered.",646.0,"668,1,0,0,0"
647,647,"As the water dries, the body feels trembling and cold because it is used to dry the body temperature by vaporization heat.",647.0,"669,1,1,0,0"
648,648,"When water vaporizes, it absorbs heat, so the body shakes and feels cold.",648.0,"670,1,0,0,0"
649,649,This is because the water in the body evaporates and takes the heat around the body,649.0,"671,1,1,0,0"
650,650,"Dry water on the body means that water evaporates, and when vaporized into a substance, the body feels cold because it absorbs heat from the surrounding area.",650.0,"672,1,1,0,0"
651,651,The water evaporated and drained the heat.,651.0,"673,0,0,0,1"
652,652,"As the water dried up, it took away the heat from the surroundings.",652.0,"674,1,1,0,0"
653,653,This is because the water attached to the body evaporated and the body temperature dropped.,653.0,"675,1,0,1,0"
654,654,"As the water dries, I carry the heat from my body",654.0,"676,1,1,0,0"
655,655,Because the water was cold.,655.0,"677,1,0,1,0"
656,656,This is because the water takes away my body temperature as it dries.,656.0,"678,1,0,1,0"
657,657,This is because the water gets cold as it meets the air.,657.0,"679,0,0,0,0"
658,658,This is because the water takes away the body's heat as it evaporates.,658.0,"680,1,1,0,0"
659,659,Don't know,659.0,"681,1,0,1,0"
660,660,"The body temperature goes down because the water in the body changes into a gas and evaporates, and at the same time, it takes away the body's heat.",660.0,"682,1,1,0,0"
661,661,Because the water dries and it's cold?,661.0,"683,0,1,0,0"
662,662,"Because the water dries up and releases heat,",662.0,"684,1,1,0,0"
663,663,The liquid on the body evaporated and the heat was taken away.,663.0,"685,1,1,0,0"
664,664,I'm already used to the water,664.0,"686,1,0,0,0"
665,665,"When the water dries, it evaporates like the heat in the body",665.0,"687,1,1,0,0"
666,666,The water is drained and the temperature is lowered.,666.0,"688,1,0,0,0689,1,0,1,0"
667,667,"This is because the water on the surface of the body receives solar heat from outside the water and evaporates, taking away the body's temperature.",667.0,"690,1,0,1,0"
668,668,This is because water in the body evaporates and takes heat from the body together.,668.0,"691,1,1,0,0"
669,669,"This is because the water on Hyun-jin's body vaporizes to form water vapor, removing heat from the body.",669.0,"692,1,0,1,0"
670,670,The body temperature evaporates into water and becomes cold.,670.0,"693,1,1,0,0"
671,671,sublimation fever,671.0,"694,0,0,0,0"
672,672,"As the water dries, it evaporates and flies away with heat",672.0,"695,1,1,1,0"
673,673,"As the water disappears, I take my body temperature",673.0,"696,1,0,1,0"
674,674,This is because water turns into gas and takes away the temperature.,674.0,"697,1,1,1,0"
675,675,This is because water in the body evaporates and takes away heat.,675.0,"698,1,1,0,0"
676,676,The temperature of the body dropped significantly because water evaporated in a frame where water was equal to its own temperature,676.0,"699,1,1,0,0"
677,677,Because the water on your body evaporates and absorbs the heat around you,677.0,"700,0,1,0,0"
678,678,The water is dry,678.0,"701,1,0,0,0"
679,679,This is because the condition of the water on the body has changed.,679.0,"702,1,0,0,0"
680,680,The water in the body vaporizes and takes away the heat from the body.,680.0,"703,0,0,0,0"
681,681,I think the water in his body turned into gas and lowered the temperature around him,681.0,"704,1,1,0,0"
682,682,"As the water dried up, the liquid water evaporated and turned into gas, and the temperature of our bodies flew away.",682.0,"705,0,0,0,0"
683,683,This is because the water in the body vaporized as it came out and took away the heat in the body.,683.0,"706,0,0,0,0"
684,684,a difference in temperature difference,684.0,"707,1,1,0,0"
685,685,The temperature dropped because the water vaporized.,685.0,"708,1,1,0,0"
686,686,This is because water absorbs heat of vaporization as it evaporates.,686.0,"709,1,1,0,0"
687,687,This is because the water on the body evaporates and takes away the body's temperature.,687.0,"710,1,1,0,0"
688,688,"As water turns into gas, the heat of vaporization absorbs the heat around it and the ambient temperature decreases, so it feels cold.",688.0,"711,1,0,0,0"
689,689,This is because the heat in Hyunjin's body was used as vaporization heat as the liquid water on the surface of Hyunjin's body evaporated (changed into gas).,689.0,"712,0,0,0,0"
690,690,"This is because as water increases, heat energy changes to potential energy and takes away heat from the body.",690.0,"713,1,0,0,0"
691,691,"In order for water to dry, the water in the body needs to evaporate, but when evaporating, the heat in the body is attracted and dried together, so the positional energy when evaporating requires heat energy.",691.0,"714,1,0,0,0"
692,692,"As the water molecules on the surface of Hyunjin's skin came out of the water and vaporized by absorbing the heat from Hyunjin's body and air, his body was cold and trembling when Hyunjin came out of the water.When the temperature is formed, the water turns into water vapor and evaporates, and the reason why the water is shaking and cold is because the water takes away heat from the body to evaporate into water vapor is that the body loses heat.",692.0,"715,0,1,0,0"
693,693,"This is because when the water attached to the body came out, it vaporized and took away the heat from Hyunjin's body.",693.0,"716,0,0,0,1"
694,694,"Our body temperature drops because the water evaporates and takes away the heat from my body. Therefore, the body trembles and feels cold.",694.0,"717,0,0,0,1"
695,695,"This is because when the water from swimming comes out of the swimming pool, it evaporates and absorbs heat from the body.",695.0,"718,1,1,0,0719,1,0,1,0"
696,696,"When water droplets on the surface of the body evaporate into the air, they fly away absorbing the body's thermal energy, so the overall temperature of the body decreases and feels cold.",696.0,"720,1,1,0,0"
697,697,"As you come out while swimming, the water gets into contact with the air, and the water has the property of evaporating. At this time, the body must have felt trembling and cold because the water evaporated and took our body temperature together.",697.0,"721,1,0,0,0"
698,698,"As the water dries, it draws heat from our bodies and uses it to evaporate, so our bodies feel cold.",698.0,"722,1,0,0,0"
699,699,"Water droplets in the body evaporate and turn into gases, and when a liquid changes into a gas, the molecular state becomes more active, resulting in an endothermic reaction that absorbs surrounding heat. Therefore, Hyunjin feels cold because the water droplets absorb the heat around Hyunjin.",699.0,"723,1,1,0,0"
700,700,"When Hyunjin comes out while swimming, the moisture in Hyunjin's body dries up and becomes gas. At this time, when water is converted into gas, it absorbs energy, so it feels cold because the temperature is lowered.",700.0,"724,0,0,0,0"
701,701,"As the water on the surface of the body evaporates, it takes away the heat from our body, so it feels cold when the water dries",701.0,"725,0,0,0,1"
702,702,"This is because when it comes out of the water, the water on the body vaporizes and absorbs heat from vaporization from the body.",702.0,"726,1,1,0,0"
703,703,"When the water on the body comes out of the liquid state, it changes into a gaseous state, which is water vapor. At this time, energy is needed in the process of changing from a liquid to a gas, and it is cold when the water dries because the body's heat is taken away.",703.0,"727,0,0,0,1"
704,704,"Matter absorbs or releases heat when conditions change. So my body temperature will be lower than before because I release heat. So you can't adapt well, and you've lost your temperature, so you'll feel nervous and cold.",704.0,"728,0,0,0,0"
705,705,"First of all, in order to understand this phenomenon, you must be well aware of the change in the state of water. It is said that water vaporizes when it becomes gas in a liquid, and vaporization is an endothermic reaction. Heat is absorbed when vaporization occurs. Therefore, water vaporizes by taking Hyunjin's body temperature. Hyunjin felt cold because he was deprived of heat.",705.0,"729,1,1,0,0"
706,706,This is because water absorbs heat when vaporized into a liquid.,706.0,"730,0,0,0,0"
707,707,"The reason why the temperature of the body decreases in the process of vaporizing water on the body (evaporation) is that heat absorption occurs during this process. In order for liquid water to turn into vapor, which is a gas, a high temperature is required, so when the temperature of the body is taken away and vaporized, the body loses heat energy and feels cold.",707.0,"731,0,0,0,1"
708,708,It's because the water dries up and takes away the warmth of your body,708.0,"732,0,0,0,1"
709,709,It's because water evaporates and takes away heat,709.0,"733,1,0,0,0"
710,710,The water took away the temperature,710.0,"734,1,0,1,0"
711,711,Water boiled off.,711.0,"735,1,0,1,0"
712,712,Liquid water needs heat to vaporize into water vapor because it uses heat in the body.,712.0,"736,0,0,0,0"
713,713,Science,713.0,"737,1,1,0,0"
714,714,This is because water evaporates and takes the body temperature together.,714.0,"738,1,1,0,0"
715,715,This is because the temperature of the body suddenly increased.,715.0,"739,0,0,0,0"
716,716,I don't know.,716.0,"740,0,0,0,1"
717,717,This is because the body temperature has decreased as the water dries.,717.0,"741,0,0,0,0"
718,718,Body temperature drops as water evaporates,718.0,"742,1,0,0,0"
719,719,The water evaporates and takes away your body temperature,719.0,"743,1,0,0,0"
720,720,"Because when water vaporizes, it takes away the heat around it",720.0,"744,1,0,0,0"
721,721,My body gets cold as the water dries,721.0,"745,1,0,0,0"
722,722,I know...,722.0,"746,0,0,0,0"
723,723,It is cold because it also takes the body temperature when water evaporates.,723.0,"747,1,1,0,0"
724,724,It is cold when the water evaporates,724.0,"748,1,0,0,0749,0,0,0,0"
725,725,It's because my body temperature went down,725.0,"750,0,0,0,1"
726,726,"Originally, it was in cool water, but the temperature suddenly changed, so the body could not withstand the sudden temperature change and felt cold.",726.0,"751,1,0,0,0"
727,727,due to a sudden change in miscibility,727.0,"752,0,0,0,0"
728,728,"As the cold water on the body dries up, it takes out the warmth from the body, which causes the body temperature to drop. So I feel cold.",728.0,"753,1,0,0,0"
729,729,It's because the water turns into water vapor and absorbs heat,729.0,"754,0,0,0,0"
730,730,The water evaporated because it took HYUNJIN's heat,730.0,"755,0,1,0,0"
731,731,This is because the body temperature dropped as the water dried up.,731.0,"756,0,0,0,0"
732,732,"The water droplets on your skin evaporate,",732.0,"757,1,1,0,0"
733,733,It's because the water on the surface of my body cools down and takes away the heat from my body,733.0,"758,1,1,0,0"
734,734,This is because the water on the body dispersed the heat in our bodies.,734.0,"759,1,1,0,0"
735,735,"Because the temperature inside the water is low, the body can't adjust when it suddenly comes to a high temperature",735.0,"760,1,0,0,0"
736,736,This is because the temperature of the water attached to the body changed into gas.,736.0,"761,1,0,0,0"
737,737,Because of the difference in temperature between water and water,737.0,"762,1,1,0,0"
738,738,"Water boils slowly because of its low specific heat, so the temperature of the water is low during the day.",738.0,"763,0,0,0,0"
739,739,"When the water dries, it evaporates (sublimates) and takes away heat and becomes gas in liquid.",739.0,"764,0,0,0,0"
740,740,It's because the body wet with air and water met,740.0,"765,1,1,0,0"
741,741,Because of the sharp temperature difference.,741.0,"766,0,0,0,0"
742,742,"I was in a cold place and my body got used to the cold, but suddenly I came out to a hot place and my body couldn't",742.0,"767,1,0,0,0"
743,743,"As the water remains in the body and dries, the water in the body drops the temperature in the body, and even if the hot temperature is outside, the lingering feeling of the water remains.",743.0,"768,0,0,0,0"
744,744,"This is because when water evaporates, it absorbs the heat around it and evaporates into that heat.",744.0,"769,1,1,0,0"
745,745,It is because the water changed state and changed into gas and absorbed heat,745.0,"770,0,0,0,0"
746,746,The reason is that Hyunjin's temperature has been reduced to swimming pool water,746.0,"771,0,0,0,1"
747,747,"When in water, it is stable because it is similar to the temperature of water, but when you go outside, the water vaporizes and takes away heat from your body, so hypothermia occurs.",747.0,"772,0,0,0,0"
748,748,This is because water evaporated and flew from liquid to gas into the air to take away heat from the body.,748.0,"773,1,1,0,0"
749,749,The water is going to take its temperature,749.0,"774,0,0,0,1"
750,750,"The temperature of the water and the temperature outside are different, and when the wind blows from outside, the body temperature suddenly drops.",750.0,"775,0,0,0,1"
751,751,This is because water and moisture on the body disperse heat in the body and lower body temperature,751.0,"776,0,0,0,0"
752,752,The water dries up and the body temperature goes down.,752.0,"777,1,0,0,0"
753,753,Isn't it common sense that the water is cold when it dries?,753.0,"778,1,0,0,0779,0,0,0,0"
754,754,It's because the liquid became a gas and the moisture drained away,754.0,"780,1,1,0,0"
755,755,"As the water evaporates, it takes heat and lowers the heat, making it feel cold",755.0,"781,0,0,0,0"
756,756,.,756.0,"782,0,0,0,0"
757,757,Because the water dries up and lowers one's body temperature,757.0,"783,1,0,0,0"
758,758,It gets cold when the water dries,758.0,"784,0,0,0,0"
759,759,I don't know.,759.0,"785,1,0,0,0"
760,760,This is because there is a difference in temperature between the water and the outside.,760.0,"786,1,0,0,0"
761,761,"This is because when a liquid evaporates and turns into a gas, the temperature decreases.",761.0,"787,1,0,0,0"
762,762,I don't know.,762.0,"788,1,1,0,0"
763,763,"Because the warm water in the body is gone, you tremble to recover your body temperature again.",763.0,"789,1,0,0,0"
764,764,Because your body temperature goes down,764.0,"790,0,1,0,0"
765,765,The body temperature goes down because water takes away a person's body temperature.,765.0,"791,1,1,0,0"
766,766,The moisture in your body is drained,766.0,"792,1,0,0,0"
767,767,"As the water vaporizes, it takes away your body temperature, so you feel cold because your body temperature decreases",767.0,"793,0,0,0,0"
768,768,This is because water evaporates and takes away heat from the body.,768.0,"794,1,0,0,0"
769,769,This is because water evaporates and takes away body temperature.,769.0,"795,1,1,0,0"
770,770,Cold because water in the body evaporated into the air when it was in the water and came out.,770.0,"796,1,0,0,0"
771,771,This is because the body temperature decreases as the water evaporates,771.0,"797,1,0,0,0"
772,772,It's because the water dries up and takes away your body temperature,772.0,"798,0,1,0,0"
773,773,It's because the temperature is adjusted to the water temperature,773.0,"799,1,0,0,0"
774,774,I guess it's cold,774.0,"800,1,0,0,0"
775,775,This is because the seawater in the body evaporated and took away the heat from the body.,775.0,"801,1,1,0,0"
776,776,It's cold when you come out of the water,776.0,"802,1,1,0,0"
777,777,"As the water evaporates, the water in your body dries up",777.0,"803,1,1,0,0"
778,778,I don't know,778.0,"804,0,0,0,0"
779,779,"As the water evaporates, it takes out the heat from your body",779.0,"805,0,0,0,0"
780,780,"Even if you stay in cold water for a long time and come out to a warm place, your heart is still cold",780.0,"806,0,0,0,0"
781,781,Because there is a temperature difference,781.0,"807,1,0,0,0"
782,782,as the water disappears,782.0,"808,1,0,0,0809,1,0,0,0"
783,783,"When water evaporates, the heat of evaporation is necessary, and since the water in the body evaporates and takes the heat from the body, the temperature of the body decreases and the body becomes cold",783.0,"810,0,0,0,0"
784,784,"This is because the outside temperature is high, but your body temperature is separated.",784.0,"811,0,0,0,0"
785,785,I came out of a cold place,785.0,"812,1,0,0,0"
786,786,All right.,786.0,"813,0,0,0,0"
787,787,Water vaporizes and takes away heat,787.0,"814,0,0,0,0"
788,788,This is because the water met the hot air and evaporated at a high speed.,788.0,"815,1,1,0,0"
789,789,"When there's water in my body, it's windy",789.0,"816,1,0,0,0"
790,790,"""The water (liquid) in your body evaporates into water vapor",790.0,"817,1,1,0,0"
791,791,"When you evaporate from a liquid to a gas, you need to get energyIt takes away the heat from the surrounding area and gets energy It takes away the heat from your body",791.0,"818,1,1,0,0"
792,792,"""We feel cold""",792.0,"819,1,1,0,0"
793,793,I don't know.,793.0,"820,1,1,0,0"
794,794,Biting,794.0,"821,1,1,0,0"
795,795,"Because the body's moisture flies from liquid to gas,",795.0,"822,0,0,0,0"
796,796,a difference in temperature difference,796.0,"823,0,0,0,0"
797,797,The body's water evaporates and the heat is blown away,797.0,"824,1,0,0,0"
798,798,"As the water vaporizes, it takes the heat from the body into the air",798.0,"825,1,0,0,0"
799,799,A liquid sublimates into a gas and releases heat,799.0,"826,1,1,0,0"
800,800,This is because the water on the body vaporizes and takes away the heat around it.,800.0,"827,0,0,0,0"
801,801,The liquid circulates into the gas and releases heat,801.0,"828,1,0,0,0"
802,802,The body temperature goes down because of water,802.0,"829,0,0,0,0"
803,803,Water evaporates and takes away body temperature,803.0,"830,1,0,1,0"
804,804,The water on your body vaporizes into the air,804.0,"831,1,1,0,0"
805,805,The water didn't dry,805.0,"832,1,1,0,0"
806,806,"When you come out of the water, you feel cold because the water evaporates and releases heat.",806.0,"833,1,1,0,0"
807,807,It feels cold because the water dries and takes away our body temperature,807.0,"834,1,1,0,0"
808,808,"When the water dries, you take heat with you",808.0,"835,,,,"
809,809,"As the water dries, it releases heat from my body",809.0,"836,,,,"
810,810,This is because Hyunjin and water took away the heat from the body because they wanted to become thermal equilibrium according to the first thermodynamic law.,810.0,"837,43.7%,27.4%,14.5%,7.2%"
811,811,It's because the water dries up and even releases heat from the body,,
812,812,"As the water dries, it lowers the body temperature.",,
813,813,"""When I come out of the pool, the water on my body dries up.""",,
814,814,"Here, the liquid turns into a gas and takes away the heat, so you feel cold.""",,
815,815,This is because the water vaporized and took away the heat from the surrounding body temperature.,,
816,816,"When water evaporates, it takes away your body temperature",,
817,817,I don't know,,
818,818,Because the temperature is relative,,
819,819,material change,,
820,820,This is because water evaporates and the body temperature decreases,,
821,821,A liquid becomes a gas,,
822,822,The water evaporates with heat,,
823,823,M and D,,
824,824,I don't understand.,,
825,825,This is because water droplets around the body evaporate with internal body temperature.,,
826,826,"""Because my body temperature has dropped",,
827,827,"""",,
828,828,All right.,,
829,829,"When the water dries, it takes away the body temperature and the water evaporates",,
830,830,This is because the temperature decreases when the water dries,,
831,831,"As the water dries, it takes away the heat from your body",,
832,832,Water condenses from liquid to gas at high temperatures and takes away the body's temperature,,
833,833,The water dries and takes away your body temperature,,
834,834,Moisture takes away our heat and evaporates,,
835,835,This is because the water in the body evaporates and loses body temperature,,
836,836,The sensory organs that feel the hot temperature are weird.,,
837,837,at a drop in temperature,,
838,838,Because the water vaporizes; the surface heats up together,,
839,839,"This is because the water in the body becomes water vapor and evaporates, taking heat from the body together.",,
840,840,"When the body got used to the water in the swimming pool and came out of the water, the water in the liquid state evaporates with the temperature of our body when it dries, so it feels cold as water vapor.",,
841,841,e,,
842,842,It gets cold because the water evaporates,,
843,843,action reaction,,
844,844,"This is because as droplets on the skin evaporate, heat is absorbed when the liquid vaporizes, and the body temperature decreases.",,
845,845,This is because the water left in the body evaporated and took away Hyun-jin's body heat.,,
846,846,Water is characterized by vaporization that takes away heat as it becomes water vapor. That's why water takes away body temperature and feels cold because of vaporization.,,
847,847,This is because the water dries up and takes away the heat from the body.,,
848,848,This is because water on your body evaporates and takes away your body temperature,,
849,849,Evaluation Only. Created with Aspose.Cells for Python via Java.Copyright 2003 - 2022 Aspose Pty Ltd.,,
