,Unnamed: 0,"7. The following is a list of car features that many students thought of. Cars have similar characteristics to living things, but we don't call them living things. What is the reason?",Unnamed: 0,", q62_producer, q62_replication, q62_growth, q62_reaction, q62_breathing, q62_cell, q62_material metabolism"
0,0,I don't know.,0.0,"0,0,0,0,0,0,0,0"
1,1,I don't understand.,1.0,"1,0,0,0,0,0,0,0"
2,2,be unreasonable,2.0,"2,0,0,0,1,0,0,0"
3,3,Because there's no life,3.0,"3,0,0,0,0,0,0,0"
4,4,Because there's no life,4.0,"4,0,0,0,0,0,0,0"
5,5,Because it's not alive,5.0,"5,0,0,0,0,0,0,0"
6,6,It's not natural,6.0,"6,1,0,0,0,0,0,0"
7,7,"Okay, okay",7.0,"7,0,0,0,0,0,0,0"
8,8,Because there's no life,8.0,"8,0,0,0,0,0,0,0"
9,9,Cars have no organs,9.0,"9,0,0,0,0,0,0,0"
10,10,"This is because living things breathe, but cars cannot breathe.",10.0,"10,0,0,0,0,1,0,0"
11,11,Because it's not alive.,11.0,"11,0,0,0,0,0,0,0"
12,12,Because there are no cells,12.0,"12,0,0,0,0,0,1,0"
13,13,This is because there is no proliferation activity or reproductive activity.,13.0,"13,0,1,0,0,0,0,0"
14,14,Because it's not alive,14.0,"14,0,0,0,0,0,0,0"
15,15,Because it's not a breathing creature,15.0,"15,0,0,0,0,1,0,0"
16,16,"Because cars don't have life, they don't have thoughts, they're artificially made for convenience by humans",16.0,"16,1,0,0,1,0,0,0"
17,17,Because cars are objects and living things are living things,17.0,"17,1,0,0,0,0,0,0"
18,18,Because I don't have any life,18.0,"18,0,0,0,0,0,0,0"
19,19,Because cars are made by humans.,19.0,"19,1,0,0,0,0,0,0"
20,20,"In the case of cars, they are not called creatures because they use electricity and use products (instruments) rather than various institutions.",20.0,"20,0,0,0,0,0,0,0"
21,21,Not breathing,21.0,"21,0,0,0,0,1,0,0"
22,22,"This is because it is not alive, but just a combination of elements that make up a biological car.",22.0,"22,0,0,0,0,0,0,0"
23,23,"This is because metabolism, stimulation, and reaction do not appear.",23.0,"23,0,0,0,1,0,0,1"
24,24,I don't do life activities,24.0,"24,0,0,0,1,0,0,0"
25,25,"Not composed of cells, not metabolizing substances.",25.0,"25,0,0,0,0,0,1,1"
26,26,"Life is about living, breathing, communicating, and moving on your own",26.0,"26,0,0,1,0,1,0,0"
27,27,"This is because cars cannot even move on their own without the owner of the car what almost all creatures do, such as moving on their own or breathing.",27.0,"27,0,0,0,0,1,0,0"
28,28,Because you can't move yourself,28.0,"28,0,0,0,0,0,0,029,0,0,1,0,0,0,0"
29,29,Because cars have no instinct like living things.,29.0,"30,0,0,0,0,0,0,0"
30,30,"This is because cars move by themselves like living things, or they don't eat food, but only by oil",30.0,"31,0,0,1,0,1,0,0"
31,31,"Biology refers to things that can breathe or grow alone because cars are made of metal, so they can't grow or breathe.",31.0,"32,0,0,0,0,0,0,0"
32,32,This is because cars move and move using fuel.,32.0,"33,0,0,1,0,0,0,0"
33,33,Because cars don't think and act on their own.,33.0,"34,0,0,1,0,0,0,0"
34,34,Cars don't think and act on their own,34.0,"35,0,0,0,0,0,0,0"
35,35,Cars are not creatures because they help people conveniently.,35.0,"36,0,0,0,0,0,0,0"
36,36,"A car spills oil, but a creature moves without oil and its heart beats",36.0,"37,0,0,0,0,1,0,0"
37,37,Because I didn't breathe,37.0,"38,0,0,0,0,0,0,0"
38,38,Because I don't have a heart!,38.0,"39,1,0,0,1,0,0,0"
39,39,"This is because cars are made by humans, not by themselves.",39.0,"40,0,0,0,1,0,0,0"
40,40,Because cars do not think and act on their own,40.0,"41,1,0,0,0,0,0,0"
41,41,Cars are not called living things because they are machines designed to make it more convenient for people to move around.,41.0,"42,0,0,0,0,0,0,0"
42,42,Because cars aren't really alive,42.0,"43,0,0,0,0,0,0,0"
43,43,I don't know.,43.0,"44,0,0,0,0,1,0,0"
44,44,He's not alive. He's not breathing,44.0,"45,0,0,0,1,0,0,0"
45,45,I can't talk and eat,45.0,"46,0,0,0,0,1,0,0"
46,46,"""Bodies need to breathe, they can't upgrade, but cars don't",46.0,"47,1,0,0,0,0,0,0"
47,47,"That's because.""",47.0,"48,0,0,0,0,0,0,0"
48,48,It's a machine,48.0,"49,0,0,0,0,0,0,0"
49,49,Because he's not alive,49.0,"50,0,0,0,0,0,0,0"
50,50,Cars aren't alive,50.0,"51,0,0,0,0,0,1,0"
51,51,This is because cars cannot move on their own.,51.0,"52,0,0,0,0,0,1,0"
52,52,Because cars do not have cells.,52.0,"53,0,0,0,0,0,0,0"
53,53,"This is because living things live on food, but cars eat fuel, and cars are not made up of cells",53.0,"54,0,0,0,1,0,0,0"
54,54,Because cars are not living things.,54.0,"55,0,0,0,0,0,0,0"
55,55,"Cars move, but they don't have emotions like humans, and they're made up of various appendages, so they're not called creatures",55.0,"56,0,0,0,0,0,0,0"
56,56,It's not a collective movement,56.0,"57,0,0,0,1,0,0,0"
57,57,The car can't produce food on its own and it can't move on its own,57.0,"58,0,0,0,0,0,0,059,0,0,0,1,0,0,0"
58,58,Because living things have hearts and cars don't have the same emotions or feelings as living things,58.0,"60,1,0,0,0,0,0,0"
59,59,"They don't just run, they don't get food themselves, they only move when humans drive, and they're robots",59.0,"61,0,0,0,0,0,1,0"
60,60,Because cars are lifeless and emotionless.,60.0,"62,0,0,0,0,0,0,0"
61,61,"Because it is made by assembling several parts, the car cannot be called a creature.",61.0,"63,0,0,0,0,0,0,0"
62,62,"It's similar to living things, but it doesn't have a heart and cell",62.0,"64,0,0,0,0,0,0,0"
63,63,It's not a living creature,63.0,"65,0,0,0,0,0,0,0"
64,64,Because cars don't get food by themselves,64.0,"66,1,0,0,0,0,0,0"
65,65,"Life is about living plants, animals, etc., but cars are about fuel",65.0,"67,1,0,0,0,0,0,0"
66,66,"Living things live in life, but cars don't.",66.0,"68,0,0,0,0,0,0,0"
67,67,"Cars are made of iron and cannot move like living things, but they are not living things because they are made in factories.",67.0,"69,0,0,1,0,0,0,0"
68,68,"This is because cars are made for people's convenience and are made of various parts, unlike life rafts.",68.0,"70,0,0,0,0,0,0,0"
69,69,A living thing is an object that maintains a living phenomenon by itself with life. But cars are kept alive by one other object. That's why it's not a creature.,69.0,"71,0,0,1,0,1,1,0"
70,70,"All living things move and grow on their own, but cars need fuel. Also, living things are not organically organized.",70.0,"72,0,0,1,0,1,1,0"
71,71,"This is because unlike living things, cars use fuel and are made up of many accessories.",71.0,"73,0,0,0,0,0,0,0"
72,72,"This is because cars cannot feel emotions, do not breathe, and do not consist of cells.",72.0,"74,1,0,0,0,0,0,0"
73,73,"This is because cars cannot feel emotions, do not breathe, and do not consist of cells.",73.0,"75,1,0,0,0,0,0,0"
74,74,"Unlike living things, cars use fuel and are made up of numerous accessories",74.0,"76,0,0,1,0,0,0,0"
75,75,It's because it's made by humans,75.0,"77,1,0,0,0,0,0,0"
76,76,It's a machine,76.0,"78,1,0,0,0,0,0,0"
77,77,This is because cars have no thoughts and minds and cannot move unless a person controls them.,77.0,"79,0,0,1,0,0,0,0"
78,78,Because it's a creation created by humans,78.0,"80,0,0,0,0,0,0,0"
79,79,"Because cars are controlled by humans, even if there is an autonomous car, they are made by humans.",79.0,"81,1,0,0,0,0,0,0"
80,80,I don't think cars are called creatures because they are thoughtless and human-controlled,80.0,"82,0,0,0,0,1,0,0"
81,81,It's lifelessness,81.0,"83,0,0,1,0,0,0,0"
82,82,Because cars are machines and use fuel.,82.0,"84,0,0,0,0,0,0,0"
83,83,They don't hide,83.0,"85,0,0,1,0,0,0,0"
84,84,"There's no life, there's no emotion",84.0,"86,0,0,1,0,0,0,0"
85,85,"Because we use various parts and people drive,",85.0,"87,0,0,0,1,0,0,0"
86,86,I can't speak and I can't think,86.0,"88,0,0,0,1,0,0,089,0,0,0,1,0,0,0"
87,87,It changes in form and there is no life.You can't move without fuel.,87.0,"90,1,0,0,0,0,0,0"
88,88,"There's no life, and it's not about thinking and there's no movement",88.0,"91,0,0,0,1,0,0,0"
89,89,"Because cars are not lifeless, they are not judged directly, and they are not rational",89.0,"92,0,0,0,0,0,0,0"
90,90,I don't feel any emotions,90.0,"93,0,0,0,1,0,0,0"
91,91,It's a machine,91.0,"94,0,0,0,1,0,0,0"
92,92,You can't live on your own without feeling the pain.,92.0,"95,0,0,0,0,0,0,0"
93,93,You can't move by yourself,93.0,"96,0,0,0,0,1,0,0"
94,94,I couldn't feel the deep end,94.0,"97,0,0,0,0,0,0,0"
95,95,It's because you can't think for yourself and you can't do what you want,95.0,"98,0,0,0,0,0,0,0"
96,96,I can't photosynthesize,96.0,"99,1,0,0,0,0,0,0"
97,97,Because I can't eat and breathe,97.0,"100,1,0,0,0,0,0,0"
98,98,Because he's not aliveBecause cars aren't alive,98.0,"101,0,0,0,0,0,1,0"
99,99,People artificially make it out of various materials.,99.0,"102,0,0,0,0,1,0,0"
100,100,"They don't have organs like living things, and they're all made of man-made iron, plastic, etc",100.0,"103,0,0,0,0,0,0,0"
101,101,This is because it is different in appearance from creatures like humans.,101.0,"104,0,0,0,0,0,0,0"
102,102,"Because you can't move on your own, and you don't live breathing.",102.0,"105,0,0,0,0,0,0,0"
103,103,Because it's not alive.,103.0,"106,0,0,0,0,1,0,0"
104,104,"Cars move, but they are not creatures because they are not alive.",104.0,"107,0,0,0,0,0,0,0"
105,105,"Because cars are machines, not creatures.",105.0,"108,0,0,1,0,0,0,0"
106,106,Because cars don't live and breathe.,106.0,"109,1,0,0,0,0,0,0"
107,107,"A car is not a creature because living things move according to their own will, but a car moves according to the driver's will.",107.0,"110,0,0,0,0,0,0,0"
108,108,Because they're not alive and they don't grow on their own,108.0,"111,0,0,0,1,0,0,0"
109,109,"The reason we don't call it a creature is that car accessories aren't creatures, so cars aren't creatures.",109.0,"112,0,0,0,0,0,0,0"
110,110,"This is because living things photosynthesize, but living things don't photosynthesize.",110.0,"113,0,0,0,0,1,0,0"
111,111,You can't think and act like a human being,111.0,"114,0,0,0,0,1,0,0"
112,112,Because he's not alive,112.0,"115,1,0,0,0,0,0,0"
113,113,"Cars do not breathe and cars are made using parts. It's like our bodies that can't move when a part is missing, but cars aren't creatures",113.0,"116,0,0,0,0,0,0,0"
114,114,Because I can't breathe,114.0,"117,1,0,0,0,0,0,0"
115,115,Because living things are not machines.,115.0,"118,1,1,0,0,0,0,0119,0,0,0,0,0,0,0"
116,116,"Living things photosynthesize, but this car is not living things, so it cannot photosynthesize.Therefore, it is not called a creature.",116.0,"120,0,0,0,0,0,0,0"
117,117,"Because cars are electrical products, not living things, and they cannot be called living things",117.0,"121,0,0,0,1,0,0,0"
118,118,"A car must have a stool and a manufacturer, and it cannot replicate itself and make the same car",118.0,"122,0,0,0,0,0,0,0"
119,119,"The body has no organ heart, lungs, intestines, etc. and cannot move on its own.",119.0,"123,0,0,0,0,0,0,0"
120,120,It's because it's driven by people,120.0,"124,1,0,0,0,0,0,0"
121,121,Because I can't think and move on my own,121.0,"125,0,0,0,0,0,0,1"
122,122,(Laughing)Don't know,122.0,"126,0,0,0,0,0,0,0"
123,123,Because I can't move without a user,123.0,"127,1,0,0,0,0,0,0"
124,124,"This is because cars are made up of many accessories. Because accessories are man-made, cars show similar characteristics to living things, but they cannot be called living things.",124.0,"128,0,0,0,0,0,0,0"
125,125,"A creature has several actions inside its body, because a car adds a substance that artificially causes the action.",125.0,"129,0,1,0,1,0,0,0"
126,126,Because I can't do something on my own.,126.0,"130,0,0,0,0,0,0,0"
127,127,Because cars are artificially made means,127.0,"131,0,0,0,0,0,0,0"
128,128,"Living things photosynthesize themselves if they are plants, and animals eat their own food. But in the case of cars, they are not called creatures because their own activities are not being carried out",128.0,"132,0,0,0,0,0,0,0"
129,129,"There is no soul, because there is no function of reproduction and reason",129.0,"133,0,0,0,0,0,0,0"
130,130,This is because cars are not life that they have since they were born.,130.0,"134,0,0,0,1,0,0,0"
131,131,Because cars don't have life,131.0,"135,0,0,0,1,1,0,0"
132,132,"It is because there must be life in living things, but there is no life in cars.",132.0,"136,0,0,0,0,0,0,0"
133,133,It's because you don't move on your own.,133.0,"137,0,0,0,1,0,0,0"
134,134,Cars have no feelings,134.0,"138,0,0,0,0,0,0,0"
135,135,This is because you can't think for yourself and don't breathe.,135.0,"139,0,0,0,0,0,0,0"
136,136,"""Unlike living things, automobiles are made of iron, aluminum, etc., and fuel for moving is also available",136.0,"140,0,0,0,0,0,0,0"
137,137,"This is because it is completely different from the fuel used by humans to move.""",137.0,"141,0,0,0,0,0,0,0"
138,138,This is because I can't think and move on my own.,138.0,"142,0,0,0,0,0,0,0"
139,139,I don't know.,139.0,"143,0,0,0,0,1,0,1"
140,140,A car is not a creature because it has no engine system.,140.0,"144,1,0,0,0,0,0,0"
141,141,"There is no organ that does not photosynthesize and functions specifically for life to live. Also, I don't eat to live.",141.0,"145,0,0,0,0,0,1,0"
142,142,.,142.0,"146,0,0,0,0,0,0,0"
143,143,"Cars are not living things because they do not have cells, tissues, organs, individuals, or tissues or organ systems, and they are made up of accessories.",143.0,"147,1,0,0,0,0,0,0"
144,144,"Living things get oxygen in some way, but cars don't do that.",144.0,"148,0,0,0,0,0,0,0149,0,0,0,0,0,0,0"
145,145,"Unlike living things, cars can run on oil, and unlike living things, they are made up of parts and machines, so they are not considered creatures.",145.0,"150,0,0,0,0,0,0,0"
146,146,"There's no life, there's no nucleus, there's no gene",146.0,"151,0,0,0,0,0,0,0"
147,147,Because there's no life,147.0,"152,0,0,0,1,0,0,0"
148,148,"Cars are made up of accessories, and humans are made up of organs and harmonized, and accessories are made up of machines, so it can be seen as a different case from living creatures.",148.0,"153,0,0,0,0,0,0,0"
149,149,It's not a living thing,149.0,"154,1,0,0,0,0,1,0"
150,150,Because it doesn't have a life.,150.0,"155,0,0,0,0,0,0,0"
151,151,Because I'm not alive,151.0,"156,0,0,0,0,0,0,0"
152,152,It's made of minerals,152.0,"157,0,0,0,0,0,0,0"
153,153,He can't move. He can't think,153.0,"158,0,0,0,1,0,0,0"
154,154,It's because they don't live by getting nutrients on their own,154.0,"159,0,1,0,0,1,0,0"
155,155,"This is because cars do not have life systems (cells, etc.) and are powered by machines.",155.0,"160,1,0,0,0,0,0,0"
156,156,There's no blood,156.0,"161,0,1,0,0,0,0,0"
157,157,I'm alive because I don't,157.0,"162,1,0,0,0,0,0,1"
158,158,It's a ride,158.0,"163,0,0,0,0,0,0,0"
159,159,Because I can't think,159.0,"164,0,0,0,0,1,0,0"
160,160,It does not reproduce or reproduce. Don't breathe cells.,160.0,"165,0,0,0,1,0,0,0"
161,161,Because it's a machine,161.0,"166,0,0,0,1,0,0,0"
162,162,You can't make your own food without spreading your offspring,162.0,"167,0,0,0,1,0,0,0"
163,163,"The reason why cars are not living things seems to be because they are not moving by themselves or making energy by themselves, but they are artificially made by humans",163.0,"168,0,0,0,1,0,1,1"
164,164,Because it's not alive,164.0,"169,0,0,0,0,0,0,0"
165,165,"""I can't breathe",165.0,"170,0,0,0,0,1,0,0"
166,166,"""",166.0,"171,0,0,0,1,0,0,0"
167,167,This is because they cannot feel emotions like creatures and think for themselves.,167.0,"172,1,1,0,0,0,0,0"
168,168,It is because cars cannot think for themselves and do not move alone without people,168.0,"173,0,0,0,0,0,1,0"
169,169,There is no emotion,169.0,"174,0,0,0,1,0,0,0"
170,170,They don't get and consume fuel on their own. I don't think. be devoid of genes,170.0,"175,0,0,0,0,0,0,0"
171,171,I didn't know the car was a creature I don't know.,171.0,"176,0,0,0,1,0,0,0"
172,172,I couldn't breathe,172.0,"177,1,0,0,0,1,0,0"
173,173,I don't feel like a creature,173.0,"178,0,1,0,0,0,0,0179,0,1,0,0,0,1,0"
174,174,"A car is a means of transportation made by a machine, a machine. However, living things are different because they are born with growth and cell division.",174.0,"180,0,1,1,0,0,0,0"
175,175,"Unlike living things, cars do not consist of animal cells or plant cells.",175.0,"181,0,0,0,1,0,0,0"
176,176,"A car is a human creature and is made by assembling several parts. However, life grows by cell division and has blood all over the body.Then, breathe and act according to your will. But cars don't have brains because humans have to move them.That's why it's not a living thing.",176.0,"182,0,1,0,0,0,0,0"
177,177,This is because living things are different from passive cars while being able to move actively.,177.0,"183,0,0,0,0,0,0,1"
178,178,"There is no life in a car. Living things can think and move alone, but cars can't. And I don't think there's a similar living thing to a car.",178.0,"184,0,1,0,0,0,0,0"
179,179,"Living things are living beings that breathe and live. However, cars are mechanically made from each part and do not breathe.",179.0,"185,0,0,0,0,0,1,0"
180,180,be unable to reproduce,180.0,"186,0,1,0,0,0,0,1"
181,181,Cars are not made up of cells and do not reproduce.,181.0,"187,0,1,0,1,0,0,0"
182,182,be unable to reproduce It doesn't even grow.,182.0,"188,0,0,0,0,0,1,0"
183,183,I don't have a brain,183.0,"189,0,0,0,1,0,0,0"
184,184,It's impossible to reproduce and it's moving in a batting manner,184.0,"190,0,1,0,0,0,0,0"
185,185,Automobiles do not generate energy sources using organic materials and do not metabolize substances themselves.,185.0,"191,0,0,0,0,0,0,1"
186,186,It cannot act on its own and cannot reproduce dependent.,186.0,"192,1,0,0,0,0,0,0"
187,187,be not made up of cells,187.0,"193,0,1,0,0,0,0,0"
188,188,Material metabolism and reproduction are not possible,188.0,"194,0,1,0,0,0,0,0"
189,189,"They can't reproduce, they can't respond to stimuli.",189.0,"195,0,0,0,0,0,0,1"
190,190,Because there are no cells that are the basic unit of living things,190.0,"196,0,1,0,0,0,0,0"
191,191,I don't have the ability to think and judge for myself.,191.0,"197,0,1,0,0,1,0,0"
192,192,No reproductive function,192.0,"198,0,0,0,0,0,0,1"
193,193,Substance metabolism does not occur.,193.0,"199,0,0,0,0,0,0,0"
194,194,Because it is an artificial object.,194.0,"200,1,0,0,0,0,0,0"
195,195,It does not have the characteristics of living things such as reproduction and development.,195.0,"201,0,0,0,1,0,0,0"
196,196,Because cars can't replicate themselves (not self-replicating),196.0,"202,0,1,0,0,0,0,0"
197,197,You can't get energy on your own.Cars cannot breed.,197.0,"203,0,0,0,1,0,0,0"
198,198,Cars don't reproduce and don't breathe.,198.0,"204,0,0,0,0,0,0,0"
199,199,be unable to metabolize matter,199.0,"205,0,0,0,0,0,0,0"
200,200,It's not alive,200.0,"206,1,0,0,0,0,0,0"
201,201,It's a machine,201.0,"207,0,0,0,0,0,0,0"
202,202,Let's not move on our own. We're not aware of it,202.0,"208,1,0,0,0,0,0,0209,1,0,0,0,0,0,0"
203,203,It's because I can't mate,203.0,"210,1,0,0,0,0,0,0"
204,204,"This is because without a user, he or she cannot move according to his or her will and has no emotions.",204.0,"211,0,0,0,0,0,0,0"
205,205,It's not alive. You don't know that?,205.0,"212,1,0,0,0,0,0,0"
206,206,There's no heart,206.0,"213,0,0,0,0,0,0,0"
207,207,a man-made machine,207.0,"214,0,1,0,0,0,0,0"
208,208,"Once the definition of a living thing has to be alive and be able to act on its own, because a car can't do anything if it's not driven by a person",208.0,"215,0,1,0,0,0,0,0"
209,209,This is because cars are made of air.,209.0,"216,0,0,0,0,0,0,0"
210,210,a man-made machine,210.0,"217,0,1,0,0,0,0,0"
211,211,Because it's artificially made,211.0,"218,0,0,0,1,0,0,0"
212,212,"""It's solid, and now we can't move on our own without people, and we can't move without oil",212.0,"219,0,1,0,0,0,0,0"
213,213,"""",213.0,"220,0,0,0,0,0,1,0"
214,214,"It's made artificially by humans with machines, and they can't think on their own, and they don't have the characteristics of living things, so of course, cars aren't living things, and I'm just saying things that don't work",214.0,"221,1,0,0,0,0,0,0"
215,215,It's not a creature,215.0,"222,0,0,0,0,0,0,0"
216,216,It is because it does not reproduce.,216.0,"223,0,0,0,0,0,0,1"
217,217,This is because cars cannot reproduce and live arbitrarily.,217.0,"224,0,0,0,0,0,0,0"
218,218,A car cannot move on its own and must at least be turned on.,218.0,"225,0,0,0,0,0,0,1"
219,219,"Living things have the ability to produce offspring and reproduce, but cars do not.",219.0,"226,0,0,0,0,0,0,1"
220,220,Cars are not creatures because they don't think for themselves and they move according to someone's will.,220.0,"227,0,0,0,0,1,0,0"
221,221,Cars don't breed;;,221.0,"228,0,0,0,1,0,0,0"
222,222,"Cars are not organic. Cars are not organic because they are made of metal. But living things are made up of cells and cells are made up of organic matter. In the case of the cell membrane, it consists of a phospholipid bilayer and a protein pump, and the cell organelles are made up of proteins, which can be seen by the disintegration of the cell organelles by the lysosome with hydrolytic enzymes. In other words, cars cannot be called creatures because they are not organic.",222.0,"229,0,1,0,1,0,1,1"
223,223,It's a machine,223.0,"230,0,1,1,1,0,1,1"
224,224,"""Bodies need to have energy like cars and parts like cars",224.0,"231,0,0,0,1,0,0,0"
225,225,"The body is also made up of various tissues, but the structure of the human body does not change",225.0,"232,0,0,0,0,0,0,0"
226,226,A car is not a creature,226.0,"233,0,0,0,0,0,0,0"
227,227,I can't metabolize by myself,227.0,"234,0,0,0,1,0,0,0"
228,228,I don't know,228.0,"235,0,0,0,0,0,0,0"
229,229,"Living things are metabolism, and cars don't metabolize themselves, and they don't move unless we pump them",229.0,"236,0,0,0,1,0,0,0"
230,230,I don't do material metabolism,230.0,"237,0,0,0,0,0,0,0"
231,231,Because I didn't breathe.,231.0,"238,0,0,0,0,0,0,0239,0,0,0,0,0,0,0"
232,232,Cars do not respond to stimuli.,232.0,"240,0,1,0,0,0,0,0"
233,233,"""Unlike inanimate objects, living things are basically made up of cells.",233.0,"241,0,0,0,0,0,0,0"
234,234,"It's not just a sculpture, it's a different kind of sand, which is an inanimate object, because there's another life within the cell.",234.0,"242,0,0,0,0,0,1,0"
235,235,"Also, inanimate objects do not reproduce, whereas living things reproduce and develop in order to reproduce their offspring.",235.0,"243,0,0,0,0,0,0,0"
236,236,And living things grow with increasing cell numbers.,236.0,"244,0,0,0,0,0,0,0"
237,237,"On the other hand, the growing size of inanimate objects is not growth, but other external substances accumulate and solidify.",237.0,"245,0,0,0,0,0,1,0"
238,238,"And living things adapt and evolve in the body as the environment changes, but inanimate objects don't.",238.0,"246,0,0,0,0,0,0,0"
239,239,"And it's different from living things because they react (for example, plants face leaves in the direction of light) and maintain homeostasis (they sweat when it's hot, and they tremble when it's cold) because inanimate objects aren't alive.",239.0,"247,0,0,0,0,0,0,0"
240,240,"In short, living things are alive, and inanimate things are not alive, because cells, which are the basic units of living things, are also living things~",240.0,"248,0,0,0,0,0,0,0"
241,241,,241.0,"249,0,0,1,0,0,0,0"
242,242,"In addition, to mention viruses, viruses are intermediate between living and nonliving things, because viruses have host cells to produce active parasites that represent life activities, so we consider them to be intermediate between living and nonliving things.",242.0,"250,0,0,0,0,0,0,0"
243,243,"When there are host cells, they are composed of nucleic acids and ribosomes, and they multiply within the host cells and show mutations, but outside the host cells, they are considered inanimate because they do not show life because they are just lumps of protein.""",243.0,"251,0,0,0,0,0,0,0"
244,244,"Cars are not made up of cells, do not metabolize substances with enzymes themselves, and do not have nucleic acids, which are genetic material. And it does not grow and reproduce, adapt and evolve.",244.0,"252,0,0,0,0,0,0,0"
245,245,Cars do not respond to stimuli.,245.0,"253,0,0,0,1,1,0,0"
246,246,Because I'm not alive,246.0,"254,0,0,0,0,0,0,0"
247,247,Because I don't move if I don't have someone's action,247.0,"255,0,0,0,0,0,0,0"
248,248,"When the surrounding environment or temperature changes, the car does not change accordingly and just stays in its own state. be therefore not a creature",248.0,"256,0,0,0,0,0,0,0"
249,249,Because he's not alive.,249.0,"257,0,0,0,0,1,0,0"
250,250,I didn't think about it,250.0,"258,0,0,0,0,1,1,0"
251,251,"Cars move automatically, so they are not living things, not life",251.0,"259,0,0,0,0,0,0,0"
252,252,Because it's pretty,252.0,"260,0,0,0,1,0,0,0"
253,253,Because he's not alive,253.0,"261,0,0,0,0,1,0,0"
254,254,Cars cannot reproduce.,254.0,"262,0,0,0,0,1,0,0"
255,255,I think Yuding would know that,255.0,"263,0,0,0,0,0,0,0"
256,256,I don't have any cells,256.0,"264,0,0,0,1,0,0,0"
257,257,Because scrap metal has no life,257.0,"265,0,0,0,0,0,1,0"
258,258,"Of course, cars are driven by the person who controls them, not by their own movements.",258.0,"266,0,0,0,0,0,0,0"
259,259,Because there are no cells,259.0,"267,1,0,0,0,0,0,0"
260,260,Because it's beautiful,260.0,"268,0,0,0,0,0,1,1269,0,0,0,0,0,0,1"
261,261,Because cars can't move by themselves,261.0,"270,1,1,0,0,0,0,0"
262,262,"We can't do anything on our own yet, and living things are originally made, but cars are developed by incorporating scientific technology for human convenience, and we are making them now, so it's an object, not a creature.",262.0,"271,0,0,0,0,0,0,0"
263,263,"Automobiles grow only when they have someone's research or things like that, but living things can just grow.",263.0,"272,0,0,0,0,0,0,0"
264,264,Not alive,264.0,"273,1,0,0,1,0,0,0"
265,265,Because it's made up of a lot of accessories?,265.0,"274,0,0,0,0,0,0,0"
266,266,"The car is not alive, it's just an engine",266.0,"275,0,0,0,0,0,0,0"
267,267,It's because you can't breathe on your own. have no instinct,267.0,"276,1,0,0,0,0,0,0"
268,268,This is because cars do not need a biological requirement.,268.0,"277,0,0,0,0,0,0,0"
269,269,"This is because living things are alive by their own will, but cars are not moving by their own will.",269.0,"278,1,0,0,0,0,0,0"
270,270,Because I can't live alone.,270.0,"279,1,0,0,0,0,0,0"
271,271,"Because people can breathe, but cars can't",271.0,"280,0,0,0,0,0,0,0"
272,272,"Don't breathe. Cells also breathe by supplying oxygen to cells through the life activity of breathing, and if they don't do this activity, all cells die, so cars can know that they don't have cells because they don't breathe, and without cells, they can't be called creatures.",272.0,"281,0,0,0,0,0,0,0"
273,273,Because I'm not alive,273.0,"282,0,0,0,0,0,0,0"
274,274,I can't say anything,274.0,"283,1,0,0,0,0,0,0"
275,275,It's because I don't do breathing activities,275.0,"284,0,0,0,0,0,0,0"
276,276,Because I didn't breathe,276.0,"285,1,0,0,0,0,0,0"
277,277,Living things have cells and live using oxygen to breathe. Cars are different from living things because they operate by burning fuel.,277.0,"286,0,0,0,0,0,0,0"
278,278,It is difficult to call it a creature because it is not a subject that can think and actively move on its own.,278.0,"287,0,0,0,0,0,0,0"
279,279,Because there are no cells.,279.0,"288,0,0,0,0,0,0,0"
280,280,Is this a living thing?,280.0,"289,0,0,0,0,0,0,0"
281,281,It's because it's made by man,281.0,"290,0,0,0,0,0,0,0"
282,282,Because cars are not made up of cells and do not metabolize matter,282.0,"291,0,0,0,0,0,0,0"
283,283,Because cars do not metabolize matter.,283.0,"292,0,0,0,0,0,0,0"
284,284,This is because it is made by humans and does not reproduce.,284.0,"293,0,0,0,0,0,0,0"
285,285,Because they can't photosynthesize like plants,285.0,"294,0,0,0,0,0,1,0"
286,286,It cannot be classified as a living thing because it does not have life.,286.0,"295,0,0,0,0,0,1,0"
287,287,"There is no emotion, no reproductive organs, and above all, it is a machine.",287.0,"296,0,0,0,0,0,0,0"
288,288,Because it doesn't produce nutrients,288.0,"297,0,0,0,0,0,0,0"
289,289,He's not alive,289.0,"298,0,0,0,0,0,0,0299,0,0,0,0,0,0,0"
290,290,Cars are not called creatures because they are made directly by humans.,290.0,"300,0,0,0,0,0,0,0"
291,291,Because it is not a living object like humans or animals,291.0,"301,0,0,0,0,0,0,0"
292,292,"We can manipulate it, we can handle it at will, we can create it by humans",292.0,"302,0,0,0,0,0,0,0"
293,293,"This is because people made it artificially, and in the past, people can only move by driving themselves.",293.0,"303,0,0,0,1,0,0,0"
294,294,"Living things breathe, but cars can only move when people move",294.0,"304,0,0,0,0,0,0,0"
295,295,The material is different,295.0,"305,0,0,0,0,0,0,0"
296,296,"Cars are not living creaturesThis is because it is a human-made machine and cannot move on its own, and it can only move if it has something to control.",296.0,"306,0,0,0,0,0,0,0"
297,297,This is because there is no life and it does not move alive.,297.0,"307,0,0,0,0,0,0,0"
298,298,"A car is a human-made machine, not a living thing, even if it shows similar characteristics to a living thing",298.0,"308,0,0,0,0,0,0,0"
299,299,It's because cars are running,299.0,"309,0,0,0,0,0,0,0"
300,300,Because cars can't do things on their own and they make people move,300.0,"310,0,0,0,0,1,0,0"
301,301,"I can't walk on my own, I can't move",301.0,"311,0,0,0,0,0,0,0"
302,302,Because it's not alive.,302.0,"312,0,0,0,0,0,0,0"
303,303,I'm not alive,303.0,"313,1,0,0,0,0,0,0"
304,304,"I ate oil, not rice, and there were parts that weren't brain parts",304.0,"314,0,0,0,0,0,0,0"
305,305,Because it's not alive.,305.0,"315,0,0,0,0,0,0,0"
306,306,This is because it uses gas to move.,306.0,"316,0,0,0,1,0,0,0"
307,307,It doesn't have a nucleus or cell,307.0,"317,0,0,0,0,0,0,0"
308,308,It is because there is lifelessness be not made up of cells,308.0,"318,1,0,0,0,0,0,0"
309,309,A living thing is alive. A car is not alive,309.0,"319,0,0,0,1,0,0,0"
310,310,"This is because living things move on their own, but cars only move when people drive.",310.0,"320,0,0,0,0,0,0,0"
311,311,I'm not alive,311.0,"321,0,0,0,1,0,0,0"
312,312,Because you can't move on your own.,312.0,"322,0,0,0,0,0,0,0"
313,313,This is because there is no life and it moves using fuel.,313.0,"323,0,0,0,0,0,0,0"
314,314,There are no organs,314.0,"324,0,0,0,1,0,0,0"
315,315,Cars are not living things because they are made up of various parts and move on fuel oil,315.0,"325,1,0,0,0,0,0,0"
316,316,"It does not meet human conditions. It's irrational, it's unthinkable.",316.0,"326,0,0,0,1,0,0,0"
317,317,This is because cars cannot feel the five senses and move according to their own will.,317.0,"327,0,0,0,1,0,0,0"
318,318,I'm not alive,318.0,"328,0,0,0,1,0,0,0329,0,0,0,0,0,0,0"
319,319,Because there's no life and no heart,319.0,"330,1,0,0,0,0,0,0"
320,320,"It's because it's not a creature, it's not a creature made by nature",320.0,"331,1,0,0,0,0,0,0"
321,321,"Because cars are made using tools, and there is no life like animals.",321.0,"332,1,0,0,0,0,0,0"
322,322,Because living things are different from objects.,322.0,"333,1,0,0,0,0,0,0"
323,323,Cars don't breathe,323.0,"334,1,0,0,1,0,0,0"
324,324,"A living thing literally means a living object because it contains a ""killing"" character, but it is not alive even if the car moves.",324.0,"335,1,0,0,0,0,0,0"
325,325,A living thing is a living thing. But cars are just objects.,325.0,"336,1,0,0,0,0,0,0"
326,326,It is not a creature because there is no life and it is made by a person or robot.,326.0,"337,0,0,0,0,0,0,0"
327,327,Because it's not alive.,327.0,"338,0,0,0,0,0,0,0"
328,328,"Cars show similar characteristics to living things, but because they are driven by machines, if the machine stops working, the car stops right away, so it is definitely different from living things.",328.0,"339,0,0,0,0,0,1,0"
329,329,"Muron cars use energy, they develop, they grow old, they interact with each other in unity, but cars can't think differently from life. It can be seen as a creature in some way, but the one thing that can't be put together is that you can't think of a car.",329.0,"340,0,0,0,1,0,0,0"
330,330,This is because cars move using fuel without eating food or food like living things.,330.0,"341,0,0,0,0,0,1,0"
331,331,"It's because of the materials of the car. Because cars are made of scrap or copper. And cars are not creatures because they are made by people's hands and can be called objects, not creatures.",331.0,"342,0,0,0,0,0,0,0"
332,332,Because I don't have feelings,332.0,"343,0,0,0,1,0,0,0"
333,333,"Because living things move alive, cars move on fuel",333.0,"344,0,0,0,0,0,0,0"
334,334,This is because cars have no emotions and cannot think.,334.0,"345,0,0,0,0,0,0,0"
335,335,Because there's no life,335.0,"346,0,0,0,0,0,0,0"
336,336,Because cars don't move alive.,336.0,"347,1,0,0,0,0,0,0"
337,337,"Cars are not lifeless, they are made up of accessories, and they cannot feel emotions or thoughts",337.0,"348,1,0,0,0,0,0,0"
338,338,"It's because there are a lot of people and if someone doesn't drive, they can't do anything",338.0,"349,1,0,0,0,0,0,0"
339,339,"I can't act like a creature, I can'",339.0,"350,1,0,0,0,0,0,0"
340,340,"This is because cars cannot do what people can, such as think and act on their own.",340.0,"351,1,0,0,0,0,0,0"
341,341,Because cars don't have self and emotion,341.0,"352,0,0,0,0,0,0,0"
342,342,I can't move myself.,342.0,"353,0,0,0,0,0,0,0"
343,343,It's not called a creature because it's made by humans,343.0,"354,0,0,0,0,1,0,0"
344,344,"This is because the car does not move by itself, but is made by themselves.",344.0,"355,0,0,0,0,0,0,0"
345,345,"Living things that have life are called living things, and cars do not have life because they are made by humans. So cars are not called creatures.",345.0,"356,0,0,0,0,0,0,0"
346,346,"This is because cars are not living creatures, but people made themselves and made them move.",346.0,"357,0,0,0,0,0,0,0"
347,347,"This is because cars cannot think or do something by themselves, and humans have to make themselves.",347.0,"358,0,0,0,0,0,0,0359,0,0,0,0,0,0,0"
348,348,"Because cars are made of various things, not living things",348.0,"360,0,0,0,0,0,0,0"
349,349,"""A car cannot move by itself unless it is driven, pushed or pulled by a person",349.0,"361,0,0,0,1,0,0,0"
350,350,"This is because living things are made naturally, but cars have to be made entirely.""",350.0,"362,0,0,0,0,0,0,0"
351,351,"Because cars cannot move alone like living things, and they can only move when someone activates them",351.0,"363,0,0,0,1,0,0,0"
352,352,This is because cars run using fuel and move only when people control them.,352.0,"364,1,0,0,0,0,0,0"
353,353,"Because living things are made up of cells, but cars are made up of parts",353.0,"365,0,0,0,0,0,0,0"
354,354,Because I can't think on my own and I don't have emotions,354.0,"366,1,0,0,0,0,0,0"
355,355,"This is because living things are made up of cells, but cars are made up of parts.",355.0,"367,1,0,0,0,0,0,0"
356,356,What?,356.0,"368,0,0,0,0,0,0,1"
357,357,Because I don't have feelings,357.0,"369,0,0,0,0,0,0,1"
358,358,This is because it can be moved only when a person controls it and a person can repair it.,358.0,"370,0,0,0,0,1,1,1"
359,359,Because it's not alive.,359.0,"371,1,0,1,0,0,0,0"
360,360,He's not moving and he's not alive.It doesn't have any nutrients,360.0,"372,1,1,0,0,0,0,0"
361,361,"Because cars are lifeless and machines,",361.0,"373,1,0,0,0,0,0,1"
362,362,"Plants are living things that grow with sunlight and rain, and cars are made of machines",362.0,"374,1,0,0,0,0,0,0"
363,363,We made it as an accessory,363.0,"375,1,0,0,0,0,0,0"
364,364,Cars are made of parts and move,364.0,"376,1,0,0,0,0,0,0"
365,365,"Because cars are not alive, they are made by humans.",365.0,"377,0,0,0,0,0,0,0"
366,366,"""Because you don't move",366.0,"378,1,1,0,0,0,0,0"
367,367,"Because it's not life.""",367.0,"379,1,0,0,0,0,0,0"
368,368,"""A car cannot move or eat alone",368.0,"380,1,0,1,0,0,0,1"
369,369,"But I can't absorb it like a living thing.""",369.0,"381,1,0,0,0,0,0,0"
370,370,"Living things are living things, i.e., breathing, but cars don't breathe",370.0,"382,0,0,0,1,0,0,1"
371,371,It's an object and it's not alive,371.0,"383,0,0,0,0,1,0,1"
372,372,You can't eat and wrap,372.0,"384,0,1,0,0,0,1,0"
373,373,Because each person has different values.,373.0,"385,0,0,0,1,0,0,0"
374,374,Because the car is not alive,374.0,"386,1,0,0,0,0,0,0"
375,375,It's because it moves.,375.0,"387,0,0,0,0,0,0,1"
376,376,I'll go inside,376.0,"388,0,0,0,0,0,0,1389,0,0,0,0,0,0,1"
377,377,I don't have emotions and I don't think,377.0,"390,0,1,0,0,1,0,0"
378,378,It's passive,378.0,"391,1,0,0,1,0,0,1"
379,379,be emotionless and thoughtless,379.0,"392,1,0,0,0,0,0,0"
380,380,in the spirit of,380.0,"393,0,0,0,0,0,0,0"
381,381,Let's get rid of the fumes,381.0,"394,1,0,0,1,0,0,0"
382,382,"""It's a machine. It's man-made and man-made",382.0,"395,0,1,0,0,0,0,0"
383,383,"""",383.0,"396,1,1,0,0,0,0,0"
384,384,"""It's a machine made of parts",384.0,"397,1,0,0,0,0,0,0"
385,385,"Robots are like humans, but they are not living things.""",385.0,"398,0,0,0,1,0,0,0"
386,386,"Living things get energy in the process of turning inorganic matter into organic matter or turning organic matter into inorganic matter. However, cars cannot be classified as living things because there is no process of converting inorganic matter into organic matter or converting organic matter into inorganic matter.",386.0,"399,0,0,0,0,1,0,0"
387,387,"This is because living things get and break down energy themselves, but not cars.",387.0,"400,0,0,0,0,0,0,0"
388,388,"There are no cells, which are the basic units, and they do not breathe. It cannot be called a creature because it does not have metabolic activity.",388.0,"401,0,0,0,0,0,1,0"
389,389,"He doesn't get his own nourishment. And, cars have no vitality. It doesn't just pop up at some point. Cars are the objects that humans make after a long period of hard work. In addition, cars themselves do not evolve to suit the environment, but must go through human hands. Even the materials that make up a car are not biological because they are made of materials that have already been processed once, rather than made up of living things.",389.0,"402,0,0,0,0,0,0,0"
390,390,"Unlike living things, cars do not reproduce, and designers and manufacturers are essential.",390.0,"403,0,0,0,1,1,0,0"
391,391,Cars cannot be called creatures because they are artificially made and do not have the power to create energy and do not photosynthesize or consume nutrients.,391.0,"404,1,0,0,0,0,0,0"
392,392,Because cars are artificially made by humans.,392.0,"405,0,0,0,0,0,0,0"
393,393,"This is because living things get energy by producing nutrients or consuming something, not fuel, but cars do not. Also, cars are not considered creatures because they are only metal objects made by human hands, although they have their own structure.",393.0,"406,1,0,0,0,0,0,0"
394,394,"This is because there is no life and humans have to fuel it because they cannot make their own nutrients or energy. If you look at the accessories that make up a car one by one, they are all made of human-made iron blocks, so it can be said to be a single iron block over the entire car.",394.0,"407,0,0,0,0,0,0,0"
395,395,"If you try to associate an object like a car that is not alive with life in that way, there will be nothing in the world that is not similar to life. The car is not alive.This is because it is a human-made machine and cannot move on its own, and it can only move if it has something to control.",395.0,"408,0,0,0,0,0,0,0"
396,396,This is because there is no life and it does not move alive.,396.0,"409,0,1,0,0,0,0,0"
397,397,"A car is a human-made machine, not a living thing, even if it shows similar characteristics to a living thing",397.0,"410,0,0,0,0,0,0,0"
398,398,It's because cars are running,398.0,"411,0,0,0,0,1,0,0"
399,399,Because cars can't do things on their own and they make people move,399.0,"412,0,0,0,0,0,0,0"
400,400,"I can't walk on my own, I can't move",400.0,"413,0,0,0,0,1,0,0"
401,401,Because it's not alive.,401.0,"414,0,0,0,0,0,0,0"
402,402,I'm not alive,402.0,"415,0,0,0,0,0,0,0"
403,403,"I ate oil, not rice, and there were parts that weren't brain parts",403.0,"416,1,0,0,0,0,0,0"
404,404,Because it's not alive.,404.0,"417,1,0,0,0,0,0,0"
405,405,This is because it uses gas to move.,405.0,"418,0,0,0,0,0,0,0419,0,0,0,0,0,0,1"
406,406,It doesn't have a nucleus or cell,406.0,"420,0,0,0,0,1,0,0"
407,407,It is because there is lifelessness be not made up of cells,407.0,"421,0,0,0,0,1,0,0"
408,408,A living thing is alive. A car is not alive,408.0,"422,0,0,0,0,0,0,0"
409,409,"This is because living things move on their own, but cars only move when people drive.",409.0,"423,0,0,0,0,0,1,0"
410,410,I'm not alive,410.0,"424,0,1,0,0,0,0,0"
411,411,Because you can't move on your own.,411.0,"425,0,0,0,0,0,0,0"
412,412,This is because there is no life and it moves using fuel.,412.0,"426,0,1,0,0,0,0,0"
413,413,There are no organs,413.0,"427,0,1,0,0,0,0,0"
414,414,Cars are not living things because they are made up of various parts and move on fuel oil,414.0,"428,0,0,0,0,0,1,0"
415,415,"It does not meet human conditions. It's irrational, it's unthinkable.",415.0,"429,0,0,0,0,0,1,0"
416,416,This is because cars cannot feel the five senses and move according to their own will.,416.0,"430,0,0,0,0,1,1,0"
417,417,I'm not alive,417.0,"431,1,1,0,0,0,1,0"
418,418,Because there's no life and no heart,418.0,"432,0,0,0,0,0,1,1"
419,419,"It's because it's not a creature, it's not a creature made by nature",419.0,"433,0,1,0,0,0,0,0"
420,420,"Because cars are made using tools, and there is no life like animals.",420.0,"434,0,1,0,0,0,0,0"
421,421,Because living things are different from objects.,421.0,"435,1,0,0,0,0,0,0"
422,422,Cars don't breathe,422.0,"436,0,0,0,1,0,0,0"
423,423,"A living thing literally means a living object because it contains a ""killing"" character, but it is not alive even if the car moves.",423.0,"437,0,1,0,0,0,1,0"
424,424,A living thing is a living thing. But cars are just objects.,424.0,"438,0,1,1,0,0,0,0"
425,425,It is not a creature because there is no life and it is made by a person or robot.,425.0,"439,0,0,1,0,0,0,1"
426,426,Because it's not alive.,426.0,"440,0,1,0,0,1,0,0"
427,427,"Cars show similar characteristics to living things, but because they are driven by machines, if the machine stops working, the car stops right away, so it is definitely different from living things.",427.0,"441,0,1,0,0,0,1,0"
428,428,"Muron cars use energy, they develop, they grow old, they interact with each other in unity, but cars can't think differently from life. It can be seen as a creature in some way, but the one thing that can't be put together is that you can't think of a car.",428.0,"442,0,1,0,0,0,0,0"
429,429,This is because cars move using fuel without eating food or food like living things.,429.0,"443,1,0,0,0,0,0,0"
430,430,"It's because of the materials of the car. Because cars are made of scrap or copper. And cars are not creatures because they are made by people's hands and can be called objects, not creatures.",430.0,"444,0,1,0,0,0,0,1"
431,431,Because I don't have feelings,431.0,"445,0,0,0,0,0,0,1"
432,432,"Because living things move alive, cars move on fuel",432.0,"446,0,0,0,0,0,0,1"
433,433,This is because cars have no emotions and cannot think.,433.0,"447,0,0,0,0,0,0,1"
434,434,Because there's no life,434.0,"448,0,0,0,0,0,0,0449,0,1,0,0,0,0,0"
435,435,Because cars don't move alive.,435.0,"450,0,0,0,0,0,0,1"
436,436,"Cars are not lifeless, they are made up of accessories, and they cannot feel emotions or thoughts",436.0,"451,0,0,0,0,0,0,0"
437,437,"It's because there are a lot of people and if someone doesn't drive, they can't do anything",437.0,"452,0,0,0,0,0,0,0"
438,438,"I can't act like a creature, I can'",438.0,"453,0,0,0,0,0,1,1"
439,439,"This is because cars cannot do what people can, such as think and act on their own.",439.0,"454,0,0,0,0,1,0,0"
440,440,Because cars don't have self and emotion,440.0,"455,0,0,0,0,1,0,0"
441,441,I can't move myself.,441.0,"456,0,0,1,0,0,0,0"
442,442,It's not called a creature because it's made by humans,442.0,"457,0,0,0,0,0,0,0"
443,443,"This is because the car does not move by itself, but is made by themselves.",443.0,"458,0,0,0,1,0,0,0"
444,444,"Living things that have life are called living things, and cars do not have life because they are made by humans. So cars are not called creatures.",444.0,"459,0,0,0,0,0,1,0"
445,445,"This is because cars are not living creatures, but people made themselves and made them move.",445.0,"460,0,1,0,1,0,0,1"
446,446,"This is because cars cannot think or do something by themselves, and humans have to make themselves.",446.0,"461,0,0,0,0,0,0,1"
447,447,"Because cars are made of various things, not living things",447.0,"462,0,0,0,0,0,0,1"
448,448,"""A car cannot move by itself unless it is driven, pushed or pulled by a person",448.0,"463,0,0,0,0,0,0,1"
449,449,"This is because living things are made naturally, but cars have to be made entirely.""",449.0,"464,0,0,0,0,0,0,0"
450,450,"Because cars cannot move alone like living things, and they can only move when someone activates them",450.0,"465,0,1,0,0,0,0,1"
451,451,This is because cars run using fuel and move only when people control them.,451.0,"466,0,1,0,0,0,0,0"
452,452,"Because living things are made up of cells, but cars are made up of parts",452.0,"467,0,1,0,0,0,0,0"
453,453,Because I can't think on my own and I don't have emotions,453.0,"468,0,0,0,0,0,0,1"
454,454,"This is because living things are made up of cells, but cars are made up of parts.",454.0,"469,0,1,0,0,0,0,0"
455,455,What?,455.0,"470,0,1,1,0,0,0,0"
456,456,Because I don't have feelings,456.0,"471,0,1,1,0,0,0,0"
457,457,This is because it can be moved only when a person controls it and a person can repair it.,457.0,"472,0,0,0,0,0,1,0"
458,458,Because it's not alive.,458.0,"473,0,1,0,0,0,0,0"
459,459,He's not moving and he's not alive.It doesn't have any nutrients,459.0,"474,0,1,1,0,0,0,0"
460,460,"Because cars are lifeless and machines,",460.0,"475,0,0,1,0,1,0,0"
461,461,"Plants are living things that grow with sunlight and rain, and cars are made of machines",461.0,"476,1,0,1,0,0,0,0"
462,462,We made it as an accessory,462.0,"477,0,0,0,1,0,0,0"
463,463,Cars are made of parts and move,463.0,"478,0,1,0,0,0,0,0479,1,0,0,0,0,0,1"
464,464,"Because cars are not alive, they are made by humans.",464.0,"480,1,0,0,0,0,0,0"
465,465,"""Because you don't move",465.0,"481,0,0,0,0,0,0,0"
466,466,"Because it's not life.""",466.0,"482,0,1,0,0,0,0,0"
467,467,"""A car cannot move or eat alone",467.0,"483,0,0,0,0,0,0,0"
468,468,"But I can't absorb it like a living thing.""",468.0,"484,0,0,0,0,0,1,0"
469,469,"Living things are living things, i.e., breathing, but cars don't breathe",469.0,"485,0,0,0,0,0,0,0"
470,470,It's an object and it's not alive,470.0,"486,0,0,0,1,0,0,0"
471,471,You can't eat and wrap,471.0,"487,0,0,0,1,0,0,0"
472,472,Because each person has different values.,472.0,"488,0,0,0,1,0,0,0"
473,473,Because the car is not alive,473.0,"489,1,0,0,0,0,0,0"
474,474,It's because it moves.,474.0,"490,0,0,0,1,0,0,0"
475,475,I'll go inside,475.0,"491,0,0,0,0,0,0,0"
476,476,I don't have emotions and I don't think,476.0,"492,0,0,0,0,1,0,0"
477,477,It's passive,477.0,"493,1,0,0,0,0,0,0"
478,478,be emotionless and thoughtless,478.0,"494,0,0,0,1,0,0,0"
479,479,in the spirit of,479.0,"495,1,0,0,0,0,0,0"
480,480,Let's get rid of the fumes,480.0,"496,1,0,0,1,0,0,0"
481,481,"""It's a machine. It's man-made and man-made",481.0,"497,1,0,0,0,0,0,0"
482,482,"""",482.0,"498,0,0,0,1,0,0,0"
483,483,"""It's a machine made of parts",483.0,"499,0,0,0,1,0,0,0"
484,484,"Robots are like humans, but they are not living things.""",484.0,"500,1,0,0,1,0,0,0"
485,485,"Living things get energy in the process of turning inorganic matter into organic matter or turning organic matter into inorganic matter. However, cars cannot be classified as living things because there is no process of converting inorganic matter into organic matter or converting organic matter into inorganic matter.",485.0,"501,0,0,0,0,0,0,0"
486,486,"This is because living things get and break down energy themselves, but not cars.",486.0,"502,1,0,0,1,0,0,0"
487,487,"There are no cells, which are the basic units, and they do not breathe. It cannot be called a creature because it does not have metabolic activity.",487.0,"503,0,0,0,0,0,0,0"
488,488,"He doesn't get his own nourishment. And, cars have no vitality. It doesn't just pop up at some point. Cars are the objects that humans make after a long period of hard work. In addition, cars themselves do not evolve to suit the environment, but must go through human hands. Even the materials that make up a car are not biological because they are made of materials that have already been processed once, rather than made up of living things.",488.0,"504,0,0,0,0,0,0,0"
489,489,"Unlike living things, cars do not reproduce, and designers and manufacturers are essential.",489.0,"505,0,0,0,0,0,0,0"
490,490,Cars cannot be called creatures because they are artificially made and do not have the power to create energy and do not photosynthesize or consume nutrients.,490.0,"506,0,0,0,0,0,0,0"
491,491,Because cars are artificially made by humans.,491.0,"507,0,0,0,0,0,0,0"
492,492,"This is because living things get energy by producing nutrients or consuming something, not fuel, but cars do not. Also, cars are not considered creatures because they are only metal objects made by human hands, although they have their own structure.",492.0,"508,0,0,0,0,0,0,0509,0,0,0,0,0,0,0"
493,493,"This is because there is no life and humans have to fuel it because they cannot make their own nutrients or energy. If you look at the accessories that make up a car one by one, they are all made of human-made iron blocks, so it can be said to be a single iron block over the entire car.",493.0,"510,0,0,0,0,0,0,0"
494,494,"If you try to associate an object like a car that is not alive with life in that way, there will be nothing in the world that is not similar to life. The car is not alive.Because cars don't grow, they don't reproduce",494.0,"511,0,0,0,0,0,0,0"
495,495,"Living things are made up of cells, but cars are not",495.0,"512,0,0,0,1,0,0,0"
496,496,You can't clone yourself.,496.0,"513,0,0,0,0,0,0,0"
497,497,"Living things grow and reproduce on their own. In the case of automobiles, they do not grow on their own because they do not grow cells, and cars cannot make another car through reproduction. Therefore, cars are not living things because they do not have basic properties of living things.",497.0,"514,0,0,0,0,0,0,0"
498,498,Living things have to breathe on their own and go through the process of growing. Cars are not creatures because they cannot breathe on their own and do not grow.,498.0,"515,1,0,0,0,0,0,0"
499,499,"Cars cannot grow and there are manufacturers, but creatures continue to grow and there are no manufacturers. In that respect, cars and creatures cannot be seen in the same category.",499.0,"516,0,0,0,0,0,0,0"
500,500,Because cars can't talk.,500.0,"517,0,0,1,0,0,0,0"
501,501,This is because they cannot reproduce creating objects that are the same or similar to themselves.,501.0,"518,0,0,0,1,0,0,0"
502,502,"In the end, cars are made by others, and they move only when others control them. Living things have the ability to move themselves. Not only do the organs move organically, but they have to be able to adjust and use them on their own to be called life forms. Also, the car has to be recharged by someone. A living thing must get the energy it needs for its biological activity. Although there are individuals whose parents help, in the end, chewing, tearing, tasting, and enjoying food are done by themselves.",502.0,"519,0,0,0,1,0,0,0"
503,503,It's because it's made with a machine,503.0,"520,1,0,0,0,0,0,0"
504,504,This is because people can't move on their own and can move only when they drive.,504.0,"521,0,0,0,0,0,0,0"
505,505,Cars are not creatures because they cannot produce offspring.,505.0,"522,1,0,0,0,0,0,0"
506,506,I'm sorry. I don't have time,506.0,"523,0,0,0,1,0,0,0"
507,507,Because it is not composed of cells.,507.0,"524,1,0,0,0,0,0,0"
508,508,I don't know,508.0,"525,0,1,0,0,0,0,0"
509,509,This is because human thoughts and emotions do not exist.,509.0,"526,0,0,0,0,0,0,0"
510,510,Because I have no thoughts.,510.0,"527,0,1,0,0,0,0,0"
511,511,Because I don't move with my thoughts alive.,511.0,"528,0,0,0,0,0,0,0"
512,512,It's a machine,512.0,"529,1,0,0,0,0,0,0"
513,513,It's because there's no ego.,513.0,"530,0,0,0,0,0,1,0"
514,514,9.37562E+13,514.0,"531,1,0,0,0,0,0,0"
515,515,"No, you don't breathe",515.0,"532,1,0,0,0,0,0,0"
516,516,It's made of minerals,516.0,"533,1,0,0,0,0,0,0"
517,517,I don't have feelings,517.0,"534,1,0,0,0,0,0,0"
518,518,It's made by a person,518.0,"535,0,0,0,0,0,1,0"
519,519,"I don't have feelings, and I don't want to accept human-made things as human beings",519.0,"536,0,0,0,1,0,0,0"
520,520,This is because it is an artificial object made by humans.,520.0,"537,1,0,0,0,0,0,0"
521,521,I can't think about my actions,521.0,"538,0,0,0,0,0,0,1539,0,0,0,0,1,0,0"
522,522,Because I have no ego and I can't think.,522.0,"540,0,0,1,0,0,0,0"
523,523,This is because cars are artificially made without being able to think for themselves.,523.0,"541,1,0,0,0,0,0,0"
524,524,You can't move by yourself. You have to move passively,524.0,"542,0,0,0,0,1,0,0"
525,525,This is because cars are artificially made without being able to think for themselves.,525.0,"543,1,0,0,0,0,0,0"
526,526,This is because they cannot move on their own.,526.0,"544,0,0,0,0,0,0,0"
527,527,It's damaged,527.0,"545,0,0,0,0,0,0,0"
528,528,It makes me wonder if the people who call cars creatures are humans.,528.0,"546,0,0,0,1,0,0,0"
529,529,"This is because you can't move yourself and you can only move when you are filled with oil by someone. Also, it is because one cannot get nourishment or what one needs.",529.0,"547,0,0,0,0,0,0,0"
530,530,It's because there's no life,530.0,"548,1,0,0,1,0,0,0"
531,531,I don’t know well.,531.0,"549,1,0,0,0,0,0,0"
532,532,It's not alive,532.0,"550,0,0,0,1,0,0,0"
533,533,"Yes, yes",533.0,"551,0,0,0,0,0,1,1"
534,534,M and D,534.0,"552,0,1,0,0,0,0,0"
535,535,Because I don't have the ability to think for myself.,535.0,"553,0,1,0,0,0,0,0"
536,536,It's not alive,536.0,"554,0,0,1,0,0,0,0"
537,537,Cars don't photosynthesize like plants do,537.0,"555,0,0,0,0,0,0,1"
538,538,This is because living things are made by themselves and cars are made by humans who are living things.,538.0,"556,0,0,0,0,0,0,0"
539,539,Because it's not alive.,539.0,"557,0,1,0,0,0,1,1"
540,540,Because I don't get old or die,540.0,"558,0,0,0,0,0,1,1"
541,541,This is because they think for themselves and don't move.,541.0,"559,1,0,0,0,0,0,0"
542,542,I can't think by myself and do things myself,542.0,"560,0,0,0,0,0,0,0"
543,543,This is because it is artificially made by humans and there is nothing related to life activities such as the individual tissues of cells.,543.0,"561,1,1,0,0,0,0,1"
544,544,out of existence,544.0,"562,1,0,0,0,0,0,0"
545,545,"A car is made up of parts, and because parts are artificially made inanimate objects, a car is not a car is not a living thing.",545.0,"563,0,1,0,0,0,1,1"
546,546,"Cars cannot think, judge, and act independently, but living things cannot think, judge, and act independently.",546.0,"564,0,0,0,0,0,1,0"
547,547,It's made with human hands,547.0,"565,0,1,1,0,0,0,0"
548,548,This is because it does not reproduce unlike animals and plants.,548.0,"566,0,0,0,0,0,0,1"
549,549,He couldn't move by himself,549.0,"567,0,1,1,0,1,0,0"
550,550,"This is because cars do not divide cells and, above all, they do not move unless controlled by humans.",550.0,"568,0,0,0,1,0,1,0569,1,1,1,0,0,0,0"
551,551,"Then, do you call cars creatures?",551.0,"570,0,0,1,1,0,0,0"
552,552,"Using the parts,",552.0,"571,0,1,0,0,0,0,0"
553,553,Because it is not composed of cells.,553.0,"572,0,1,1,0,0,0,0"
554,554,Because it is made of various parts.,554.0,"573,0,0,0,1,1,0,0"
555,555,Because cars are made by humans,555.0,"574,0,0,0,0,0,0,0"
556,556,It's made by humans,556.0,"575,0,1,1,1,0,1,1"
557,557,"Unlike living things, cars are made up of accessories",557.0,"576,0,0,1,1,0,0,0"
558,558,"This is because living things must have a nucleus and cells, but cars do not have basic elements of living things.",558.0,"577,0,0,1,0,0,0,1"
559,559,Cars have no desire.,559.0,"578,1,1,0,0,0,0,0"
560,560,It's made of parts,560.0,"579,0,1,1,1,0,0,0"
561,561,I don't do life activities like my heart is beating,561.0,"580,1,0,0,0,0,0,0"
562,562,He doesn't live and breathe. He doesn't move according to his will,562.0,"581,0,0,0,1,0,0,0"
563,563,Because I'm not doing well,563.0,"582,0,0,0,0,0,0,0"
564,564,It's a man-made creation,564.0,"583,1,0,0,0,0,0,0"
565,565,Cars don't breathe,565.0,"584,0,0,0,0,0,0,0"
566,566,Because it's an object,566.0,"585,0,0,0,0,0,0,1"
567,567,Because there are no characteristics of life,567.0,"586,1,0,0,0,1,1,0"
568,568,Because cars don't move by themselves,568.0,"587,0,0,0,0,0,0,1"
569,569,You can't move or think on your own,569.0,"588,1,0,0,0,0,0,0"
570,570,This is because you can use it only when you drive it yourself.,570.0,"589,0,1,0,0,0,1,0"
571,571,"""1.It is because living things can think and move autonomously on their own, but cars cannot.",571.0,"590,1,0,0,0,0,0,0"
572,572,"2.Because it is an object created by humans.""",572.0,"591,1,0,0,1,0,0,0"
573,573,Because it's made by humans?,573.0,"592,0,0,0,0,0,0,0"
574,574,It's because you don't do life activities such as breathing or excretion,574.0,"593,1,0,0,0,0,0,0"
575,575,"They don't produce energy themselves, they don't have genetic material, they don't have nuclear weapons.",575.0,"594,0,0,0,0,0,0,0"
576,576,This is because they cannot clone themselves to make other cars and do not have reproductive functions.,576.0,"595,0,0,0,0,0,0,0"
577,577,This is because they cannot clone themselves to make other cars and do not have reproductive functions.,577.0,"596,0,0,0,0,0,0,0"
578,578,The car is not getting bigger.,578.0,"597,0,0,0,1,1,0,0"
579,579,It's because you don't create the energy to work on yourself,579.0,"598,0,0,0,0,0,0,0599,0,0,0,0,1,0,0"
580,580,"Living things move by themselves, but cars are not living things because they turn the engine on fuel and move on to the engine.",580.0,"600,0,1,1,0,0,0,1"
581,581,"This is because cars do not reproduce like living things, do not engage in cell activity, and do not have cells composed of ribosomes and nuclear genetic materials.",581.0,"601,0,0,0,0,0,0,1"
582,582,"A living thing is an organism that has life and performs life activities on its own. And just because accessories, components, are organically organized with each other, it is not a living thing, but it is hard to see a car as a living thing because it is not a living thing, but a person who does not do it directly needs fuel and is not composed of cells.",582.0,"602,0,0,0,0,0,1,0"
583,583,"Cars are made artificially, through machines or parts, selfless, and can only move purposefully. Life, on the other hand, is a living thing. Living things can breathe, get nutrients, and spread offspring. Therefore, cars are not called creatures.",583.0,"603,0,1,0,0,0,1,0"
584,584,Cars can never become life like animals and plants because they do not actively get nutrients. And it's not life because it's driven passively by humans.,584.0,"604,0,0,0,0,0,0,0"
585,585,"The basic unit of living things is cells. Living things have genetic material, ribosomes, etc., so they inherit and synthesize proteins. But cars are machines and don't do genetic or protein synthesis. In addition, cars cannot be said to be creatures because humans are artificially made of iron, rubber, glass, and plastic, unlike creatures that reproduce through reproduction.",585.0,"605,0,1,0,0,0,0,0"
586,586,"First, the reason why cars cannot be separated into living things is that they are machines made by humans. Of course, humans can make an organism artificially, but it is a biological element based on biological principles. However, cars cannot be called creatures because they are made of factors unrelated to biological factors such as fuel, screws, steel plates, and machine parts",586.0,"606,0,0,0,0,0,0,0"
587,587,"It does not metabolize substances, does not function as reproductive functions, does not function as hereditary functions, and does not consist of cells.",587.0,"607,0,1,0,0,0,0,0"
588,588,This is because there are no nuclei and no cells.,588.0,"608,0,0,0,1,0,0,0"
589,589,"It is difficult to define living things, but it can be determined by whether they generally have homeostasis or whether they grow and reproduce. In particular, it can be determined whether it is growing and reproducing. Although cars are organically connected with numerous accessories, they do not grow and even more do not leave their genetic traits in their descendants through reproduction. Therefore, cars are not creatures.",589.0,"609,0,0,0,0,0,0,0"
590,590,"It is true that cars run using fuel and humans also work through food intake, but cars only transfer energy generated by burning fuel to the engine and humans transfer it to the entire body. In addition, unlike living things, cars do not have their own will, so they cannot move on their own unless humans control them.",590.0,"610,0,0,0,0,0,0,1"
591,591,"Do not engage in activities necessary for living things, such as breathing activities, breeding, or growth.",591.0,"611,0,0,0,0,0,0,1"
592,592,"This is because cars do not run with their own thoughts and judgments, and they are not made up of cells.",592.0,"612,0,0,0,0,1,0,1"
593,593,"Cars cannot make their own offspring, they need people to make them. Also, life is not made by the maker. Man cannot create new life forms. And cars don't grow.""Life is an object that has life and maintains its own life. In other words, life is called life, and unlike inanimate objects, living things have a system composed of cells, and they can grow and multiply on their own through metabolism. It is also characterized by responding to external stimuli and adapting to changes in the environment. Cars have something in common with living things in that they have developed over time and are made of materials. However, the reason for not calling a car a creature is simply not fit for the definition of a creature. This is because cars cannot adapt on their own, let alone grow and multiply on their own, and they always need human help.",593.0,"613,0,0,0,1,0,0,0"
594,594,"""",594.0,"614,0,0,0,0,0,0,1"
595,595,Cars cannot reproduce on their own and act on their own.,595.0,"615,0,0,0,0,0,0,0"
596,596,"Living things grow with nutrients, but cars don't grow. Also, living things reproduce, but cars do not reproduce.",596.0,"616,0,1,0,0,0,0,0"
597,597,"This is because cars are caused by manufacturers in the process of development, but life grows and adapts itself to the surrounding environment in the process of development. Also, life is basically breathable, but cars are impossible.",597.0,"617,0,0,0,1,0,0,0"
598,598,"Cars have similar characteristics to living things, but they are not living things. Because cars are like living things",598.0,"618,0,1,0,0,0,0,1"
599,599,They don't photosynthesize or hunt for their own survival,599.0,"619,1,0,0,0,0,0,0"
600,600,"It is driven by fuel injected by humans, and without humans, cars cannot move.",600.0,"620,0,0,0,0,0,1,0"
601,601,"That is why cars are not creatures.""",601.0,"621,0,0,0,1,0,0,0"
602,602,"In order to be determined to be a creature, six conditions must be satisfied. The conditions include whether it is composed of cells, metabolizing substances, responding to stimuli and maintaining homeostasis, generation and growth, reproduction and heredity, adaptation and evolution. Cars are not called creatures because they do not meet these conditions.",602.0,"622,0,0,0,0,0,1,0"
603,603,"Cars can be re-operated at any time if they are fueled without fuel for a long time, but living things cannot survive unless they are supplied with the necessary nutrients for a certain period of time. Living things need water to survive, but cars don't need water. Unlike living things, cars maintain homeostasis and do not grow.",603.0,"623,0,1,0,0,0,0,1"
604,604,"It takes several conditions to call a car a 'life' like other life forms.First of all, cars cannot be viewed as the same category as will-bearing creatures because they move and move through injected fuel, not their own will, but are directly controlled by humans or by man-made programs.Also, cars do not grow, so it is too much to be considered life.",604.0,"624,0,0,0,0,0,0,1"
605,605,"""Birth means being alive in simple terms. Living creatures must be able to breathe, eat nutrients, and spread offspring, and those who cannot do this are said to be nonliving things, not living things. Thus, cars powered by humans, made by someone, unable to reproduce offspring, and produced in large quantities cannot be called creatures.",605.0,"625,0,1,0,1,0,1,1"
606,606,"""",606.0,"626,0,0,0,0,0,0,0"
607,607,"Cars don't make copies of themselves (breeding), don't grow, and don't write them down for the outside environment.",607.0,"627,1,0,0,0,0,0,0"
608,608,"You can't live on your own, you're a machine, not a creature",608.0,"628,0,1,0,0,0,0,0629,0,1,0,0,0,0,0"
609,609,"First of all, cars don't move or think on their own",609.0,"630,0,1,0,0,0,0,1"
610,610,Because it's not alive.,610.0,"631,0,0,0,1,0,0,1"
611,611,Because cars are human-made objects.,611.0,"632,0,0,0,1,0,0,0"
612,612,Don't know,612.0,"633,0,0,0,0,0,1,0"
613,613,It's because I don't do life activities.,613.0,"634,0,1,1,0,1,0,0"
614,614,"This is because cars do not breathe and live on their own like living things, and do not have the same structure as living things. In addition, it is because humans artificially produced in large quantities in factories.",614.0,"635,0,1,0,1,0,0,0"
615,615,This is because they do not act on their own and do not make or consume nutrients on their own.,615.0,"636,0,0,0,1,0,0,1"
616,616,Cars are made by humans,616.0,"637,0,0,0,0,0,0,1"
617,617,"This is because cars do not have cells, so they cannot divide cells and reproduce.",617.0,"638,0,0,0,0,0,0,1"
618,618,It's because humans made it artificially,618.0,"639,0,1,0,0,0,0,0"
619,619,Cars are tools that humans artificially create. This is because cars can't take nutrients and think on their own.,619.0,"640,0,0,0,0,1,0,0"
620,620,Because cars can't act on their own,620.0,"641,0,0,0,0,0,0,1"
621,621,Because it is an invention made using inanimate objects.,621.0,"642,0,0,0,0,0,0,0"
622,622,It's because people use it a lot.,622.0,"643,0,0,0,1,0,0,0"
623,623,Because cars cannot act on their own like living things,623.0,"644,0,0,0,1,0,0,0"
624,624,Because cars are lifeless,624.0,"645,1,0,0,0,0,0,0"
625,625,"Most living things breathe and have their own will. Also, living things have the power to move themselves, but there are no cars.",625.0,"646,0,0,0,0,0,0,0"
626,626,Living things use the seven laws of life in science. But cars don't follow this law.I,626.0,"647,0,0,0,0,1,0,0"
627,627,It is because they are not alive and do not breathe.,627.0,"648,0,0,0,0,0,1,0"
628,628,"It doesn't have genes, evolution, metabolism, reproduction, and development, which are the basic characteristics of living things",628.0,"649,0,0,0,0,0,0,1"
629,629,Cars are not living things because they don't get energy from metabolism.,629.0,"650,1,0,0,0,0,0,0"
630,630,It's not made up of cells,630.0,"651,1,0,0,0,0,0,0"
631,631,This is because it is not composed of cells and does not have genetic materials such as DNA or RNA.,631.0,"652,0,0,0,1,0,0,0"
632,632,"This is because cars need a source of fuel and do not think and move on their own, but move as designed.",632.0,"653,1,0,0,0,0,0,0"
633,633,It does not reproduce.,633.0,"654,1,0,0,0,0,0,0"
634,634,I wonder if we need a reason,634.0,"655,0,0,0,0,0,0,1"
635,635,This is because they cannot produce themselves.,635.0,"656,0,0,0,0,0,0,1"
636,636,I don't think about it,636.0,"657,0,0,0,0,0,0,1"
637,637,failure to act on one's own,637.0,"658,0,0,0,0,0,0,1659,1,0,0,0,1,0,0"
638,638,The car did not generate energy on its own. The reason why it can't be called a creature is because it moves by receiving work from external energy.,638.0,"660,0,0,0,0,0,1,0"
639,639,You can't make your own nutrients,639.0,"661,0,0,0,0,0,0,0"
640,640,Because I don't breathe cells.Because I don't have metabolism.,640.0,"662,0,0,0,0,0,1,0"
641,641,"Cars are called machines, not living things, because they don't have their own thoughts and wills, and they don't have their own egos",641.0,"663,0,0,0,0,0,0,1"
642,642,This is because it does not metabolize matter on its own and is not a living creature.,642.0,"664,0,1,0,0,0,0,0"
643,643,.,643.0,"665,1,0,0,0,0,0,0"
644,644,This is because growth and reproduction do not occur.,644.0,"666,0,0,0,0,0,0,1"
645,645,"You can't move or think on your own. It's not an independent object, it's a command to execute",645.0,"667,1,0,0,0,0,0,0"
646,646,"This is because it does not have characteristics of living things such as self-growth, metabolism, etc.",646.0,"668,0,0,0,0,0,1,0"
647,647,Because it's not an organism.,647.0,"669,0,1,0,0,0,0,1"
648,648,Not made up of cells,648.0,"670,0,0,0,0,0,0,1"
649,649,Cars don't have a constancy.,649.0,"671,0,0,0,0,0,1,0"
650,650,It's not that similar. There are no cells.,650.0,"672,0,0,0,1,0,0,1"
651,651,"No heredity, no metabolism",651.0,"673,0,0,0,0,0,0,0"
652,652,"This is because they cannot metabolize, move, or control substances on their own.",652.0,"674,0,0,0,0,0,0,1"
653,653,"Cars reproduce and reproduce, but they give birth and cannot generate energy by themselves. Automobiles cannot evolve and adapt themselves, are composed of cells, and cannot perform water irradiation.",653.0,"675,0,0,0,0,0,1,0"
654,654,It won't kill you.,654.0,"676,0,1,0,0,0,0,0"
655,655,man-made,655.0,"677,0,0,0,0,0,0,0"
656,656,Because they can't reproduce,656.0,"678,0,0,0,0,0,0,1"
657,657,Because it doesn't reproduce.,657.0,"679,0,0,0,1,1,0,0"
658,658,It doesn't reproduce. have no metabolism,658.0,"680,0,0,0,0,0,1,0"
659,659,"Among the characteristics of living things, metabolism, maintenance, and adaptation are not satisfactory.",659.0,"681,0,0,0,0,0,1,0"
660,660,I can't think.,660.0,"682,0,1,0,0,0,0,1"
661,661,be not made up of cells,661.0,"683,0,0,1,0,0,0,0"
662,662,"It does not have biological characteristics such as breeding, growth, and breathing.",662.0,"684,0,1,1,0,0,1,1"
663,663,"They can't think for themselves, they can't thaw, they can't leave their descendants behind",663.0,"685,0,1,0,0,0,1,1"
664,664,"Jangdong tea cannot make nutrients through its own metabolic process, and it develops in an evolutionary manner, not an evolution, as it changes according to the environment.",664.0,"686,1,1,1,0,1,0,0"
665,665,It doesn't get energy from metabolism.,665.0,"687,0,0,0,0,0,0,0"
666,666,Biology and inanimate objects are classified by whether they can metabolize substances.,666.0,"688,0,0,0,0,0,1,0689,0,0,0,0,0,0,0"
667,667,"Cars are not creatures because they do not move by themselves with their own will, instinctively do not eat the food they need, and do not continue generations",667.0,"690,0,0,0,1,0,1,0"
668,668,Because I don't breathe.,668.0,"691,1,1,1,0,0,0,0"
669,669,Because cars do not have life activities.,669.0,"692,0,1,1,0,0,0,0"
670,670,It is because it does not have the characteristics of living things.,670.0,"693,0,0,0,0,0,1,1"
671,671,"People, animals, plants all have emotions, but cars don't have emotions",671.0,"694,0,0,0,0,0,1,0"
672,672,Because there is no ego.,672.0,"695,0,0,1,1,0,0,1"
673,673,It's a machine that's not alive,673.0,"696,0,1,1,1,0,1,1"
674,674,Because it is connected by parts.,674.0,"697,1,0,0,1,0,0,0"
675,675,It's because I don't do breathing activities.,675.0,"698,0,0,0,0,0,0,0"
676,676,Because there are no cells and there are no structures of living things,676.0,"699,0,0,0,0,0,0,0"
677,677,Cars cannot generate energy on their own and can only move if they are fueled.,677.0,"700,0,0,0,0,1,0,0"
678,678,Iron? It's not nature,678.0,"701,0,0,0,0,0,0,0"
679,679,Because cars are made by humans,679.0,"702,0,0,0,1,0,0,0"
680,680,Because cars cannot move on their own with their egos.,680.0,"703,1,0,0,0,0,0,0"
681,681,A car is nothing but a thing.,681.0,"704,0,0,0,0,0,0,0"
682,682,I make my own cars,682.0,"705,0,0,0,0,1,0,0"
683,683,Because I can't do life activities on my own.,683.0,"706,0,0,0,0,0,0,0"
684,684,This is because they do not metabolize substances like humans.,684.0,"707,0,0,0,0,0,0,0"
685,685,I don't do life activities,685.0,"708,1,0,0,0,0,0,0"
686,686,It does not metabolize matter.,686.0,"709,0,0,0,0,0,0,0"
687,687,This is because it is an artificially made object and does not breathe.,687.0,"710,0,0,0,0,0,0,0"
688,688,There are no cells,688.0,"711,0,0,0,0,1,0,0"
689,689,Because cars are not creatures that can act directly.,689.0,"712,0,0,0,0,0,0,0"
690,690,There are no cells and nuclei,690.0,"713,0,0,0,0,0,0,0"
691,691,Because it does not metabolize matter.,691.0,"714,1,0,0,0,0,0,0"
692,692,"It's because cars don't have cell division, heredityIt's artificial and it can't move on its own",692.0,"715,1,0,0,0,0,0,0"
693,693,I don't have metabolism,693.0,"716,1,0,0,0,0,0,0"
694,694,It's a machine,694.0,"717,0,0,0,0,0,0,0"
695,695,It's because it's not made of cell structure.,695.0,"718,1,0,0,1,0,0,0719,1,0,0,0,0,0,0"
696,696,Do not metabolize matter. It doesn't do heredity and reproduction.,696.0,"720,1,0,0,0,0,0,0"
697,697,I can't metabolize by myself,697.0,"721,0,0,0,0,0,0,0"
698,698,This is because cars do not have the nucleus that living things have.,698.0,"722,1,0,0,0,0,0,0"
699,699,Because it does not metabolize substances and is different from the properties of living things such as constancy.,699.0,"723,1,0,0,0,0,0,0"
700,700,.,700.0,"724,1,0,0,0,0,0,0"
701,701,Because I can't generate energy by myself.,701.0,"725,0,0,0,1,0,0,0"
702,702,"This is because cars do not have genetic material, do not have cell membranes, and do not have ribosomes that can synthesize proteins.",702.0,"726,1,0,0,0,0,0,0"
703,703,They do not make or consume nutrients by themselves and cannot give birth to babies.,703.0,"727,1,0,0,0,0,0,0"
704,704,"This is because there is nothing you can do on your own. This is because living things do their own life activities, but not in the case of cars.",704.0,"728,0,0,0,0,1,0,0"
705,705,"This is because living things metabolize materials that synthesize and use energy by themselves, but cars must be passively supplied with energy.",705.0,"729,0,0,0,1,1,0,0"
706,706,This is because they do not have the ability to think without breathing like humans.,706.0,"730,1,0,0,0,0,0,0"
707,707,"This is because cars do not have cells, the basic unit of living things.",707.0,"731,1,0,0,0,0,0,0"
708,708,"As can be seen in A and B above, cars also get nutrients like living things to generate energy and have complex structures. However, cars are not made up of cells, unlike living things, which are the basic units that make up living things. Therefore, cars cannot be regarded as living things.",708.0,"732,0,0,0,1,0,0,0"
709,709,"The basic conditions of a living body are to be able to perform life activities on their own, to be able to reproduce, that is, to be able to perform life activities. However, cars are not able to do life activities on their own.",709.0,"733,1,0,0,1,0,0,0"
710,710,It doesn't grow.,710.0,"734,0,0,0,0,0,0,0"
711,711,"Cars do not metabolize substances because they do not have enzymes. In addition, it is not composed of cells, so it does not occur or grow, and it does not reproduce for species reproduction.",711.0,"735,0,0,0,0,0,0,1"
712,712,"""Bodies must have material metabolism. Living things must be made up of cells. Living things are",712.0,"736,0,0,0,1,0,0,0"
713,713,"You must have genetic material. However, the car does not satisfy any of the above three conditions. Therefore, cars are not creatures.""",713.0,"737,0,0,0,0,0,0,0"
714,714,"It does not breathe, which is characteristic of living things, nor does it reproduce and grow. It is also because there are manufacturers and designers who manufactured cars.",714.0,"738,1,0,0,0,0,0,0"
715,715,"Living things usually live in a way that they get organic matter and release energy without the help of someone. However, cars do not seem to be called creatures because they need to be fueled by humans and everything that allows them to move is driven by human help. And I think it's hard to be considered a creature because you can't make an object called a car by making and connecting various parts by yourself.",715.0,"739,1,0,0,1,0,0,0"
716,716,"Cars are machines only, and they are not like living things. While living things have cells, cars have no such thing as cells, and living things can use their own way of getting nutrients, cars can run only when humans fuel themselves.",716.0,"740,0,0,0,0,0,0,0"
717,717,"Living things are made up of cells.Cells have genetic material and ribosomes, which reproduce and engage in various life activities.They live by forming proteins through ribosomes to obtain nutrients, and cars are not creatures because they cannot become independent objects and take the initiative because they do not have genetic material, and they cannot move alone without fuel.",717.0,"741,0,0,0,0,0,1,0"
718,718,"Living things are cells and do life activities such as breathing. Although cars have similar characteristics to living things, such as the nutrient of fuel and the structure and accessories of cars are organically organized with each other, they are not called living things because they are not made of cells and do not engage in life activities.",718.0,"742,0,0,0,0,0,1,0"
719,719,"The reason why cars are not living things is that they do not have DNA, a genetic material. Also, cars cannot grow on their own, and crucially, cars are only human-made 'stuff'.",719.0,"743,0,0,0,0,1,0,0"
720,720,"It does not grow and does not have genetic material, so it cannot reproduce.",720.0,"744,0,0,0,0,0,0,0"
721,721,"Living things are made up of cells, and life activities such as cellular respiration must be carried out in the cells. However, cars are not creatures because they only move using fuel and have a structure made up of only accessories.",721.0,"745,0,0,0,0,0,0,0"
722,722,"Someone said, cars are like people. Biology should be self-replicating, but this is not the case. And ribosomes exist, so you have to synthesize proteins, but they're not. DNA, a genetic material, also does not exist, so for these reasons, cars are not called creatures.",722.0,"746,0,0,0,0,0,0,0"
723,723,"Living things are things that have life. It is a generic term for proliferation, growth, substance metabolism, stimulation reactivity, and regulatory properties, and is divided into animals, plants, and microorganisms. However, cars do not have metabolism, do not respond to stimuli, and cannot control themselves. They can't even grow on their own. Therefore, cars are not creatures.",723.0,"747,0,0,0,0,0,0,0"
724,724,"Biology has three capabilities: self-proliferation, energy conversion, and homeostasis.",724.0,"748,1,0,0,0,0,0,0749,0,0,0,0,0,0,0"
725,725,,725.0,"750,1,0,0,0,0,0,0"
726,726,1. Metabolism of substances.,726.0,"751,0,0,0,1,0,0,0"
727,727,a chemical reaction in which necessary substances in the body are synthesized and decomposed,727.0,"752,0,0,0,0,1,0,0"
728,728,Energy must come in and out,728.0,"753,0,0,0,0,0,0,0"
729,729,Enzymes mediate the reaction.,729.0,"754,1,0,0,0,0,0,0"
730,730,,730.0,"755,1,0,0,0,0,0,0"
731,731,2. Stimulation and reaction,731.0,"756,0,0,0,0,0,0,0"
732,732,Sensing and responding to changes in the environment (stimulation) as essential to survival,732.0,"757,0,0,0,1,0,0,0"
733,733,,733.0,"758,1,0,0,0,0,0,1"
734,734,3. Maintain homeostasis,734.0,"759,0,0,0,0,1,0,0"
735,735,"Even if the external environment changes, it has the property of maintaining a constant internal environment.",735.0,"760,0,0,0,1,0,0,0"
736,736,"Maintain body temperature, blood sugar level, fluid concentration, etc",736.0,"761,0,0,0,0,0,0,0"
737,737,,737.0,"762,1,0,0,0,0,0,0"
738,738,4. Reproduction and heredity,738.0,"763,0,0,0,0,0,0,1"
739,739,To leave a descendant who resembles himself in order to maintain his race.,739.0,"764,0,0,0,0,0,0,0"
740,740,,740.0,"765,0,0,0,1,0,1,0"
741,741,5. Occurrence and growth,741.0,"766,0,0,0,0,0,0,0"
742,742,"Cells grow larger, or grow in numbers by cell division.",742.0,"767,0,0,0,0,1,0,0"
743,743,,743.0,"768,0,0,0,0,0,0,0"
744,744,6. Adaptation and Evolution,744.0,"769,0,0,0,0,0,0,1"
745,745,Adapted to the current environment and can change as the environment changes.,745.0,"770,1,0,0,0,0,0,0"
746,746,"Evolutionary theory argues that if a changed trait survives in favor of the environment, it becomes a new species.",746.0,"771,0,0,0,0,0,0,0"
747,747,,747.0,"772,1,0,0,0,0,0,0"
748,748,7. a sophisticated and complex system,748.0,"773,0,0,0,1,0,0,0"
749,749,"All living things are made up of cells.""",749.0,"774,0,0,0,1,0,0,0"
750,750,"Cars cannot be regarded as living things because they do not move based on their own thoughts and act simply according to orders. In addition, life and automobiles are not viewed as creatures with subjects because there are many differences in composition and way of motion, and they are fundamentally created by humans, a kind of creature.",750.0,"775,0,0,0,0,0,0,0"
751,751,It's because there's no brain,751.0,"776,0,0,0,0,0,0,0"
752,752,Cars are not organisms,752.0,"777,0,0,0,0,0,0,0"
753,753,Because I didn't breathe,753.0,"778,0,0,0,1,0,0,0779,0,0,0,0,0,0,0"
754,754,"Living things should be able to move on their own, but cars are not",754.0,"780,0,0,0,0,1,0,0"
755,755,Because I can't think and move on my own.,755.0,"781,1,0,0,0,0,0,0"
756,756,Machine,756.0,"782,0,0,0,0,0,0,0"
757,757,This is because they cannot move or engage in activities on their own.,757.0,"783,0,0,0,0,1,0,0"
758,758,Because they don't live and breathe.,758.0,"784,0,0,0,0,0,0,0"
759,759,I don't know.,759.0,"785,0,0,0,0,0,0,1"
760,760,You can't make or consume nutrients on your own.,760.0,"786,0,0,0,0,0,0,1"
761,761,Because it's artificial,761.0,"787,0,0,0,1,0,0,0"
762,762,Because I'm not alive,762.0,"788,0,0,0,1,0,0,0"
763,763,M and D,763.0,"789,0,0,0,1,0,0,0"
764,764,Because I didn't breathe,764.0,"790,1,0,0,0,0,0,0"
765,765,I know...,765.0,"791,0,0,0,0,0,0,1"
766,766,"Unlike living things, it moves only when there is a subject that makes them move.",766.0,"792,0,0,0,0,0,0,1"
767,767,It's because it's made of artificially made machines,767.0,"793,0,0,0,1,0,0,0"
768,768,Because the accessories that make up the car are inanimate objects,768.0,"794,0,0,0,0,0,0,1"
769,769,Because cars are made by humans,769.0,"795,0,0,0,0,0,0,0"
770,770,"No, no, no. No, no, no",770.0,"796,0,0,1,0,0,0,0"
771,771,"""It is a semiconductor that is developed because it is not capable of emotion and recognition and is made of human hands and knowledge.",771.0,"797,0,0,0,0,0,0,1"
772,772,"It is common knowledge for kindergarteners to call them human-like creatures.""",772.0,"798,0,1,1,0,0,0,0"
773,773,Because it belongs to the humanistic environment created by humans,773.0,"799,0,0,0,0,0,1,0"
774,774,It's a human-made machine,774.0,"800,0,0,0,0,0,1,0"
775,775,This is because living creatures do not have the vitality to have.,775.0,"801,0,0,0,0,0,0,0"
776,776,made by man,776.0,"802,0,0,0,0,0,1,0"
777,777,It was made artificially,777.0,"803,0,0,0,1,0,0,0"
778,778,Cars are made by humans and are not creatures because they have to be controlled by humans rather than driven by themselves,778.0,"804,0,0,0,1,0,0,0"
779,779,Because you don't think for yourself and you don't have feelings,779.0,"805,0,0,0,1,0,0,0"
780,780,It's made by humans,780.0,"806,0,0,0,0,0,0,0"
781,781,Because cars are machines,781.0,"807,0,0,0,0,0,0,0"
782,782,Cars can't breathe,782.0,"808,0,0,0,0,0,0,0809,1,0,0,0,0,0,0"
783,783,This is because a car is just a machine without breathing or acting on its own.,783.0,"810,0,0,0,0,0,0,0"
784,784,Because cars are made of objects and can't move themselves,784.0,"811,0,0,0,0,0,0,0"
785,785,Because they are all made of different materials.,785.0,"812,0,0,0,0,0,0,0"
786,786,I couldn't talk or think,786.0,"813,1,0,0,0,0,0,0"
787,787,This is because it is mechanically made and does not think and feed.,787.0,"814,0,0,0,0,0,0,0"
788,788,This is because the car is only driven by the user's commands and cannot be thought of by itself.,788.0,"815,0,0,0,0,0,0,0"
789,789,Cars are not called creatures because they don't do activities like breathing or photosynthesis,789.0,"816,0,0,0,0,0,0,0"
790,790,Because I can't move alone without thinking like a living thing,790.0,"817,0,0,0,1,0,0,0"
791,791,"Living things can live and move with intelligence on their own and live using nutrients, but cars cannot move on their own in the first place and cannot work to get nutrients, so they are not creatures.Living things are alive and have lives because cars are just machines made by humans and cannot act on their own.",791.0,"818,0,0,0,0,0,0,1"
792,792,"It's because it's made by human lectures, intelligence on the back, and it can be disassembled and assembled",792.0,"819,0,0,0,0,0,0,0"
793,793,Because tea has different kinds and different thoughts.,793.0,"820,0,0,0,1,0,0,0"
794,794,"All living things on earth have cells, because cars don't have cells",794.0,"821,0,0,0,0,0,0,0"
795,795,There are no cells.,795.0,"822,1,0,0,0,0,0,0"
796,796,Who thinks cars are creatures? Do cars breathe?It's because I don't breathe.,796.0,"823,0,0,0,0,0,0,0"
797,797,Because it's stupid to say that a car is a creature,797.0,"824,0,0,0,0,1,0,1"
798,798,"Living things need to be alive, but cars don't That's why it's not called a creature",798.0,"825,0,0,0,1,0,0,0"
799,799,A car can't move its own way,799.0,"826,0,0,0,1,0,0,0"
800,800,He can't move on his own,800.0,"827,0,0,0,0,0,0,0"
801,801,Because it's man-made,801.0,"828,1,0,0,0,0,0,0"
802,802,I don't know.,802.0,"829,0,1,0,0,0,0,0"
803,803,"This is because it is a machine made of scrap, unlike living things.",803.0,"830,0,0,0,0,0,0,1"
804,804,I can't think and feel it,804.0,"831,1,1,0,0,0,0,0"
805,805,Cars don't breathe,805.0,"832,0,0,0,0,0,1,0"
806,806,"This is because living things move spontaneously and breathe and photosynthesize.Cars, on the other hand, tend to be driven passively by humans.",806.0,"833,0,0,0,0,0,0,0"
807,807,It's made up of machines,807.0,"834,0,0,0,0,0,0,1"
808,808,"Organized organically with a variety of accessories, the characteristics of living things are not revealed",808.0,"835,,,,,,,"
809,809,I didn't move by myself,809.0,"836,,,,,,,"
810,810,Cars are not living things because they are not living things,810.0,"837,20.4%,12.1%,6.0%,16.9%,8.7%,9.7%,12.6%"
811,811,It's because you can't move without fuel and it's artificially made,,
812,812,"This is because living things breathe, move, and supply nutrients on their own, but they are not automobiles.",,
813,813,I can't do anything on my own,,
814,814,It's not a creature,,
815,815,"This is because living things do not live and breathe, but they are artificial objects that we make ourselves.",,
816,816,"Living things use their energy sources by their own power, but cars are not called living things because they can move only when we supply fuel.",,
817,817,"""Yes, yes""",,
818,818,"""",,
819,819,It's because there's no emotion and no cell activity,,
820,820,I didn't think about it,,
821,821,Because I didn't breathe,,
822,822,I don't know,,
823,823,They can't get energy and they have to get fuel,,
824,824,"Because it's created by the human head, a creature",,
825,825,"It is because it is characteristic similar to living things, but it is not living things.",,
826,826,Because cars do not look natural.,,
827,827,"This is because living things can maintain their lives by their own abilities, but cars can't move with the help of other beings and act on their own will, and they move under the control of other beings",,
828,828,This is because cars do not think and do not act on their own.,,
829,829,It's not moving,,
830,830,"Is that a creature, you think?",,
831,831,Because living things mean animals and plants,,
832,832,It's because you can only work if you have a user and you don't have a will,,
833,833,Because it's not a creature.,,
834,834,"Living things are alive and breathing, and cars are not alive and breathing.",,
835,835,Cars are not called shrimp-움 bodies because they are human-made objects that are driven by humans.,,
836,836,Because I didn't breathe,,
837,837,I don't have a heart,,
838,838,It's not,,
839,839,Do not breathe cells,,
840,840,do not metabolize matter,,
841,841,Because cars can't think.,,
842,842,"It's because you can't think, feel emotions, and judge yourself",,
843,843,I didn't think about it,,
844,844,It's because it's made by humans,,
845,845,Do not metabolize substances on your own,,
846,846,Because I don't metabolize substances,,
847,847,I didn't think about it,,
848,848,"This is because they are not active using nutrients, and the activity itself moves through human hands rather than self-reliance.",,
849,849,This is because it is not an object that maintains the status quo of life on its own,,
850,850,"I didn't grow up and there was something else, but I don't remember;;",,
851,851,Do not metabolize substances,,
852,852,I didn't divide the cells,,
853,853,Because it's not made up of cells,,
854,854,I don't have any cells,,
855,855,"""Bodies are basically made up of elements such as C, H, O, and N",,
856,856,"Because cars are made of elements such as Fe and Cu,",,
857,857,We think intuitively that there's a difference between these two,,
858,858,"We don't usually call living things cars.""",,
859,859,There are no cells.,,
860,860,I can't think of it,,
861,861,I don't know,,
862,862,Because I don't have an ego,,
863,863,inanimate objects,,
864,864,Because it's not alive.,,
865,865,Because there's no life,,
866,866,It's made by humans,,
867,867,M and D,,
868,868,I don't understand.,,
869,869,Because he's not alive,,
870,870,It's because it's made by humans,,
871,871,Think about it,,
872,872,I didn't poo,,
873,873,It's because it's driven by a machine,,
874,874,I can't think of it,,
875,875,This is because metabolism does not occur in cars,,
876,876,This is because cars are not self-conscious and only follow orders.,,
877,877,There is no emotion and you cannot act on your own.,,
878,878,"""For example, viruses proliferate, but not only do they not have cellular structures, but they are also seen as intermediate forms between living and nonliving things because they can be obtained by the determination of a substance called nuclear protein. Where in the process in the death of a living thing is the boundary with inanimate objects.",,
879,879,"""",,
880,880,Since it's made by a person.,,
881,881,be lifeless,,
882,882,It's because life creates energy through breathing and intake,,
883,883,"This is because there is no emotion and no empathy.Because it is driven by a program, it is not active and passive.",,
884,884,"There are cars that move like living things and can think of themselves these days, but unlike living things, there is no blood that allows body temperature to flow, and even energy consumption is mechanical different from living things.",,
885,885,e,,
886,886,It's because it's made by assembling components and by manipulating them randomly by humans,,
887,887,I can't reproduce,,
888,888,Because cars do not metabolize matter.,,
889,889,This is because cars are made by humans and cannot reproduce.,,
890,890,"Because there are no cells.Because cars are objects, not living.",,
891,891,It's because I can't metabolize things,,
892,892,Evaluation Only. Created with Aspose.Cells for Python via Java.Copyright 2003 - 2022 Aspose Pty Ltd.,,
