,Unnamed: 0,"9. Recently, various problems are occurring due to global warming. Let's think about the causes of global warming and explain the scientific method to solve global warming.",Unnamed: 0,", q64_fossil fuel, q64_carbon dioxide"
0,0,I don't know.,0.0,"0,0,0"
1,1,I don't understand.,1.0,"1,0,0"
2,2,"Fossil fuels, fumes from various factories, and boilers for domestic use",2.0,"2,1,0"
3,3,Global warming occurs by using many things such as air conditioning.be in need of throug,3.0,"3,0,0"
4,4,The use of eco-friendly products due to increased greenhouse gas emissions,4.0,"4,1,1"
5,5,Need to save,5.0,"5,0,0"
6,6,electricity saving,6.0,"6,0,0"
7,7,okay,7.0,"7,0,0"
8,8,Develop hydrogen cars.,8.0,"8,1,0"
9,9,Shampoo and body wash that people use pollute the environment. So you can try to reduce the use of the product as much as possible.,9.0,"9,0,0"
10,10,Reduce electrical energy.,10.0,"10,0,0"
11,11,Renewable energy is used to compensate for problems caused by the increase in fossil fuels.,11.0,"11,1,0"
12,12,economize on coal and oil,12.0,"12,1,0"
13,13,"The cause of global warming seems to be the increase in exhaust gases such as carbon dioxide. The main cause of emissions is the combustion of fossil fuels. Therefore, using renewable energy will reduce emissions.",13.0,"13,0,1"
14,14,the use of a transportation,14.0,"14,0,0"
15,15,Develop new and renewable energy to reduce fossil fuel use,15.0,"15,1,0"
16,16,We need to reduce the emission of Freon gas,16.0,"16,0,0"
17,17,setting an electricity limit,17.0,"17,0,0"
18,18,Reduce the use of fossil fuels to prevent the destruction of the ozone layer,18.0,"18,1,0"
19,19,"Fossil fuel use, smoke, etc",19.0,"19,1,0"
20,20,I don't take out the unused wires and turn it on all day.,20.0,"20,0,0"
21,21,Reduce Disposable Items,21.0,"21,0,1"
22,22,It reduces the concentration of carbon dioxide in the atmosphere by developing new and renewable energy more than fossil energy.,22.0,"22,1,1"
23,23,It develops a device that converts fuel emitted from factories or automobiles into eco-friendly gases and discharges them.,23.0,"23,1,0"
24,24,Utilize nature to use energy. But it doesn't damage nature too much.,24.0,"24,1,0"
25,25,Global warming cannot be solved. But it can be delayed. We humans use greenhouse gases for a more convenient life. So using renewable energy without using greenhouse gases could slow global warming.,25.0,"25,1,0"
26,26,to use renewable energy,26.0,"26,1,0"
27,27,"Emissions of greenhouse gases, increased waste, increased energy consumption, etc",27.0,"27,0,0"
28,28,save electricity and water,28.0,"28,0,029,0,1"
29,29,It would be nice to have a machine that can escape carbon dioxide or sunlight anywhere.,29.0,"30,0,1"
30,30,It's because of carbon dioxide,30.0,"31,0,1"
31,31,"""To reduce carbon dioxide,",31.0,"32,0,0"
32,32,Stop ruthless tree-priming and reduce factory complexes,32.0,"33,1,0"
33,33,Increase the use of public transportation to reduce car fumes,33.0,"34,1,0"
34,34,Reduce indoor air conditioning,34.0,"35,0,1"
35,35,"""Plant a lot of trees""",35.0,"36,1,0"
36,36,Don't smoke and quit smoking. Reduce greenhouse gas emissions.,36.0,"37,0,1"
37,37,"We go by bicycle or by foot, not by car.",37.0,"38,0,1"
38,38,"""",38.0,"39,1,0"
39,39,I ride a bicycle for a short distance and take good care of garbage.,39.0,"40,1,0"
40,40,We need to reduce carbon dioxide.,40.0,"41,0,1"
41,41,I throw away trash and use a lot of fumes,41.0,"42,1,0"
42,42,It eliminates carbon dioxide. Action Beam BBB BBB BBB BBB!,42.0,"43,0,1"
43,43,Get rid of carbon dioxide! You villain!,43.0,"44,0,0"
44,44,I use public transportation.,44.0,"45,0,1"
45,45,I walk for a short distance,45.0,"46,1,0"
46,46,Reduce carbon dioxide so that heat escapes easily from the magnetic sphere,46.0,"47,0,0"
47,47,I'll use the fumes as I please,47.0,"48,0,0"
48,48,"When you ride a car, the car can get heat, but you can't get out of it, so there's too much carbon dioxide on Earth. I think we can reduce carbon dioxide even a little if we make something that allows heat to escape in the car.",48.0,"49,1,1"
49,49,I make a lot of electric cars and ride them.,49.0,"50,0,1"
50,50,There's a lot of carbon dioxide because of the smoke,50.0,"51,0,0"
51,51,You should not ride a car as much as possible because there is a lot of smoke coming out of the car.,51.0,"52,1,0"
52,52,"Because we threw a lot of trash.People, don't throw away trash.",52.0,"53,0,1"
53,53,I recycle,53.0,"54,0,1"
54,54,"Reduce greenhouse gas emissions, save energy, recycle waste, etc.",54.0,"55,0,0"
55,55,"Save energy, separate waste and reduce carbon dioxide as much as possible",55.0,"56,1,0"
56,56,It does not pollute the environment.,56.0,"57,0,0"
57,57,The earth hurts a lot from riding a lot of cars. This is global warming.,57.0,"58,0,059,1,0"
58,58,"It does not waste resources. Do not burn trees, etc. so that there is not much carbon dioxide produced.",58.0,"60,1,0"
59,59,It creates a device that can release carbon dioxide,59.0,"61,1,0"
60,60,the use of electric vehicles,60.0,"62,0,0"
61,61,"To reduce emissions from cars, I would like to use electric cars or public transportation",61.0,"63,1,0"
62,62,Take care of the waste and keep it at 26 degrees without leaving any food behind,62.0,"64,0,0"
63,63,It is necessary to develop or develop air conditioners that reduce plastic and do not require ventilators. Think of ways to throw away trash efficiently,63.0,"65,0,0"
64,64,"Because of car fumes, car use is reduced",64.0,"66,0,1"
65,65,Use a bicycle or walk nearby.,65.0,"67,1,0"
66,66,"People usually use cars or air conditioners to heat up the earth, resulting in global warming Therefore, I think we can solve short distance by walking and using a fan.",66.0,"68,1,0"
67,67,I cherish,67.0,"69,0,1"
68,68,I walk close by and don't use electricity very often,68.0,"70,1,0"
69,69,"Reduce plastic use, recycle, and solve global warming.",69.0,"71,1,1"
70,70,"Development of new energy, use of eco-friendly goods",70.0,"72,1,0"
71,71,"The cause of warming is carbon dioxide, which means reducing greenhouse gas emissions.",71.0,"73,1,0"
72,72,"I think we should change the law to change every car to an electric car, let everyone know the seriousness of warming, and encourage people to fix every little problem, starting with smoking, turning on the acorn, and windows.",72.0,"74,0,0"
73,73,"Global warming is a phenomenon that occurs when there is a lot of carbon dioxide. To reduce the amount of carbon dioxide, invent new energy to reduce the use of fossil fuels and use the currently developed solar panels to make buildings available to use eco-friendly energy can be used.",73.0,"75,0,0"
74,74,"It seems that global warming is caused by carbon dioxide that is produced when burned. In order to reduce carbon dioxide generation, we hope to prevent global warming as much as possible by using renewable energy or electricity.",74.0,"76,0,0"
75,75,Use electric transportation and purchase of carbon-traded goods,75.0,"77,0,0"
76,76,"It doesn't burn cars, oil, coal, etc. (It prevents carbon dioxide from occurring.))",76.0,"78,0,0"
77,77,"Reduce the number of cars used and do not burn oil, coal, etc.",77.0,"79,1,0"
78,78,Use electric transportation and purchase of carbon offset products,78.0,"80,0,0"
79,79,save water,79.0,"81,1,0"
80,80,without saving electricity,80.0,"82,1,0"
81,81,Making Air Purifiers Floating in the Sky,81.0,"83,0,1"
82,82,Make a job that recycles garbage,82.0,"84,0,0"
83,83,"It creates a machine for warming to inform the dangers of warming and to put information related to warming in the machine. The machine informs many people that it is warming and tells them how to solve it.(In conclusion, make a machine related to warming.)",83.0,"85,0,0"
84,84,I think it's good to walk or ride a bicycle for a short distance because I think the melons from cars cause global warming,84.0,"86,0,1"
85,85,I don't know.,85.0,"87,0,0"
86,86,Use electric transportation instead of riding a car.,86.0,"88,0,189,0,1"
87,87,Scientific development to save energy,87.0,"90,0,1"
88,88,"Reduce disposable products, plant trees, and protect Ji-kyu",88.0,"91,0,0"
89,89,reduce disposable products,89.0,"92,1,0"
90,90,Reduce garbage,90.0,"93,0,0"
91,91,Reduce the use of disposable products and plant trees,91.0,"94,1,0"
92,92,Develop green growth using nature,92.0,"95,0,0"
93,93,Reduce disposable products and plant trees to create a clean natural environment,93.0,"96,1,1"
94,94,Reduce disposable products.Plant a lot of trees.Prepare for green growth.,94.0,"97,0,0"
95,95,Reduce carbon dioxide emissions by reducing disposable products,95.0,"98,1,1"
96,96,Let's grow green,96.0,"99,0,0"
97,97,Use natural resources instead of fossil fuels,97.0,"100,0,0"
98,98,"Reduce the use of disposable itemsDon't ride your own car. Use public transportation Because if each person uses their own car, they emit too much emissions",98.0,"101,0,0"
99,99,I'll plant a variety of plants that I like,99.0,"102,1,1"
100,100,I ride an electric car to reduce carbon dioxide,100.0,"103,1,0"
101,101,"Disposable products rot and destroy the natural environment, so disposable products are used and discarded well in the trash can without throwing them away anywhere.",101.0,"104,0,0"
102,102,We use public transportation to reduce carbon dioxide.,102.0,"105,0,0"
103,103,Reduce energy consumption,103.0,"106,0,0"
104,104,Reducing energy consumption.,104.0,"107,0,1"
105,105,The robot picks up the trash on the road and throws it into the trash can.,105.0,"108,0,0"
106,106,"Carbon dioxide comes out when you ride a car, so you ride hydrogen cars and electric cars.",106.0,"109,1,0"
107,107,Let's overcome global warming by saving energy by walking as close as possible to global warming caused by high energy consumption.,107.0,"110,0,0"
108,108,"This is because people use air conditioners a lot. Therefore, it reduces the use of air conditioners.",108.0,"111,0,1"
109,109,Because I turn on the air conditioner too much.,109.0,"112,0,1"
110,110,"Turn on the air conditioner, heater, etc., and turn on the air conditioner properly.",110.0,"113,1,0"
111,111,"When generating electricity, rather than turning a thermal generator that generates carbon dioxide, which is the main culprit of global warming, it turns a nature-friendly generator such as a wind generator and a hydroelectric generator.",111.0,"114,1,0"
112,112,The country sets the temperature of using the air conditioner.,112.0,"115,0,0"
113,113,"The cause of global warming is that people use a lot of electricity and car fumes are causing global warming, and the solution is to save electricity and reduce global warming by using electric cars.",113.0,"116,1,0"
114,114,"Global warming seems to occur because we use electricity often. To prevent global warming, we need to save electricity and use it.",114.0,"117,0,1"
115,115,"Since global warming occurs due to the use of things such as air conditioners that produce a lot of carbon dioxide, the use of electronic devices that generate carbon dioxide is reduced and trees are planted a lot.",115.0,"118,0,0119,0,0"
116,116,Reduce the amount of carbon dioxide,116.0,"120,0,0"
117,117,The reason for global warming is that it uses a lot of air conditioners and automobile fumes are causing global warming. The solution is to save electricity and walk close by.,117.0,"121,0,0"
118,118,Use eco-friendly fuel instead of fossil fuel,118.0,"122,0,0"
119,119,Reduce the use of air conditioners that emit carbon dioxide.,119.0,"123,0,1"
120,120,The earth heats up with carbon dioxide in the car market. So the solution is to use an electric car. Electric cars can reduce global warming a little by running on electricity without emitting plum blossoms.,120.0,"124,0,0"
121,121,save energy and reduce the use of environmentally problematic documents plant a lot of trees,121.0,"125,1,0"
122,122,Save energy and protect the environment,122.0,"126,1,0"
123,123,Save energy by removing unused cords.,123.0,"127,0,0"
124,124,Let's recycle well,124.0,"128,0,0"
125,125,The destruction of the ozone layer raises the temperature of the Earth,125.0,"129,0,0"
126,126,Plastic use Disposable item use,126.0,"130,0,0"
127,127,It develops components or machines that decompose carbon dioxide.,127.0,"131,0,0"
128,128,Research is done to reduce the causes of ozone depletion and to strengthen the ozone layer.,128.0,"132,1,0"
129,129,"To reduce greenhouse gases, renewable energy is used instead of fossil fuel use.",129.0,"133,1,0"
130,130,Develop new and renewable energy.,130.0,"134,0,0"
131,131,You are good.,131.0,"135,0,0"
132,132,It seems that the earth's temperature is getting hotter because the earth's temperature is getting higher and the water's temperature is getting higher,132.0,"136,0,0"
133,133,"Pull out the cord that you don't use, walk the one that's close to you, use a plastic cup instead of a paper cup",133.0,"137,0,1"
134,134,The increase in meat consumption has increased carbon dioxide.,134.0,"138,0,0"
135,135,greenhouse gases,135.0,"139,0,0"
136,136,"The cause of global warming is a vicious circle in society. The solution is now to stop renovating plant cars that emit harmful substances and gradually reduce them Or even from now on, it is a good way to make all products eco-friendly.",136.0,"140,1,0"
137,137,"Since greenhouse gas emissions are high, I think using renewable energy instead of fossil fuels to solve global warming emits less greenhouse gases.",137.0,"141,0,0"
138,138,Reduce greenhouse gas emissions,138.0,"142,0,1"
139,139,"Global warming is intensifying due to the increase in greenhouse gas emissions, and everyone's participation is needed to solve this problem. As advanced technology has developed, advanced technology to solve global warming should also be developed.",139.0,"143,1,0"
140,140,"""Causes: industrialization, reckless environmental destruction, human endless greed, etc",140.0,"144,1,0"
141,141,Workaround:...?,141.0,"145,0,0"
142,142,Eco-friendly products are used to reduce carbon dioxide emissions.,142.0,"146,0,0"
143,143,"Rubbish such as vinyl, plastic, paper, glass, etc. are made into edible things.",143.0,"147,0,0"
144,144,"As air is polluted by increased greenhouse gas emissions, factory installation is reduced and air purification facilities are increased.",144.0,"148,0,0149,1,1"
145,145,I think the cause of global warming is an increase in greenhouse gas emissions. I think the scientific method to solve this problem should develop new energy that can be used indefinitely without affecting nature.,145.0,"150,0,0"
146,146,"Waste, environmental destruction",146.0,"151,0,0"
147,147,"Carbon circulates and uses carbon from the ground to increase carbon dioxide in the air, thus reducing the use of underground resources to prevent further increases in carbon in the air.",147.0,"152,0,0"
148,148,"I think global warming, which has already occurred, becomes serious due to various pollutants such as carbon dioxide from using fossil fuels (coal, oil, and natural gas). Therefore, I think we can prevent global warming from becoming more serious by developing renewable energy that can replace these fossil fuels.",148.0,"153,0,0"
149,149,I think that the cause of global warming is that people drive a lot of their own cars and emit a lot of exhaust gas rather than using public transportation.,149.0,"154,0,1"
150,150,"Car exhaust, unauthorized dumping of garbage, no recycling",150.0,"155,0,1"
151,151,Use solar panels,151.0,"156,0,0"
152,152,"I think global warming is caused by the garbage we throw away, and human-harmful behavior takes up the biggest scope.",152.0,"157,0,0"
153,153,"The problem of solving this problem is that because the state educates it and the glaciers are melting in the Arctic and Antarctic, they use technology to make ice-freeze machines or preserve it using technology.""",153.0,"158,0,1"
154,154,We need to reduce environmental pollution,154.0,"159,0,0"
155,155,"Use of underground resources such as greenhouse gas, carbon dioxide, coal and oil, automobile exhaust gas, shampoo and detergent, etc",155.0,"160,0,0"
156,156,environmental pollution,156.0,"161,0,0"
157,157,"Degradation, extinction, leaving the universe and leaving the Earth as it is",157.0,"162,1,0"
158,158,It eliminates half the human race.,158.0,"163,1,0"
159,159,Reduce greenhouse gas emissions,159.0,"164,0,0"
160,160,"To address global warming, there are first personal and national (social) efforts. Personally, saving energy. There are resource conservation, and national efforts include regulations on energy use, fossil fuel use, Freon gas emission regulations, and carbon dioxide emission regulations. I think social groups should also campaign or campaign to change people's perceptions and make them realize the seriousness of global warming.",160.0,"165,0,0"
161,161,grow a lot of trees,161.0,"166,0,1"
162,162,You have to use gas in moderation,162.0,"167,0,1"
163,163,The animal dies,163.0,"168,0,1"
164,164,"Because of the carbon dioxide from cars and harmful gases from factories, the government should make a profit by making a car that does not emit carbon dioxide such as electric cars",164.0,"169,0,0"
165,165,"""",165.0,"170,0,0"
166,166,Get rid of the sun,166.0,"171,0,0"
167,167,"""He's good at recycling""",167.0,"172,0,1"
168,168,"""",168.0,"173,1,0"
169,169,We need to alert people,169.0,"174,0,0"
170,170,It seems that we can use a lot of scientific eco-friendly energy to solve global warming.,170.0,"175,1,0"
171,171,cut down on factories,171.0,"176,1,0"
172,172,Let's live well on our own,172.0,"177,1,0"
173,173,"Global warming is mainly caused by methane gas (C+O), which is combined with methane gas to develop materials that can sink into the ground.",173.0,"178,0,1179,1,0"
174,174,"The reason for global warming is co2, so let's reduce CO2",174.0,"180,0,0"
175,175,"Because there is a lot of carbon dioxide emissions, it is caused to reduce carbon dioxide emissions.",175.0,"181,0,0"
176,176,"The use of fossil fuels prevents carbon dioxide in the atmosphere from escaping Earth's radiation energy, which is causing temperatures to rise in the Earth. The solution to this is to plant trees. Depending on the number of people in the city, a certain number of trees must be planted unconditionally, and an international agreement to not damage forests or forests is signed to protect the Earth.",176.0,"182,0,0"
177,177,"Trees can solve global warming by absorbing carbon dioxide and generating oxygen.""",177.0,"183,1,0"
178,178,I think people are using too much plastic.,178.0,"184,1,0"
179,179,Upgrade to prevent greenhouse gases such as air conditioners and automobiles that emit a lot of greenhouse gases,179.0,"185,0,0"
180,180,People don't throw garbage on the street,180.0,"186,0,1"
181,181,"First, in order to prevent the emission of carbon dioxide that destroys the ozone layer, it is necessary to commercialize electricity or hydrogen vehicles, and to clean up carbon dioxide.",181.0,"187,0,0"
182,182,"Global warming is caused by greenhouse gas emissions such as carbon dioxide, so the use of fossil fuels should be reduced.",182.0,"188,0,0"
183,183,Change the way electricity is generated to be greener,183.0,"189,1,0"
184,184,"More renewable energy than nuclear fusion can solve global warming, which inevitably generates methane gas, which is at a disadvantage of hydrogen and carbon, so it would be good to think about using it elsewhere.",184.0,"190,0,0"
185,185,Reduce greenhouse gases and use eco-friendly energy,185.0,"191,1,0"
186,186,"In our society, there are many people who drive cars, so instead of cars that cause smoke and carbon dioxide, glaciers melt, scientifically make various energy such as hydrogen and electricity, and use natural things to prevent global warming.",186.0,"192,0,0"
187,187,It generates too much greenhouse gases. Develop technically adsorbing and removing carbon dioxide.,187.0,"193,1,0"
188,188,Reduce the use of fossil fuels.,188.0,"194,1,0"
189,189,"To reduce electricity consumption, such as removing greenhouse gases or reducing the use of air conditioners",189.0,"195,0,0"
190,190,It prevents greenhouse gas emissions.,190.0,"196,0,1"
191,191,Cut down on half the people by half.,191.0,"197,0,0"
192,192,Save energy resources and develop new alternative energy sources.,192.0,"198,0,0"
193,193,a low-car,193.0,"199,1,0"
194,194,an increase in greenhouse gases,194.0,"200,0,0"
195,195,There is a need for a way to reduce carbon dioxide emissions or to capture greenhouse gases distributed in the atmosphere.,195.0,"201,0,0"
196,196,Global warming occurs because greenhouse gases accumulate in the atmosphere and cannot release Earth's radiant energy and reflect it again. Minimize greenhouse gas emissions.,196.0,"202,0,0"
197,197,"Global warming is accelerating due to the increase in greenhouse gases, so energy saving methods to reduce greenhouse gases are practiced.Development of electric vehicles",197.0,"203,0,0"
198,198,People are the problem. Solve the population problem.,198.0,"204,1,0"
199,199,Reduce the use of fossil fuels.,199.0,"205,0,0"
200,200,It creates a huge plate of flatness that blocks the sun.,200.0,"206,0,0"
201,201,Reduce fossil fuels and develop alternative fuels.,201.0,"207,0,0"
202,202,"Global warming is caused by greenhouse gases, including carbon dioxide. This comes mainly from fossil fuels. Therefore, it looks for new energy with less greenhouse gas emissions.",202.0,"208,1,0209,1,0"
203,203,Develop alternative fuels.,203.0,"210,0,0"
204,204,Try to reduce carbon dioxide emissions.,204.0,"211,0,0"
205,205,Save energy.,205.0,"212,1,1"
206,206,Reduce emissions of greenhouse gases.,206.0,"213,1,0"
207,207,Reduce smoke from factories and smoke from cars,207.0,"214,1,0"
208,208,Don't know,208.0,"215,0,0"
209,209,"Wait. When men are destroyed, they will recover as they did at any time after time.",209.0,"216,1,0"
210,210,The aesthetics of waiting. Nature will restore itself,210.0,"217,1,0"
211,211,"Global warming seems to intensify quickly because it uses up unnecessary electricity. When I don't use it, I think it's a scientific method to unplugging the battery cord.",211.0,"218,0,1"
212,212,I ride a bicycle instead of a car,212.0,"219,1,0"
213,213,It creates a substitute for the ozone layer.,213.0,"220,0,1"
214,214,Car. No,214.0,"221,1,0"
215,215,I think we can recycle.,215.0,"222,0,0"
216,216,I think we can walk for a short distance.,216.0,"223,0,0"
217,217,"People waste energy, so turn off the heater and save energy to solve it",217.0,"224,1,0"
218,218,It saves energy,218.0,"225,0,0"
219,219,"""I don't think you have to be scientifically determined",219.0,"226,0,0"
220,220,"I think we can reduce waste, use less plastic, and reduce plastic",220.0,"227,1,1"
221,221,"""",221.0,"228,0,0"
222,222,Use bicycles or walk instead of cars to prevent carbon dioxide emissions,222.0,"229,0,0"
223,223,Using public transportation,223.0,"230,0,1"
224,224,"Don't ride a car, but ride a bicycle.",224.0,"231,0,0"
225,225,"I think the cause of global warming is the greenhouse effect due to the increase in warm gas emissions. Therefore, I think we should reduce greenhouse gases. In addition, if the concentration of seawater decreases as glaciers melt, the speed of ocean currents slows down and global warming accelerates, so it would be good to control the concentration of seawater.",225.0,"232,0,0"
226,226,"People are consuming too much oil resources and this is causing carbon dioxide, so I think we can increase the amount of renewable energy.",226.0,"233,0,0"
227,227,The carbon dioxide emitted from cars seems to be causing the greenhouse effect.,227.0,"234,1,0"
228,228,"The government should make efforts to supply electric cars instead of gasoline cars.""",228.0,"235,0,0"
229,229,"Since carbon dioxide is the main cause, it releases gases that can decompose carbon dioxide",229.0,"236,0,0"
230,230,"Global warming is caused by people's reckless use of fossil energy. Therefore, the use of fossil energy such as coal and oil is reduced and relatively less polluted energy is used compared to fossil energy such as solar power, wind power, tidal power, and geothermal heat.",230.0,"237,0,0"
231,231,"Global warming is caused by various greenhouse gases, typically water vapor, carbon dioxide, methane, and Freon gas. This is because the Earth's atmosphere absorbs the Earth's reflective energy and releases it. At this time, water vapor is a greenhouse gas that humans cannot do anything about, and it provides an essential greenhouse effect for mankind. However, in the case of carbon dioxide, the recent industrialization has increased the greenhouse effect. So we need to reduce CO2 emissions and methane emissions, so we need to reduce greenhouse effect in a way that reduces carbon footprint.",231.0,"238,0,0239,1,0"
232,232,"New legislation on cars' engines or emissions systems, or the kind of things that would cause warming (car, coal gas, etc.)",232.0,"240,1,0"
233,233,Global warming is caused by environmental pollution and excessive use of electricity,233.0,"241,0,0"
234,234,"This is why we need to use solar power charging.""",234.0,"242,0,1"
235,235,Reduce the heat energy generated by using air-conditioning appliances,235.0,"243,1,0"
236,236,to invent a technology that reduces the fumes of cars,236.0,"244,0,1"
237,237,use less shampoo,237.0,"245,0,1"
238,238,Let's halve the human population,238.0,"246,0,0"
239,239,"Since carbon dioxide is the main culprit of greenhouse gases, the use of fossil fuels is reduced to reduce carbon dioxide.",239.0,"247,0,1"
240,240,Reduce greenhouse gases.,240.0,"248,0,1"
241,241,Let's get rid of China.,241.0,"249,1,0"
242,242,"The cause of global warming is an increase in greenhouse gas emissions. We say that the amount of carbon dioxide in greenhouse gases is the highest except for water vapor, but in reality, the amount of water vapor is the highest. Therefore, I think the amount of water vapor in the atmosphere should be reduced by making rain through artificial rainfall.",242.0,"250,1,0"
243,243,Reduce greenhouse gases.,243.0,"251,1,0"
244,244,Don't throw away trash,244.0,"252,0,0"
245,245,Reduce the amount of plastic used,245.0,"253,0,1"
246,246,Increase the use of public transportation and reduce the use of private cars. Reduce the use of electronic devices such as air conditioners.,246.0,"254,1,0"
247,247,Reduce the use of disposable items,247.0,"255,1,0"
248,248,I don't know,248.0,"256,1,0"
249,249,Cause: Jjangkke/Method: Thanos' Fingersnap,249.0,"257,0,0"
250,250,Bring me Thanos! Thanos' Fingersnap,250.0,"258,1,1"
251,251,Riding a bike without a car,251.0,"259,0,0"
252,252,"One of the main causes of global warming is emissions from factories and cars. Therefore, you can reduce factories and cars to reduce emissions.",252.0,"260,0,0"
253,253,I live like a natural,253.0,"261,0,1"
254,254,Let's plant a tree,254.0,"262,0,0"
255,255,"Reduce nuclear, thermal power plants and raise the Earth's temperature by more than 1.5 degrees",255.0,"263,0,1"
256,256,"It uses less carbon dioxide-producing items and increases the number of cases where various eco-friendly energy is available, allowing it to conserve energy naturally",256.0,"264,0,1"
257,257,Plant trees and reduce air conditioning,257.0,"265,0,1"
258,258,Reason: Jjangkke/Method: Thanos' Fingersnap,258.0,"266,0,0"
259,259,"We need to reduce emissions of carbon dioxide, which is the main cause of ozone depletion",259.0,"267,0,0"
260,260,"Let's reduce carbon dioxide, the main culprit of global warming",260.0,"268,1,0269,0,0"
261,261,People use their cars too much and there are too many factories,261.0,"270,0,0"
262,262,Reduce nuclear power plants and install eco-friendly hydro and wind power plants in large quantities,262.0,"271,0,0"
263,263,I don't have a car,263.0,"272,0,0"
264,264,Gas from coal waste,264.0,"273,0,0"
265,265,"Global warming is literally global warming, and to solve this problem, we can plant trees to reduce the amount of carbon dioxide distributed in the atmosphere.",265.0,"274,1,0"
266,266,Remove all factories in China.,266.0,"275,0,0"
267,267,Walk close distance or save resources. Reduce unnecessary consumption.,267.0,"276,0,0"
268,268,cut down on factories,268.0,"277,1,0"
269,269,Do not use too much factory waste water or chemicals,269.0,"278,1,0"
270,270,"First, we should refrain from using fossil fuels. The main components of fossil fuels are hydrocarbons, and the combustion results of these materials include carbon monoxide, carbon dioxide, nitrogen oxides, and sulfur oxides. Carbon dioxide has less heat absorption and emission than water vapor, but carbon dioxide is not saturated compared to saturated water vapor, which causes an increase in the effect of global warming.",270.0,"279,0,0"
271,271,"Secondly, we need to reduce the use of vehicles. Oil, a fossil fuel, is also included, which intensifies the degree of global warming by emitting carbon dioxide and nitrogen oxides.",271.0,"280,0,0"
272,272,"Third, install a reflector. A reflector is installed to reflect the heat energy entering the ground as much as possible. In particular, the area of glaciers that shrink as they melt reduces the Earth's reflectance, which increases the Earth's temperature and melts faster. Therefore, reflectors should be installed to compensate for the decrease in reflectance due to melting glaciers so far, and to prevent further glaciers from melting. In addition, when all glaciers melt, rapid glaciers are also caused, so the importance of reflectors can be considered high.",272.0,"281,0,0"
273,273,"Fourth, increase the amount of trees. Trees use carbon dioxide, which causes global warming, in photosynthesis to release oxygen, so the total amount of carbon dioxide can be reduced. The amount of trees should be increased to offset the current increase in carbon dioxide and further reduce the amount of carbon dioxide.""",273.0,"282,0,0"
274,274,Laws should be enacted to solve specific problems such as electricity saving and garbage problems.,274.0,"283,1,0"
275,275,Reduce the use of disposable items,275.0,"284,0,0"
276,276,Reduce carbon dioxide,276.0,"285,1,1"
277,277,Neutralize the smoke from the factory.,277.0,"286,0,0"
278,278,It further reduces state-regulated carbon emissions,278.0,"287,1,0"
279,279,Global warming seems to be largely due to methane and carbon dioxide. Develop products that can reduce methane and carbon dioxide as much as possible,279.0,"288,0,0"
280,280,Plant trees.,280.0,"289,1,0"
281,281,All right.,281.0,"290,0,0"
282,282,Reduce greenhouse gases,282.0,"291,0,0"
283,283,to use renewable energy,283.0,"292,0,0"
284,284,Find the cause of greenhouse gases and make them naturally decomposed.,284.0,"293,0,0"
285,285,"To reduce greenhouse gases, a greenhouse gas regulation agreement is signed and regulatory policies are implemented.",285.0,"294,1,0"
286,286,.,286.0,"295,0,0"
287,287,Reduce the temperature difference between indoor and outdoor air conditioners and save electricity consumption by unplugging unused cords.,287.0,"296,0,0"
288,288,"It reduces the use of disposable items and develops eco-friendly items, food, and products.",288.0,"297,0,0"
289,289,We can prevent global warming by developing cars that emit carbon dioxide to make environmental cars,289.0,"298,0,0299,1,0"
290,290,I don't know,290.0,"300,0,0"
291,291,"The cause is to throw away trash, and the solution is not to throw away trash.",291.0,"301,0,0"
292,292,I think it's because of the car fumes,292.0,"302,0,0"
293,293,"We use electric cars, not cars that emit fumes, and electricity is used for solar energy",293.0,"303,1,0"
294,294,We will study how to use waste dumped in the sea to help the environment.,294.0,"304,0,0"
295,295,Don't throw away trash anywhere and watch out for earthquakes,295.0,"305,0,0"
296,296,".Glaciers melt in large amounts of electricity, so they install solar heat that can save electricity",296.0,"306,0,1"
297,297,"Global warming is caused by bad components from factories, cars, and various items made by Egan, which are eventually caused by human greed. In order to solve it accordingly, humans should try to reduce their greed and develop it eco-friendly, and an attitude of caring and loving the Earth is necessary.",297.0,"307,0,0"
298,298,Use electricity using solar heat without throwing away trash.,298.0,"308,0,0"
299,299,"""We don't use a lot of carbon dioxide, such as fossil fuels, to prevent carbon dioxide from occurring.",299.0,"309,1,0"
300,300,"2. Use eco-friendly energy.""",300.0,"310,1,0"
301,301,People are living together,301.0,"311,0,0"
302,302,"Fossil fuels produce carbon dioxide, which is the cause of global warming",302.0,"312,0,0"
303,303,That's why I study eco-friendly energy to avoid using fossil fuels,303.0,"313,1,0"
304,304,Don't throw away trash and recycle,304.0,"314,0,0"
305,305,We need to develop more eco-friendly energy to replace petroleum energy.,305.0,"315,1,0"
306,306,Classify garbage and avoid using disposable products as much as possible.,306.0,"316,1,0"
307,307,Cause: Throwing garbage recklessly / Method: Making AI robots that pick up garbage when they see it,307.0,"317,0,0"
308,308,Save electricity.,308.0,"318,0,1"
309,309,Do not use disposable products.,309.0,"319,0,0"
310,310,eco-friendly energy development,310.0,"320,0,0"
311,311,It is moved to the moon by improving it to a place where you can live.,311.0,"321,0,0"
312,312,I think global warming is caused by garbage,312.0,"322,0,0"
313,313,You shouldn't cut down on trash and throw it away recklessly,313.0,"323,1,0"
314,314,"""",314.0,"324,0,0"
315,315,Popularize electric cars.,315.0,"325,0,0"
316,316,save electricity,316.0,"326,0,0"
317,317,Automobile Smoke Lights - Build Eco-Friendly,317.0,"327,1,0"
318,318,"People pollute the environment in many ways, such as cutting trees and destroying nature It is small, but I think it would be good to exercise to protect the natural environment.",318.0,"328,0,0329,0,0"
319,319,Let's not use the air conditioner,319.0,"330,0,0"
320,320,"In order to save the earth, I do not throw away trash and save electricity",320.0,"331,0,0"
321,321,They make a lot of electric cars.,321.0,"332,0,0"
322,322,"Global warming is when the Earth's ozone layer is destroyed and the average temperature of the Earth rises. To prevent this global warming, we need to reduce the number of activities that break through the ozone layer.",322.0,"333,0,0"
323,323,Install air hearing aids where smoke comes out,323.0,"334,1,0"
324,324,"Smoke from serious factories, trees that can handle carbon dioxide, have all been wiped out by humans by forest destruction, planting a lot of trees and saving on wood can somewhat prevent global warming. It creates things that can purify the air",324.0,"335,0,0"
325,325,We should try to reduce waste,325.0,"336,0,0"
326,326,"Let's make nature clean, save electricity, save water",326.0,"337,0,0"
327,327,Burning garbage such as car fumes and incorrect garbage landfill without environmental hormones,327.0,"338,0,0"
328,328,turn a windmill,328.0,"339,0,1"
329,329,"There are many people who throw garbage anywhere without throwing it in a fixed place, and global warming occurs due to the increase in garbage due to the use of disposable products, etc. We always throw garbage in a fixed place and reduce the use of disposable products. The scientific method is to develop robots that eat up garbage and dispose of garbage.",329.0,"340,0,0"
330,330,Global warming is a phenomenon created by human nature damage So reducing all that can slow down global warming and prevent major damage.,330.0,"341,0,1"
331,331,"I develop electric cars more and ride eco-friendly cars. Global warming uses too much electricity and the environment is polluted, so seawater becomes dirty, and the earth is polluted a lot due to smoke gas, which causes global warming.",331.0,"342,0,0"
332,332,The cause is typically air pollution. The solution is to reduce the use of disposable products.,332.0,"343,0,1"
333,333,"First, try to recycle well, not to make a lot of trash, and walk or use a bicycle for a short distance.",333.0,"344,1,0"
334,334,"These days, as much as you ride a car, your smoke increases, and global warming gets worse. It will reduce the amount of fumes, but it will be expensive. Therefore, making automobile fumes into ink can help real life and have a good effect on global warming.",334.0,"345,1,0"
335,335,"People's indiscriminate garbage causes global warming due to the accumulation of garbage on Earth, and to solve this problem, waste accumulated on Earth is first put on a spaceship and sent out of space to eliminate the waste accumulated on Earth as much as possible.",335.0,"346,1,0"
336,336,Alternative energy that reduces carbon dioxide should be made available.,336.0,"347,0,0"
337,337,"Use a silicone straw, make a plastic cup really expensive, and then take-out is to put it in your own water bottle",337.0,"348,0,0"
338,338,Making products that can replace the ozone layer,338.0,"349,0,0"
339,339,"Reduce the use of things that heat the Earth, such as air conditioners, fans, and disposable items.",339.0,"350,0,0"
340,340,Reduce electricity usage in everyday life,340.0,"351,0,0"
341,341,Walk as far as you can.,341.0,"352,0,0"
342,342,"Since global warming uses a lot of energy, it is possible to use eco-friendly energy, such as solar or hydro, instead of electricity or nuclear energy.",342.0,"353,0,0"
343,343,It filters out substances from thermal power plants with static electricity,343.0,"354,0,0"
344,344,Increase the average temperature of the air conditioner,344.0,"355,0,0"
345,345,New and renewable energy is used by building many places that make new and renewable energy.,345.0,"356,0,0"
346,346,"I don't use electricity that I don't need, I save water",346.0,"357,0,0"
347,347,Develop technologies that can reduce energy.,347.0,"358,0,0359,0,0"
348,348,I use an air purifier,348.0,"360,0,0"
349,349,It increases ice in the Arctic by artificially freezing water.,349.0,"361,0,0"
350,350,"The cause of global warming is the use of disposable products a lot and the separation collection, so it is necessary to reduce disposable products and minimize the possibility of ensuring the separation collection.",350.0,"362,0,0"
351,351,Use less electricity.,351.0,"363,0,0"
352,352,"I think it is because of air conditioner or fan. If you use natural energy, it will help to stop global warming",352.0,"364,0,0"
353,353,do not pollute the environment,353.0,"365,1,0"
354,354,"We think that garbage is the biggest cause, so we can classify and reduce garbage.",354.0,"366,0,0"
355,355,"To prevent warming, we create a membrane around the Earth so that the Earth's environment is no longer polluted",355.0,"367,1,0"
356,356,You can save water without throwing trash anywhere.,356.0,"368,1,1"
357,357,emit less carbon dioxide,357.0,"369,0,0"
358,358,I think it would be better to reduce electricity consumption for all,358.0,"370,0,1"
359,359,Electric vehicles or hydrogen vehicles that emit less carbon dioxide are used.,359.0,"371,1,0"
360,360,I don't know,360.0,"372,0,1"
361,361,Plant a lot of trees and reduce waste,361.0,"373,0,0"
362,362,Reduce coal fuel and use transportation dansons such as buses and subways.,362.0,"374,0,1"
363,363,Use disposable products to a minimum and use public transportation.,363.0,"375,1,0"
364,364,Reduce the use of fumes and use electric cars,364.0,"376,0,0"
365,365,We need to reduce greenhouse gas emissions to address global warming,365.0,"377,0,0"
366,366,"Use water in moderation, save electricity",366.0,"378,1,1"
367,367,Protecting the environment and being hygienic,367.0,"379,0,0"
368,368,I threw away trash and didn't save energy,368.0,"380,0,0"
369,369,We used up our energy.,369.0,"381,0,0"
370,370,How to classify waste and pollutants,370.0,"382,1,0"
371,371,Eat garbage and make a robot that digests in the body,371.0,"383,1,0"
372,372,Global warming cannot be solved because humans must continue to use resources as long as they are alive,372.0,"384,0,1"
373,373,You pay a fine if you don't throw trash in the trash can and use a fan if it's not too hot in the summer,373.0,"385,1,0"
374,374,Don't know,374.0,"386,0,1"
375,375,Let's reduce 2 factories in each country.,375.0,"387,1,0"
376,376,I don't use plastic or disposable products very often,376.0,"388,0,0389,0,1"
377,377,Let's save electricity.,377.0,"390,0,1"
378,378,"If you don't use electricity, it's fine",378.0,"391,0,0"
379,379,Use eco-friendly energy,379.0,"392,0,0"
380,380,Reduce greenhouse gas emissions,380.0,"393,0,1"
381,381,disposable savings,381.0,"394,0,0"
382,382,Let's not use electricity,382.0,"395,1,0"
383,383,Riding a bike,383.0,"396,1,0"
384,384,Use AI to dispose of garbage,384.0,"397,0,0"
385,385,"""The earth is so polluted that it is hard to recover",385.0,"398,1,0"
386,386,"It's a state, so we have to start with a little practice. Reduce the use of disposable items and recycle them frequently",386.0,"399,0,0"
387,387,Don't leave food behind and plant plants,387.0,"400,0,0"
388,388,These are the things we can do,388.0,"401,1,0"
389,389,Other governments have reduced the use of oil,389.0,"402,0,0"
390,390,"We need to be careful about environmental protection, and we need to make sure that desertified areas",390.0,"403,1,0"
391,391,"You have to try to revive it.""",391.0,"404,0,0"
392,392,"Global warming is caused by greenhouse gases. The main cause of greenhouse gases is carbon dioxide. Carbon dioxide is present in the fumes emitted from cars. Therefore, in order to solve global warming, we need to reduce smoke, so by using public transportation, we can reduce the use of many cars or use bicycles that do not emit smoke.",392.0,"405,0,0"
393,393,Disposable products such as disposable products are dismantled and discarded.,393.0,"406,0,0"
394,394,"Global warming has many problems with greenhouse gases. Cow farts, burps, but fossil fuels.Abuse produces a lot of greenhouse gases. To reduce greenhouse gases, trees should be planted scientifically to purify the air.",394.0,"407,0,1"
395,395,"Instead of fossil fuels, they continue to study hydrogen or electricity fuels. So we try to develop technology so that these fuels can be supplied to our lives. And try to discover new renewable energy with new structures and components.Glaciers melt in large amounts of electricity, so they install solar heat that can save electricity",395.0,"408,0,0"
396,396,"Global warming is caused by bad components from factories, cars, and various items made by Egan, which are eventually caused by human greed. In order to solve it accordingly, humans should try to reduce their greed and develop it eco-friendly, and an attitude of caring and loving the Earth is necessary.",396.0,"409,1,0"
397,397,Use electricity using solar heat without throwing away trash.,397.0,"410,1,0"
398,398,"""We don't use a lot of carbon dioxide, such as fossil fuels, to prevent carbon dioxide from occurring.",398.0,"411,0,0"
399,399,"2. Use eco-friendly energy.""",399.0,"412,0,0"
400,400,People are living together,400.0,"413,0,1"
401,401,"Fossil fuels produce carbon dioxide, which is the cause of global warming",401.0,"414,0,0"
402,402,That's why I study eco-friendly energy to avoid using fossil fuels,402.0,"415,0,0"
403,403,Don't throw away trash and recycle,403.0,"416,0,0"
404,404,We need to develop more eco-friendly energy to replace petroleum energy.,404.0,"417,0,0"
405,405,Classify garbage and avoid using disposable products as much as possible.,405.0,"418,0,0419,0,1"
406,406,Cause: Throwing garbage recklessly / Method: Making AI robots that pick up garbage when they see it,406.0,"420,0,0"
407,407,Save electricity.,407.0,"421,0,0"
408,408,Do not use disposable products.,408.0,"422,0,1"
409,409,eco-friendly energy development,409.0,"423,0,0"
410,410,It is moved to the moon by improving it to a place where you can live.,410.0,"424,0,0"
411,411,I think global warming is caused by garbage,411.0,"425,0,0"
412,412,You shouldn't cut down on trash and throw it away recklessly,412.0,"426,1,0"
413,413,"""",413.0,"427,1,0"
414,414,Popularize electric cars.,414.0,"428,1,0"
415,415,save electricity,415.0,"429,0,0"
416,416,Automobile Smoke Lights - Build Eco-Friendly,416.0,"430,0,1"
417,417,"People pollute the environment in many ways, such as cutting trees and destroying nature It is small, but I think it would be good to exercise to protect the natural environment.",417.0,"431,0,1"
418,418,Let's not use the air conditioner,418.0,"432,1,1"
419,419,"In order to save the earth, I do not throw away trash and save electricity",419.0,"433,0,1"
420,420,They make a lot of electric cars.,420.0,"434,0,1"
421,421,"Global warming is when the Earth's ozone layer is destroyed and the average temperature of the Earth rises. To prevent this global warming, we need to reduce the number of activities that break through the ozone layer.",421.0,"435,0,0"
422,422,Install air hearing aids where smoke comes out,422.0,"436,1,0"
423,423,"Smoke from serious factories, trees that can handle carbon dioxide, have all been wiped out by humans by forest destruction, planting a lot of trees and saving on wood can somewhat prevent global warming. It creates things that can purify the air",423.0,"437,0,0"
424,424,We should try to reduce waste,424.0,"438,0,1"
425,425,"Let's make nature clean, save electricity, save water",425.0,"439,0,0"
426,426,Burning garbage such as car fumes and incorrect garbage landfill without environmental hormones,426.0,"440,0,0"
427,427,turn a windmill,427.0,"441,0,1"
428,428,"There are many people who throw garbage anywhere without throwing it in a fixed place, and global warming occurs due to the increase in garbage due to the use of disposable products, etc. We always throw garbage in a fixed place and reduce the use of disposable products. The scientific method is to develop robots that eat up garbage and dispose of garbage.",428.0,"442,0,0"
429,429,Global warming is a phenomenon created by human nature damage So reducing all that can slow down global warming and prevent major damage.,429.0,"443,0,0"
430,430,"I develop electric cars more and ride eco-friendly cars. Global warming uses too much electricity and the environment is polluted, so seawater becomes dirty, and the earth is polluted a lot due to smoke gas, which causes global warming.",430.0,"444,0,1"
431,431,The cause is typically air pollution. The solution is to reduce the use of disposable products.,431.0,"445,1,0"
432,432,"First, try to recycle well, not to make a lot of trash, and walk or use a bicycle for a short distance.",432.0,"446,0,1"
433,433,"These days, as much as you ride a car, your smoke increases, and global warming gets worse. It will reduce the amount of fumes, but it will be expensive. Therefore, making automobile fumes into ink can help real life and have a good effect on global warming.",433.0,"447,0,0"
434,434,"People's indiscriminate garbage causes global warming due to the accumulation of garbage on Earth, and to solve this problem, waste accumulated on Earth is first put on a spaceship and sent out of space to eliminate the waste accumulated on Earth as much as possible.",434.0,"448,1,0449,1,1"
435,435,Alternative energy that reduces carbon dioxide should be made available.,435.0,"450,1,0"
436,436,"Use a silicone straw, make a plastic cup really expensive, and then take-out is to put it in your own water bottle",436.0,"451,0,0"
437,437,Making products that can replace the ozone layer,437.0,"452,0,0"
438,438,"Reduce the use of things that heat the Earth, such as air conditioners, fans, and disposable items.",438.0,"453,0,1"
439,439,Reduce electricity usage in everyday life,439.0,"454,0,0"
440,440,Walk as far as you can.,440.0,"455,0,1"
441,441,"Since global warming uses a lot of energy, it is possible to use eco-friendly energy, such as solar or hydro, instead of electricity or nuclear energy.",441.0,"456,0,0"
442,442,It filters out substances from thermal power plants with static electricity,442.0,"457,0,1"
443,443,Increase the average temperature of the air conditioner,443.0,"458,1,1"
444,444,New and renewable energy is used by building many places that make new and renewable energy.,444.0,"459,1,0"
445,445,"I don't use electricity that I don't need, I save water",445.0,"460,1,0"
446,446,Develop technologies that can reduce energy.,446.0,"461,1,0"
447,447,I use an air purifier,447.0,"462,0,0"
448,448,It increases ice in the Arctic by artificially freezing water.,448.0,"463,1,0"
449,449,"The cause of global warming is the use of disposable products a lot and the separation collection, so it is necessary to reduce disposable products and minimize the possibility of ensuring the separation collection.",449.0,"464,0,1"
450,450,Use less electricity.,450.0,"465,0,1"
451,451,"I think it is because of air conditioner or fan. If you use natural energy, it will help to stop global warming",451.0,"466,1,1"
452,452,do not pollute the environment,452.0,"467,0,1"
453,453,"We think that garbage is the biggest cause, so we can classify and reduce garbage.",453.0,"468,1,0"
454,454,"To prevent warming, we create a membrane around the Earth so that the Earth's environment is no longer polluted",454.0,"469,1,1"
455,455,You can save water without throwing trash anywhere.,455.0,"470,1,0"
456,456,emit less carbon dioxide,456.0,"471,0,0"
457,457,I think it would be better to reduce electricity consumption for all,457.0,"472,0,1"
458,458,Electric vehicles or hydrogen vehicles that emit less carbon dioxide are used.,458.0,"473,0,0"
459,459,I don't know,459.0,"474,0,0"
460,460,Plant a lot of trees and reduce waste,460.0,"475,1,0"
461,461,Reduce coal fuel and use transportation dansons such as buses and subways.,461.0,"476,1,1"
462,462,Use disposable products to a minimum and use public transportation.,462.0,"477,1,0"
463,463,Reduce the use of fumes and use electric cars,463.0,"478,1,1479,0,0"
464,464,We need to reduce greenhouse gas emissions to address global warming,464.0,"480,0,0"
465,465,"Use water in moderation, save electricity",465.0,"481,0,0"
466,466,Protecting the environment and being hygienic,466.0,"482,0,0"
467,467,I threw away trash and didn't save energy,467.0,"483,0,0"
468,468,We used up our energy.,468.0,"484,0,0"
469,469,How to classify waste and pollutants,469.0,"485,0,0"
470,470,Eat garbage and make a robot that digests in the body,470.0,"486,0,0"
471,471,Global warming cannot be solved because humans must continue to use resources as long as they are alive,471.0,"487,0,0"
472,472,You pay a fine if you don't throw trash in the trash can and use a fan if it's not too hot in the summer,472.0,"488,0,0"
473,473,Don't know,473.0,"489,0,0"
474,474,Let's reduce 2 factories in each country.,474.0,"490,0,0"
475,475,I don't use plastic or disposable products very often,475.0,"491,0,0"
476,476,Let's save electricity.,476.0,"492,0,0"
477,477,"If you don't use electricity, it's fine",477.0,"493,0,0"
478,478,Use eco-friendly energy,478.0,"494,0,1"
479,479,Reduce greenhouse gas emissions,479.0,"495,0,1"
480,480,disposable savings,480.0,"496,1,0"
481,481,Let's not use electricity,481.0,"497,1,0"
482,482,Riding a bike,482.0,"498,0,0"
483,483,Use AI to dispose of garbage,483.0,"499,0,0"
484,484,"""The earth is so polluted that it is hard to recover",484.0,"500,0,1"
485,485,"It's a state, so we have to start with a little practice. Reduce the use of disposable items and recycle them frequently",485.0,"501,0,0"
486,486,Don't leave food behind and plant plants,486.0,"502,0,1"
487,487,These are the things we can do,487.0,"503,1,1"
488,488,Other governments have reduced the use of oil,488.0,"504,0,0"
489,489,"We need to be careful about environmental protection, and we need to make sure that desertified areas",489.0,"505,0,0"
490,490,"You have to try to revive it.""",490.0,"506,1,0"
491,491,"Global warming is caused by greenhouse gases. The main cause of greenhouse gases is carbon dioxide. Carbon dioxide is present in the fumes emitted from cars. Therefore, in order to solve global warming, we need to reduce smoke, so by using public transportation, we can reduce the use of many cars or use bicycles that do not emit smoke.",491.0,"507,0,0"
492,492,Disposable products such as disposable products are dismantled and discarded.,492.0,"508,0,0509,0,0"
493,493,"Global warming has many problems with greenhouse gases. Cow farts, burps, but fossil fuels.Abuse produces a lot of greenhouse gases. To reduce greenhouse gases, trees should be planted scientifically to purify the air.",493.0,"510,0,0"
494,494,"Instead of fossil fuels, they continue to study hydrogen or electricity fuels. So we try to develop technology so that these fuels can be supplied to our lives. And try to discover new renewable energy with new structures and components.Excessive use of air conditioners Because of soil and marine pollution through waste, separate collection and minimize use of air conditioners",494.0,"511,0,0"
495,495,Various materials and systems using renewable energy such as hydrogen and electricity should be developed.,495.0,"512,0,1"
496,496,"""1. Space Mirror Operation",496.0,"513,0,0"
497,497,"The plan is to block about 2 percent of sunlight coming to Earth by floating 16 trillion film discs with a diameter of 60cm and a thickness of 1mm in space. This disk is shaped like a doughnut and has a hole in the center, so it does not fly away in the solar wind. It's a disk where the Earth and the Sun's gravitational pull is off",497.0,"514,0,0"
498,498,The idea is to float 1.5 million kilometers away from the offsetting Earth.,498.0,"515,0,0"
499,499,"However, they are also worried about climate change caused by artificially blocking the sun.",499.0,"516,0,1"
500,500,,500.0,"517,1,0"
501,501,2. Operation Sea Fertilizer,501.0,"518,0,0"
502,502,The theory is that the sea should be sprayed with iron powder fertilizer to reproduce algae so that they absorb carbon dioxide.,502.0,"519,0,0"
503,503,"This theory was established with a hint from the fact that the lack of ammonia and iron makes it difficult to reproduce algae. However, there is a disadvantage that the red tide phenomenon can worsen and the acidification of seawater can worsen, which can adversely affect the marine ecosystem.",503.0,"520,1,0"
504,504,,504.0,"521,0,0"
505,505,3. Operation to Confine Carbon Dioxide,505.0,"522,1,0"
506,506,"The theory is that carbon dioxide is trapped underground, or in oil wells or useless mines that have been mined. In fact, an oil company in Norway has been storing 1 million tons of carbon dioxide annually in the North Sea since 1996. And a factory in the United States uses pipelines to store carbon dioxide in Canadian waste wells.",506.0,"523,0,0"
507,507,,507.0,"524,0,1"
508,508,,508.0,"525,1,0"
509,509,,509.0,"526,0,0"
510,510,,510.0,"527,1,0"
511,511,,511.0,"528,0,0"
512,512,,512.0,"529,1,0"
513,513,,513.0,"530,0,0"
514,514,"""",514.0,"531,0,0"
515,515,"First, the use of substances that cause warming will be prohibited and substances or technologies that can break down greenhouse gases such as CO2 back into monatomic or molecular states rather than greenhouse gases will produce better results.",515.0,"532,1,0"
516,516,"I think global warming should go back to nature itself. That is, we need to preserve the destroyed ozone layer, turn current atmospheric temperatures, and rebuild glaciers I think we should try to reduce fossil fuel use and plant trees.",516.0,"533,0,0"
517,517,"Due to the increase in carbon dioxide in the atmosphere, greenhouse gases increase and carbon dioxide must be dissolved in water to form carbon dioxide ions.",517.0,"534,0,0"
518,518,Develop alternative energy to solve global warming caused by excessive use of fossil fuels.,518.0,"535,0,1"
519,519,Reduce the use of fossil fuels and plant more trees to reduce greenhouse gas emissions.,519.0,"536,0,0"
520,520,Close distances travel by bicycle or public transportation to reduce emissions of fumes and carbon dioxide.,520.0,"537,0,1"
521,521,"First, we eliminate the main culprits of environmental pollution",521.0,"538,1,0539,0,0"
522,522,"Global warming is caused by greenhouse gases such as methane and carbon dioxide. In order to reduce this, it is possible to develop an air conditioner that does not use Freon gas as a refrigerant or a vehicle that generates less carbon dioxide",522.0,"540,0,0"
523,523,The carbon dioxide emitted by humans is not related to global warming. The reason why the Earth is getting hot is that there is a cycle of glaciers melting and freezing.,523.0,"541,0,0"
524,524,They plant a lot of plants using the photosynthesis of plants.,524.0,"542,0,0"
525,525,"Global warming is caused by carbon dioxide emissions, and the problem is deepening. I think the biggest cause of carbon dioxide emissions is the use of oil and coal. In other words, I think global warming will be alleviated if natural gas or new energy resources can be developed and used.",525.0,"543,0,0"
526,526,"I think the cause of global warming is greenhouse gases. Therefore, the way to reduce greenhouse gases would be a scientific way to solve global warming. Methods to reduce greenhouse gases include reducing fossil fuel use, tree planting, and vegetarianism. Meat consumption causes quite a lot of greenhouse gases.",526.0,"544,0,1"
527,527,Let's create an electric car.,527.0,"545,0,0"
528,528,We need to replace oil by quickly creating eco-friendly dece resources to replace it.,528.0,"546,0,0"
529,529,"In order to reduce carbon dioxide, which is currently cited as the biggest cause of global warming, fossil fuels that generate carbon dioxide such as coal and oil should be reduced. But it's hard not to use the oil that forms the basis of modern civilization right away. Only by developing resources to replace oil can global warming be prevented.""",529.0,"547,0,0"
530,530,"Everyone's efforts are needed first to solve global warming. And put everyone's heads together... Make a spacecraft that escapes the Earth and escape. There is no reason to solve global warming if we abandon the Earth. If you look at the movie Wall-E, you can be a very good world.",530.0,"548,0,1"
531,531,strengthen the system,531.0,"549,0,0"
532,532,"Personally, I don't use disposable items, and I don't Companies should clean up and discharge things like factory wastewater.",532.0,"550,1,0"
533,533,It creates a layer that can replace the ozone layer.,533.0,"551,1,0"
534,534,I'm sorry. I don't have time,534.0,"552,0,0"
535,535,"It uses atomic bombs to spread radioactivity to the earth, making mankind extinct",535.0,"553,0,0"
536,536,I don't know,536.0,"554,0,0"
537,537,Reduce the use of disposable items.,537.0,"555,0,0"
538,538,You have to save energy.,538.0,"556,1,0"
539,539,This is because we need to reduce the use of electricity or water that we use it unnecessarily.,539.0,"557,0,1"
540,540,Reducing Exhaust Gas,540.0,"558,1,0"
541,541,Spare water.,541.0,"559,1,0"
542,542,6.41865E+14,542.0,"560,1,1"
543,543,"Don't turn on the air conditioner, don't throw away trash, and block all the factories",543.0,"561,0,1"
544,544,I think humanity is the most problematic I think we need to deregulate the human race for perfect warming,544.0,"562,1,0"
545,545,Reduce the use of carbon dioxide and Freon gas.,545.0,"563,1,0"
546,546,It doesn't make carbon dioxide,546.0,"564,1,0"
547,547,"Stop using natural resources, spread new energy, research and development to protect the environment on a global level",547.0,"565,1,0"
548,548,"The cause of global warming is an increase in greenhouse gases. These greenhouse gases are emitted a lot from automobiles, and eco-friendly technologies must be developed to reduce them",548.0,"566,1,0"
549,549,Rapidly developing space technology and turning it into another planet,549.0,"567,0,1"
550,550,They're good at recycling.,550.0,"568,1,1569,0,0"
551,551,"Global warming is caused by an increase in the concentration of carbon dioxide in the atmosphere, and to prevent it, the amount of carbon dioxide in the atmosphere must be reduced.",551.0,"570,1,0"
552,552,Don't litter on the side of the road,552.0,"571,0,0"
553,553,"Global warming is caused by an increase in the concentration of carbon dioxide in the atmosphere, and to prevent it, the amount of carbon dioxide in the atmosphere must be reduced.",553.0,"572,1,0"
554,554,"Reduce the use of fuel that causes global warming, and plant trees",554.0,"573,1,0"
555,555,I don't know,555.0,"574,1,0"
556,556,You just have to work hard.,556.0,"575,1,1"
557,557,People try to reduce waste by paying more attention. It also eliminates many factories. It is a major contributor to air pollution.,557.0,"576,1,0"
558,558,Let's turn on the air conditioner,558.0,"577,0,1"
559,559,Turn on the air conditioner and cool it down,559.0,"578,0,1"
560,560,It's something that people cherish what,560.0,"579,0,1"
561,561,"Yes, yes",561.0,"580,0,0"
562,562,Using Disposable Items,562.0,"581,1,0"
563,563,Carbon dioxide seems to be the cause.,563.0,"582,0,0"
564,564,Electronics user system,564.0,"583,0,1"
565,565,We should reduce the use of electric energy such as air conditioning and heating,565.0,"584,0,0"
566,566,Let's make a huge air purifier.,566.0,"585,0,0"
567,567,The main cause of global warming is carbon dioxide. So carbon dioxide,567.0,"586,1,0"
568,568,"Reducing it will solve global warming. For example, car riding, reducing food mileage, etc",568.0,"587,0,1"
569,569,I use public transportation rather than my own car Reduce the use of disposable items.,569.0,"588,1,0"
570,570,Efforts should be made to check and discharge less harmful gases emitted from factories.,570.0,"589,0,0"
571,571,Make an ozone layer and spray it on the sky.,571.0,"590,0,0"
572,572,"Renewable energy should be developed to reduce greenhouse gases, and factory activities should be reduced.",572.0,"591,1,0"
573,573,Walking,573.0,"592,0,0"
574,574,"To prevent global warming, electric vehicles and hydrogen cars are used, power plants are converted into eco-friendly generators, and nuclear power plants are also used.",574.0,"593,0,0"
575,575,"It is a waste of the air that the felons breathe, so they kill everyone to save oxygen.",575.0,"594,0,0"
576,576,Let's plant a tree.,576.0,"595,1,0"
577,577,"Solar power, wind power, and hydroelectric power are used more.",577.0,"596,0,0"
578,578,Research to turn waste into electricity,578.0,"597,0,0"
579,579,"Global warming is natural and cannot be solved. However, it can be delayed. If we save electricity as much as possible, generate less smoke in factories eco-friendly, and use less cars, we will be able to prevent global warming to some extent.",579.0,"598,0,0599,0,1"
580,580,"Global warming = Nana on Earth = Nana on Earth. Well, global warming means Nana who came to Earth. So I think we should welcome and celebrate Nana who came to Earth. I'm also curious about the questioner's thoughts. If you know, please reply.",580.0,"600,1,0"
581,581,"Water is saved and used, walking near distance.",581.0,"601,0,0"
582,582,Reduce greenhouse gas emissions.,582.0,"602,0,0"
583,583,Reduce the use of air conditioners.,583.0,"603,0,0"
584,584,Do not use chemical fuel,584.0,"604,0,1"
585,585,to impose sanctions on China,585.0,"605,0,0"
586,586,I use water when I wash my face.,586.0,"606,0,0"
587,587,"First of all, there are many reasons for global warming, but what comes to mind the most is carbon dioxide. To solve this problem, it is ideal to reduce the amount of carbon dioxide used, but it does not work well, so we need to come up with ways to physically reduce carbon dioxide.",587.0,"607,0,0"
588,588,Develop excellent science and technology that can eliminate global warming,588.0,"608,1,0"
589,589,Plant trees,589.0,"609,0,0"
590,590,"Because of the exhaust of cars, eco-friendly cars such as electric cars and solar cars are made.",590.0,"610,0,0"
591,591,It explodes China because of fine dust,591.0,"611,0,1"
592,592,I turned on the air conditioner a lot,592.0,"612,1,0"
593,593,"To prevent the butterfly effect, cars should use electrical appliances using wind and hydro solar power as electric vehicles and reduce the number of factories to prevent air pollutionExcessive use of air conditioners Because of soil and marine pollution through waste, separate collection and minimize use of air conditioners",593.0,"613,0,0"
594,594,Various materials and systems using renewable energy such as hydrogen and electricity should be developed.,594.0,"614,1,0"
595,595,"""1. Space Mirror Operation",595.0,"615,0,0"
596,596,"The plan is to block about 2 percent of sunlight coming to Earth by floating 16 trillion film discs with a diameter of 60cm and a thickness of 1mm in space. This disk is shaped like a doughnut and has a hole in the center, so it does not fly away in the solar wind. It's a disk where the Earth and the Sun's gravitational pull is off",596.0,"616,1,0"
597,597,The idea is to float 1.5 million kilometers away from the offsetting Earth.,597.0,"617,0,0"
598,598,"However, they are also worried about climate change caused by artificially blocking the sun.",598.0,"618,0,0"
599,599,,599.0,"619,0,1"
600,600,2. Operation Sea Fertilizer,600.0,"620,0,1"
601,601,The theory is that the sea should be sprayed with iron powder fertilizer to reproduce algae so that they absorb carbon dioxide.,601.0,"621,0,0"
602,602,"This theory was established with a hint from the fact that the lack of ammonia and iron makes it difficult to reproduce algae. However, there is a disadvantage that the red tide phenomenon can worsen and the acidification of seawater can worsen, which can adversely affect the marine ecosystem.",602.0,"622,0,0"
603,603,,603.0,"623,0,1"
604,604,3. Operation to Confine Carbon Dioxide,604.0,"624,0,0"
605,605,"The theory is that carbon dioxide is trapped underground, or in oil wells or useless mines that have been mined. In fact, an oil company in Norway has been storing 1 million tons of carbon dioxide annually in the North Sea since 1996. And a factory in the United States uses pipelines to store carbon dioxide in Canadian waste wells.",605.0,"625,0,0"
606,606,,606.0,"626,0,1"
607,607,,607.0,"627,0,0"
608,608,,608.0,"628,0,0629,0,0"
609,609,,609.0,"630,0,0"
610,610,,610.0,"631,0,0"
611,611,,611.0,"632,1,0"
612,612,,612.0,"633,1,0"
613,613,"""",613.0,"634,1,0"
614,614,"First, the use of substances that cause warming will be prohibited and substances or technologies that can break down greenhouse gases such as CO2 back into monatomic or molecular states rather than greenhouse gases will produce better results.",614.0,"635,0,1"
615,615,"I think global warming should go back to nature itself. That is, we need to preserve the destroyed ozone layer, turn current atmospheric temperatures, and rebuild glaciers I think we should try to reduce fossil fuel use and plant trees.",615.0,"636,0,0"
616,616,"Due to the increase in carbon dioxide in the atmosphere, greenhouse gases increase and carbon dioxide must be dissolved in water to form carbon dioxide ions.",616.0,"637,1,0"
617,617,Develop alternative energy to solve global warming caused by excessive use of fossil fuels.,617.0,"638,0,1"
618,618,Reduce the use of fossil fuels and plant more trees to reduce greenhouse gas emissions.,618.0,"639,1,0"
619,619,Close distances travel by bicycle or public transportation to reduce emissions of fumes and carbon dioxide.,619.0,"640,1,0"
620,620,"First, we eliminate the main culprits of environmental pollution",620.0,"641,0,0"
621,621,"Global warming is caused by greenhouse gases such as methane and carbon dioxide. In order to reduce this, it is possible to develop an air conditioner that does not use Freon gas as a refrigerant or a vehicle that generates less carbon dioxide",621.0,"642,1,0"
622,622,The carbon dioxide emitted by humans is not related to global warming. The reason why the Earth is getting hot is that there is a cycle of glaciers melting and freezing.,622.0,"643,1,0"
623,623,They plant a lot of plants using the photosynthesis of plants.,623.0,"644,0,0"
624,624,"Global warming is caused by carbon dioxide emissions, and the problem is deepening. I think the biggest cause of carbon dioxide emissions is the use of oil and coal. In other words, I think global warming will be alleviated if natural gas or new energy resources can be developed and used.",624.0,"645,0,1"
625,625,"I think the cause of global warming is greenhouse gases. Therefore, the way to reduce greenhouse gases would be a scientific way to solve global warming. Methods to reduce greenhouse gases include reducing fossil fuel use, tree planting, and vegetarianism. Meat consumption causes quite a lot of greenhouse gases.",625.0,"646,0,0"
626,626,Let's create an electric car.,626.0,"647,0,1"
627,627,We need to replace oil by quickly creating eco-friendly dece resources to replace it.,627.0,"648,1,0"
628,628,"In order to reduce carbon dioxide, which is currently cited as the biggest cause of global warming, fossil fuels that generate carbon dioxide such as coal and oil should be reduced. But it's hard not to use the oil that forms the basis of modern civilization right away. Only by developing resources to replace oil can global warming be prevented.""",628.0,"649,0,1"
629,629,"Everyone's efforts are needed first to solve global warming. And put everyone's heads together... Make a spacecraft that escapes the Earth and escape. There is no reason to solve global warming if we abandon the Earth. If you look at the movie Wall-E, you can be a very good world.",629.0,"650,0,0"
630,630,strengthen the system,630.0,"651,0,0"
631,631,"Personally, I don't use disposable items, and I don't Companies should clean up and discharge things like factory wastewater.",631.0,"652,1,0"
632,632,It creates a layer that can replace the ozone layer.,632.0,"653,0,0"
633,633,I'm sorry. I don't have time,633.0,"654,0,1"
634,634,"It uses atomic bombs to spread radioactivity to the earth, making mankind extinct",634.0,"655,0,0"
635,635,I don't know,635.0,"656,0,1"
636,636,Reduce the use of disposable items.,636.0,"657,0,0"
637,637,You have to save energy.,637.0,"658,0,0659,0,0"
638,638,This is because we need to reduce the use of electricity or water that we use it unnecessarily.,638.0,"660,0,0"
639,639,Reducing Exhaust Gas,639.0,"661,0,1"
640,640,Spare water.,640.0,"662,0,0"
641,641,6.41865E+14,641.0,"663,0,0"
642,642,"Don't turn on the air conditioner, don't throw away trash, and block all the factories",642.0,"664,0,1"
643,643,I think humanity is the most problematic I think we need to deregulate the human race for perfect warming,643.0,"665,0,0"
644,644,Reduce the use of carbon dioxide and Freon gas.,644.0,"666,1,0"
645,645,It doesn't make carbon dioxide,645.0,"667,0,1"
646,646,"Stop using natural resources, spread new energy, research and development to protect the environment on a global level",646.0,"668,1,0"
647,647,"The cause of global warming is an increase in greenhouse gases. These greenhouse gases are emitted a lot from automobiles, and eco-friendly technologies must be developed to reduce them",647.0,"669,0,1"
648,648,Rapidly developing space technology and turning it into another planet,648.0,"670,0,0"
649,649,They're good at recycling.,649.0,"671,0,0"
650,650,"Global warming is caused by an increase in the concentration of carbon dioxide in the atmosphere, and to prevent it, the amount of carbon dioxide in the atmosphere must be reduced.",650.0,"672,0,1"
651,651,Don't litter on the side of the road,651.0,"673,0,0"
652,652,"Global warming is caused by an increase in the concentration of carbon dioxide in the atmosphere, and to prevent it, the amount of carbon dioxide in the atmosphere must be reduced.",652.0,"674,0,1"
653,653,"Reduce the use of fuel that causes global warming, and plant trees",653.0,"675,0,0"
654,654,I don't know,654.0,"676,0,1"
655,655,You just have to work hard.,655.0,"677,0,1"
656,656,People try to reduce waste by paying more attention. It also eliminates many factories. It is a major contributor to air pollution.,656.0,"678,1,0"
657,657,Let's turn on the air conditioner,657.0,"679,1,0"
658,658,Turn on the air conditioner and cool it down,658.0,"680,1,0"
659,659,It's something that people cherish what,659.0,"681,0,1"
660,660,"Yes, yes",660.0,"682,1,1"
661,661,Using Disposable Items,661.0,"683,0,0"
662,662,Carbon dioxide seems to be the cause.,662.0,"684,0,1"
663,663,Electronics user system,663.0,"685,0,1"
664,664,We should reduce the use of electric energy such as air conditioning and heating,664.0,"686,1,0"
665,665,Let's make a huge air purifier.,665.0,"687,0,0"
666,666,The main cause of global warming is carbon dioxide. So carbon dioxide,666.0,"688,1,0689,0,1"
667,667,"Reducing it will solve global warming. For example, car riding, reducing food mileage, etc",667.0,"690,0,1"
668,668,I use public transportation rather than my own car Reduce the use of disposable items.,668.0,"691,1,0"
669,669,Efforts should be made to check and discharge less harmful gases emitted from factories.,669.0,"692,1,0"
670,670,Make an ozone layer and spray it on the sky.,670.0,"693,1,0"
671,671,"Renewable energy should be developed to reduce greenhouse gases, and factory activities should be reduced.",671.0,"694,0,0"
672,672,Walking,672.0,"695,0,0"
673,673,"To prevent global warming, electric vehicles and hydrogen cars are used, power plants are converted into eco-friendly generators, and nuclear power plants are also used.",673.0,"696,1,0"
674,674,"It is a waste of the air that the felons breathe, so they kill everyone to save oxygen.",674.0,"697,1,0"
675,675,Let's plant a tree.,675.0,"698,0,1"
676,676,"Solar power, wind power, and hydroelectric power are used more.",676.0,"699,0,0"
677,677,Research to turn waste into electricity,677.0,"700,0,0"
678,678,"Global warming is natural and cannot be solved. However, it can be delayed. If we save electricity as much as possible, generate less smoke in factories eco-friendly, and use less cars, we will be able to prevent global warming to some extent.",678.0,"701,0,0"
679,679,"Global warming = Nana on Earth = Nana on Earth. Well, global warming means Nana who came to Earth. So I think we should welcome and celebrate Nana who came to Earth. I'm also curious about the questioner's thoughts. If you know, please reply.",679.0,"702,1,0"
680,680,"Water is saved and used, walking near distance.",680.0,"703,0,0"
681,681,Reduce greenhouse gas emissions.,681.0,"704,1,0"
682,682,Reduce the use of air conditioners.,682.0,"705,0,0"
683,683,Do not use chemical fuel,683.0,"706,0,0"
684,684,to impose sanctions on China,684.0,"707,0,0"
685,685,I use water when I wash my face.,685.0,"708,0,0"
686,686,"First of all, there are many reasons for global warming, but what comes to mind the most is carbon dioxide. To solve this problem, it is ideal to reduce the amount of carbon dioxide used, but it does not work well, so we need to come up with ways to physically reduce carbon dioxide.",686.0,"709,0,0"
687,687,Develop excellent science and technology that can eliminate global warming,687.0,"710,0,1"
688,688,Plant trees,688.0,"711,0,0"
689,689,"Because of the exhaust of cars, eco-friendly cars such as electric cars and solar cars are made.",689.0,"712,0,0"
690,690,It explodes China because of fine dust,690.0,"713,0,1"
691,691,I turned on the air conditioner a lot,691.0,"714,0,0"
692,692,"To prevent the butterfly effect, cars should use electrical appliances using wind and hydro solar power as electric vehicles and reduce the number of factories to prevent air pollutionExcessive use of air conditioners Because of soil and marine pollution through waste, separate collection and minimize use of air conditioners",692.0,"715,0,1"
693,693,Various materials and systems using renewable energy such as hydrogen and electricity should be developed.,693.0,"716,0,0"
694,694,"""1. Space Mirror Operation",694.0,"717,0,0"
695,695,"The plan is to block about 2 percent of sunlight coming to Earth by floating 16 trillion film discs with a diameter of 60cm and a thickness of 1mm in space. This disk is shaped like a doughnut and has a hole in the center, so it does not fly away in the solar wind. It's a disk where the Earth and the Sun's gravitational pull is off",695.0,"718,0,0719,0,1"
696,696,The idea is to float 1.5 million kilometers away from the offsetting Earth.,696.0,"720,0,1"
697,697,"However, they are also worried about climate change caused by artificially blocking the sun.",697.0,"721,1,0"
698,698,,698.0,"722,0,0"
699,699,2. Operation Sea Fertilizer,699.0,"723,0,0"
700,700,The theory is that the sea should be sprayed with iron powder fertilizer to reproduce algae so that they absorb carbon dioxide.,700.0,"724,0,0"
701,701,"This theory was established with a hint from the fact that the lack of ammonia and iron makes it difficult to reproduce algae. However, there is a disadvantage that the red tide phenomenon can worsen and the acidification of seawater can worsen, which can adversely affect the marine ecosystem.",701.0,"725,0,0"
702,702,,702.0,"726,0,1"
703,703,3. Operation to Confine Carbon Dioxide,703.0,"727,0,0"
704,704,"The theory is that carbon dioxide is trapped underground, or in oil wells or useless mines that have been mined. In fact, an oil company in Norway has been storing 1 million tons of carbon dioxide annually in the North Sea since 1996. And a factory in the United States uses pipelines to store carbon dioxide in Canadian waste wells.",704.0,"728,0,0"
705,705,,705.0,"729,0,1"
706,706,,706.0,"730,0,0"
707,707,,707.0,"731,0,1"
708,708,,708.0,"732,0,0"
709,709,,709.0,"733,0,0"
710,710,,710.0,"734,0,1"
711,711,,711.0,"735,1,0"
712,712,"""",712.0,"736,0,1"
713,713,"First, the use of substances that cause warming will be prohibited and substances or technologies that can break down greenhouse gases such as CO2 back into monatomic or molecular states rather than greenhouse gases will produce better results.",713.0,"737,0,1"
714,714,"I think global warming should go back to nature itself. That is, we need to preserve the destroyed ozone layer, turn current atmospheric temperatures, and rebuild glaciers I think we should try to reduce fossil fuel use and plant trees.",714.0,"738,0,1"
715,715,"Due to the increase in carbon dioxide in the atmosphere, greenhouse gases increase and carbon dioxide must be dissolved in water to form carbon dioxide ions.",715.0,"739,0,0"
716,716,Develop alternative energy to solve global warming caused by excessive use of fossil fuels.,716.0,"740,0,1"
717,717,Reduce the use of fossil fuels and plant more trees to reduce greenhouse gas emissions.,717.0,"741,0,1"
718,718,Close distances travel by bicycle or public transportation to reduce emissions of fumes and carbon dioxide.,718.0,"742,0,0"
719,719,"First, we eliminate the main culprits of environmental pollution",719.0,"743,1,0"
720,720,"Global warming is caused by greenhouse gases such as methane and carbon dioxide. In order to reduce this, it is possible to develop an air conditioner that does not use Freon gas as a refrigerant or a vehicle that generates less carbon dioxide",720.0,"744,0,0"
721,721,The carbon dioxide emitted by humans is not related to global warming. The reason why the Earth is getting hot is that there is a cycle of glaciers melting and freezing.,721.0,"745,1,0"
722,722,They plant a lot of plants using the photosynthesis of plants.,722.0,"746,0,0"
723,723,"Global warming is caused by carbon dioxide emissions, and the problem is deepening. I think the biggest cause of carbon dioxide emissions is the use of oil and coal. In other words, I think global warming will be alleviated if natural gas or new energy resources can be developed and used.",723.0,"747,0,0"
724,724,"I think the cause of global warming is greenhouse gases. Therefore, the way to reduce greenhouse gases would be a scientific way to solve global warming. Methods to reduce greenhouse gases include reducing fossil fuel use, tree planting, and vegetarianism. Meat consumption causes quite a lot of greenhouse gases.",724.0,"748,0,0749,0,0"
725,725,Let's create an electric car.,725.0,"750,0,0"
726,726,We need to replace oil by quickly creating eco-friendly dece resources to replace it.,726.0,"751,0,0"
727,727,"In order to reduce carbon dioxide, which is currently cited as the biggest cause of global warming, fossil fuels that generate carbon dioxide such as coal and oil should be reduced. But it's hard not to use the oil that forms the basis of modern civilization right away. Only by developing resources to replace oil can global warming be prevented.""",727.0,"752,0,0"
728,728,"Everyone's efforts are needed first to solve global warming. And put everyone's heads together... Make a spacecraft that escapes the Earth and escape. There is no reason to solve global warming if we abandon the Earth. If you look at the movie Wall-E, you can be a very good world.",728.0,"753,1,0"
729,729,strengthen the system,729.0,"754,1,0"
730,730,"Personally, I don't use disposable items, and I don't Companies should clean up and discharge things like factory wastewater.",730.0,"755,0,1"
731,731,It creates a layer that can replace the ozone layer.,731.0,"756,0,0"
732,732,I'm sorry. I don't have time,732.0,"757,0,1"
733,733,"It uses atomic bombs to spread radioactivity to the earth, making mankind extinct",733.0,"758,0,0"
734,734,I don't know,734.0,"759,0,1"
735,735,Reduce the use of disposable items.,735.0,"760,1,0"
736,736,You have to save energy.,736.0,"761,1,0"
737,737,This is because we need to reduce the use of electricity or water that we use it unnecessarily.,737.0,"762,0,0"
738,738,Reducing Exhaust Gas,738.0,"763,1,0"
739,739,Spare water.,739.0,"764,0,0"
740,740,6.41865E+14,740.0,"765,1,0"
741,741,"Don't turn on the air conditioner, don't throw away trash, and block all the factories",741.0,"766,1,0"
742,742,I think humanity is the most problematic I think we need to deregulate the human race for perfect warming,742.0,"767,0,0"
743,743,Reduce the use of carbon dioxide and Freon gas.,743.0,"768,0,0"
744,744,It doesn't make carbon dioxide,744.0,"769,0,1"
745,745,"Stop using natural resources, spread new energy, research and development to protect the environment on a global level",745.0,"770,0,0"
746,746,"The cause of global warming is an increase in greenhouse gases. These greenhouse gases are emitted a lot from automobiles, and eco-friendly technologies must be developed to reduce them",746.0,"771,0,1"
747,747,Rapidly developing space technology and turning it into another planet,747.0,"772,0,1"
748,748,They're good at recycling.,748.0,"773,0,0"
749,749,"Global warming is caused by an increase in the concentration of carbon dioxide in the atmosphere, and to prevent it, the amount of carbon dioxide in the atmosphere must be reduced.",749.0,"774,0,0"
750,750,Don't litter on the side of the road,750.0,"775,0,0"
751,751,"Global warming is caused by an increase in the concentration of carbon dioxide in the atmosphere, and to prevent it, the amount of carbon dioxide in the atmosphere must be reduced.",751.0,"776,0,0"
752,752,"Reduce the use of fuel that causes global warming, and plant trees",752.0,"777,1,0"
753,753,I don't know,753.0,"778,1,0779,0,1"
754,754,You just have to work hard.,754.0,"780,0,0"
755,755,People try to reduce waste by paying more attention. It also eliminates many factories. It is a major contributor to air pollution.,755.0,"781,0,0"
756,756,Let's turn on the air conditioner,756.0,"782,0,0"
757,757,Turn on the air conditioner and cool it down,757.0,"783,0,0"
758,758,It's something that people cherish what,758.0,"784,1,0"
759,759,"Yes, yes",759.0,"785,0,0"
760,760,Using Disposable Items,760.0,"786,0,0"
761,761,Carbon dioxide seems to be the cause.,761.0,"787,0,0"
762,762,Electronics user system,762.0,"788,0,1"
763,763,We should reduce the use of electric energy such as air conditioning and heating,763.0,"789,1,0"
764,764,Let's make a huge air purifier.,764.0,"790,0,1"
765,765,The main cause of global warming is carbon dioxide. So carbon dioxide,765.0,"791,0,0"
766,766,"Reducing it will solve global warming. For example, car riding, reducing food mileage, etc",766.0,"792,0,0"
767,767,I use public transportation rather than my own car Reduce the use of disposable items.,767.0,"793,0,1"
768,768,Efforts should be made to check and discharge less harmful gases emitted from factories.,768.0,"794,0,1"
769,769,Make an ozone layer and spray it on the sky.,769.0,"795,0,1"
770,770,"Renewable energy should be developed to reduce greenhouse gases, and factory activities should be reduced.",770.0,"796,0,0"
771,771,Walking,771.0,"797,0,0"
772,772,"To prevent global warming, electric vehicles and hydrogen cars are used, power plants are converted into eco-friendly generators, and nuclear power plants are also used.",772.0,"798,0,1"
773,773,"It is a waste of the air that the felons breathe, so they kill everyone to save oxygen.",773.0,"799,1,0"
774,774,Let's plant a tree.,774.0,"800,0,1"
775,775,"Solar power, wind power, and hydroelectric power are used more.",775.0,"801,0,0"
776,776,Research to turn waste into electricity,776.0,"802,0,1"
777,777,"Global warming is natural and cannot be solved. However, it can be delayed. If we save electricity as much as possible, generate less smoke in factories eco-friendly, and use less cars, we will be able to prevent global warming to some extent.",777.0,"803,1,0"
778,778,"Global warming = Nana on Earth = Nana on Earth. Well, global warming means Nana who came to Earth. So I think we should welcome and celebrate Nana who came to Earth. I'm also curious about the questioner's thoughts. If you know, please reply.",778.0,"804,0,0"
779,779,"Water is saved and used, walking near distance.",779.0,"805,0,0"
780,780,Reduce greenhouse gas emissions.,780.0,"806,0,0"
781,781,Reduce the use of air conditioners.,781.0,"807,1,0"
782,782,Do not use chemical fuel,782.0,"808,0,0809,0,0"
783,783,to impose sanctions on China,783.0,"810,0,0"
784,784,I use water when I wash my face.,784.0,"811,0,0"
785,785,"First of all, there are many reasons for global warming, but what comes to mind the most is carbon dioxide. To solve this problem, it is ideal to reduce the amount of carbon dioxide used, but it does not work well, so we need to come up with ways to physically reduce carbon dioxide.",785.0,"812,1,0"
786,786,Develop excellent science and technology that can eliminate global warming,786.0,"813,0,1"
787,787,Plant trees,787.0,"814,0,0"
788,788,"Because of the exhaust of cars, eco-friendly cars such as electric cars and solar cars are made.",788.0,"815,0,0"
789,789,It explodes China because of fine dust,789.0,"816,0,1"
790,790,I turned on the air conditioner a lot,790.0,"817,1,0"
791,791,"To prevent the butterfly effect, cars should use electrical appliances using wind and hydro solar power as electric vehicles and reduce the number of factories to prevent air pollutionGreenhouse gases (typically carbon dioxide) prevent heat from going out of the Earth.",791.0,"818,0,1"
792,792,"Therefore, to solve global warming, reduce greenhouse gas emissions.""",792.0,"819,0,1"
793,793,It is because disposable waste and other waste are dumped on the ground and in the sea,793.0,"820,0,0"
794,794,Get rid of cars.Stretch the trees. and so on,794.0,"821,0,0"
795,795,unauthorized dumping of garbage,795.0,"822,0,0"
796,796,"It can be solved in various ways, such as separating garbage, recycling, and using public transportation.",796.0,"823,0,0"
797,797,"First, the country specifies the amount of trees that can be used by a company. And by planting more trees in that amount, global warming is reduced and resources (water, electricity, etc.) used are limited according to size and circumstances for each generation.",797.0,"824,1,0"
798,798,"Global warming is caused by factory fumes or automobile exhaust, so separating and purifying factory fumes by atom can prevent global warming.",798.0,"825,0,0"
799,799,Plant a lot of plants and use less cars,799.0,"826,0,0"
800,800,"Global warming is caused by carbon dioxide produced by human-made cars and factories. However, for the sake of development, it cannot be prevented unconditionally. Therefore, global warming can be solved by making it possible to produce only a certain level of carbon dioxide or by planting many plants that convert carbon dioxide into oxygen.",800.0,"827,0,0"
801,801,"Due to indiscriminate development, global warming is accelerating and intensifying for various reasons, such as cutting down trees, reducing oxygen, and increasing electricity use due to excessive use of air conditioners and electric pads. As the climate gets hotter and colder, the vicious cycle of increasing electricity usage is repeated. Therefore, I think people's awareness of global warming should be changed first. Technology should be developed to protect plants and not throw garbage on the street, reduce the use of air conditioners and electric pads, and develop new alternative energy to reduce the amount of carbon dioxide as much as possible.",801.0,"828,0,0"
802,802,"If you stop reckless production and serve the environment, it disappears",802.0,"829,0,0"
803,803,This is because our Earth emits a lot of carbon dioxide and other things.,803.0,"830,0,0"
804,804,"In order to minimize carbon dioxide, which accounts for the largest portion of global warming, it increases the proportion of electric vehicle production, reduces factory operating time, and introduces a lot of eco-friendly energy technology",804.0,"831,0,0"
805,805,It uses nature to generate electricity.,805.0,"832,1,1"
806,806,"I think that global warming is due to humans I think we should be more alert, use less shampoo, use public transportation, and make a lot of efforts to reduce disposable products.",806.0,"833,1,0"
807,807,Kim 00's breath stinks / He doesn't let me sigh.,807.0,"834,0,1"
808,808,"The most serious causes of global warming are fuel, butane gas, automobile fumes, etc",808.0,"835,,"
809,809,"The emissions from using chemical fuel are the most serious, so automobile fumes, butane gas, etc. are the most serious substances that will cause global warming, so I think the answer is to replace or use less substances.""",809.0,"836,,"
810,810,reduce the use of electricity,810.0,"837,28.7%,22.9%"
811,811,"Factory wastewater, factory smoke, forest logging, and indiscriminate consumption of energy by citizens",,
812,812,Reduce thermal power generation,,
813,813,I think I need to use a little bit of electricity,,
814,814,"As I said in the last question, I am a liberal arts student, not a natural sciences student.",,
815,815,It seems that global warming is getting worse because we use a lot of electricity such as air conditioning So we think it's better to save,,
816,816,You have to recycle well and save money,,
817,817,Efforts are made to develop eco-friendly energy to reduce the use of fossil fuels.,,
818,818,use public transportation,,
819,819,It reduces indiscriminate development and reduces the amount of tin dioxide.,,
820,820,"There are many ways, but you can find it online",,
821,821,"The main cause of global warming is the excessive amount of greenhouse gases To solve this problem, there will be development of plants that reduce greenhouse gases, and technology that solidifies and eliminates greenhouse gases",,
822,822,Develop products that are not harmful to the environment.,,
823,823,Reduce carbon dioxide emissions.,,
824,824,Reducing the use of fossil fuels,,
825,825,public transportation,,
826,826,"Reduce the use of substances harmful to the environment, and try to use substances as harmless as possible.",,
827,827,"Global warming has many reasons, but there are greenhouse gases. We think of ways to use natural gas efficiently, so increasing the amount of natural gas used can prevent global warming.",,
828,828,Rice is cooked well,,
829,829,Eliminate the use of fossil fuels.,,
830,830,Reduce the use of fossil fuels,,
831,831,Don't throw garbage on the floor,,
832,832,I don't know,,
833,833,"Carbon dioxide, plant emissions should be reduced",,
834,834,Global warming is one of our disposable items and our gunpowder items,,
835,835,"Global warming generates a lot of carbon dioxide, which causes global warming as the earth heats up. Therefore, in order to solve global warming, carbon dioxide generation must be reduced.",,
836,836,Carbon dioxide emissions should be lowered to address global warming.,,
837,837,"We can prevent global warming by reducing coal gas, one of the many global warming factors",,
838,838,Because the greenhouse effect makes the ozone layer thinner,,
839,839,Use energy-efficient ones,,
840,840,Reduce the population,,
841,841,"""Increase in the use of chemical fuels",,
842,842,"Developing energy that can be used instead of chemical fuel""",,
843,843,I think we should try to develop eco-friendly energy.,,
844,844,Reduce carbon dioxide.,,
845,845,Strengthen restrictions on chemical and hazardous substances.,,
846,846,"There are countless solutions to global warming. Even if there is a scientific method, it is useless because people do not practice it. There will be solutions to global warming in that corner of everyone's head.",,
847,847,I save on shampoo,,
848,848,Don't throw away trash,,
849,849,Reduce factory smoke,,
850,850,More trash. Let's recycle well,,
851,851,We make a lot of eco-friendly products,,
852,852,It destroys the Earth's population in half.,,
853,853,Plant trees,,
854,854,stop using chemical fuel,,
855,855,We should all work hard to reduce carbon dioxide emissions,,
856,856,"""",,
857,857,to develop alternative resources for fuel emitting greenhouse gases,,
858,858,It makes plastic that decomposes.,,
859,859,I'm planting trees,,
860,860,"First of all, global warming occurs due to indiscriminate human resource consumption, carbon dioxide, and carbon monoxide emissions. Therefore, it is a method to use a resource or energy source with low carbon dioxide emissions.",,
861,861,Minimize carbon dioxide emissions.,,
862,862,Let's get rid of China,,
863,863,Unsolvable,,
864,864,Install a filter throughout China's factory chimneys. / Plant trees,,
865,865,the use of eco-friendly energy,,
866,866,"Carbon Dioxide, Use of Eco-Friendly Energy",,
867,867,"""The amount of resources needed to produce is now relatively large for the future.",,
868,868,"If science advances and the amount of resources needed for production decreases, we will be able to do so",,
869,869,"We will be able to produce the same production with less damage to the environment.""",,
870,870,"Glacier recordings, carbon dioxide emissions from factories and cars, etc",,
871,871,Develop eco-friendly fuel.,,
872,872,I don't know,,
873,873,Kill a cow,,
874,874,Promote the regeneration of the ozone layer,,
875,875,You should refrain from using disposable products and use public transportation a lot.,,
876,876,to develop new science,,
877,877,Don't eat food and don't fart,,
878,878,M and D,,
879,879,I don't understand.,,
880,880,"Automobile exhaust, electric vehicles, public transportation",,
881,881,It releases less carbon dioxide,,
882,882,Abandoning the Planet,,
883,883,I'm going to kill all the kids,,
884,884,We need to reduce emissions of carbon dioxide emissions,,
885,885,Replace smoky cars with cars like hydrogen cars,,
886,886,Plant a lot of trees to thicken the ozone layer You plant a lot,,
887,887,"Plant reckless gas emissions, planting lots of trees",,
888,888,reduce the use of electricity,,
889,889,Don't breathe.,,
890,890,We make a lot of cider made from carbon trioxide.Use of public transportation to prevent air pollution,,
891,891,Use public transportation because of the increased use of fossil fuels,,
892,892,I don't think global warming is caused by humans. The amount of carbon dioxide that humans emit is very small compared to the amount of carbon dioxide generated in nature. I don't think that very little carbon dioxide destroys the Earth's ozone layer and raises the Earth's temperature. That's why I think carbon dioxide emissions have increased because the Earth has gotten hotter.,,
893,893,"Global warming is usually thought to have become global warming with many gases using machines developed after industrialization. In order to prevent such global warming, it is necessary to create a technology that can burn or eliminate garbage in places like incinerators that burn something.",,
894,894,e,,
895,895,Reduce greenhouse gases,,
896,896,Let's get rid of half the humans,,
897,897,It condenses greenhouse gases from the source of greenhouse gases that cause global warming and sends them into space.,,
898,898,"To prevent the increase in greenhouse gases, a greenhouse gas regulation agreement is signed and regulatory policies are implemented.",,
899,899,"As carbon dioxide emissions increase, various problems arise from global warming. To solve this problem, it is necessary to reduce the use of fossil fuels and develop alternative energy.",,
900,900,"Using electricity or natural fuel, not fuels",,
901,901,Reduce gasoline cars and electricity to reduce emissions.Increase the hydrogen car,,
902,902,Evaluation Only. Created with Aspose.Cells for Python via Java.Copyright 2003 - 2022 Aspose Pty Ltd.,,
