,Unnamed: 0,"7. The roots of plants are underground, so they are hard to see, but they have many functions. What do plant roots do? Let's explain in detail using knowledge of plant structure and function. ",Unnamed: 0,", q7_storage, q7_support, q7_carry, q7_storage.1, q7_support.1,q7_Transport.1"
0,0,It absorbs water that sprays plants,0.0,"0,0,0,1, store nutrients"
1,1,water absorption,1.0,"10,0,1, nutrient storage,"
2,2,"Absorption of nutrients, absorption",2.0,"2,0,0,1, store nutrients"
3,3,water absorption,3.0,"3,0,0,1, store nutrients,"
4,4,It absorbs water,4.0,"4,0,0,1, nutrient storage,"
5,5,It absorbs water and nutrients through its roots to help plants grow well,5.0,"5,0,0,1, store nutrients"
6,6,It absorbs water from the ground and makes it available. It often stores nutrients.,6.0,"6,1,0,1, store nutrients,"
7,7,"Plant fixation, nutrient absorption",7.0,"7,0,1,1, store nutrients,"
8,8,The roots absorb water as much as possible by widening the surface area as possible.,8.0,"8,0,0,1, store nutrients,"
9,9,water absorption,9.0,"9,0,0,1, the root stores nutrients"
10,10,Plant roots absorb nutrients and water from the ground and carry them to stems and leaves.,10.0,"10,0,0,1, the root is a nutrient reservoir"
11,11,It functions to absorb nutrients.,11.0,"11,0,0,1, nutrient storage,"
12,12,Filter using the intubation pressure function and transport energy to the body and water pipes.,12.0,"12,0,0,0, serves to store nutrients"
13,13,It absorbs nutrients.,13.0,"13,0,0,1, the place where nutrients are stored is sprinkled"
14,14,It prevents landslides by holding the soil firmly.,14.0,"14,0,0,0, the root is where nutrients are stored"
15,15,It absorbs water to make a living for plants.,15.0,"15,0,0,1, nutrients are stored in the root"
16,16,It absorbs and supports moisture,16.0,"16,0,1,1 and nutrients are all stored in the root"
17,17,It keeps the plants from falling down,17.0,"17,0,1,0, nutrients are stored in the roots"
18,18,Plant roots can absorb moisture and nutrients by applying the maximum contact area with a minimum volume.,18.0,"18,0,0,1, nutrients are stored in the roots"
19,19,Plant roots hold the plant in place and get nutrients from the ground.,19.0,"19,0,1, the roots of plants store nutrients"
20,20,It absorbs nutrients and water.,20.0,"20,0,0,1, store nutrients"
21,21,The roots of the plant take a distant form and serve to absorb nutrients and moisture in the ground.,21.0,"21,0,0,1, store nutrients"
22,22,It absorbs water from the ground and supports plants.,22.0,"22,0,1,1, the roots of plants store nutrients"
23,23,"Moisture absorption, nutrients absorption",23.0,"23,0,0,1, the roots of plants like sweet potatoes store nutrients"
24,24,Roots support plants from falling and absorb water and nutrients.,24.0,"24,0,1,1, plants like sweet potatoes store nutrients in their roots"
25,25,It absorbs water and nutrients and supports plants.,25.0,"25,0,1,1, the roots of plants store nutrients,"
26,26,There is a growth point. It absorbs nutrients from the roots to the ground,26.0,"26,0,0,1, store nutrients,"
27,27,"It has a function to absorb moisture from the ground and maintain life. In addition, it is embedded in the ground with fine roots and sticks out its roots deeply so that it is not selected by large weather events such as typhoons.",27.0,"27,0,1,1, store nutrients,"
28,28,"Staying on the ground, absorbing nutrients",28.0,"28,0,1,1, the roots of plants store nutrients,"
29,29,"Plant roots, along with moisture, serve to absorb nutrients, support plants, and store nutrients.",29.0,"29,1,1,1, the roots of plants such as sweet potatoes store nutrients"
30,30,It makes plants live,30.0,"30,0,0, plants like sweet potatoes store nutrients in their roots"
31,31,Drink water,31.0,"31,0,0,1, the roots of plants store nutrients"
32,32,Plants grow,32.0,"32,0,0,0, store nutrients"
33,33,I don't know,33.0,"It stores 33,0,0,0 nutrients"
34,34,Unknowingness,34.0,"34,0,0,0, the roots of plants store nutrients"
35,35,Unknowingness,35.0,The roots of plants such as sweet potatoes store nutrients
36,36,Unknowingness,36.0,"360,0,0, plants like sweet potatoes store nutrients in their roots"
37,37,"In order for animal insects in the ground to live better,",37.0,"37,0,0, the roots of plants store many nutrients"
38,38,Unknowingness,38.0,"380,0,0,0, store several quantities"
39,39,Unknowingness,39.0,"39,0,0,0, it stores many quantities"
40,40,It feeds on plants and nourishes them,40.0,"40,0,0,1, the roots of plants store many nutrients"
41,41,Eat nourishment.,41.0,"41,0,0,1, the roots of plants like sweet potatoes store many nutrients"
42,42,The roots distribute nutrients evenly throughout the plant and help the plant grow well.,42.0,Plants such as sweet potatoes store many nutrients in their roots
43,43,I don't know.,43.0,"43,0,0,0, the roots of plants store many nutrients,"
44,44,The roots of the plant are in the ground and absorb soil nutrients and moisture from the soil.,44.0,"44,0,0,1, store all of you,"
45,45,It makes it clear,45.0,"45,0,0,0, save you all"
46,46,It makes the air dry,46.0,"46,0,0,0, the roots of plants store many nutrients"
47,47,Roots nourish the ground.,47.0,"47,0,0,1, the roots of plants like sweet potatoes store many nutrients"
48,48,Unknowingness,48.0,"48,0,0, plants like sweet potatoes store many nutrients in their roots49,0,0,1, the roots of plants store many nutrients"
49,49,It nourishes the roots,49.0,"50,0,0,1, store all of you"
50,50,It provides nutrients to the food,50.0,"51,0,0,1, it stores all of you"
51,51,Nutrient and water absorption,51.0,"52,0,0,1, the roots of plants store many nutrients"
52,52,It absorbs water,52.0,"The roots of plants such as 53,0,1,0, sweet potatoes store many nutrients"
53,53,It supports the plant.,53.0,"54,0,1,0, plants like sweet potatoes store many nutrients in their roots"
54,54,It supports the plant.,54.0,"55,0,0,1, the roots of plants serve to store nutrients"
55,55,It provides nutrients to the food,55.0,"56,0,0,1, the roots of plants serve to store nutrients"
56,56,Don't let the wind blow you away. I absorb water. I don't know I love you,56.0,"57,0,0,1, the roots of plants serve to store nutrients"
57,57,Roots absorb water and nutrients,57.0,"58,0,1,1, responsible for storing nutrients,"
58,58,The roots of a plant support the plant or absorb water,58.0,"59,0,0,1, serves to store nutrients"
59,59,Plant roots function to absorb water from the ground and send it to plants,59.0,"It stores 60,1,0,1, nutrients"
60,60,"absorption, storage",60.0,"61,1,1,0, nutrient storage,"
61,61,Storage Capability Support Capability,61.0,"62,0,0,1, store nutrients,"
62,62,The roots of plants have a large surface area because of their root hairs.,62.0,"63,1,1,0, storing nutrients,"
63,63,"With this root hair, nutrients in the soil are absorbed by osmosis and supplied to the whole body.""",63.0,"64,0,0,1, store nutrients"
64,64,Storage Capability Support Capability,64.0,"It stores 65,0,0,1, nutrients"
65,65,"Plants water the ground so that the roots absorb water, nourish it, release strange things, and do many different functions",65.0,"66,0,0,1, store nutrients in the root,"
66,66,the action of osmotic pressure to suck water in,66.0,"67,0,0,0 store nutrients in the root,"
67,67,Moisture from the ground is sent to the roots of the stem leaves for photosynthesis,67.0,"68,0,0,1, store nutrients in the root"
68,68,be a stranger to,68.0,"69,0,0,1, store nutrients in the root"
69,69,To absorb water from the ground,69.0,"70,0,0,1, store nutrients in the root,"
70,70,It absorbs water and nutrients,70.0,"71,0,0,1, store nutrients in the roots,"
71,71,It absorbs water and helps plants stand properly.,71.0,"72,0,0,1, store nutrients in the roots,"
72,72,get nourishment from the roots,72.0,"73,0,0,1, store nutrients in the roots"
73,73,It absorbs nutrients and helps plants grow well,73.0,"74,0,0,1, store nutrients in the root"
74,74,It provides nutrients in the soil,74.0,"75,0,0,1, store nutrients in plant roots"
75,75,It absorbs moisture,75.0,"76,0,1, store nutrients in plant roots"
76,76,It delivers moisture.,76.0,"77,0,1, store nutrients in plant roots"
77,77,"Roots are helpful to plants in their lives. For example, it can be said to be an important organ in charge of the foundation of plants, such as pulling the water needed for plants to live by the roots or supporting the plant's",77.0,"78,0,1,0, store nutrients in plant roots"
78,78,It also acts as a support to absorb water or to prevent it from falling off the soil,78.0,"79,0,0,1, store plant nutrients in roots,"
79,79,Don't pull it out,79.0,"80,0,0,1, store plant nutrients in the roots"
80,80,It absorbs water.,80.0,"81,0,1, store plant nutrients in the roots"
81,81,draw in water,81.0,"82,0,1,0, store plant nutrients in the roots"
82,82,It absorbs nutrients from the roots and supports the plant from the wind,82.0,"83,0,0,1, stores plant nutrients in the roots"
83,83,Roots are the pillars of plants,83.0,"84,0,0,1, store nutrients made from leaves,"
84,84,absorb nutrients,84.0,"85,0,0,1, store nutrients made from leaves,"
85,85,Plants let them drink water.,85.0,"86,0,1,1, store nutrients made from leaves,"
86,86,The roots absorb the nutrients in the ground,86.0,"87,0,1, store nutrients made from leaves"
87,87,It absorbs soil nutrients and supports the top of the plant (jitang).,87.0,"88,1,0, store nutrients made from leaves"
88,88,absorption and support of nutrients,88.0,"89,0,1,1 store nutrients made from leaves in the roots,"
89,89,Water storage,89.0,"90,0,0,0, store nutrients made from leaves in the roots,"
90,90,It absorbs plants' needs such as nutrients and water and supports plants not to fall down.,90.0,"91,0,0,1, store nutrients made from leaves in the roots"
91,91,Helps plants grow well,91.0,"92,1,1,1, store nutrients made from leaves in the roots"
92,92,The plant's roots absorb water from the ground so that it can live.,92.0,"93,0,0,1, store nutrients made from leaves in the root,"
93,93,"Support, moisture absorption, and nutrient storage",93.0,"94,0,0,1, store the nutrients made from leaves in the roots,"
94,94,It obtains nutrients through its roots and distributes them to plants.,94.0,"95,0,0,1, store nutrients made from leaves in the roots,"
95,95,"Suck water, gather nutrients and transfer nutrients to the leaves by stem",95.0,"96,0,1, store nutrients made from leaves in the roots"
96,96,It absorbs water from the ground and helps plants grow well.,96.0,"97,0,1, store nutrients made from leaves in the roots"
97,97,"""The roots of plants are similar to tree branches, and the roots look like small whiskers",97.0,"98,0,0,1, store nutrients made from leaves in plant roots99,0,1,1 store nutrients made from leaves in plant roots"
98,98,"It absorbs moisture and keeps it in the ground.""1: Support plants to prevent them from being blown away by the wind",98.0,"100,0,1, store nutrients made from leaves in plant roots"
99,99,"2 : The roots allow water to be absorbed and photosynthesized""",99.0,"101,0,1, store nutrients from leaves in plant roots"
100,100,Roots provide nutrients from the soil so that plants can breathe or take in nutrients.,100.0,"102,0,0,0 store the nutrients of plants made from leaves in the roots,"
101,101,Plant roots support plants and help them absorb nutrients.,101.0,"103,0,0,1, store the nutrients of plants made from leaves in the roots,"
102,102,It absorbs moisture from the soil and is embedded deep in the ground to help plants not fall,102.0,"104,0,0,1, store the nutrients of plants made from leaves in the roots"
103,103,"Plant roots first inhale water absorbed in the ground to bloom leaves and provide important ""water"" for photosynthesis so that they can make nutrients, and if a landslide occurs, deep roots hold with the surrounding soil, so landslides rarely occur in places with many plants or trees.",103.0,"105,0,0,0 store the nutrients of plants made from leaves in the roots"
104,104,I don't know.,104.0,"106,0,0,0 store the nutrients from the leaves in the roots"
105,105,It absorbs water,105.0,"107,0,1,0, plants store nutrients,"
106,106,Roots gather nutrients.,106.0,"108,0,0,1, plants store nutrients,"
107,107,Unknowingness,107.0,"109,0,0,1, plants store nutrients,"
108,108,I don’t know well.,108.0,"110,0,0,0 plants store nutrients"
109,109,Support function,109.0,"111,0,0,1, plants store nutrients"
110,110,drinking water from the soil and sucking in nutrients,110.0,"112,0,0,1, plants store nutrients in their roots"
111,111,It absorbs water.,111.0,"113,0,0,1, plants store nutrients in their roots"
112,112,"Roots, stems, leaves",112.0,"114,0,0,1, plants store nutrients in their roots"
113,113,Suck the water in.,113.0,"115,0,1,0, plants store nutrients in their roots"
114,114,"""Sucking in the nutrients",114.0,"116,0,0,1, plants store nutrients in the roots,"
115,115,"""",115.0,"117,0,1, plants store nutrients in their roots"
116,116,absorption of water in the ground,116.0,"118,0,0,1, plants store nutrients in their roots"
117,117,get nourishment or moisture,117.0,"119,0,1,0, plants store nutrients in their roots"
118,118,support the soil,118.0,"120,0,1,1, plants store nutrients in their roots"
119,119,Roots absorb water,119.0,"121,0,1, the plant stores nutrients made from leaves"
120,120,It supports plants and absorbs nutrients,120.0,"122,0,1, plants store nutrients made from leaves"
121,121,sucking up nutrients,121.0,"123,0,0,1, plants store nutrients made from leaves"
122,122,support,122.0,"124,0,1,1 plants store nutrients made from leaves"
123,123,Suck water and nutrients and keep plants from falling,123.0,"125,0,0,0 plants store nutrients made from leaves"
124,124,"First, the function of supporting and drinking water. The function of producing fruit",124.0,"126,0,1,1 plants store nutrients made from leaves in their roots"
125,125,It absorbs water. It supports plants,125.0,"127,0,0, plants store nutrients from leaves in their roots"
126,126,absorption of water,126.0,"128,0,0,0 plants store nutrients made from leaves in their roots"
127,127,"""1. Dip water in the water.",127.0,"129,0,1,1 Plants store nutrients from leaves in their roots"
128,128,"2. Support the plant""",128.0,"130,0,0,1, plants store nutrients made from leaves in the roots,"
129,129,have good roots,129.0,"131,0,1, plants store nutrients made from leaves in their roots"
130,130,"Roots absorb nutrients from the ground, supporting plants.",130.0,"132,0,1,0, plants store nutrients made from leaves in their roots"
131,131,ㅗ,131.0,"133,1,1,0, plants store nutrients made from leaves in their roots"
132,132,The roots,132.0,"134,0,1,1 plants store nutrients made from leaves in their roots"
133,133,"Support function, absorption function, etc",133.0,"135,0,1,0, a collection of nutrients synthesized through photosynthesis,"
134,134,"The root of the plant has an absorption function that absorbs water, supports the plant, and supports the plant",134.0,"136,0,1,1, as you can see from the radish, it stores nutrients,"
135,135,It acts as a support for plants and delivers moisture and nutrients to plants.,135.0,"137,0,0,1, store nutrients"
136,136,You have to have roots to catch plants,136.0,"138,0,1,1 gather nutrients"
137,137,It stores nutrients and acts as a support,137.0,"139,0,1, store nutrients,"
138,138,It acts as a support for plants and delivers moisture and nutrients to plants,138.0,"It stores 140,0,1,1 nutrients"
139,139,It acts as a support plants.,139.0,"141,0,0,1, the nutrients are synthesized and stored in the roots"
140,140,"Support function, absorption function, etc...",140.0,"142,0,0,1, store the synthesized nutrients in the roots"
141,141,It absorbs water from the soil and supplies nutrients (including water) to the stems and leaves.,141.0,"143,0,1, store the synthesized nutrients in the roots"
142,142,The roots have a supporting function and absorb water,142.0,"144,0,0,1, stores synthesized nutrients,"
143,143,Roots have supporting functions and absorb water from the ground.,143.0,"145,1,0,1,,,"
144,144,The roots function as support and absorb water from the ground.,144.0,"146,0,0,1,,,"
145,145,Moisten leaves and stems by absorbing water,145.0,"147,0,1,0,,,"
146,146,Plant roots function to absorb water,146.0,"148,0,1,0,,,149,0,0,0,,,"
147,147,"It absorbs water, supports plants.",147.0,"150,0,0,1,,,"
148,148,The roots absorb water to keep the plants alive,148.0,"151,0,0,1,,,"
149,149,Roots store nutrients and absorb water or nutrients,149.0,"152,0,0,1,,,"
150,150,It absorbs moisture in the ground.,150.0,"153,1,1,1,,,"
151,151,Support function It supports plants so that they can't be pulled out easily,151.0,"154,0,1,1,,,"
152,152,It's supported by the roots,152.0,"155,0,1,1,,,"
153,153,Roots allow plants to live,153.0,"156,0,0,1,,,"
154,154,absorption action,154.0,"157,1,1,1,,,"
155,155,I drink water,155.0,"158,0,0,1,,,"
156,156,Plant roots absorb nutrients and water from the ground.,156.0,"159,0,0,1,,,"
157,157,"""The roots support and support the plants because they extend their roots deep into the ground. Plants such as radishes, carrots, and sweet potatoes store nutrients made from leaves in their roots. The roots absorb water. The small, thin root hairs at the end of the root help absorb water.",157.0,"160,1,0,1,,,"
158,158,"""",158.0,"161,0,0,0,,,"
159,159,"Plants extend their roots deep into the ground, so the roots support and support them. Plants such as radishes, carrots, and sweet potatoes store nutrients made from leaves in their roots. The roots absorb water. The small, thin root hairs at the end of the root help absorb water.",159.0,"162,0,0,1,,,"
160,160,It absorbs water and supports plants not to fall down.,160.0,"163,1,1,0,,,"
161,161,It absorbs water by osmosis,161.0,"164,0,0,1,,,"
162,162,"Plants extend their roots deep into the ground, so the roots support and support them. Plants such as radishes, carrots, and sweet potatoes store nutrients made from leaves in their roots. The roots absorb water. The small, thin root hairs at the end of the root help absorb water.",162.0,"165,0,0,1,,,"
163,163,Roots carry water and have nutrients,163.0,"166,0,0,1,,,"
164,164,It absorbs water and produces glucose,164.0,"167,0,0,0,,,"
165,165,It grows in length as it transports and stores water and prepares for oxygenation.,165.0,"168,0,0,1,,,"
166,166,cㅈ,166.0,"169,0,0,1,,,"
167,167,It replenishes moisture through the roots.,167.0,"170,0,0,1,,,"
168,168,The roots of the plant serve to support and support the plant and store the nutrients made by the leaves in the roots,168.0,"171,0,1,1,,,"
169,169,It's to absorb nutrients in the ground,169.0,"172,0,1,1,,,"
170,170,absorb nutrients,170.0,"173,0,0,1,,,"
171,171,"The roots absorb water. The small, thin root hairs at the end of the root help absorb water.",171.0,"174,0,1,0,,,"
172,172,nutrients in the ground,172.0,"175,0,0,1,,,"
173,173,I suck water,173.0,"176,0,1,0,,,"
174,174,The roots absorb the various nutrients and moisture that the soil has and deliver the elements that plants can live through the stem.,174.0,"177,0,1,1,,,"
175,175,"The roots of the plant are in the ground, so on rainy days, rainwater seeps into the ground, and the roots absorb moisture.",175.0,"178,0,0,1,,,"
176,176,Plant roots support the plant and absorb nutrients and moisture.,176.0,"179,0,1,1,,,"
177,177,"Because plants extend their roots deeply into the ground, the roots play a role in supporting and supporting the plants. And the roots are responsible for absorbing water. Also, the small, thin root hairs at the end of the root help absorb water.",177.0,"180,0,0,1,,,"
178,178,It survives by absorbing moisture from the ground.,178.0,"181,0,1,1,,,"
179,179,It is the role of supporting and supporting plants.,179.0,"182,0,0,1,,,"
180,180,Roots are responsible for absorbing water.,180.0,"183,0,0,1,,,"
181,181,"The plant extends its roots deep into the ground, and the roots support and support the plant. It helps to absorb water.",181.0,"184,0,0,0,,,"
182,182,It supports plants and absorbs water in the soil.,182.0,"185,0,0,1,,,"
183,183,It is essential because water or nutrients absorbed into the ground enter the roots and are transmitted to all parts of the plant like blood vessels in the body.,183.0,"186,0,0,1,,,"
184,184,It survives by fixing it to the floor and absorbing water.,184.0,"187,0,1,1,,,"
185,185,It absorbs moisture and moves along the water tube to the leaves to photosynthesize,185.0,"188,0,1,1,,,"
186,186,"soil fixation, nutrient and water absorption",186.0,"189,0,0,1,,,"
187,187,It absorbs water and supplies water to the leaves.,187.0,"190,0,0,0,,,"
188,188,The role of fixing it so that it doesn't move,188.0,"191,0,0,0,,,"
189,189,It helps you grow,189.0,"192,0,1,1,,,"
190,190,It absorbs nutrients from the soil,190.0,"193,0,1,1,,,"
191,191,I drink water,191.0,"194,0,0,0,,,"
192,192,It supports plants and delivers water and nutrients,192.0,"195,0,0,1,,,"
193,193,The roots of the plant serve as a support for the plant to withstand strong winds and collect nutrients.,193.0,"196,0,0,1,,,"
194,194,Drink water,194.0,"197,0,0,0,,,"
195,195,It protects plants from dying.,195.0,"198,0,0,0,,,199,0,0,0,,,"
196,196,I don't know.,196.0,"200,0,0,1,,,"
197,197,"It absorbs water to hydrate it, and helps it withstand the wind well.The roots of plants absorb nutrients and catch the soil so that they don't fall down",197.0,"201,0,0,1,,,"
198,198,Roots are like air that allows plants to live,198.0,"202,0,0,0,,,"
199,199,Drink water,199.0,"203,0,0,1,,,"
200,200,The roots absorb water from the ground,200.0,"204,0,1,1,,,"
201,201,"Roots eat various plants and animals in the ground, such as water in the ground",201.0,"205,0,0,1,,,"
202,202,"Well, I don't know",202.0,"206,0,0,1,,,"
203,203,There are various roots,203.0,"207,0,0,1,,,"
204,204,suck water from the ground,204.0,"208,0,0,1,,,"
205,205,It nourishes,205.0,"209,0,0,1,,,"
206,206,It makes plants grow.,206.0,"210,0,0,1,,,"
207,207,The roots of plants seem to be working to make and supply nutrients.,207.0,"211,0,0,1,,,"
208,208,"This is because roots act as a support for plants, and they also absorb water to help them grow well.",208.0,"212,0,1,1,,,"
209,209,The roots of plants absorb water and vitamins.,209.0,"213,0,1,1,,,"
210,210,The roots of plants absorb moisture from the ground,210.0,"214,0,1,1,,,"
211,211,It lifts the soil's food and moisture,211.0,"215,0,0,0,,,"
212,212,The soil nutrients that are sprayed on plants are sucked in.,212.0,"216,0,0,1,,,"
213,213,Absorb water and send it to the plant on the leaves,213.0,"217,0,0,1,,,"
214,214,absorb water to absorb nutrients,214.0,"218,0,0,0,,,"
215,215,It helps plants by sucking water from the ground.,215.0,"219,0,0,1,,,"
216,216,"The roots of the plant absorb water from the ground and place it on top of the stem so that it can live, and support the plant stem to stand upright.",216.0,"220,0,0,1,,,"
217,217,It can absorb water and supports plants not to fly away,217.0,"221,0,0,1,,,"
218,218,"Absorb water, take a seat and keep plants from falling down",218.0,"222,0,0,1,,,"
219,219,The roots of the plant get the nutrients and energy needed by the plant and get rid of unnecessary nutrients and weeds.,219.0,"223,0,0,1,,,"
220,220,It grows by eating water from the ground with its roots,220.0,"224,0,0,0,,,"
221,221,"""The root acts to suck water when it seeps through the soil",221.0,"225,0,0,0,,,"
222,222,"""",222.0,"226,0,0,1,,,"
223,223,sow the seeds of a flower,223.0,"227,0,0,0,,,"
224,224,Roots are when water seeps through the soil.It's responsible for sucking,224.0,"228,0,0,1,,,"
225,225,Plant roots absorb water and nutrients.,225.0,"229,0,0,1,,,"
226,226,It sends moisture from the ground to the plant stem.,226.0,"230,0,1,1,,,"
227,227,The root of the plant is the water in the ground because it is called bread lumber :),227.0,"231,0,0,1,,,"
228,228,Plant roots suck water and nutrients from the ground.,228.0,"232,0,0,1,,,"
229,229,making plants grow well,229.0,"233,0,1,1,,,"
230,230,It helps plants grow well.,230.0,"234,0,1,0,,,"
231,231,It takes in the nutrients of the land.,231.0,"235,0,1,1,,,"
232,232,.,232.0,"236,0,0,1,,,"
233,233,Water is drained.,233.0,"237,0,0,0,,,"
234,234,absorption of water,234.0,"238,0,0,1,,,"
235,235,Water absorption support light,235.0,"239,0,0,1,,,"
236,236,It helps plants to grow well by drinking water,236.0,"240,0,1,1,,,"
237,237,Roots suck water from the ground,237.0,"241,0,0,1,,,"
238,238,It supports and receives nutrients,238.0,"242,0,0,0,,,"
239,239,Hold the plant and lock the ground to prevent the landslide,239.0,"243,0,0,1,,,"
240,240,Wash the water and support the tree,240.0,"244,0,0,1,,,"
241,241,Absorbing water and sucking in nutrients,241.0,"245,0,0,1,,,"
242,242,Fill it with moisture. back,242.0,"246,0,0,1,,,"
243,243,It's because it gives off the nutrients that the plants have in the ground,243.0,"247,0,0,1,,,"
244,244,"The roots of the plant wash water so that the plant can grow, and it helps the ground become moist and steam.",244.0,"248,0,0,1,,,249,0,0,0,,,"
245,245,Root hairs suck water and support the specimen.,245.0,"250,0,0,1,,,"
246,246,drain water from the ground,246.0,"251,0,0,0,,,"
247,247,"I figured this out, but I couldn't write it here because I didn't have enough space",247.0,"252,0,0,1,,,"
248,248,Plant roots make the nutrients necessary for plants to live and suck water.,248.0,"253,0,0,1,,,"
249,249,I'm going to wash them with water and nutrients,249.0,"254,0,1,1,,,"
250,250,absorption of water under the ground,250.0,"255,1,1,1,,,"
251,251,"Water absorption, healthy wild ginseng or ginseng is good for the body.",251.0,"256,0,0,0,,,"
252,252,It absorbs water and nutrients from the ground to help plants grow well.,252.0,"257,0,0,0,,,"
253,253,absorption of water and nutrients in the ground,253.0,"258,0,0,0,,,"
254,254,Roots are like the mother of plants!,254.0,"259,0,1,1,,,"
255,255,Roots suck water and nutrients to help them grow well,255.0,"260,0,0,0,,,"
256,256,Because it's the root,256.0,"261,0,0,0,,,"
257,257,Roots play a role in attracting moisture from the ground and helping plants grow upward.,257.0,"262,0,0,1,,,"
258,258,Water and nourishing to buy plants,258.0,"263,0,0,1,,,"
259,259,"It plays the most important role in growing plants by sucking nutrients and water from the ground, and also supports them not to be shaken or pulled out by various factors such as wind.",259.0,"264,0,0,1,,,"
260,260,"The roots of the plant support the plant and absorb soil moisture and nutrients from the soil. Sprinkle sweet potatoes and say it's good. Oh, I also store nutrients",260.0,"265,0,0,1,,,"
261,261,It's about saving lives and fruits,261.0,"266,0,0,1,,,"
262,262,Unknowingness,262.0,"267,0,1,1,,,"
263,263,Unknowingness,263.0,"268,0,0,0,,,"
264,264,water-absorbing plant chain,264.0,"269,0,1,1,,,"
265,265,I don't know.,265.0,"270,0,0,0,,,"
266,266,Plants have a multiplication effect.,266.0,"271,0,0,1,,,"
267,267,It supplies nutrients.,267.0,"272,0,0,1,,,"
268,268,absorption of nutrients,268.0,"273,0,0,1,,,"
269,269,"It filters water and nutrients through osmosis, absorbs water and nutrients, and delivers them to the stems and leaves.",269.0,"274,0,0,0,,,"
270,270,It absorbs nutrients and water from the ground,270.0,"275,0,1,1,,,"
271,271,a nourishing,271.0,"276,0,1,1,,,"
272,272,It absorbs moisture from the ground and helps plants grow and supports them,272.0,"277,0,0,1,,,"
273,273,Plant roots have a lot of influence on plant growth.,273.0,"278,0,0,1,,,"
274,274,It absorbs water and supports plants,274.0,"279,0,1,1,,,"
275,275,I'm going to collect them,275.0,"280,0,0,1,,,"
276,276,It absorbs nutrients in the ground.,276.0,"281,0,1,1,,,"
277,277,It absorbs nutrients from the ground and helps plants grow.,277.0,"282,0,1,1,,,"
278,278,make a splash.,278.0,"283,1,1,1,,,"
279,279,I don't know.,279.0,"284,0,1,1,,,"
280,280,"Water absorption, nutrients absorption, and support for the organism",280.0,"285,0,1,1,,,"
281,281,"The roots of the plant have growth points, which get nutrients and water deep in the soil and go deep into the ground and support them to prevent them from collapsing easily.",281.0,"286,1,1,1,,,"
282,282,"absorption of nutrients, moisture, and minerals",282.0,"287,0,0,1,,,"
283,283,Absorb water with root hair. It absorbs nutrients.,283.0,"288,0,0,1,,,"
284,284,"It has the function of supporting plants, nutrient absorption, and water absorption.",284.0,"289,0,0,1,,,"
285,285,Roots absorb nutrients and water in the soil.,285.0,"290,0,1,1,,,"
286,286,"It functions as nutrient absorption from the soil, moisture absorption function, support function, and material transportation to the stem.",286.0,"291,0,0,1,,,"
287,287,"Plant support, nutrient absorption",287.0,"292,0,1,1,,,"
288,288,"Plant roots play various roles, such as absorbing moisture and nutrients from the ground, supporting plants, and storing nutrients.",288.0,"293,0,0,1,,,"
289,289,It absorbs water and minerals and supports plants.,289.0,"294,0,1,1,,,"
290,290,It supports plants and absorbs and supplies ions or water from them.,290.0,"295,0,0,1,,,"
291,291,Water and inorganic nutrients are absorbed through the root hairs and transported to the water pipe. Some also coexist with bacteria to obtain organic nutrients. It also supports plants and some store nutrients with storage roots.,291.0,"296,0,0,1,,,"
292,292,It extends to the ground and absorbs water.,292.0,"297,0,0,1,,,"
293,293,It absorbs water and gives plants the nutrients they need.,293.0,"298,0,0,1,,,299,0,0,1,,,"
294,294,It absorbs water and nutrients.,294.0,"300,0,0,1,,,"
295,295,supporting and absorbing action,295.0,"301,0,0,1,,,"
296,296,absorption of water and mineralsIt supports plants and absorbs various nutrients.,296.0,"302,0,0,0,,,"
297,297,It absorbs water.,297.0,"303,0,0,1,,,"
298,298,It absorbs water. It supports plants,298.0,"304,0,1,1,,,"
299,299,It absorbs nutrients,299.0,"305,0,0,1,,,"
300,300,absorb nutrients,300.0,"306,0,0,1,,,"
301,301,water down to nourish the plants,301.0,"307,0,0,0,,,"
302,302,It absorbs water and nutrients.,302.0,"308,1,1,1,,,"
303,303,It absorbs nutrients,303.0,"309,0,1,1,,,"
304,304,Sucking water and sending it to the stem,304.0,"310,0,0,1,,,"
305,305,It seems to play a role in supplying moisture in the soil to plants.,305.0,"311,1,1,1,,,"
306,306,It seems to play a role in supplying moisture in the soil to plants.,306.0,"312,0,0,1,,,"
307,307,"The roots of the plant absorb moisture from the ground so that it can live, and the deeper the roots, the more moisture it absorbs and is not easily pulled out.",307.0,"313,0,1,0,,,"
308,308,"As the roots grow, they fix it on the ground and take in nutrients through the roots",308.0,"314,0,1,0,,,"
309,309,The roots of plants absorb nutrients and moisture from the ground and make plants grow,309.0,"315,0,0,1,,,"
310,310,"Roots absorb all the nutrients in the ground, and they need roots to survive",310.0,"316,0,0,1,,,"
311,311,It helps plants grow well,311.0,"317,0,0,1,,,"
312,312,"""The roots absorb water by osmotic pressure and support plants, and carrots are used to store nutrients",312.0,"318,0,1,0,,,"
313,313,,313.0,"319,0,0,1,,,"
314,314,"It's being used.Roots have support, storage, and absorption.",314.0,"320,1,1,1,,,"
315,315,"""",315.0,"321,0,1,1,,,"
316,316,It absorbs water and supports the soil to fix the ground.,316.0,"322,0,0,1,,,"
317,317,"The roots absorb water and nutrients, allowing plants to live long.",317.0,"323,0,0,1,,,"
318,318,"It supports, absorbs, stores, etc",318.0,"324,0,0,1,,,"
319,319,"The roots of plants dig deep into the ground and take nutrients from the soil and supply them to plants, and things like big trees make the ground hard by intertwining roots.",319.0,"325,0,1,1,,,"
320,320,Support the plant so that it does not fall over,320.0,"326,1,1,0,,,"
321,321,"The roots of the plant support the stems, leaves, and flowers of the plant so that they do not fly away in the wind, and produce flowers and fruits through the stems of moisture on the ground.",321.0,"327,1,1,1,,,"
322,322,It absorbs moisture from the ground and supplies nutrients.,322.0,"328,0,1,1,,,"
323,323,Plant roots absorb nutrients and moisture from the ground and make plants grow.,323.0,"329,0,0,0,,,"
324,324,The nutrients in the ground go into the plants,324.0,"330,0,0,0,,,"
325,325,Roots support plants.,325.0,"331,0,0,0,,,"
326,326,Plant roots help to grow by absorbing nutrients in the soil to grow well.,326.0,"332,0,0,0,,,"
327,327,"It supports and supports plants, stores nutrients made from leaves, and absorbs water from the ground",327.0,"333,0,0,0,,,"
328,328,The roots of the plant absorb water and support the plant from falling,328.0,"334,0,0,0,,,"
329,329,The roots of plants help the buds grow by absorbing nutrients in the soil to grow well.,329.0,"335,0,0,0,,,"
330,330,This is because the plant grows by absorbing nutrients.,330.0,"336,0,0,0,,,"
331,331,"water transport, nourishment",331.0,"337,0,0,0,,,"
332,332,"""The roots hold the plant firmly to support the body",332.0,"338,0,0,0,,,"
333,333,"The root acts as an absorption of water from the ground into the plant's body.""",333.0,"339,0,0,0,,,"
334,334,Plant roots support stems and store water and various nutrients from the ground as metabolites.,334.0,"340,0,0,1,,,"
335,335,It supports plants and absorbs and stores nutrients,335.0,"341,0,0,0,,,"
336,336,"It absorbs moisture and nutrients from the ground, allowing plants to photosynthesize, and firmly fixing them to the ground to prevent them from flying away when the wind blows hard.",336.0,"342,0,0,0,,,"
337,337,I don't know.,337.0,"343,0,0,0,,,"
338,338,"Yes, yes, yes, yes, yes, yes, yes",338.0,"344,0,0,1,,,"
339,339,Unknowingness,339.0,"345,0,1,1,,,"
340,340,I don't understand.,340.0,"346,0,0,1,,,"
341,341,I don't know.,341.0,"347,0,0,0,,,"
342,342,I don't understand.,342.0,"348,0,0,0,,,349,0,0,0,,,"
343,343,I don't understand.,343.0,"350,0,0,1,,,"
344,344,Unknowingness,344.0,"351,0,0,1,,,"
345,345,nutrient intake,345.0,"352,0,0,1,,,"
346,346,I don't understand.,346.0,"353,0,0,1,,,"
347,347,I don't understand.,347.0,"354,0,0,1,,,"
348,348,Recharge with water,348.0,"355,0,0,0,,,"
349,349,Unknowingness,349.0,"356,0,1,1,,,"
350,350,I don't know.,350.0,"357,0,0,1,,,"
351,351,The ecology of plants is unknown,351.0,"358,0,0,1,,,"
352,352,To soak up nutrients and moisture in the ground,352.0,"359,0,0,1,,,"
353,353,It absorbs moisture,353.0,"360,0,0,1,,,"
354,354,The roots of plants provide moisture in the ground,354.0,"361,0,1,1,,,"
355,355,I don't understand.,355.0,"362,0,1,1,,,"
356,356,I don't know.,356.0,"363,1,0,1,,,"
357,357,Unknowingness,357.0,"364,0,0,0,,,"
358,358,"It absorbs moisture, nutrients, etc",358.0,"365,1,1,1,,,"
359,359,absorption of nutrients,359.0,"366,0,0,1,,,"
360,360,It delivers nutrients to plants from the soil.,360.0,"367,1,1,1,,,"
361,361,It absorbs nutrients from the ground,361.0,"368,1,1,1,,,"
362,362,The roots absorb the water in the soil and distribute it to the flowers.,362.0,"369,0,1,1,,,"
363,363,I don't know,363.0,"370,0,1,1,,,"
364,364,Get nutrients and moisture from the soil and support plants,364.0,"371,0,0,1,,,"
365,365,It absorbs water from the ground and eats nutrients from the soil,365.0,"372,0,1,1,,,"
366,366,"Nutritional intake, spitting out unnecessary water",366.0,"373,0,1,1,,,"
367,367,"It transports moisture and nutrients from the ground to stems, leaves, etc",367.0,"374,0,1,1,,,"
368,368,Plant roots take in water,368.0,"375,0,0,1,,,"
369,369,Support plants safely on the ground. It absorbs water.,369.0,"376,0,0,1,,,"
370,370,It absorbs moisture and various nutrients in the soil and acts as a support to prevent plants from collapsing.,370.0,"377,0,0,1,,,"
371,371,"Storage of nutrients, absorption of nutrients from soil, nitrogen fixation",371.0,"378,0,0,0,,,"
372,372,It gives people food. Like a carrot or a radish,372.0,"379,0,0,1,,,"
373,373,"It absorbs water from the ground so that plants can live, and in some plants, roots store nutrients, and support plants from falling down in the ground.",373.0,"380,0,0,0,,,"
374,374,Suck the water in.,374.0,"381,0,0,1,,,"
375,375,"There is a storage function for storing water, a support function that does not collapse due to the surrounding environment, and an absorption function that absorbs moisture from the soil.",375.0,"382,0,0,1,,,"
376,376,"Roots absorb water from the ground. In that case, the roots use their own osmotic pressure to absorb only water because they should not absorb soil or foreign substances. Osmotic pressure refers to filtering large substances and sucking only small substances. In addition, the roots also play a role in supporting plants, and because they are embedded in the ground, they may not fall in the dry wind. And it also has a storage effect. Glucose can be converted into starch and stored in the roots, such as sweet potatoes and taro.",376.0,"383,0,0,0,,,"
377,377,"The roots absorb nutrients and moisture in the soil and deliver them to various organs such as stems, leaves, and flowers, and serve as a support for plants to withstand the external environment.",377.0,"384,0,1,0,,,"
378,378,"Roots support plants, nutrients in the soil, and absorption to obtain moisture.",378.0,"385,0,1,0,,,"
379,379,"The basic and ultimate goal of plant roots is to absorb nutrients. Therefore, it absorbs nutrients contained in the soil and absorbs water so that plants can grow.",379.0,"386,0,0,1,,,"
380,380,"The thick roots of the plant mainly support the body part of the plant, and the fine roots mainly absorb moisture and nutrients.",380.0,"387,0,0,0,,,"
381,381,Plants absorb water from the soil through their roots. It also serves to support the plant because its roots are deeply embedded in the ground.,381.0,"388,0,0,1,,,"
382,382,Plant roots absorb water from the ground. It is also embedded deep in the ground to support the plant.,382.0,"389,0,0,1,,,"
383,383,It absorbs nutrients,383.0,"390,0,1,1,,,"
384,384,collect moisture,384.0,"391,0,0,1,,,"
385,385,I don't know. I collect moisture,385.0,"392,0,0,0,,,"
386,386,a root-stemmed leaf,386.0,"393,1,0,0,,,"
387,387,"""I absorb water and deliver the leaves",387.0,"394,0,0,0,,,"
388,388,"""",388.0,"395,0,0,0,,,"
389,389,"""Plant roots are like human growth plates. The more humans eat, the more water the plant roots have",389.0,"396,0,0,1,,,"
390,390,"""If you keep spraying it, plants will grow.""",390.0,"397,0,0,0,,,"
391,391,It absorbs nutrients from the ground and connects them to the body,391.0,"398,0,0,0,,,399,0,0,1,,,"
392,392,It absorbs water,392.0,"400,0,1,0,,,"
393,393,"Oh, my",393.0,"401,0,0,1,,,"
394,394,The roots of the plant support the plant so that it can grow well,394.0,"402,0,0,1,,,"
395,395,The root role of the plant also supports the plantIt absorbs water,395.0,"403,0,0,1,,,"
396,396,I don't know.,396.0,"404,0,0,1,,,"
397,397,It absorbs water,397.0,"405,0,0,1,,,"
398,398,It is responsible for absorbing water and nutrients in the ground,398.0,"406,0,0,1,,,"
399,399,"The roots of the plant absorb nutrients and moisture from the ground, allowing it to grow and support the plant",399.0,"407,1,0,0,,,"
400,400,Drink water,400.0,"408,0,0,1,,,"
401,401,Plants have roots,401.0,"409,0,0,0,,,"
402,402,gather nourishment,402.0,"410,0,0,0,,,"
403,403,I don't know,403.0,"411,0,0,0,,,"
404,404,I don't know.,404.0,"412,0,0,1,,,"
405,405,Roots get nutrients in the ground,405.0,"413,0,1,1,,,"
406,406,a raw crabbed,406.0,"414,0,1,1,,,"
407,407,I don't know.,407.0,"415,0,1,1,,,"
408,408,Bringing water from underground,408.0,"416,0,1,1,,,"
409,409,Collect water percentage of the land and support plants to keep them from flying in the wind,409.0,"417,0,1,0,,,"
410,410,"The plant's roots absorb water, supply water to the plant, and support the plant from falling.",410.0,"418,0,0,1,,,"
411,411,The roots of the plant absorb moisture and give nutrients to the stems and leaves. It also absorbs nutrients from the ground to help plants grow.,411.0,"419,1,0,1,,,"
412,412,It absorbs water under the ground,412.0,"420,0,0,1,,,"
413,413,"I absorb water. Yes, I do",413.0,"421,0,0,1,,,"
414,414,Suck in water and nourish the stems.,414.0,"422,0,0,0,,,"
415,415,It absorbs water and nutrients.,415.0,"423,0,1,0,,,"
416,416,gather nutrients,416.0,"424,0,1,1,,,"
417,417,It absorbs water,417.0,"425,0,0,1,,,"
418,418,It creates air on the earth,418.0,"426,0,1,1,,,"
419,419,....,419.0,"427,0,0,0,,,"
420,420,Root,420.0,"428,1,0,1,,,"
421,421,Plant roots collect water and grow flowers,421.0,"429,0,0,0,,,"
422,422,Eat water with the roots. Fix the ground,422.0,"430,0,0,1,,,"
423,423,It has various functions to support nutrition,423.0,"431,0,0,0,,,"
424,424,to absorb and support water,424.0,"432,0,0,1,,,"
425,425,"""It supports plants, it absorbs nutrients",425.0,"433,0,0,1,,,"
426,426,"""",426.0,"434,0,0,1,,,"
427,427,nourish the plants and support the plants,427.0,"435,0,0,0,,,"
428,428,It's responsible for absorbing water,428.0,"436,0,1,1,,,"
429,429,It stores nutrients and absorbs water.,429.0,"437,0,0,1,,,"
430,430,Supply water Supply nutrients,430.0,"438,0,1,1,,,"
431,431,It draws nutrients from the plant's roots and allows the plant to live.,431.0,"439,0,0,0,,,"
432,432,supply air and water,432.0,"440,0,0,1,,,"
433,433,a supporting task,433.0,"441,0,0,0,,,"
434,434,"""It absorbs water and distributes it everywhere, which allows plants to live.",434.0,"442,0,1,1,,,"
435,435,"And it supports the plants so that they don't fly away.""",435.0,"443,0,1,1,,,"
436,436,The roots of plants eat water and nutrients in the ground,436.0,"444,0,0,1,,,"
437,437,"Support the plant, absorb water, and send water to all parts of the plant.",437.0,"445,0,1,1,,,"
438,438,"Water, nutrients, etc",438.0,"446,0,1,1,,,"
439,439,It absorbs moisture from the ground and stores moisture,439.0,"447,0,1,1,,,"
440,440,Because it's the root,440.0,"448,0,1,1,,,449,0,1,1,,,"
441,441,Yum yum yum,441.0,"450,0,1,0,,,"
442,442,.,442.0,"451,1,0,0,,,"
443,443,It is responsible for nutrient absorption.,443.0,"452,0,1,1,,,"
444,444,It absorbs water,444.0,"453,0,1,0,,,"
445,445,Absorption of water using osmotic pressure. Absorption of ions dissolved in water,445.0,"454,0,1,1,,,"
446,446,I don't understand.,446.0,"455,0,1,1,,,"
447,447,It absorbs nutrients and fixes them so that they don's not blown away by the wind,447.0,"456,0,1,1,,,"
448,448,absorption of nutrients from the roots,448.0,"457,0,0,1,,,"
449,449,Absorb water and...  Growing up... I'll let you stick it in the ground.,449.0,"458,0,0,0,,,"
450,450,I don't know,450.0,"459,0,0,0,,,"
451,451,sucking up water from the soil,451.0,"460,0,0,0,,,"
452,452,I can't really remember.,452.0,"461,0,0,1,,,"
453,453,It supports plants and nourishes them in the ground.,453.0,"462,0,0,0,,,"
454,454,"If there is water on the ground, it will suck it up to grow and support the plant.",454.0,"463,0,0,1,,,"
455,455,It absorbs water,455.0,"464,1,0,1,,,"
456,456,""" Support. (Role of support)",456.0,"465,0,0,1,,,"
457,457,"- absorption of nutrients from the soil.""",457.0,"466,0,0,1,,,"
458,458,It supports the plant and sucks water,458.0,"467,0,0,1,,,"
459,459,Suck water from the soil from the roots. And the roots support the plants.,459.0,"468,0,0,1,,,"
460,460,It grows better by sucking in nutrients from the soil and sucking in nutrients. It can support the plant.,460.0,"469,0,0,0,,,"
461,461,"Suck the water, support the plants.",461.0,"470,0,0,1,,,"
462,462,It serves as a support for plants.,462.0,"471,0,1,1,,,"
463,463,Plant roots store water and distribute it to plants.,463.0,"472,0,1,0,,,"
464,464,It draws water to support and nourish the plant,464.0,"473,0,1,1,,,"
465,465,It allows plants to grow well and prevents them from being pulled out by strong winds,465.0,"474,1,1,1,,,"
466,466,"""The roots of plants absorb water from the ground, and they also have the ability to sustain grass and trees in strong winds.",466.0,"475,0,1,1,,,"
467,467,"""",467.0,"476,0,0,1,,,"
468,468,It draws water from the ground and supplies plants with water. It also supports plants to stand on the ground.,468.0,"477,0,0,1,,,"
469,469,Plants are responsible for supporting and absorbing nutrients.,469.0,"478,0,0,0,,,"
470,470,You can get moisture through the roots.,470.0,"479,0,0,1,,,"
471,471,I don't know.,471.0,"480,0,0,0,,,"
472,472,I don't know.,472.0,"481,0,1,1,,,"
473,473,Unknowingness,473.0,"482,1,1,1,,,"
474,474,It absorbs water and nutrients,474.0,"483,0,0,0,,,"
475,475,.,475.0,"484,0,0,0,,,"
476,476,Sucking up water in the ground,476.0,"485,0,0,1,,,"
477,477,"It absorbs water and nutrients, and the root hair expands the surface area to make it absorb well.  It also has a storage function.",477.0,"486,0,0,0,,,"
478,478,It absorbs water from the ground so that plants can live.,478.0,"487,0,0,1,,,"
479,479,"absorb water, and nutrients",479.0,"488,0,1,1,,,"
480,480,Roots are responsible for bringing moisture and nutrients needed for plants.,480.0,"489,0,0,1,,,"
481,481,It sucks water from the ground,481.0,"490,0,0,1,,,"
482,482,I don't know.,482.0,"491,0,0,0,,,"
483,483,Plant roots absorb water,483.0,"492,1,0,1,,,"
484,484,It absorbs water. It supports the plant.,484.0,"493,0,1,1,,,"
485,485,I'm doing the work of course,485.0,"494,0,0,1,,,"
486,486,It absorbs water to get nutrients and acts as a support,486.0,"495,0,0,1,,,"
487,487,"Supporting, Absorbing, and Storing",487.0,"496,0,0,1,,,"
488,488,Plant roots absorb water and nutrients. It supports the plant.,488.0,"497,0,0,0,,,"
489,489,Roots absorb water and nutrients from the ground,489.0,"498,0,0,0,,,499,0,0,1,,,"
490,490,It absorbs water.,490.0,"500,0,0,0,,,"
491,491,I don't know.,491.0,"501,0,1,1,,,"
492,492,The roots of a plant absorb nutrients and water and support the plant,492.0,"502,0,0,1,,,"
493,493,I don't know.,493.0,"503,0,0,1,,,"
494,494,"It absorbs nutrients and plants.The roots of the plant are generally in the soil, and they support the plant to prevent it from collapsing, store the nutrients made from the leaves, and absorb the nutrients into the water and water.",494.0,"504,0,1,1,,,"
495,495,"(Singing ""Let's Play"")",495.0,"505,0,1,1,,,"
496,496,None.,496.0,"506,0,0,1,,,"
497,497,I drink water,497.0,"507,0,1,1,,,"
498,498,I don't know.,498.0,"508,1,1,1,,,"
499,499,"The roots of the plant are long and extend to fine roots, so they can be stretched wide and long to obtain nutrients.",499.0,"509,0,0,1,,,"
500,500,absorbing soil nutrients and supporting the body,500.0,"510,0,0,1,,,"
501,501,Drink water,501.0,"511,0,1,1,,,"
502,502,Nutritional supply,502.0,"512,0,0,1,,,"
503,503,It keeps plants alive.,503.0,"513,0,0,1,,,"
504,504,It absorbs water and sometimes stores nutrients.,504.0,"514,0,0,1,,,"
505,505,Fix plants and get nutrients such as water and nutrients through the ground.,505.0,"515,0,0,1,,,"
506,506,draw in water,506.0,"516,0,0,1,,,"
507,507,"Plant roots absorb nutrients in the soil, attract important moisture and deliver it to plants.",507.0,"517,0,1,1,,,"
508,508,It absorbs water,508.0,"518,0,0,0,,,"
509,509,I'm not sure,509.0,"519,0,1,1,,,"
510,510,Grow.,510.0,"520,0,0,1,,,"
511,511,Plants suck water.,511.0,"521,0,1,1,,,"
512,512,I see,512.0,"522,0,0,1,,,"
513,513,It absorbs nutrients and moisture.And it serves as a support so that it is not pulled from the ground.,513.0,"523,0,0,1,,,"
514,514,Plant roots absorb water and provide nutrients.,514.0,"524,0,1,1,,,"
515,515,"Water is supplied through osmosis Nutritional content, too",515.0,"525,0,0,0,,,"
516,516,It absorbs moisture. It prevents plants from moving well on the ground,516.0,"526,0,0,0,,,"
517,517,"Plants absorb water from the land through osmosis, and the roots of the plants are deeply embedded in the ground to support the plants.",517.0,"527,0,0,1,,,"
518,518,absorption of nutrients,518.0,"528,0,0,0,,,"
519,519,Water is absorbed from the plant's roots and transported to the leaves through the stem's water pipes. And the plant's roots support the plant not to be moved by external energy such as wind.,519.0,"529,0,0,0,,,"
520,520,"Plant roots support plants, absorb water and nutrients dissolved in the soil, and store nutrients.",520.0,"530,0,0,0,,,"
521,521,nutrient supply,521.0,"531,0,0,0,,,"
522,522,It absorbs water and various nutrients,522.0,"532,0,0,1,,,"
523,523,Roots are used by plants to hold onto the ground well and to get moisture or nutrients from the ground,523.0,"533,0,0,1,,,"
524,524,Bringing in the water,524.0,"534,0,0,0,,,"
525,525,It sucks water into the ground,525.0,"535,0,0,1,,,"
526,526,Plant roots absorb water and nutrients.,526.0,"536,0,0,0,,,"
527,527,absorption of nutrients,527.0,"537,0,0,1,,,"
528,528,It absorbs nutrients from the soil,528.0,"538,0,0,0,,,"
529,529,The roots of the plant help the plant stay fixed on the ground and absorb the nutrients from the ground.,529.0,"539,0,0,0,,,"
530,530,Plants grow because they have roots.,530.0,"540,0,1,1,,,"
531,531,It absorbs water and lifts the net to the stem and helps keep the plant from being pulled out,531.0,"541,0,0,1,,,"
532,532,It absorbs energy from the ground.,532.0,"542,0,1,1,,,"
533,533,It absorbs moisture from the ground and supports the flowers so that they don't fly away in the wind,533.0,"543,0,0,0,,,"
534,534,Plant roots provide nutrients,534.0,"544,0,0,0,,,"
535,535,It absorbs nutrients and water from the ground,535.0,"545,0,1,1,,,"
536,536,"Once it supports the plant, it absorbs moisture from the ground and moves nutrients.",536.0,"546,0,1,1,,,"
537,537,You Eun-nae,537.0,"547,0,0,1,,,"
538,538,h,538.0,"548,0,1,1,,,549,0,1,1,,,"
539,539,It supplies plants with nutrients in the ground,539.0,"550,0,1,1,,,"
540,540,Yeah.,540.0,"551,0,0,0,,,"
541,541,Mr,541.0,"552,0,1,1,,,"
542,542,in 로ㅎㅗ,542.0,"553,0,0,1,,,"
543,543,I have no idea.,543.0,"554,0,0,1,,,"
544,544,supplying water for plant life,544.0,"555,0,0,1,,,"
545,545,It absorbs water and necessary nutrients.,545.0,"556,0,0,0,,,"
546,546,1,546.0,"557,0,0,0,,,"
547,547,Plant roots absorb water and nutrients needed for the plant's life.,547.0,"558,0,1,0,,,"
548,548,1,548.0,"559,0,0,0,,,"
549,549,"Through the growth point, plants grow and absorb various nutrients and moisture in the soil",549.0,"560,0,0,1,,,"
550,550,Uh6666,550.0,"561,0,0,0,,,"
551,551,Unknowingness,551.0,"562,0,0,1,,,"
552,552,"Nutrient absorption, plant support",552.0,"563,0,0,0,,,"
553,553,provide nutrients to plants in the ground,553.0,"564,0,1,0,,,"
554,554,The roots of the plant absorb the water from the ground and grow and extend the roots deeply to increase the support of the tree.,554.0,"565,0,0,1,,,"
555,555,Sponge,555.0,"566,0,0,1,,,"
556,556,Unknowingness,556.0,"567,0,0,1,,,"
557,557,The roots support the plant and allow it to absorb the nutrients,557.0,"568,0,0,1,,,"
558,558,"It absorbs water, it absorbs nutrients, it supports plants",558.0,"569,0,0,1,,,"
559,559,Osmotic pressure absorbs water from the ground.,559.0,"570,0,1,1,,,"
560,560,Keep plants from collapsing from external forces and scratch nutrients.,560.0,"571,0,1,1,,,"
561,561,"""The water in the ground is absorbed through the tube of the root's tube.",561.0,"572,0,1,1,,,"
562,562,Roots dig deep into the ground and align the center of gravity of the plant to support the plant from collapsing.,562.0,"573,0,0,0,,,"
563,563,"The epidermal cells of the root absorb water and organic nutrients from the modified root hairs.""",563.0,"574,0,0,0,,,"
564,564,"The roots of the plant absorb moisture from the ground and are deeply embedded in the ground, so they support the wind so that it does not fly away from the wind.",564.0,"575,0,0,0,,,"
565,565,Unknowingness,565.0,"576,0,0,0,,,"
566,566,Sucking water and supporting it,566.0,"577,0,0,1,,,"
567,567,"When you water the ground, the roots absorb the water and the absorbed water goes to the plants",567.0,"578,0,0,1,,,"
568,568,It absorbs water and nutrients.,568.0,"579,0,1,1,,,"
569,569,"There is something called root hair in the roots of plants, and the hair absorbs water to grow.",569.0,"580,0,1,0,,,"
570,570,Unknowingness,570.0,"581,0,1,1,,,"
571,571,I don't know.,571.0,"582,0,0,1,,,"
572,572,serve as a support for the ground,572.0,"583,0,0,1,,,"
573,573,nourish the ground,573.0,"584,0,1,1,,,"
574,574,Plant roots absorb moisture in the soil.,574.0,"585,0,1,1,,,"
575,575,"Leaves, stem roots",575.0,"586,0,0,1,,,"
576,576,I'll draw the water that plants need to grow.,576.0,"587,0,1,1,,,"
577,577,..................,577.0,"588,0,0,1,,,"
578,578,The plant supports it without shaking,578.0,"589,0,1,1,,,"
579,579,Put your roots in the ground and absorb water and nutrients with the hair on the roots,579.0,"590,0,0,1,,,"
580,580,It absorbs water and nutrients in the ground,580.0,"591,0,1,1,,,"
581,581,It absorbs water.,581.0,"592,0,1,1,,,"
582,582,It absorbs water from the ground.,582.0,"593,0,0,1,,,"
583,583,Plant roots absorb water from the ground.,583.0,"594,0,0,1,,,"
584,584,Plant roots support the plant and absorb nutrients.,584.0,"595,0,1,1,,,"
585,585,"The roots of the plant have nutrients, which give nutrients to the plant and support the plant firmly.",585.0,"596,0,0,1,,,"
586,586,Roots absorb nutrients and roots support plants,586.0,"597,0,0,1,,,"
587,587,I'm turning it off,587.0,"598,0,0,1,,,599,0,0,1,,,"
588,588,I don't know plants,588.0,"600,0,0,1,,,"
589,589,Plant roots are used to push down to the ground,589.0,"601,0,0,1,,,"
590,590,You don't know plants?,590.0,"602,0,0,1,,,"
591,591,get water + nutrients,591.0,"603,0,0,1,,,"
592,592,Absorb water,592.0,"604,0,0,1,,,"
593,593,It absorbs water and supports plantsPlants support stems,593.0,"605,0,0,1,,,"
594,594,It absorbs moisture from the ground and holds the plants together,594.0,"606,0,0,1,,,"
595,595,I'll suck your water.,595.0,"607,0,0,1,,,"
596,596,It uses roots to absorb water that seeps into the ground and absorbs nutrients from the soil.,596.0,"608,0,0,1,,,"
597,597,It absorbs water and helps plants grow and supports them,597.0,"609,0,0,1,,,"
598,598,It absorbs water and helps plants grow and supports them.,598.0,"610,0,0,1,,,"
599,599,Roots draw water from the ground and provide nutrients for plants to grow,599.0,"611,0,0,1,,,"
600,600,"""The roots absorb moisture from the ground, so that energy transfer and roots can be supported by the body",600.0,"612,0,0,1,,,"
601,601,"""",601.0,"613,0,0,0,,,"
602,602,It brings out nutrients,602.0,"614,0,0,0,,,"
603,603,"Water absorption, body balance, nutrient absorption, etc",603.0,"615,0,1,1,,,"
604,604,The roots of plants help plants grow by sucking in nutrients from various whiskers,604.0,"616,0,1,1,,,"
605,605,"Plant roots provide energy for living things to grow and make them suitable for living. Without plant roots, people have no bones.",605.0,"617,0,1,1,,,"
606,606,Plant roots support the stems and provide nutrients.,606.0,"618,0,0,1,,,"
607,607,It absorbs moisture.,607.0,"619,0,0,1,,,"
608,608,Plant roots send nutrients that trees eat as they grow,608.0,"620,0,0,1,,,"
609,609,It absorbs nutrients from the ground with the roots of the plant and serves to support the plant.,609.0,"621,0,0,0,,,"
610,610,It attracts nutrients and moisture from the ground,610.0,"622,0,0,1,,,"
611,611,Absorption,611.0,"623,0,1,1,,,"
612,612,It absorbs the boom of the land,612.0,"624,0,0,1,,,"
613,613,Roots absorb water,613.0,"625,0,1,1,,,"
614,614,water absorption,614.0,"626,0,0,1,,,"
615,615,It absorbs the positive boom of the land,615.0,"627,0,0,0,,,"
616,616,Roots absorb nutrients and moisture from the ground.,616.0,"628,0,0,1,,,"
617,617,Roots absorb nutrients and moisture from the ground.,617.0,"629,0,0,1,,,"
618,618,Roots absorb nutrients and moisture into the ground.,618.0,"630,0,0,1,,,"
619,619,Roots absorb nutrients and moisture from the ground,619.0,"631,0,1,1,,,"
620,620,The surface is widely spread and can absorb nutrients or moisture.,620.0,"632,0,0,1,,,"
621,621,The surface is spread out and absorbs nutrients or moisture,621.0,"633,0,1,0,,,"
622,622,Plant roots have a wide surface area and absorb nutrients or moisture.,622.0,"634,0,0,0,,,"
623,623,It absorbs water.,623.0,"635,0,0,1,,,"
624,624,"Through the nutrient and water absorption capillary effect,",624.0,"636,0,0,1,,,"
625,625,It absorbs water and nutrients from the ground.,625.0,"637,0,0,1,,,"
626,626,Absorbs nutrients from water and soil to allow plants to grow,626.0,"638,0,1,1,,,"
627,627,I don't want to move,627.0,"639,0,1,1,,,"
628,628,I drink a lot of water,628.0,"640,0,1,1,,,"
629,629,"It plays a structural role in absorbing nutrients, absorbing water, and supporting individuals.",629.0,"641,0,0,1,,,"
630,630,The root structure is thick and hairy. Function supports plants and absorbs water and nutrients.,630.0,"642,0,0,1,,,"
631,631,It supports plants and absorbs nutrients from the ground to help them grow.,631.0,"643,0,0,1,,,"
632,632,Use osmosis to absorb water and nutrients from the ground.,632.0,"644,0,1,0,,,"
633,633,It absorbs nutrients.,633.0,"645,1,0,1,,,"
634,634,It absorbs water and nutrients from the ground.,634.0,"646,0,1,1,,,"
635,635,plunder nutrients from the ground,635.0,"647,0,0,1,,,"
636,636,Roots absorb water and raise it up and absorb nutrients from the ground.,636.0,"648,0,0,1,,,649,0,0,1,,,"
637,637,It supports plants and nourishes plants,637.0,"650,0,0,1,,,"
638,638,It absorbs nutrients.,638.0,"651,0,1,1,,,"
639,639,"The roots of the plant extend deep and wide to the ground, absorbing nutrients and supporting the plant from falling off the ground by external forces.",639.0,"652,0,1,0,,,"
640,640,Plant roots use osmotic pressure to absorb inorganic and organic substances necessary for plant growth.,640.0,"653,0,0,1,,,"
641,641,I don't know,641.0,"654,0,0,0,,,"
642,642,Water moves from the roots to the water pipe in the stem.,642.0,"655,0,0,1,,,"
643,643,"Plants are composed of roots, stems, leaves, flowers, and fruits, and the roots absorb water by osmotic pressure, and plants support it.",643.0,"656,0,1,1,,,"
644,644,It absorbs moisture and minerals through active transport.,644.0,"657,0,0,0,,,"
645,645,It absorbs water and nutrients from the ground and supports the body of the plant.,645.0,"658,0,0,1,,,"
646,646,"Roots of plants As the center of plant growth, it is responsible for absorbing nutrients and dies without them.",646.0,"659,0,0,0,,,"
647,647,"Support, Structure, Growth",647.0,"660,0,0,1,,,"
648,648,I don't know.,648.0,"661,0,1,1,,,"
649,649,It absorbs water in the ground and nutrients in the ground.,649.0,"662,0,0,1,,,"
650,650,Plant roots have functions that can absorb moisture.,650.0,"663,0,0,0,,,"
651,651,"It absorbs nutrients and is a factor that plants can withstand. If anything happens at the center, you have to pull out the roots first",651.0,"664,1,0,0,,,"
652,652,Roots support the entire plant and absorb nutrients.,652.0,"665,0,0,1,,,"
653,653,It absorbs inorganic salts and moisture and supports plants.,653.0,"666,0,0,1,,,"
654,654,"The root of the plant has a lot of root hairs, increasing the surface area to efficiently absorb water and nutrients. In addition, plants are fixed to the ground, and they grow because they have growth points.",654.0,"667,0,1,1,,,"
655,655,I'll suck the water.,655.0,"668,0,0,1,,,"
656,656,It delivers nutrients and absorbs nutrients,656.0,"669,0,0,1,,,"
657,657,It absorbs water from the ground and sends it up,657.0,"670,0,1,1,,,"
658,658,The roots support the leaves,658.0,"671,0,0,1,,,"
659,659,"Store nutrients, absorb moisture, etc",659.0,"672,0,0,1,,,"
660,660,Roots support the plant to stand and also suck water to help it live.,660.0,"673,0,1,1,,,"
661,661,The roots of the plant absorb water and various nutrients in the ground and move them to the stem,661.0,"674,0,0,1,,,"
662,662,It is like a straw that connects plants to give them good ingredients,662.0,"675,0,0,1,,,"
663,663,The roots absorb or suck water deep into the ground.,663.0,"676,0,0,1,,,"
664,664,Plant roots attract water from the ground,664.0,"677,0,0,1,,,"
665,665,"The roots of plants support the plants on the ground, and the roots suck in the influences in the ground, making the plants on the ground healthier.",665.0,"678,1,1,1,,,"
666,666,Supporting,666.0,"679,0,1,1,,,"
667,667,Roots eat water to grow plants,667.0,"680,0,0,1,,,"
668,668,be in the dirt,668.0,"681,1,1,1,,,"
669,669,Drinking water helps plants grow well.,669.0,"682,0,0,1,,,"
670,670,The roots of plants can absorb the nutrients from the ground and support the body.,670.0,"683,0,1,1,,,"
671,671,"The roots nourish the ground, so the plants grow well",671.0,"684,0,1,1,,,"
672,672,to suck water or nutrients,672.0,"685,0,1,1,,,"
673,673,Roots come down and provide water splash and oxygen in the ground,673.0,"686,0,0,0,,,"
674,674,The nutrients in the ground come up through the roots and replenish the nutrients in the plants.,674.0,"687,0,0,0,,,"
675,675,The roots of the plant supply moisture to the plant and are embedded in the ground so that the plant is not pulled out.,675.0,"688,0,0,0,,,"
676,676,Roots absorb water under the ground,676.0,"689,0,0,1,,,"
677,677,I don't know.,677.0,"690,0,1,1,,,"
678,678,You can think of it as a storehouse for nutrients in plants. The hair next to it catches the nutrients escaping,678.0,"691,0,0,1,,,"
679,679,It absorbs nutrients.,679.0,"692,0,0,1,,,"
680,680,It absorbs nutrients from the soil,680.0,"693,0,0,1,,,"
681,681,"Plant roots absorb nutrients and moisture in the ground, while also supporting the plant itself from rain or wind.",681.0,"694,0,0,1,,,"
682,682,Plant roots suck water and help plants survive.,682.0,"695,0,0,0,,,"
683,683,It absorbs nutrients in the soil,683.0,"696,0,0,1,,,"
684,684,The roots of the plant serve to support the individual and to absorb water from the ground and supply water.,684.0,"697,1,0,1,,,"
685,685,There is nutrient absorption and water absorption,685.0,"698,0,0,1,,,699,0,0,1,,,"
686,686,It absorbs a lot of nutrients by widening the surface area that absorbs water.,686.0,"700,0,0,1,,,"
687,687,It supports the ground so that the plants do not fall down easily. It helps plants grow by absorbing moisture in the soil. It reduces damage such as landslides and earthquakes by catching the land with roots.,687.0,"701,0,1,1,,,"
688,688,Roots have growth points for plants to grow and serve to absorb water or nutrients.,688.0,"702,0,0,1,,,"
689,689,Plant roots absorb water and help photosynthesis.,689.0,"703,0,0,0,,,"
690,690,It absorbs water and nutrients from the soil and sends them to the leaves through the stem.,690.0,"704,0,0,1,,,"
691,691,"The roots of plants absorb moisture and nutrients in the soil and transmit them to the stem's body tubes and water pipes. As a result, leaves and flowers are supplied with nutrients that can function properly.",691.0,"705,0,0,1,,,"
692,692,Plant roots support the plant body from the ground and absorb nutrients and moisture present in the soil. Some organisms also store nutrients in their roots.The roots of the plant absorb water deep in the ground and send it up to the leaves through the stem of the plant. It is also firmly fixed to prevent plants from flying in the rain and wind.,692.0,"706,0,0,1,,,"
693,693,"Plants need moisture and nutrients to grow, and their roots absorb them from the ground and supply them to the entire plant.",693.0,"707,0,1,1,,,"
694,694,"It absorbs water, stores nutrients, and supports plants.",694.0,"708,0,1,1,,,"
695,695,The roots absorb moisture and nutrients in the ground and supply moisture and nutrients to the stems and leaves of the stomach through the body and water pipes.,695.0,"709,0,0,1,,,"
696,696,"Plant roots are deeply embedded in the soil, absorbing various nutrients and water from the soil. In addition, the deeply embedded roots play a role in helping plants not be easily pulled out.",696.0,"710,0,0,1,,,"
697,697,It absorbs water and nutrients and holds plants to the ground.,697.0,"711,0,1,1,,,"
698,698,Roots have hairs that absorb nutrients and moisture around them. It also plays a role in stably supporting plants so that they do not collapse.,698.0,"712,0,1,0,,,"
699,699,?,699.0,"713,0,1,1,,,"
700,700,I don't know,700.0,"714,0,0,1,,,"
701,701,be nourished,701.0,"715,0,1,1,,,"
702,702,nutrient delivery,702.0,"716,0,0,0,,,"
703,703,"Nutritional absorption, plant support",703.0,"717,0,0,0,,,"
704,704,Plant roots absorb water and nutrients,704.0,"718,0,0,0,,,"
705,705,"Drinking water, absorption of nutrients",705.0,"719,0,0,0,,,"
706,706,Suck the water in the soil,706.0,"720,0,0,0,,,"
707,707,It absorbs nutrients in the soil,707.0,"721,0,0,0,,,"
708,708,yes,708.0,"722,0,0,0,,,"
709,709,It provides the necessary nutrients for plants,709.0,"723,0,0,0,,,"
710,710,It also absorbs water and nutrients and stores nutrients.,710.0,"724,0,0,0,,,"
711,711,absorb the necessary nutrients,711.0,"725,0,0,0,,,"
712,712,absorption of nutrients,712.0,"726,0,0,0,,,"
713,713,It serves to deliver water and nutrients to the stems and leaf berries and leaves.,713.0,"727,0,0,0,,,"
714,714,It absorbs water and nutrients from the soil and serves to support the individual,714.0,"728,0,0,0,,,"
715,715,ingestion of water in the soil,715.0,"729,0,0,0,,,"
716,716,Root humpback bacteria fix nitrogen.,716.0,"730,0,0,0,,,"
717,717,It absorbs nutrients in the soil.,717.0,"731,0,0,0,,,"
718,718,It holds the ground and absorbs moisture and nutrients.,718.0,"732,0,0,0,,,"
719,719,"There is fertilization of the land, nutrient-absorbing food provision, etc",719.0,"733,0,0,0,,,"
720,720,It supports plants and absorbs water.,720.0,"734,0,0,0,,,"
721,721,"Osmotic water absorption, stem support",721.0,"735,0,0,0,,,"
722,722,It absorbs water and nutrients from plant roots.,722.0,"736,0,0,0,,,"
723,723,It absorbs water.,723.0,"737,0,0,0,,,"
724,724,The plant's roots support the plant and at the same time suck in the nutrients and water from the ground.,724.0,"738,0,1,1,,,"
725,725,the role of supporting plants,725.0,"739,0,0,0,,,"
726,726,It absorbs water and organic matter in the ground and supports plants.,726.0,"740,0,0,0,,,"
727,727,It absorbs moisture in the soil and contributes to the growth of plants.,727.0,"741,0,0,0,,,"
728,728,It absorbs water and nutrients and acts as a pillar,728.0,"742,0,0,1,,,"
729,729,Mr,729.0,"743,0,0,1,,,"
730,730,ㅇㄿㅇ ㄹㅍ,730.0,"744,0,0,1,,,"
731,731,Mall,731.0,"745,0,1,1,,,"
732,732,I don't understand.,732.0,"746,0,1,1,,,"
733,733,I don't understand.,733.0,"747,1,1,1,,,"
734,734,I don't know.,734.0,"748,0,1,1,,,749,0,0,0,,,"
735,735,Unknowingness,735.0,"750,1,1,1,,,"
736,736,Mr,736.0,"751,0,1,1,,,"
737,737,I don't understand.,737.0,"752,1,1,1,,,"
738,738,I don't understand.,738.0,"753,1,1,1,,,"
739,739,I don't understand.,739.0,"754,1,1,1,,,"
740,740,Water charging,740.0,"755,1,1,0,,,"
741,741,Mr,741.0,"756,1,1,1,,,"
742,742,I don't know.,742.0,"757,1,1,1,,,"
743,743,I don't know,743.0,"758,0,0,1,,,"
744,744,I don't understand.,744.0,"759,0,0,1,,,"
745,745,I don't know.,745.0,"760,1,1,0,,,"
746,746,Mr,746.0,"761,0,0,0,,,"
747,747,Unknowingness,747.0,"762,1,1,0,,,"
748,748,I don't know.,748.0,"763,0,1,1,,,"
749,749,.,749.0,"764,0,1,1,,,"
750,750,I don't understand.,750.0,"765,0,1,1,,,"
751,751,"Plantain, Moisture Absorption",751.0,"766,0,1,1,,,"
752,752,Mr,752.0,"767,0,0,1,,,"
753,753,I don't know.,753.0,"768,1,1,1,,,"
754,754,.,754.0,"769,1,0,1,,,"
755,755,"It sends moisture and nutrients from the ground to stem leaves, etc",755.0,"770,0,1,1,,,"
756,756,"""Plant roots nourish the plant",756.0,"771,0,0,1,,,"
757,757,"""",757.0,"772,0,1,1,,,"
758,758,"""I'm in the science textbook for the first semester of the fourth grade.",758.0,"773,1,0,0,,,"
759,759,,759.0,"774,0,0,1,,,"
760,760,It supports the plants so that they don't shake,760.0,"775,0,1,1,,,"
761,761,,761.0,"776,0,0,1,,,"
762,762,It absorbs nutrients from the ground,762.0,"777,0,0,1,,,"
763,763,,763.0,"778,0,0,1,,,"
764,764,^^*,764.0,"779,0,0,0,,,"
765,765,"""",765.0,"780,0,0,1,,,"
766,766,It supports the plant without shaking and absorbs nutrients from the ground,766.0,"781,0,0,1,,,"
767,767,It supports plants so that they don't shake and suck nutrients from the ground.,767.0,"782,1,0,1,,,"
768,768,"Body support, absorption of water and minerals, respiration, nutrient storage",768.0,"783,0,0,1,,,"
769,769,"""Plant roots support the plant",769.0,"784,0,0,1,,,"
770,770,"It absorbs moisture.""",770.0,"785,0,0,1,,,"
771,771,I think it's similar to the mouth,771.0,"786,0,0,0,,,"
772,772,"""1. Perform a supporting role to prevent plants from moving.",772.0,"787,0,0,1,,,"
773,773,,773.0,"788,0,0,0,,,"
774,774,2. Absorb water and inorganic nutrients with root hair.,774.0,"789,0,1,1,,,"
775,775,,775.0,"790,0,0,1,,,"
776,776,3. Absorb oxygen from the soil,776.0,"791,0,0,1,,,"
777,777,,777.0,"792,0,0,1,,,"
778,778,4. Store organic nutrients made from photosynthesis in the form of starch,778.0,"793,0,0,0,,,"
779,779,"""",779.0,"794,0,0,0,,,"
780,780,"It absorbs water and nutrients, sends them to the leaves through the stem, and supports the plant not to collapse.",780.0,"795,0,0,0,,,"
781,781,"""1. Perform a supporting role to prevent plants from moving.",781.0,"796,0,1,1,,,"
782,782,,782.0,"797,0,0,1,,,"
783,783,2. Absorb water and inorganic nutrients with root hair.,783.0,"798,0,0,1,,,799,0,1,0,,,"
784,784,,784.0,"800,1,1,1,,,"
785,785,3. Absorb oxygen from the soil,785.0,"801,0,1,1,,,"
786,786,,786.0,"802,0,1,1,,,"
787,787,"4. Store organic nutrients made from photosynthesis in the form of starch""",787.0,"803,0,0,1,,,"
788,788,"It is a function that roots in the soil and supports the entire body, and absorbs water and inorganic nutrients from the root hair through the water pipe and supplies them to the entire body through the water pipe, and stores the remaining nutrients in the root hair and epidermal cells.",788.0,"804,0,0,1,,,"
789,789,"""Absorption: Absorption of water and inorganic nutrients from the soil through root hairs",789.0,"805,1,1,1,,,"
790,790,"Supporting action: Stretch deeply in the ground to support the plant → The shape of the root varies slightly depending on the type of plant, but all extend widely in the ground to expand the area of contact with the soil.",790.0,"806,0,1,1,,,"
791,791,"Storage action: store extra nutrients made from photosynthesis in leaves → e.g. sweet potatoes, radishes, carrots, dahliaBreathing: Oxygen absorption, carbon dioxide release",791.0,"807,0,0,1,,,"
792,792,"""",792.0,"808,0,1,0,,,"
793,793,"""1. Supporting and supporting water",793.0,"809,1,1,1,,,"
794,794,"2. Store nutrients made from leaves""",794.0,"810,0,0,1,,,"
795,795,"Rooted in the soil to support the entire body, it absorbs water and inorganic nutrients from the root hairs and supplies them through the water pipes, accepts oxygen, releases carbon dioxide, and stores the remaining nutrients in the root hairs and epidermal cells",795.0,"811,1,1,1,,,"
796,796,It supports plants to support the body and absorbs and stores water to make nutrients,796.0,"812,0,0,1,,,"
797,797,It absorbs water and sends it to grass for photosynthesis,797.0,"813,1,0,1,,,"
798,798,Plant roots absorb nutrients from the ground and send them to the whole plant,798.0,"814,0,0,1,,,"
799,799,"Store water, support plants, and store nutrients.",799.0,"815,1,1,1,,,"
800,800,keep from being swayed by the wind,800.0,"816,0,0,1,,,"
801,801,Support plants and store nutrients,801.0,"817,0,0,1,,,"
802,802,"The root serves to firmly support the plant to support the body, which is called the ""supportive action"" of the root.  Just as we cannot live without water, plants cannot live without water. Sucking such important water from the ground into the body of a plant is called the ""absorption"" of the root. The principle that the roots absorb water can be explained by osmotic pressure. Almost all of the membranes that make up the plant are semi-permeable membranes. When plants absorb water from their roots, comparing root hairs and water in the soil, the water in the soil is low and the root hairs are relatively high. In order to achieve concentration equilibrium, low concentration of moisture in the soil permeates into the high concentration of root hairs through the cell membrane. The roots absorb not only water but also nutrients in the water through this absorption.",802.0,"818,1,0,1,,,"
803,803,It supports the plants without shaking and sucks nutrients from the ground.,803.0,"819,0,0,1,,,"
804,804,"And it supports you.""",804.0,"820,0,0,1,,,"
805,805,Plant roots absorb nutrients into the ground and hold the plant in place.,805.0,"821,0,1,1,,,"
806,806,"""Plant roots absorb nutrients into the ground",806.0,"822,0,0,1,,,"
807,807,"It holds the plant.""",807.0,"823,1,1,1,,,"
808,808,Plant roots take in water,808.0,"824,0,0,1,,,"
809,809,"Support, Absorption, Storage",809.0,"825,0,0,0,,,"
810,810,to store or supply moisture,810.0,"826,0,0,1,,,"
811,811,"Water absorption, nutrients absorption, and supporting functions",811.0,"827,0,0,1,,,"
812,812,absorption of nutrients,812.0,"828,0,0,1,,,"
813,813,"Nutrient absorption, water absorption, support",813.0,"829,0,1,1,,,"
814,814,Store nutrients,814.0,"830,0,0,1,,,"
815,815,Bees nourish,815.0,"831,0,1,1,,,"
816,816,Sucking in the water or not going to the country in the wind,816.0,"832,0,0,1,,,"
817,817,a suction of water,817.0,"833,0,1,0,,,"
818,818,It absorbs nutrients,818.0,"834,0,0,0,,,"
819,819,Plants need water to grow their roots,819.0,"835,0,1,0,,,"
820,820,"Plants have roots, stems, leaves, etc",820.0,"836,0,0,1,,,"
821,821,nourish the life of leaves and stems,821.0,"837,0,0,0,,,"
822,822,nourish a plant,822.0,"838,1,1,0,,,"
823,823,Store moisture in the roots of the absorption.,823.0,"839,0,1,1,,,"
824,824,The roots of plants absorb water and nutrients to make them live well,824.0,"840,0,0,1,,,"
825,825,The plant's roots nourish the plants by absorbing nutrients from the water and ground for their stems and leaves.,825.0,"841,0,0,1,,,"
826,826,"It supports plants and absorbs water and minerals, and breeds through roots to increase the size of the population.",826.0,"842,0,1,1,,,"
827,827,"Because of its roots, plants can grow well",827.0,"843,0,0,1,,,"
828,828,Plant roots absorb nutrients from the ground and feed the leaves and stems,828.0,"844,0,0,1,,,"
829,829,I don't know.,829.0,"845,0,0,1,,,"
830,830,"Water absorption, fixing to the ground",830.0,"846,0,0,1,,,"
831,831,Sturdy water by sucking nutrients.,831.0,"847,0,0,1,,,"
832,832,Roots absorb water and nutrients and send nutrients and water to stem and fruit flowers,832.0,"848,0,0,1,,,849,0,1,1,,,"
833,833,It sucks the nutrients from the soil and spreads them throughout the plant.,833.0,"850,0,0,1,,,"
834,834,It helps plants grow.,834.0,"851,0,0,1,,,"
835,835,Roots allow plants to grow well,835.0,"852,0,0,1,,,"
836,836,I don't know.,836.0,"853,0,0,1,,,"
837,837,"Support, absorb, and breathe.",837.0,"854,0,0,1,,,"
838,838,The roots of plants absorb water and grow by photosynthesis in sunlight,838.0,"855,0,1,1,,,"
839,839,Roots absorb moisture or nutrients in the soil.,839.0,"856,0,1,1,,,"
840,840,It supports the plant.,840.0,"857,0,0,0,,,"
841,841,"Support, nourishment and moisture absorption, and nutrient storage",841.0,"858,0,0,0,,,"
842,842,Absorption of nutrients,842.0,"859,0,1,1,,,"
843,843,The roots of plants absorb water and nutrients from the soil and support them.,843.0,"860,0,0,1,,,"
844,844,Roots absorb nutrients and moisture by widening the surface area.,844.0,"861,0,1,1,,,"
845,845,It absorbs water from the soil.,845.0,"862,0,0,1,,,"
846,846,Plant roots support plants and absorb water and minerals. It also stores nutrients.,846.0,"863,0,0,1,,,"
847,847,It absorbs moisture and minerals and supports plants.,847.0,"864,0,0,0,,,"
848,848,It absorbs water.,848.0,"865,0,0,1,,,"
849,849,supporting action,849.0,"866,0,1,1,,,"
850,850,"Support, storage, absorption",850.0,"867,0,0,1,,,"
851,851,It absorbs water through the root hairs.,851.0,"868,0,0,1,,,"
852,852,"It supports the whole plant, absorbs water and minerals. It also stores nutrients.",852.0,"869,0,1,1,,,"
853,853,nutrient supply,853.0,"870,0,1,1,,,"
854,854,collecting nutrients to absorb moisture,854.0,"871,0,1,1,,,"
855,855,eat nutrients,855.0,"872,0,0,0,,,"
856,856,Water Absorption Nutrient Storage,856.0,"873,0,0,1,,,"
857,857,It absorbs nutrients from the ground,857.0,"874,0,1,1,,,"
858,858,Plants suck in nutrients and moisture from the soil.,858.0,"875,0,0,1,,,"
859,859,It stores and absorbs moisture and energy,859.0,"876,0,1,1,,,"
860,860,"Through the roots, plants get the nutrients and moisture they need to live.",860.0,"877,0,0,1,,,"
861,861,It softens the ground. Eat the nutrients evenly.,861.0,"878,0,1,1,,,"
862,862,"It absorbs nutrients, making plants grow and supporting",862.0,"879,0,1,1,,,"
863,863,Energy absorption,863.0,"880,1,1,1,,,"
864,864,The roots of the plant are responsible for saving and absorbing nutrients and supporting the plant to the ground.,864.0,"881,0,1,1,,,"
865,865,It absorbs moisture from the ground for nourishment,865.0,"882,0,1,1,,,"
866,866,It's... It's-----ㅡㅡㅡㅡㅡ I don't know.,866.0,"883,0,0,1,,,"
867,867,absorption of water,867.0,"884,0,0,1,,,"
868,868,"The roots absorb moisture from the soil, so the nutrients...",868.0,"885,0,0,0,,,"
869,869,Sucking in water and taking in nutrients,869.0,"886,0,1,1,,,"
870,870,"It absorbs moisture from the ground and supplies it to plants, and supports them in windy or steep areas.",870.0,"887,0,1,1,,,"
871,871,Suck the water in.,871.0,"888,0,0,1,,,"
872,872,The plant's roots support the plant's stems and leaves and also absorb nutrients in the soil.,872.0,"889,1,1,1,,,"
873,873,It works to provide water and nutrients.,873.0,"890,1,0,1,,,"
874,874,Roots make plants stand well,874.0,"891,0,1,1,,,"
875,875,I don't know.,875.0,"892,0,0,1,,,"
876,876,It supports plants.,876.0,"893,0,0,1,,,"
877,877,It absorbs the separators on the ground to photosynthesize plants,877.0,"894,0,1,1,,,"
878,878,Various,878.0,"895,0,1,1,,,"
879,879,It supports stems on the ground or stores nutrients,879.0,"896,0,1,1,,,"
880,880,It absorbs water or nutrients and supports plants,880.0,"897,0,1,1,,,"
881,881,Plant roots absorb soil nutrients and water and transfer it to the plant's body,881.0,"898,0,0,1,,,899,0,0,1,,,"
882,882,"Plants have tubes that can carry nutrients and water, and they move there.""",882.0,"900,0,1,1,,,"
883,883,It provides nutrients to plants on the ground.,883.0,"901,,,,,,"
884,884,Hold it upright and drink water.,884.0,"902,,,,,,"
885,885,"They photosynthesize and absorb water with organs such as stems, leaves, roots, etc",885.0,"903,7.3%,32.3%,73.7%,,,"
886,886,nourish,,
887,887,"It absorbs water in the soil, decomposes nitrogen components such as fertilizers, and delivers them to its own stems.",,
888,888,Absorb water from the soil and supply it to the plant body,,
889,889,It absorbs nutrients from the ground,,
890,890,to supply water to plantsThe roots fix the plants so that they are not pulled out and allow them to draw water deep into the ground.,,
891,891,It absorbs water and supplies water to the fruits and stems of plants,,
892,892,Absorbing water and nutrients,,
893,893,absorption of water into the ground,,
894,894,It absorbs nutrients from the land,,
895,895,sucking in nutrients,,
896,896,It absorbs and supports nutrients,,
897,897,"It absorbs moisture or inorganic nutrients from the soil and moves them into the plant, and when the roots develop and the roots grow out of the soil, the roots become numerous and complex, allowing the plant to stand well without falling down even if it grows large",,
898,898,d,,
899,899,The roots of the plant stimulate the growth point of the plant,,
900,900,"Water absorption, supporting individuals",,
901,901,It absorbs water and soil nutrients.,,
902,902,"It supports the tree, makes the tree beautiful, and absorbs nutrients.",,
903,903,"Plant roots absorb moisture and nutrients from the ground, helping plants grow well.",,
904,904,It holds the ground tighter. nourish plants,,
905,905,The root of the plant is Joha,,
906,906,It absorbs nutrients and moisture to obtain nutrients that it does not have through photosynthesis.,,
907,907,Fix plants and eat nutrients from the ground.,,
908,908,It absorbs nutrients.,,
909,909,"It absorbs water to hydrate the entire plant, and also absorbs soil nutrients to provide nutrients for growth to the entire plant.",,
910,910,Plant roots absorb moisture from the ground and support the plant's body.,,
911,911,"Plant roots not only absorb minerals such as water and various nutrients in the soil, but also support the stem of the plant.",,
912,912,"The roots first serve to keep the plants fixed in the soil, and absorb water and inorganic salts in the soil and supply them to the plants.",,
913,913,The thimble at the root protects the growth point,,
914,914,It absorbs moisture and nutrients from the ground.,,
915,915,It absorbs water and holds it in place.,,
916,916,Plants grow by absorbing moisture and nutrients in the ground.,,
917,917,The roots of the plants support the plants on the ground so that they do not fall down and absorb moisture in the soil.,,
918,918,The roots have a very large surface area. It absorbs a large amount of water and conversely releases minerals such as potassium and sodium. It also uses bacteria from beans and plants to fix nitrogen needed for plant growth.,,
919,919,The roots of the plant are responsible for supporting the plant to be fixed to the ground and for absorbing water and inorganic nutrients.,,
920,920,The roots of the plant are responsible for supporting the plant to be fixed to the ground and for absorbing water and inorganic nutrients.,,
921,921,"It supports plants, absorbs water and nutrients, and stores nutrients.",,
922,922,"It supports plants from below to prevent them from falling down. And it absorbs water from the soil and transports it to stems, leaves, and flowers.",,
923,923,Roots work in support and nutrient absorption.,,
924,924,Plant roots function to absorb nutrients and water from the ground.,,
925,925,The roots have the function of delivering nutrients and moisture from the ground well upward.,,
926,926,I don't know,,
927,927,The plant's roots support the plant and also absorb moisture.,,
928,928,"The stage of plant composition consists of cells, tissues, tissues, organs, and individuals, and the roots correspond to the nutritional organs. In the roots, nutrients and water are absorbed through osmotic pressure, which moves to other tissues through the body and water pipes.",,
929,929,It absorbs nutrients and water,,
930,930,"The roots of the plant dig deep into the ground and support the stems and branches, and the root hairs on the roots absorb the surrounding water and nutrients. Some species also store nutrients in their roots.",,
931,931,Plants' roots absorb water and cause muscle pressure to raise the water up and store nutrients,,
932,932,You have to drink water and live with water You can use water in the dirt You can absorb water with the roots. It sticks,,
933,933,Plant roots absorb moisture and soil nutrients,,
934,934,"Plant roots absorb water and nutrients. Also, there is a growth point, which gives pleasure to plants to grow.",,
935,935,"The root of the plant has the function of support, support, and nutrient absorption.",,
936,936,"It plays a role in absorbing inorganic materials, etc. necessary for plants, and extends its roots widely so that it does not collapse even in wind and waves.",,
937,937,"It acts as a support for plants. It works to absorb plant nutrients and water. It also secretes hormones that plants can grow. In the case of legumes and plants, nitrogen is converted into a form that can be used through nitrogen fixation.",,
938,938,It serves as a support for plants and helps them get nutrients,,
939,939,Plant roots function to help plants grow by leaching moisture and nutrients from the ground.,,
940,940,Absorbing moisture and nutrients from the ground,,
941,941,"Roots allow plants to support and absorb nutrients from the ground, making it advantageous for survival.",,
942,942,Evaluation Only. Created with Aspose.Cells for Python via Java.Copyright 2003 - 2022 Aspose Pty Ltd.,,
