,13. Hot air balloons that rise into the sky warm up the air with fire inside balloon-shaped balloons and go up to the sky. Why can you go up to the sky if you heat the air in a hot air balloon? Explain in detail using scientific principles about the properties of gases according to temperature.,density difference,buoyancy,rise airflow,evaporation,molecular motion,temperature,air temperature
0,Difference in density by temperature,0,0,0,0,0,1,0
1,The hot air goes up,0,0,0,0,0,0,0
2,Temperature difference according to temperature,0,0,0,0,0,1,0
3,Warm heat goes up,0,0,0,0,0,0,0
4,Density,0,0,0,0,0,0,0
5,Difference in density,0,0,0,0,0,0,0
6,Density difference according to temperature,0,0,0,0,0,1,0
7,and the gas molecules become more active,0,0,0,0,0,0,0
8,It's because of the difference in air density according to temperature,0,0,0,0,0,1,0
9,"When the air gets warm, it uses the property of going up",0,0,0,0,0,0,0
10,"Since air floats up when heated, hot air balloons are floated using such properties.",0,0,0,0,0,0,0
11,"Because of the difference in density depending on the temperature,",0,0,0,0,0,1,0
12,"As the temperature increases, the density decreases and floats upward. Therefore, the density of hot air in the hot air balloon is lower than that of the surrounding air, so it rises upward",0,0,0,0,0,1,0
13,"Warm air is less dense than cold air, so it moves upward than cold air.",0,0,0,0,0,0,0
14,Density,0,0,0,0,0,0,0
15,to be able to rise with smoke in one's big pocket,0,0,0,0,0,0,0
16,The hot air goes up,0,0,0,0,0,0,0
17,"Because the air turns into steam as it gets hot, it rises into the sky.",0,0,0,0,0,0,0
18,The hot air goes up,0,0,0,0,0,0,0
19,It heats the air because it has the property of rising into the sky because it turns into steam when it gets hot,0,0,0,0,0,0,0
20,The warm nature is light and can float up.,0,0,0,0,0,0,0
21,This is because warm air has the property of going up.,0,0,0,0,0,0,0
22,This is because warm air has the property of going up.,0,0,0,0,0,0,0
23,Heating the air with heat allows the air to rotate in the hot air balloon and rise to the sky on that principle.,0,0,0,0,0,0,0
24,The warm air meets the air at a different temperature,0,0,0,0,0,1,0
25,"This is because when the air is heated, the particles move away from each other.",0,0,0,0,0,0,0
26,It goes up because it goes up when the temperature rises,0,0,0,0,0,1,0
27,"Air expansion, E absorption",0,0,0,0,0,0,0
28,It evaporates,0,0,0,0,0,0,0
29,Higher temperatures raise Earth Science 1 Reverse Layer Concept,0,0,0,0,0,1,0
30,"The gas expands under heat and becomes less dense than the surrounding air, so it rises upward rises.",0,0,0,0,0,0,0
31,"Air volume increases through thermal expansion, resulting in hot air balloon",0,0,0,0,0,0,0
32,"""I don't know",0,0,0,0,0,0,0
33,"""",0,0,0,0,0,0,0
34,It rises when the temperature is high,0,0,0,0,0,1,0
35,"It rises when the temperature rises, so it can go up into the sky.",0,0,0,0,0,1,0
36,The hot air goes up,0,0,0,0,0,0,0
37,This is because the hot air goes up.,0,0,0,0,0,0,0
38,"If you heat the air, it will increase in volume and then the density will decrease, it goes up.",0,0,0,0,0,0,0
39,"Gas is characterized by grinding from a warm place to a cold place, so the air rises.",0,0,0,0,0,0,0
40,Heat increases the temperature and expands the volume.,0,0,0,0,0,1,0
41,"An object with a small density has a smaller mass than the volume, so it receives a buoyancy proportional to the pushed volume, which rises because the mass is relatively small, and when heated with fire, molecular motion becomes active and increases the volume.",0,1,0,0,1,0,0
42,"The higher the temperature of the air, the higher the convection occurs. As the air temperature inside the balloon increases, the balloon rises above the sky.",0,0,0,0,0,1,1
43,"As the temperature increases, the volume of the gas increases and the movement becomes active, making it lighter.",0,0,0,0,0,1,0
44,"This is because the gas increases in volume as the temperature increases, and thus the density decreases.",0,0,0,0,0,1,0
45,Because the hot air goes up,0,0,0,0,0,0,0
46,This is because hot gases go up.,0,0,0,0,0,0,0
47,"The heated air is hotter than other air, so it floats up by convection",0,0,0,0,0,0,0
48,This is because hot air rises and is lighter than air.,0,0,0,0,0,0,0
49,This is because the air expands and the density decreases.,0,0,0,0,0,0,0
50,"As the temperature increases, the weight decreases as the volume increases. It floats upward as it becomes less dense than the surrounding air.",0,0,0,0,0,1,0
51,"As the temperature of the gas increases, the speed of motion of the air molecules increases and the distance between the molecules increases, resulting in a larger volume.",0,0,0,0,0,1,0
52,"The higher the temperature of the air, the higher it goes up.",0,0,0,0,0,1,0
53,"When the gas is warmed, the gas becomes lighter.",0,0,0,0,0,0,0
54,This is because the gas expands when the temperature rises,0,0,0,0,0,1,0
55,"The higher the temperature, the lower the density, and the higher the air floats, so the hot air balloon can float.",0,0,0,0,0,1,0
56,"As the temperature rises, the volume increases and exercise occurs actively.",0,0,0,0,0,1,0
57,"As the temperature rises, the movement of the air molecules becomes active and the air rises, so when the air inside the balloon is heated by fire, the hot air balloon swells up and rises.",0,0,0,0,0,1,0
58,due to the expansion of the gas,0,0,0,0,0,0,0
59,"This is because the air is warmed by heat and goes up. This is because the warmer the air is, the more it tries to go up.",0,0,0,0,0,0,0
60,I don't know.,0,0,0,0,0,0,0
61,I don't know.,0,0,0,0,0,0,0
62,Elevated airflow (warm air goes up),0,0,0,0,0,0,0
63,The heat rises,0,0,0,0,0,0,0
64,I don't know.,0,0,0,0,0,0,0
65,The warm air goes up,0,0,0,0,0,0,0
66,air density is different,0,0,0,0,0,0,0
67,Hot air rises and cold air rises on the right side of the cold air,0,0,0,0,0,0,0
68,I don't know.,0,0,0,0,0,0,0
69,I don't know,0,0,0,0,0,0,0
70,Warm air goes up,0,0,0,0,0,0,0
71,"Warm air goes up, so if you put warm air in the balloon, it goes up",0,0,0,0,0,0,0
72,Warm air goes up,0,0,0,0,0,0,0
73,Warm air heated by fire goes up,0,0,0,0,0,0,0
74,"Warm air has the characteristic of rising up, and air is raised in the balloon of the hot air balloon.",0,0,0,0,0,0,0
75,I don't know.,0,0,0,0,0,0,0
76,The reason is that iron goes up to the sky and falls to the ground,0,0,0,0,0,0,0
77,Warm air evaporates into water vapor and rises.,0,0,0,0,0,0,0
78,"Using the principle of warm air, hot air balloons go up.",0,0,0,0,0,0,0
79,Warm air can evaporate and go up into the sky.,0,0,0,0,0,0,0
80,"Warm air heated by fire floats higher than cold air. So as the warm air goes up, the balloon is filled with warm air, and it goes up because it is warmer than the surrounding air.",0,0,0,0,0,0,0
81,"Since warm air goes up, there is warm air in the balloon, so the balloon goes up.",0,0,0,0,0,0,0
82,"When the temperature of a gas increases, it has the property of going up.",0,0,0,0,0,1,0
83,This is because heat has a tendency to go up.,0,0,0,0,0,0,0
84,"The temperature is high, so it goes up",0,0,0,0,0,1,0
85,Hot air balloons fly up when the temperature is high,0,0,0,0,0,1,0
86,"Oh, my God",0,0,0,0,0,0,0
87,This is because hot smoke has the characteristic of going up.,0,0,0,0,0,0,0
88,I don't know.,0,0,0,0,0,0,0
89,to be able to jump a hot air balloon,0,0,0,0,0,0,0
90,"Gas rises when there is a temperature. For example, air conditioners and heaters",0,0,0,0,0,1,0
91,"Gas has the property of rising up when it gets hot, so you can use this property to float a hot air balloon.",0,0,0,0,0,0,0
92,I don't know...,0,0,0,0,0,0,0
93,I don't understand.,0,0,0,0,0,0,0
94,The gas goes up under the heat,0,0,0,0,0,0,0
95,"Hot air rises up, and hot air balloons rise into the sky using hot air.",0,0,0,0,0,0,0
96,The warm air goes up,0,0,0,0,0,0,0
97,Gas goes up when the temperature rises,0,0,0,0,0,1,0
98,"Temperature is an important part of science, such as the solubility of water, such as above, which refers to changes in atmospheric position due to temperature, that is, gases with cold temperatures go up in Arero hot temperatures. Therefore, the reason why the hot air balloon floats up is that the fire in the hot air balloon heats up the air and floats the hot air balloon up.Gas has a property of rising up when the temperature increases, so the warm air rises into the space of the hot air balloon and cannot go out, so it rises up.",0,0,0,0,0,1,0
99,"Hot air rises up, and hot air balloons float hot air into the sky.",0,0,0,0,0,0,0
100,This is because gases have the property of rising upward when heated.,0,0,0,0,0,0,0
101,"Gas rises when it is warm and descends when it is cold, so if you heat the air in the hot air balloon, the hot air balloon can rise to the sky.",0,0,0,0,0,0,0
102,"""The gas goes up when the temperature rises and goes down when the temperature decreases",0,0,0,0,0,1,0
103,"It has a temper. So, if you heat a hot air balloon with heat, the temperature goes up",0,0,0,0,0,1,0
104,"Air goes up, so hot air balloons can go up in the sky.""",0,0,0,0,0,0,0
105,The air warms up and goes up to the sky.,0,0,0,0,0,0,0
106,"The stomach goes up because of the heat, because when the air is hot, the stomach goes up",0,0,0,0,0,0,0
107,"If you heat up the air, the temperature rises and the temperature rises to the sky",0,0,0,0,0,1,0
108,"This is because when you heat the air, the air becomes active and comes up",0,0,0,0,0,0,0
109,The hot air goes into the hot air balloon and surprises me,0,0,0,0,0,0,0
110,"This is because the air inside the hot air balloon gets hot. Also, hot air goes up because it goes up",0,0,0,0,0,0,0
111,"This is because air with high temperature has a property of rising upward, and air with high temperature has a low density.",0,0,0,0,0,1,0
112,Hot air balloons have no choice but to go up because the temperature inside the balloon is hotter than outside and the hot air has the property to go up,0,0,0,0,0,1,0
113,"This is because when air is heated in a hot air balloon, the temperature inside the hot air balloon is higher than that of the surrounding air. High-temperature air has the property of rising. So air with low temperature is low density.",0,0,0,0,0,1,0
114,"If you heat the air, the temperature of the hot air balloon is high",0,0,0,0,0,1,0
115,"This is because when the air in the hot air balloon is heated, the temperature inside the hot air balloon is higher than that of the surrounding air, and because the air with high temperature rises upward, the air with high temperature is less dense.",0,0,0,0,0,1,0
116,Because warm air goes up and cold air goes down,0,0,0,0,0,0,0
117,This is because air has a property of rising when the temperature increases.,0,0,0,0,0,1,0
118,Hot air goes up,0,0,0,0,0,0,0
119,This is because the air rises to \ when it gets dark.,0,0,0,0,0,0,0
120,"Hot air balloons rise up only when they are warm, so hot air balloons that rise into the sky must be heated by fire to go up to the sky.",0,0,0,0,0,0,0
121,"When the balloon gets hot, it goes up...",0,0,0,0,0,0,0
122,I don't know,0,0,0,0,0,0,0
123,Air with high temperature goes up.,0,0,0,0,0,1,0
124,I don't know,0,0,0,0,0,0,0
125,The warm air filled the hot air balloon,0,0,0,0,0,0,0
126,"Air (gas) has the property of rising when heated, so it rises when the air in a hot air balloon is heated with fire.",0,0,0,0,0,0,0
127,"High temperatures go up and low temperatures go down and circulate, so when the air gets warm, it goes up",0,0,0,0,0,1,0
128,"The smoke from the fire fills the balloon part of the hot air balloon, and the hot air balloon filled with light gas rises into the sky.",0,0,0,0,0,0,0
129,What am I supposed to do? I don't like science,0,0,0,0,0,0,0
130,I don't know.,0,0,0,0,0,0,0
131,"This is because hot air has a property of rising up, so if you warm the air with fire, the temperature of the air becomes warm.",0,0,0,0,0,1,0
132,Hot air balloons fly up into the sky because they come up only when they have a warm nature.,0,0,0,0,0,0,0
133,"""Because the air is hot and the cold goes down",0,0,0,0,0,0,0
134,"""",0,0,0,0,0,0,0
135,The principle is used because warm air goes up.,0,0,0,0,0,0,0
136,The temperature rises using air,0,0,0,0,0,1,0
137,I don't know,0,0,0,0,0,0,0
138,The temperature got warmer,0,0,0,0,0,1,0
139,The balloon in the hot air balloon warms up and the air particles try to escape,0,0,0,0,0,0,0
140,I don't know.,0,0,0,0,0,0,0
141,I Can Be the Fly,0,0,0,0,0,0,0
142,"The hotter it is, the higher it goes, so use heat to go up",0,0,0,0,0,0,0
143,Gas goes up when the temperature is higher than a specific temperature,0,0,0,0,0,1,0
144,I don't know,0,0,0,0,0,0,0
145,Don't know,0,0,0,0,0,0,0
146,Because it rises as the temperature rises,0,0,0,0,0,1,0
147,"When you light a hot air balloon, the eggs in the air expand in volume and float up slightly",0,0,0,0,0,0,0
148,Warm air from the fire goes down and cold air goes up,0,0,0,0,0,0,0
149,The air rises above the sky and uses buoyancy,0,1,0,0,0,0,0
150,"""Warm air combined with surrounding air to fill holes in hot air balloons with meat",0,0,0,0,0,0,0
151,"It's the same.""",0,0,0,0,0,0,0
152,Warm air has the characteristics of going up,0,0,0,0,0,0,0
153,"If you keep it warm, it creates gas, but it goes up",0,0,0,0,0,0,0
154,"Warm air has a property of going up, so it heats the air and floats a hot air balloon.",0,0,0,0,0,0,0
155,"When treated warmly, smoke rises toward the balloon and pops up",0,0,0,0,0,0,0
156,The air in the hot air balloon seems to rise as the weight of the air becomes lighter as heat is applied and heated.,0,0,0,0,0,0,0
157,It's going up because of the heat,0,0,0,0,0,0,0
158,This is because warm air goes up.,0,0,0,0,0,0,0
159,The cold air and warm air meet and go up,0,0,0,0,0,0,0
160,This is due to the nature of the gas in which warm air rises.,0,0,0,0,0,0,0
161,Because hot air goes up and cold air goes down,0,0,0,0,0,0,0
162,The air fills the hot air balloon and floats up,0,0,0,0,0,0,0
163,Warm air seems to merge with the surrounding air to fill the hole in the hot air balloon with air.,0,0,0,0,0,0,0
164,I don't know,0,0,0,0,0,0,0
165,"I don't know. Oh, oh, oh",0,0,0,0,0,0,0
166,The hot air goes up,0,0,0,0,0,0,0
167,"When the temperature gets hot, the density increases and it just floats",0,0,0,0,0,1,0
168,Warm air floats up,0,0,0,0,0,0,0
169,The hot air floats up,0,0,0,0,0,0,0
170,"Because warm air goes to cold air, air moves up and hot air balloons float.",0,0,0,0,0,0,0
171,"""The hot air goes up because the particles are light.""",0,0,0,0,0,0,0
172,"""Cold air sinks down because the particles are heavy.""",0,0,0,0,0,0,0
173,"As the temperature rises, the volume of air expands and rises",0,0,0,0,0,1,0
174,The air gets hot and goes up,0,0,0,0,0,0,0
175,Air goes up when it's heavy,0,0,0,0,0,0,0
176,"The gas is heated and the density is reduced, so the volume expands",0,0,0,0,0,0,0
177,The volume of the gas increases and the density decreases and goes up.,0,0,0,0,0,0,0
178,"This is because when the air is heated and warm, it goes up.",0,0,0,0,0,0,0
179,"When the temperature rises, the gas rises in volume and becomes smaller in density",0,0,0,0,0,1,0
180,"As the temperature rises, the volume of the gas expands and the hot air balloon rises into the sky",0,0,0,0,0,1,0
181,"This is because when the temperature rises, the gas becomes lighter and rises",0,0,0,0,0,1,0
182,The principle is that the gas is heated and the density is reduced and the volume expands,0,0,0,0,0,0,0
183,"As the temperature rises, the volume of the gas expands and the hot air balloon rises into the sky",0,0,0,0,0,1,0
184,"A gas rises in density because the weight of the gas is constant as the temperature rises, but the volume increases.",0,0,0,0,0,1,0
185,"If it's hot, it's hot",0,0,0,0,0,0,0
186,The hot air goes up,0,0,0,0,0,0,0
187,Hot air balloons float because of the convection phenomenon in which hot air goes up,0,0,0,0,0,0,0
188,"When the air gets hot, a rising air current is generated, and the hot air goes up and the hot air balloon goes up",0,0,0,0,0,0,0
189,"When the temperature is hot, the molecules in the gas become active and move",0,0,0,0,0,1,0
190,"Hot air balloons are operated by insulation expansion, insulation contraction, buoyancy, etc., and when you make a fire and heat the inside of the balloon, the movement of the molecules becomes active and the volume increases. So a hot air balloon floats.",0,1,0,0,0,0,0
191,The air in the balloon of the hot air balloon is divided into hot air and cold air and floats.,0,0,0,0,0,0,0
192,"As the temperature increases, the volume of air increases and the speed of motion increases. After that, the hot air balloon is raised by buoyancy.",0,1,0,0,0,1,0
193,This is because hot air goes up.,0,0,0,0,0,0,0
194,"According to the ideal gas state equation, when the temperature rises, the volume of the gas in the hot air balloon is constant, but the pressure increases, so the hot air balloon rises",0,0,0,0,0,1,0
195,"As the temperature of the air rises, the density of the air decreases, so that the hot air rises upward, and the hot air balloon floats upward.",0,0,0,0,0,1,0
196,"A hot air balloon is an instrument for the ancient Mongols to determine how well sheep are, and it's a great instrument for scientific principles that are combined using the rising air currents, the circulation of heat. By the second law of thermodynamics, air rises as it gets hotter. Based on these basic principles, it has a principle that can be controlled dynamically or creatively.",0,0,0,0,0,0,0
197,"Hot air floats up when heated because of its upward natureThis is because as the temperature increases, the movement of the gas molecules becomes active and the volume expands, and the density inside the hot air balloon decreases.",0,0,0,0,0,1,0
198,The reason why hot air balloons rise when heated by fire is because hot air rises as the air heats up and cold air goes down.,0,0,0,0,0,0,0
199,The warm air goes up and it supplies the air continuously,0,0,0,0,0,0,0
200,"Heating the air in a hot air balloon increases the temperature, speeding up the movement of the air molecules, widening the distance between the molecules, and increasing the volume. As the bulky air fills the hot air balloon, the density of the air in the hot air balloon is relatively lower than the density of the outside air, so the hot air can go up to the sky.",0,0,0,0,0,1,0
201,Because hot air has the properties to go up,0,0,0,0,0,0,0
202,The hot air is light,0,0,0,0,0,0,0
203,thermal expansion,0,0,0,0,0,0,0
204,Hot air goes up,0,0,0,0,0,0,0
205,This is because the hot air goes up.,0,0,0,0,0,0,0
206,Because the gas at high temperatures goes up,0,0,0,0,0,1,0
207,The heat expands,0,0,0,0,0,0,0
208,"If the air is hot, it gets lighter",0,0,0,0,0,0,0
209,I don't know.,0,0,0,0,0,0,0
210,"Lower temperature gas is heavier than lower temperature gas. As the air temperature in the hot air balloon increases, the buoyancy of the air rises to the sky",0,1,0,0,0,1,1
211,"As the temperature of the gas increases, the weight of the gas per unit area decreases, so it goes up into the sky.",0,0,0,0,0,1,0
212,High temperature gases have the properties of going up,0,0,0,0,0,1,0
213,The hot temperature rises up The air can go up together in response to the temperature and the hot air balloon can go up.,0,0,0,0,0,1,0
214,"Hot air has a property of going up, so hot air balloons go up into the sky.",0,0,0,0,0,0,0
215,The air is expanding.,0,0,0,0,0,0,0
216,"Due to convection, hot air has the property of going up",0,0,0,0,0,0,0
217,The warm air goes up,0,0,0,0,0,0,0
218,Heat and convection,0,0,0,0,0,0,0
219,"Cold air contains more moisture, so heavy and hot air is light because it has less moisture",0,0,0,0,0,0,0
220,"Hot air goes up,",0,0,0,0,0,0,0
221,"As the air gets hotter, it moves more actively in a device with limited space",0,0,0,0,0,0,0
222,Hot heat has the property of rising above,0,0,0,0,0,0,0
223,There's a fire,0,0,0,0,0,0,0
224,"When heat is applied to air, which is a gas, the volume increases, and the density decreases and can be raised using the phenomenon of rising.",0,0,0,0,0,0,0
225,"When a hot air balloon is set on fire, the grains in the air fly wildly and inflate the air pockets of the hot air balloon",0,0,0,0,0,0,0
226,The heated air becomes active due to the particle movement,0,0,0,0,0,0,0
227,Because the heat goes up into the sky,0,0,0,0,0,0,0
228,This is because the hot air goes up due to convection.,0,0,0,0,0,0,0
229,Because the particles in the gas move actively to heat it up,0,0,0,0,0,0,0
230,This is because hot air goes up.,0,0,0,0,0,0,0
231,The intense heat goes up,0,0,0,0,0,0,0
232,"When the air is heated, the temperature is higher than that of the surrounding air, so the hot air balloon goes up",0,0,0,0,0,1,0
233,"As the temperature of the air increases, the activity of the air particles becomes active, so it goes up.",0,0,0,0,0,1,0
234,"The air is heated by heat.Air has a property that expands (increases) in volume when the temperature rises. So the air becomes lighter. As the air gradually circulates, the hot air balloon swells, and just as the tube floats in the water, the hot air balloon floats in the air.",0,0,0,0,0,1,0
235,"""When you apply the temperature to the air in the balloon, the molecular motion becomes active",0,0,0,0,1,1,0
236,The volume of the gas increases,0,0,0,0,0,0,0
237,"And then the density gets smaller. 'Density = mass/volume' means that the smaller the mass,",0,0,0,0,0,0,0
238,"The larger the volume, the smaller the density.",0,0,0,0,0,0,0
239,"So eventually, a hot air balloon can float above the sky.",0,0,0,0,0,0,0
240,"""",0,0,0,0,0,0,0
241,Hot air tends to float higher than cold air,0,0,0,0,0,0,0
242,"When the air is heated, the temperature is higher than that of the surrounding air, and the hot air balloon rises.",0,0,0,0,0,1,0
243,"By Charles' law, warming the air inside the balloon with fire increases the temperature, expanding the volume of the gas and decreasing the density of the gas, causing it to rise",0,0,0,0,0,1,0
244,"Hot air tends to go up, so when you heat the air in the hot air balloon, it goes up.",0,0,0,0,0,0,0
245,"When a gas particle moves on its own and collides with the inner wall of the hot air balloon, the pressure of the gas acts, and the atmospheric pressure acts outside the hot air balloon.",0,0,0,0,0,0,0
246,"""When you make a fire on the air balloon, the grains in the air fly around and inflate the air pockets of the balloon greatly. The volume increases, but the number of air grains remains the same for the first time. The air stays the same, but the space becomes wider, so it becomes lighter than the surroundings",0,0,0,0,0,0,0
247,"""",0,0,0,0,0,0,0
248,"The burner under the balloon heats the air and speeds up the particle movement of the gas, so it can go up into the sky",0,0,0,0,0,0,0
249,"The air in the hot air balloon expanded by applying heat to the air in the hot air balloon has a lower density than the air outside the hot air balloon, so a buoyant force is generated, and the force rises.",0,0,0,0,0,0,0
250,"A burner under a hot air balloon heats the air, speeding up the particle movement of the gas, so it can go up well into the sky",0,0,0,0,0,0,0
251,"The particles of a gas move constantly in all directions, and as the temperature rises, the particles of the gas inside become more active and go up into the sky",0,0,0,0,0,1,0
252,"When a gas particle collides with the buck surface of the container, the force that pushes the container out acts, which causes the pressure of the gas to appear.",0,0,0,0,0,0,0
253,Use of a tungsung that rises when the gas is heated,0,0,0,0,0,0,0
254,"""When you apply the temperature to the air in the balloon, the molecular motion becomes active",0,0,0,0,1,1,0
255,The volume of the gas increases.,0,0,0,0,0,0,0
256,"If you do that, the density will be reduced. 'Density = mass/volume' means that the smaller the mass,",0,0,0,0,0,0,0
257,"The larger the volume, the smaller the density.",0,0,0,0,0,0,0
258,"That's why hot air balloons can float above the sky.""",0,0,0,0,0,0,0
259,"""When heat is applied to the gas particles in the hot air balloon, the movement of the gas particles becomes more active",0,0,0,0,0,0,0
260,"Due to the movement of gas particles, there is more air in the hot air balloon and the hot air balloon becomes large, so the hot air balloon can fly into the sky.""",0,0,0,0,0,0,0
261,dsdw,0,0,0,0,0,0,0
262,I don't know.,0,0,0,0,0,0,0
263,M and L,0,0,0,0,0,0,0
264,I don't know,0,0,0,0,0,0,0
265,I don't understand.,0,0,0,0,0,0,0
266,I don't know.,0,0,0,0,0,0,0
267,The air goes up,0,0,0,0,0,0,0
268,I don't know.,0,0,0,0,0,0,0
269,I don't understand.,0,0,0,0,0,0,0
270,I don't know,0,0,0,0,0,0,0
271,Is it because the movement of the gas particles becomes active when it gets hot?,0,0,0,0,0,0,0
272,I don't understand.,0,0,0,0,0,0,0
273,I don't understand.,0,0,0,0,0,0,0
274,Mall,0,0,0,0,0,0,0
275,in a bloated manner,0,0,0,0,0,0,0
276,the law of the law,0,0,0,0,0,0,0
277,This is because hot air has the property of going up.,0,0,0,0,0,0,0
278,I don't know,0,0,0,0,0,0,0
279,"Warm air goes up, so hot air balloons go up.",0,0,0,0,0,0,0
280,I don't know,0,0,0,0,0,0,0
281,I don't understand.,0,0,0,0,0,0,0
282,"As it heats up, particles in the hot air balloon float in the air as they move actively.",0,0,0,0,0,0,0
283,I don't understand.,0,0,0,0,0,0,0
284,It has the property of going up when the temperature rises,0,0,0,0,0,1,0
285,I don't know,0,0,0,0,0,0,0
286,"When the heat of the rubber balloon is applied, it rises up. Like this one, a hot air balloon also rises.",0,0,0,0,0,0,0
287,I don't know.,0,0,0,0,0,0,0
288,Heat tends to go up,0,0,0,0,0,0,0
289,"Warm air goes up, so it makes the air hot and floats hot air balloons",0,0,0,0,0,0,0
290,"When the air gets hot, the hot air goes up, so the balloon goes up into the sky",0,0,0,0,0,0,0
291,I'll go up with the steam scissors,0,0,0,0,0,0,0
292,"The warmer the air is, the higher it goes",0,0,0,0,0,0,0
293,I don't know because I'm a fool,0,0,0,0,0,0,0
294,I know. Do you think I know that?,0,0,0,0,0,0,0
295,the property of warm air going up and cold air going down,0,0,0,0,0,0,0
296,"Yes, yesThis is because warm air has the property of going up.",0,0,0,0,0,0,0
297,I don't know,0,0,0,0,0,0,0
298,"The temperature goes up when it's warm, so the hot air balloon goes up",0,0,0,0,0,1,0
299,"Hot things are light, so I want to go up",0,0,0,0,0,0,0
300,The principle that cold air goes down and warm air goes up,0,0,0,0,0,0,0
301,Fire makes helium,0,0,0,0,0,0,0
302,Because of the high temperature,0,0,0,0,0,1,0
303,?,0,0,0,0,0,0,0
304,"There's a lot of air in the hot air balloon,",0,0,0,0,0,0,0
305,Is it because the balloon gets lighter if you keep it warm?,0,0,0,0,0,0,0
306,Hot air goes up,0,0,0,0,0,0,0
307,"If you heat the air with fire, it becomes helium",0,0,0,0,0,0,0
308,The air is heated up by heat,0,0,0,0,0,0,0
309,Hot is the property of being light and going up.,0,0,0,0,0,0,0
310,Because there's an underwater plane,0,0,0,0,0,0,0
311,The air pressure is applied to the top,0,0,0,0,0,0,0
312,Warm air takes advantage of the upward properties,0,0,0,0,0,0,0
313,"Since the hot air goes up,",0,0,0,0,0,0,0
314,It's because the air gets warm and goes up to the sky,0,0,0,0,0,0,0
315,Because hot air balloons go up hot.,0,0,0,0,0,0,0
316,"Warm air has the property of going up, so hot air balloons go up.",0,0,0,0,0,0,0
317,"The hotter the air goes up and the colder it goes down, so the more you heat the air in the balloon, the higher the gate",0,0,0,0,0,0,0
318,"When the temperature of the gas rises, the gas rises, so if you heat the air with fire, the air in the balloon rises and the hot air balloon floats",0,0,0,0,0,1,0
319,The heat goes up and the balloon can be moved by the wind,0,0,0,0,0,0,0
320,"Since the hot air goes up into the sky,",0,0,0,0,0,0,0
321,The balloon is melting,0,0,0,0,0,0,0
322,"Since gas has the property of rising up when it is hot and falling down when it is cold, when the gas is heated with fire, air rises up in the hot air balloon and so does the hot air balloon.",0,0,0,0,0,0,0
323,Hot air evaporates inside the hot air balloon and comes up with hot air balloon,0,0,0,0,0,0,0
324,"The air inside the balloon gets hot when heated, and as the temperature difference with the air around it is different, the hot air floats up because of its upward property",0,0,0,0,0,1,0
325,"When the temperature increases, the volume of the gas increases and the density decreases, and thus the density becomes lower than that of the surrounding gas, so it rises.",0,0,0,0,0,1,0
326,Because the density decreases,0,0,0,0,0,0,0
327,The density of the air is so small that it floats,0,0,0,0,0,0,0
328,"When the pressure, the number of moles (the amount of gas) is constant, the volume of the gas is proportional to the temperature. At this time, the density decreases because the zilla is constant. The effects of gravity and buoyancy work, but increase buoyancy by decreasing density",0,1,0,0,0,1,0
329,"As the density of the air decreases and the buoyancy is greater than the gravity,",0,1,0,0,0,0,0
330,"As the temperature rises, the density of the air decreases and the buoyancy is greater than gravity.",0,1,0,0,0,1,0
331,"Less molar gas is contained in the same volume, which is relatively less dense than the surrounding area and receives buoyancy.",0,1,0,0,0,0,0
332,Increased buoyancy due to reduced air density,0,1,0,0,0,0,0
333,"Reduced air density, buoyancy>gravity",0,1,0,0,0,0,0
334,"If you heat the air, it will increase in volume, making the density smaller and lighter",0,0,0,0,0,0,0
335,The density rises low.,0,0,0,0,0,0,0
336,"As the temperature of the gas increases, the distance between molecules increases and the density decreases accordingly. So it can come to mind.",0,0,0,0,0,1,0
337,This is because the density decreases when the volume increases.,0,0,0,0,0,0,0
338,because of the low density,0,0,0,0,0,0,0
339,It's because the heat goes up,0,0,0,0,0,0,0
340,"Warm air goes up, so when you heat the air in a hot air balloon, it goes up",0,0,0,0,0,0,0
341,"Cold air goes down and warm air goes up, so it goes up because the air heats up.",0,0,0,0,0,0,0
342,"When you heat the air with fire, the hot air goes up, so the heated air goes inside the balloon and goes up, so the hot air balloon goes up",0,0,0,0,0,0,0
343,This is because the particles become active when the air is warmed.,0,0,0,0,0,0,0
344,It makes the air inside the balloon warm and warm air goes up,0,0,0,0,0,0,0
345,"When the temperature of the gas increases, the weight of the air becomes lighter than the original air. Therefore, by warming the air with fire, light air continues to rise into the sky as the principle of the original air escaping out into the balloon continues to repeat.",0,0,0,0,0,1,0
346,"Because hot air goes up and cold air goes down through the circulation of air, when heated in a hot air balloon, it goes up into the sky.",0,0,0,0,0,0,0
347,Hot air goes up,0,0,0,0,0,0,0
348,"Warm air goes up, so when you heat the air in a hot air balloon, it goes up",0,0,0,0,0,0,0
349,I'm sorry. I don't know,0,0,0,0,0,0,0
350,It's because it creates oxygen and fills the balloon,0,0,0,0,0,0,0
351,"When you fill a balloon with air, it swells up and goes up",0,0,0,0,0,0,0
352,Carbon dioxide floats on top of course,0,0,0,0,0,0,0
353,The hot air goes up and the air fills up in the hot air balloon.,0,0,0,0,0,0,0
354,Hot air goes up and cold air goes down,0,0,0,0,0,0,0
355,I don't know.,0,0,0,0,0,0,0
356,Hot air has the property of going up and cold air down,0,0,0,0,0,0,0
357,Gas has the property of rising when the temperature is high.,0,0,0,0,0,1,0
358,"The warmer it is, the higher it goes",0,0,0,0,0,0,0
359,Warm air goes up,0,0,0,0,0,0,0
360,It heats up the air and generates energy,0,0,0,0,0,0,0
361,Air with high temperature goes up,0,0,0,0,0,1,0
362,"Because the air is heavy,",0,0,0,0,0,0,0
363,I don't know.,0,0,0,0,0,0,0
364,Carbon dioxide is generated from the fire because the balloon swells up and goes up.,0,0,0,0,0,0,0
365,"The air becomes lighter when heated, so it becomes lighter than the air outside and goes up",0,0,0,0,0,0,0
366,Warm air will go up because of the nature of the gas that goes up.,0,0,0,0,0,0,0
367,"If the temperature goes up, the density goes down",0,0,0,0,0,1,0
368,on fire,0,0,0,0,0,0,0
369,The hot air goes up,0,0,0,0,0,0,0
370,"This is because when the temperature rises, the gas tends to rise.",0,0,0,0,0,1,0
371,by burning oxygen,0,0,0,0,0,0,0
372,Hot air floats up because it is lighter than cold air.,0,0,0,0,0,0,0
373,This is because gases have the property of going up when the temperature rises.,0,0,0,0,0,1,0
374,"As the temperature rises, the density of the gas decreases and becomes lighter, so it goes up",0,0,0,0,0,1,0
375,This is because the temperature rises and the volume expands.,0,0,0,0,0,1,0
376,"The air is hot, and the air is cold, because convection occurs.",0,0,0,0,0,0,0
377,Because of the smoke,0,0,0,0,0,0,0
378,"As the temperature rises, the gas evaporates",0,0,0,0,0,1,0
379,Warm temperatures go up because they are lighter.,0,0,0,0,0,1,0
380,The gas heats up the cold gas by using hot gas as it rises and cold gas as it descends,0,0,0,0,0,0,0
381,Because the hot air rises up,0,0,0,0,0,0,0
382,This is because the temperature moves from low to high.,0,0,0,0,0,1,0
383,"Hot air balloons use helium gas, which is lighter than air, so if you heat the air in the hot air balloon, you can go up to the sky",0,0,0,0,0,0,0
384,Increase the temperature of the air in the hot air balloon and use the air pressure difference from the surrounding air to rise,0,0,0,0,0,1,0
385,"When you're heated, it goes up",0,0,0,0,0,0,0
386,"When you heat the air, it turns into helium",0,0,0,0,0,0,0
387,"As the temperature rises, the gas expands, so run a hot air balloon using light helium.",0,0,0,0,0,1,0
388,"As the temperature rises, the gas expands, so it uses light helium and runs a hot air balloon.",0,0,0,0,0,1,0
389,"Hot air is due to its upward nature. When the air is heated, the volume increases and the density decreases. Therefore, it becomes light and rises to the sky.",0,0,0,0,0,0,0
390,"When the air is heated, it is lightly transformed into an underwater machine and goes up. It's using this principle.",0,0,0,0,0,0,0
391,"Air molecules become active when heated. As a result, the density decreases and the lighter air rises. Therefore, when the air in the hot air balloon is heated, the air in the hot air balloon becomes relatively lighter than the outside air and rises.",0,0,0,0,0,0,0
392,Hot heat goes up because of course,0,0,0,0,0,0,0
393,"Hot air goes up, so hot air balloons go up",0,0,0,0,0,0,0
394,I don't know,0,0,0,0,0,0,0
395,"It is because warm air goes upWarm air is lighter than cold air, so it floats up",0,0,0,0,0,0,0
396,I don't know ^^,0,0,0,0,0,0,0
397,Because the hot air goes up,0,0,0,0,0,0,0
398,Hot air can go up into the sky because it has the property of going up,0,0,0,0,0,0,0
399,This is because the air expands by heat.,0,0,0,0,0,0,0
400,Fire in the air and the hot air balloon,0,0,0,0,0,0,0
401,"Since the hot air is directed upward, the air in the hot air balloon is constantly heated and the hot air balloon is raised",0,0,0,0,0,0,0
402,"This is because as the temperature rises, the movement of the molecule becomes more active and as it gets hotter, it goes up.",0,0,0,0,0,1,0
403,Because the air in the balloon is lighter than the air outside.,0,0,0,0,0,0,0
404,"When heat is applied to the gas, the molecular motion becomes relatively active, making it lighter in mass than cold air, so it floats",0,0,0,0,1,0,0
405,This is because hot air goes up and the air expands,0,0,0,0,0,0,0
406,"When the air is heated, it becomes lighter and goes up, and relatively cold air is heavy, causing convection that goes down, so the hot air balloon goes up.",0,0,0,0,0,0,0
407,"When the air is heated, the movement of the air becomes active and the density of the air decreases and rises.",0,0,0,0,0,0,0
408,"As the temperature rises, the gas becomes lighter. Therefore, when the air is heated in a hot air balloon, the air goes up and can go up into the sky.",0,0,0,0,0,1,0
409,This is because warm air goes up.,0,0,0,0,0,0,0
410,This is because the warm air goes up as the air circulates,0,0,0,0,0,0,0
411,"As the temperature rises, the gap between molecules widens, and then the weight of the gas within a certain volume becomes lighter. Therefore, the air in the balloon is lighter than the outside atmosphere, so a hot air balloon rises.",0,0,0,0,0,1,0
412,"When cold air and hot air are compared, hot air is relatively low in density, so hot air rises. When this is applied to a hot air balloon, the fire in the balloon makes the air in the balloon hotter, which is lower in density than the outside air and floats upward.",0,0,0,0,0,0,0
413,"As the temperature rises, the distance between gas molecules increases, which reduces the density. The difference in density from the air goes up further.",0,0,0,0,0,1,0
414,"When the temperature is high, the molecule's movement becomes active and it goes up into the sky because it has the property of trying to rise above the surrounding air.",0,0,0,0,0,1,0
415,"When the air is heated, molecular activity becomes active, expanding in volume and decreasing density, causing the air to rise. So, if you heat the air just below the balloon part above the hot air balloon, the density of the air part decreases and goes up, and the tooth pushes the balloon part and can go up into the sky.",0,0,0,0,0,0,0
416,"When the gas is heated, the volume of the gas expands, but the density decreases because the mass is constant. Accordingly, the density of air in the hot air balloon is lower than the density of the surrounding air, and the hot air balloon rises into the sky.",0,0,0,0,0,0,0
417,"The density of the gas varies depending on the temperature. When the temperature increases, the molecular motion of the gas becomes active, and thus the density per unit space decreases, and when the temperature decreases, the density per unit space increases. Hot air balloons lower the density of the gas by heating the air. Then, the mass per unit of air with reduced density floats upward because it is lighter than the surrounding air.",0,0,0,0,1,1,0
418,"As the temperature rises, the volume of air increases, and the mass decreases compared to the relatively same volume, making it lighter than the surrounding air, so that a hot air balloon rises.",0,0,0,0,0,1,0
419,"As the temperature increases, molecules in the air become more active",0,0,0,0,0,1,0
420,"When heat is applied to the gas, the motion of the gas molecules increases and the volume increases. As the volume of the gas increases in this way, the density decreases. As the density becomes lower than that of the external air, the hot air balloon rises into the air due to the difference in density.",0,0,0,0,0,0,0
421,"When the air gets hot, it goes up. And the cold air goes down.",0,0,0,0,0,0,0
422,"When the air is heated, the molecules in the hot air balloon move faster. Then it becomes lighter than the outside air and goes up.",0,0,0,0,0,0,0
423,action reaction,0,0,0,0,0,0,0
424,Ankimchi. (Ankimchi in Korean),0,0,0,0,0,0,0
425,This is because the density decreases as the temperature of the gas moves,0,0,0,0,0,1,0
426,This is because gas rises when the temperature rises,0,0,0,0,0,1,0
427,Because hot air goes up and cold air goes down,0,0,0,0,0,0,0
428,Warm air goes up and cold air goes down,0,0,0,0,0,0,0
429,It's because the warm air goes up,0,0,0,0,0,0,0
430,The hot air balloon goes up because the warm air goes up and the cold air goes down.,0,0,0,0,0,0,0
431,"High-temperature air goes up, so a hot air balloon seems to go up into the sky.",0,0,0,0,0,1,0
432,"Air with high temperature goes up, so hot air balloons can go up",0,0,0,0,0,1,0
433,Warm air goes up,0,0,0,0,0,0,0
434,Warm air goes up,0,0,0,0,0,0,0
435,Because the hot air goes up,0,0,0,0,0,0,0
436,"Warm air rises and cold air falls, so a relatively hot air balloon rises",0,0,0,0,0,0,0
437,Hot air heats the air with fire because it floats up,0,0,0,0,0,0,0
438,"This is because if you heat the air in a hot air balloon with fire, the warm air goes up and the cold air goes down",0,0,0,0,0,0,0
439,"Because cold air goes down and hot air goes up, hot air balloons go up into the sky.",0,0,0,0,0,0,0
440,There needs to be hot heat to get hot,0,0,0,0,0,0,0
441,"A hot air balloon fills the balloon with air and heats it up into the air, which increases the particle motion when heated to the gas. In addition, as the density is lower than that of the outside air, the hot air balloon rises due to the difference in density between the inside and the inside.",0,0,0,0,0,0,0
442,Because the top is hot and the bottom is cold.,0,0,0,0,0,0,0
443,Hot air molecules become less dense and float upward. Hot air balloons float in the sky because they heat the air inside the hot air balloon with fire,0,0,0,0,0,0,0
444,Because warm air goes up and cold air goes down,0,0,0,0,0,0,0
445,It makes air with hot heat and jumps to the ground,0,0,0,0,0,0,0
446,The hot air is about to go up.,0,0,0,0,0,0,0
447,"Since the heat of the fire comes into contact with oxygen,",0,0,0,0,0,0,0
448,This is because air with high temperature rises upward.,0,0,0,0,0,1,0
449,Because it goes up when the temperature is high,0,0,0,0,0,1,0
450,"The hotter the gas is, the lighter it is",0,0,0,0,0,0,0
451,Hot air goes up because it floats up.,0,0,0,0,0,0,0
452,The hot air balloon is pushed to float.,0,0,0,0,0,0,0
453,Because the fire burns the gas and it floats,0,0,0,0,0,0,0
454,"When the gas is heated, it becomes lighter",0,0,0,0,0,0,0
455,Because the air with higher temperatures decreases in volume and becomes lighter and goes up,0,0,0,0,0,1,0
456,"As the temperature rises, molecular motion becomes active and increases in volume, so it flies up into the sky.",0,0,0,0,1,1,0
457,It's because the volume gets bigger and bigger,0,0,0,0,0,0,0
458,Hot air goes up,0,0,0,0,0,0,0
459,Gas rises when it gets hot,0,0,0,0,0,0,0
460,"This is because when the air is heated, the volume increases and the density decreases by PV=nRT.",0,0,0,0,0,0,0
461,"When the air gets warm, it becomes lighter and goes up So a hot air balloon can fly into the sky.",0,0,0,0,0,0,0
462,It gets lighter when the temperature goes up.,0,0,0,0,0,1,0
463,This is because hot air goes up through the circulation of the air,0,0,0,0,0,0,0
464,The air rises when the temperature is high.,0,0,0,0,0,1,0
465,Air rises when the temperature is high,0,0,0,0,0,1,0
466,Hot air rises and floats using its power,0,0,0,0,0,0,0
467,It is heated and the density of the air decreases and rises.,0,0,0,0,0,0,0
468,The hot air becomes less dense and goes up,0,0,0,0,0,0,0
469,jackpot,0,0,0,0,0,0,0
470,"It heats up the balloon, expands, activates the exercise, and then goes up",0,0,0,0,0,0,0
471,"As the temperature rises, the volume of the gas increases and the hot air balloon rises into the sky",0,0,0,0,0,1,0
472,"When the air is heated, the movement is actively carried out, so that the hot air balloon floats.",0,0,0,0,0,0,0
473,Air expansion due to higher temperature pressure,0,0,0,0,0,1,0
474,sorry,0,0,0,0,0,0,0
475,"This is because if the temperature is high, the distance between gases and the movement becomes faster.",0,0,0,0,0,1,0
476,due to rising air currents,0,0,0,0,0,0,0
477,This is because the air becomes lighter as the temperature goes up.,0,0,0,0,0,1,0
478,This is because gases with high temperatures have convection going up.,0,0,0,0,0,1,0
479,Pressure difference with temperature,0,0,0,0,0,1,0
480,"If the temperature is high, the gas volume increases and the mass decreases according to the unit volume, so it can float.",0,0,0,0,0,1,0
481,This is because gases become lighter when the temperature increases.,0,0,0,0,0,1,0
482,Because I had a pretty dream of flying in a balloon.,0,0,0,0,0,0,0
483,Hot air floats hot air balloons using its upward properties.,0,0,0,0,0,0,0
484,"This is because when a yellow balloon flies in the sky, it reminds me of beautiful memories in my heart.",0,0,0,0,0,0,0
485,"Increasing the temperature speeds up the molecular motion, which expands the volume of air. Eventually, the density of air decreases, so hot air balloons can go up into the sky.",0,0,0,0,1,1,0
486,"When the temperature rises, the volume expands, so the density is smaller than that of the surrounding air, so it rises.",0,0,0,0,0,1,0
487,"""As the temperature increases, the gas expands according to Charles' law, although the total number of particles in the gas does not change. Instead, the density decreases as the volume increases.",0,0,0,0,0,1,0
488,"The reduced density of air goes up, and the hot air balloon goes up along with the air.""",0,0,0,0,0,0,0
489,Hot air is lighter than cold air,0,0,0,0,0,0,0
490,Lalalalalalalalalalalalalalalalalalalalalalalalalalalal,0,0,0,0,0,0,0
491,Heat travels through the hot air balloon,0,0,0,0,0,0,0
492,Because it evaporates,0,0,0,0,0,0,0
493,ãã353566 77ã ,0,0,0,0,0,0,0
494,"If you use fire to heat the surrounding air, the hot air goes up because it goes upWhen the gas gets hot, it becomes lighter and flies high, like a hot air balloon",0,0,0,0,0,0,0
495,The hot air goes up,0,0,0,0,0,0,0
496,Helium is lighter than air,0,0,0,0,0,0,0
497,All right.,0,0,0,0,0,0,0
498,"If it's hot, it'll go up!",0,0,0,0,0,0,0
499,This is because warm air goes up and cold air goes down.,0,0,0,0,0,0,0
500,Warm air goes up,0,0,0,0,0,0,0
501,Because hot air goes up,0,0,0,0,0,0,0
502,Gases from the fire go up,0,0,0,0,0,0,0
503,the principle of air,0,0,0,0,0,0,0
504,Hot air balloons fly well.,0,0,0,0,0,0,0
505,Hot heat rises in the balloon,0,0,0,0,0,0,0
506,Hot air balloons use force on fire.,0,0,0,0,0,0,0
507,"If it's cold, the people inside are cold",0,0,0,0,0,0,0
508,I don't know.,0,0,0,0,0,0,0
509,Don't know,0,0,0,0,0,0,0
510,I don't know,0,0,0,0,0,0,0
511,Because hot air goes up,0,0,0,0,0,0,0
512,"The higher the temperature, the more active it becomes.",0,0,0,0,0,1,0
513,I don't know. I forgot.,0,0,0,0,0,0,0
514,Yes.,0,0,0,0,0,0,0
515,Don't know,0,0,0,0,0,0,0
516,The warm air goes up,0,0,0,0,0,0,0
517,The warm air goes up,0,0,0,0,0,0,0
518,The air is light,0,0,0,0,0,0,0
519,.,0,0,0,0,0,0,0
520,"Gas goes up when it gets hot, so hot air balloons go up together.",0,0,0,0,0,0,0
521,"When the air gets warm, it goes up into the sky",0,0,0,0,0,0,0
522,I don't know,0,0,0,0,0,0,0
523,The heat is generated to make the hot air balloon float.,0,0,0,0,0,0,0
524,"Hot air goes up and cold air goes down, so it heats up the air and the hot air balloon flies into the sky",0,0,0,0,0,0,0
525,"It goes down when it's cold, and it goes up when it's hot",0,0,0,0,0,0,0
526,I don't know,0,0,0,0,0,0,0
527,"When the air gets warm, it uses the rising property. That is, when the gas is heated, a hot air balloon can be mounted due to the nature of going up to the sky.",0,0,0,0,0,0,0
528,"Since hot heat rises upward, hot heat is applied to the balloon of the hot air balloon, which rises due to the nature of heat.",0,0,0,0,0,0,0
529,"Heat has the property of rising up, which made a hot air balloon.",0,0,0,0,0,0,0
530,diffusion of gas,0,0,0,0,0,0,0
531,"This principle allows hot air balloons to rise into the sky because air moves as it moves because high temperatures are filled with particles of air, while low temperatures are less than high temperatures, just as wind blows from the hot sand to the cold sea during the day.",0,0,0,0,0,1,0
532,Don't know,0,0,0,0,0,0,0
533,The hot air goes up,0,0,0,0,0,0,0
534,The air is heated up,0,0,0,0,0,0,0
535,"If it's warm, it gets lighter",0,0,0,0,0,0,0
536,The air gets lighter and it flies away,0,0,0,0,0,0,0
537,The hot wind goes up and the cold wind goes down,0,0,0,0,0,0,0
538,The heat goes up and the hot air balloon goes up,0,0,0,0,0,0,0
539,"Cold air has the property of sinking, and hot air has the property of rising up, so when you warm the inside of a hot air balloon, the hot air balloon rises.",0,0,0,0,0,0,0
540,Because the gas goes up,0,0,0,0,0,0,0
541,I don't know,0,0,0,0,0,0,0
542,"If you keep it warm when the wind blows, it goes up well",0,0,0,0,0,0,0
543,"The hot air goes up and down to the cold air isne Are. Using this principle, the hot air balloon floats with warm air raised by fire.",0,0,0,0,0,0,0
544,"As the temperature of the gas increases, the weight of the air becomes lighter, so it can go up into the sky.",0,0,0,0,0,1,0
545,I don't know.,0,0,0,0,0,0,0
546,It is because the air is burned to a level,0,0,0,0,0,0,0
547,This is because hot air has the property of going up and cold air has the property of going down.,0,0,0,0,0,0,0
548,"When heated by fire, it floats under the weight of the gas that the fire creates",0,0,0,0,0,0,0
549,"Because warm air is above, it is pushed up by cold air.",0,0,0,0,0,0,0
550,"When you heat the gas, it goes up (?",0,0,0,0,0,0,0
551,"As far as I know, the warmer it is, the higher it goes up, and the colder it gets, the lower it goes down",0,0,0,0,0,0,0
552,"When the air is hot, it becomes light and rises above it, and when it is cold, it becomes heavy and sinks below.",0,0,0,0,0,0,0
553,I think it became a hot air balloon by blowing a balloon with hot heat,0,0,0,0,0,0,0
554,"It is heated and made into an underwater machine, so the underwater machine is climbed by means of climbing.",0,0,0,0,0,0,0
555,"""Table tennis balls shrink when immersed in cold water and swell again when immersed in hot water, and like that, hot air balloons rise up when they meet hot heat.",0,0,0,0,0,0,0
556,"So the hot air balloon uses heatThat's why it's a hot air balloon. """,0,0,0,0,0,0,0
557,I don't know,0,0,0,0,0,0,0
558,I don't know.,0,0,0,0,0,0,0
559,We used the characteristics of air that decreases density when the temperature is high,0,0,0,0,0,1,0
560,I don't know.,0,0,0,0,0,0,0
561,"When the gas is heated, it expands and rises.",0,0,0,0,0,0,0
562,"The higher the temperature, the lighter.",0,0,0,0,0,1,0
563,"When the characteristics of air are applied with heat, the movement of the molecules becomes increasingly active, and there is a characteristic ááµ to go up. That's why when you heat a hot air balloon, it goes up.",0,0,0,0,0,0,0
564,"The driver of ""To Go"" in Paris!",0,0,0,0,0,0,0
565,"When you make a fire, the air around you gets hot and the hot air goes up, so hot air can go up into the sky.",0,0,0,0,0,0,0
566,Warm meat goes up,0,0,0,0,0,0,0
567,"This is because when air is heated in a hot air balloon, the temperature inside the hot air balloon is higher than that of the surrounding air. This is because air with high temperature has the property of rising up. I think it's because air with high temperature is low density.",0,0,0,0,0,1,0
568,Isn't it because the temperature inside the hot air balloon is higher than the surrounding air?,0,0,0,0,0,1,0
569,I don't know.,0,0,0,0,0,0,0
570,"This is because the temperature rises above, and when air is heated in the hot air balloon, the temperature inside the hot air balloon is higher than that of the surrounding air.",0,0,0,0,0,1,0
571,This is because warm air has the property of going up.,0,0,0,0,0,0,0
572,Hot heat tends to go up,0,0,0,0,0,0,0
573,Hot air goes up,0,0,0,0,0,0,0
574,This is because air expands when heated and becomes relatively lighter than unheated air as it expands.,0,0,0,0,0,0,0
575,"When air is heated in a hot air balloon, the temperature inside the hot air balloon is higher than that of the surrounding air. Hot air balloons go up because high-temperature air has the property of going up.",0,0,0,0,0,1,0
576,The temperature rises well because it gets hot,0,0,0,0,0,1,0
577,"The hot wind is supposed to go up to the sky, so it's a fascinating nature.",0,0,0,0,0,0,0
578,This is because the temperature inside the hot air balloon is higher than that of the surrounding airAir with high temperature goes up,0,0,0,0,0,1,0
579,"This is because when you heat the air inside the balloon, the temperature inside the balloon is higher than that of the surrounding air. This is because air with high temperature has the property of rising up.",0,0,0,0,0,1,0
580,"""",0,0,0,0,0,0,0
581,"Warm air has the property of trying to go up, so the air heated by the fire rises, and the hot air balloon rises to the sky.",0,0,0,0,0,0,0
582,This is because air with high temperature floats high into the sky.,0,0,0,0,0,1,0
583,This is because air with high temperature has the property of rising up.,0,0,0,0,0,1,0
584,"As the temperature increases, the energy of the particles constituting the material increases, and thus the distance between particles may become greater. In the case of a gas, the distance between particles becomes greater due to heat, and when the gases are gathered in a limited space, the mass of the collected gas remains but the density decreases. As a result, the air, which becomes smaller than the density of the surrounding air, rises upward, and a hot air balloon is used.",0,0,0,0,0,1,0
585,I don't know.,0,0,0,0,0,0,0
586,f,0,0,0,0,0,0,0
587,"Since there is a principle of gas that floats to the sky when the temperature is high, it can heat the air in the hot air balloon and fly to the sky.",0,0,0,0,0,1,0
588,"When air obtains thermal energy, molecular motion becomes active, and when ãáá§á« increases in volume and decreases in density. When the density is lower than the outside air, it rises upward.",0,0,0,0,1,0,0
589,This is because warm air is lighter than cold air and goes up.,0,0,0,0,0,0,0
590,I don't know,0,0,0,0,0,0,0
591,"The hot air rises when the temperature is hot, so using that principle, a hot air balloon floats",0,0,0,0,0,1,0
592,How do I know this...............,0,0,0,0,0,0,0
593,Hot gases are lighter than cold gasesBecause of the temperature,0,0,0,0,0,1,0
594,This is because hot air goes up.,0,0,0,0,0,0,0
595,The hot air goes up,0,0,0,0,0,0,0
596,I have no idea.,0,0,0,0,0,0,0
597,This is because gases have the property of rising up when heated.,0,0,0,0,0,0,0
598,I don't know,0,0,0,0,0,0,0
599,I don't know!,0,0,0,0,0,0,0
600,"Hot air goes up and cold air goes down The representative thing is the sea breeze, and the hot air fills the hot air balloon and goes up",0,0,0,0,0,0,0
601,Because the hot air goes up because it's light,0,0,0,0,0,0,0
602,Heat heats the air and lightens it up.,0,0,0,0,0,0,0
603,I don't know.,0,0,0,0,0,0,0
604,"This is because when the air becomes warm, the air becomes lighter and floats upward.",0,0,0,0,0,0,0
605,I don't know,0,0,0,0,0,0,0
606,Because the air gets hot and evaporates into the sky,0,0,0,0,0,0,0
607,The hot air goes up,0,0,0,0,0,0,0
608,Hot makes light.,0,0,0,0,0,0,0
609,the principle of water vapor,0,0,0,0,0,0,0
610,I don't know,0,0,0,0,0,0,0
611,Because hot air has the characteristic of going up,0,0,0,0,0,0,0
612,"This is because the higher the temperature, the higher the density of the gas",0,0,0,0,0,1,0
613,"If you heat it, the air expands",0,0,0,0,0,0,0
614,Heating activates the movement of gas molecules,0,0,0,0,0,0,0
615,"When the temperature goes up, the cold air goes down and the hot air goes up.",0,0,0,0,0,1,0
616,"When the gas is heated, the activity rises and the pressure rises and expands. So the weight per volume is lighter than usual, so a hot air balloon comes to mind.",0,0,0,0,0,0,0
617,Hot air goes up and cold air goes down,0,0,0,0,0,0,0
618,The air circulates inside the hot air balloon and rises with warm air,0,0,0,0,0,0,0
619,"When the temperature is increased, the movement of the air molecules in the air bag in the pouch is increased, the space between the molecules is widened, and the volume is increased, so the density of the air is decreased.",0,0,0,0,0,1,0
620,"Warm air has the property of going up. Because of this, the hot air balloon goes up.",0,0,0,0,0,0,0
621,It's because gases with high temperatures have the properties of going up;,0,0,0,0,0,1,0
622,"As the temperature rises, the pressure rises, which increases in volume and decreases in weight and floats into the sky.",0,0,0,0,0,1,0
623,"As the temperature increases, the air molecules in the pocket move faster, the distance between the molecules increases, and the volume increases, and the density of the air in the pocket decreases",0,0,0,0,0,1,0
624,The air got warm,0,0,0,0,0,0,0
625,"Warm air has the property of going up. Because of this, the hot air balloon goes up.",0,0,0,0,0,0,0
626,Gas rises when it gets hot.,0,0,0,0,0,0,0
627,"""Cold air goes down because it's heavy and hot air goes up because it's light.",0,0,0,0,0,0,0
628,"The reason why the air conditioner is located above and the stove is located below is also to take advantage of this phenomenon to cause convection and improve heat circulation. Therefore, when the air in the hot air balloon is heated, it rises upward.""",0,0,0,0,0,0,0
629,Hot gases tend to go up,0,0,0,0,0,0,0
630,I even know that it goes up into the sky through heat,0,0,0,0,0,0,0
631,"If the temperature of the gas is high, there is a property of going up, and if the temperature is low, there is a property of going down. (Convection phenomenon)",0,0,0,0,0,1,0
632,"Balloons usually float, but they seem to float more by heating them up",0,0,0,0,0,0,0
633,"As the temperature increases, the volume of the gas increases at a constant rate.",0,0,0,0,0,1,0
634,"""The air inside is more than the air in the sky.""",0,0,0,0,0,0,0
635,"""It's too high. It's going up",0,0,0,0,0,0,0
636,"""Because the warm air goes up,",0,0,0,0,0,0,0
637,"""Put the hot air balloon up""",0,0,0,0,0,0,0
638,"If you fill it with hot air, it goes up",0,0,0,0,0,0,0
639,Hot air goes up together because it goes up,0,0,0,0,0,0,0
640,The warm air goes up,0,0,0,0,0,0,0
641,"Warm air goes up, so it heats the air in a balloon-shaped balloon.",0,0,0,0,0,0,0
642,"This is because if the temperature is high, it tries to go up.",0,0,0,0,0,1,0
643,A hot air balloon is a balloon that can climb high in the sky using the heated air that bloomed as the fire burned.,0,0,0,0,0,0,0
644,A hot air balloon is a balloon that can climb high into the sky using the heated air that blooms as the fire burns,0,0,0,0,0,0,0
645,Heat the air in a hot air balloon Hot air can rise high in the sky because it has a rising property,0,0,0,0,0,0,0
646,Because the air with increased kinetic energy is active due to heat,0,0,0,0,0,0,0
647,"When the air gets warm, the air goes up, so the air inside the balloon goes up",0,0,0,0,0,0,0
648,"""If you increase the temperature, the air molecules in your pocket will move faster, and the distance between the molecules will widen and increase in volume. As the volume increases, some air escapes, and the density of air in the pocket is lower than the first time",0,0,0,0,0,1,0
649,,0,0,0,0,0,0,0
650,"Then, because the density of the air in the pouch is small, the pouch floats upward, and a less dense material rises above a more dense material",0,0,0,0,0,0,0
651,,0,0,0,0,0,0,0
652,,0,0,0,0,0,0,0
653,"""",0,0,0,0,0,0,0
654,"Since the air that has increased the kinetic energy is active due to the heat,",0,0,0,0,0,0,0
655,"Because the heated air goes up,",0,0,0,0,0,0,0
656,"The higher the temperature, the higher the temperature, the higher the temperature, so it can go up gradually when heated.",0,0,0,0,0,1,0
657,"The higher the temperature, the faster the movement of the gas particles, so they can go up into the sky.",0,0,0,0,0,1,0
658,"Since the higher the temperature, the higher the temperature, the higher the temperature, the higher the temperature, the higher the temperature.",0,0,0,0,0,1,0
659,Hot air particles go up,0,0,0,0,0,0,0
660,"As the temperature rises, the particle movement of the air becomes active, so hot air balloons can go up into the sky.",0,0,0,0,0,1,0
661,"When the temperature goes up, the particles in the gas go up",0,0,0,0,0,1,0
662,"When the temperature goes up, the particles in the áá¦áá´ shape get faster",0,0,0,0,0,1,0
663,"When the temperature goes up, the motion of the gas goes down quickly, and the gas that goes up goes up",0,0,0,0,0,1,0
664,I don't know.,0,0,0,0,0,0,0
665,I don't know,0,0,0,0,0,0,0
666,M and D,0,0,0,0,0,0,0
667,I don't understand.,0,0,0,0,0,0,0
668,M and D,0,0,0,0,0,0,0
669,"""",0,0,0,0,0,0,0
670,I don't understand.,0,0,0,0,0,0,0
671,"""",0,0,0,0,0,0,0
672,(Playing the guitar sound,0,0,0,0,0,0,0
673,M and D,0,0,0,0,0,0,0
674,I don't understand.,0,0,0,0,0,0,0
675,Mall,0,0,0,0,0,0,0
676,I don't know,0,0,0,0,0,0,0
677,I don't understand.,0,0,0,0,0,0,0
678,I don't understand.,0,0,0,0,0,0,0
679,M and D,0,0,0,0,0,0,0
680,I don't understand.,0,0,0,0,0,0,0
681,I don't know.,0,0,0,0,0,0,0
682,This is because hot air has the property of going up.,0,0,0,0,0,0,0
683,The hot air is floating up,0,0,0,0,0,0,0
684,M and D,0,0,0,0,0,0,0
685,I don't know,0,0,0,0,0,0,0
686,I don't understand.,0,0,0,0,0,0,0
687,Warm air floats in the sky because of its light weight,0,0,0,0,0,0,0
688,Charles Law,0,0,0,0,0,0,0
689,"The gas has the property of going up as it gets warmer, and it's used",0,0,0,0,0,0,0
690,"Hot heat has the property of rising up, and as the fire burns, it exerts hot heat and can float a hot air balloon.",0,0,0,0,0,0,0
691,"When the temperature of a gas particle rises, it becomes lighter than the cold air and floats upward",0,0,0,0,0,1,0
692,.Mr,0,0,0,0,0,0,0
693,I don't know.,0,0,0,0,0,0,0
694,The gas light.,0,0,0,0,0,0,0
695,The heat rising above the properties.,0,0,0,0,0,0,0
696,"The air is heated, the balloon rises above because properties that go up.",0,0,0,0,0,0,0
697,Oxygen,0,0,0,0,0,0,0
698,Warm air rises and hot air balloon rose up.,0,0,0,0,0,0,0
699,In and warm air is to have the qualities that go up.,0,0,0,0,0,0,0
700,Hot air is it goes up.,0,0,0,0,0,0,0
701,Warm air is lighter than cold air.,0,0,0,0,0,0,0
702,"When you light a fire under the balloon, because hot air is up with balloons because becomes more and makes the balloon, balloon rose to mind heat.",0,0,0,0,0,0,0
703,Temperature is high.,0,0,0,0,0,0,0
704,"Is lighter, carrying the air in the hot air balloon than air.",0,0,0,0,0,0,0
705,Light than other objects.,0,0,0,0,0,0,0
706,"I don't know what I know, and gesseo. ããããããããããããããã",0,0,0,0,0,0,0
707,Warm air rises.,0,0,0,0,0,0,0
708,ãããããã,0,0,0,0,0,0,0
709,Biting,0,0,0,0,0,0,0
710,"If it's too dark,",0,0,0,0,0,0,0
711,Hot air has the property of wanting to go up.,0,0,0,0,0,0,0
712,Warm air goes down,0,0,0,0,0,0,0
713,This is because dark air has the property of rising up and cold air has the property of falling down.,0,0,0,0,0,0,0
714,The air got lighter,0,0,0,0,0,0,0
715,Warm air goes up and cold air goes down,0,0,0,0,0,0,0
716,"If you make a fire, it creates a fire?",0,0,0,0,0,0,0
717,go up when the air is warm,0,0,0,0,0,0,0
718,"The higher the heat, the higher the air goes up",0,0,0,0,0,0,0
719,It's your nature to go up when you light a balloon,0,0,0,0,0,0,0
720,"""?>",0,0,0,0,0,0,0
721,,0,0,0,0,0,0,0
722,">?""",0,0,0,0,0,0,0
723,Because cold air goes down and hot air goes up.,0,0,0,0,0,0,0
724,Warm air goes up.,0,0,0,0,0,0,0
725,This is because cold air goes down and hot air goes up,0,0,0,0,0,0,0
726,The hot air goes up well,0,0,0,0,0,0,0
727,"When the air meets cold substances, it goes down and when it meets hot substances, the air moves upward. So when you heat the air in a hot air balloon, the air goes up and fills the balloon, so the hot air balloon can go up.",0,0,0,0,0,0,0
728,"Warming the air in a hot air balloon makes it warm, so the warm air goes up",0,0,0,0,0,0,0
729,"Warm air goes up, so hot air balloons go up into the sky.",0,0,0,0,0,0,0
730,"If you add heat and volume inside, it will swell quickly, so it goes up",0,0,0,0,0,0,0
731,It's light enough to go up in the sky,0,0,0,0,0,0,0
732,It's time to go up to the fire,0,0,0,0,0,0,0
733,The air got lighter,0,0,0,0,0,0,0
734,convection phenomenon,0,0,0,0,0,0,0
735,I don't know,0,0,0,0,0,0,0
736,convection phenomenon,0,0,0,0,0,0,0
737,I don't know.,0,0,0,0,0,0,0
738,PASS,0,0,0,0,0,0,0
739,I don't understand.,0,0,0,0,0,0,0
740,It's done by heating up the heat,0,0,0,0,0,0,0
741,"Hot air goes up and cold air goes down, so hot air is pumped up to make hot air balloon.",0,0,0,0,0,0,0
742,"When the light is on, the warmth rises and goes into the balloon and unfolds",0,0,0,0,0,0,0
743,"As the gas heats up, the atoms in the gas have the property of moving quickly, which makes the gas lighter in weight Eventually, the lighter gas jumps the property of going up, which causes the hot air balloon to go up.",0,0,0,0,0,0,0
744,"As the temperature increases, the volume increases and the density decreases and goes up.",0,0,0,0,0,1,0
745,"Due to the increase in temperature, the density decreases due to the increase in volume, so it rises above the dense air.",0,0,0,0,0,1,0
746,"As the temperature increases, the volume increases, so it can go up into the sky.",0,0,0,0,0,1,0
747,"As the temperature of the gas increases, the volume of the gas increases, and the density of the gas decreases, so that the hot air balloon floats.",0,0,0,0,0,1,0
748,by convection,0,0,0,0,0,0,0
749,1234,0,0,0,0,0,0,0
750,The air is light,0,0,0,0,0,0,0
751,Because of the smoke of fire,0,0,0,0,0,0,0
752,123,0,0,0,0,0,0,0
753,123,0,0,0,0,0,0,0
754,"Yes, it is",0,0,0,0,0,0,0
755,12345678910,0,0,0,0,0,0,0
756,Fire and air meet to create an underwater plane,0,0,0,0,0,0,0
757,"The gas, which is the wind, generates heat",0,0,0,0,0,0,0
758,I'm going to make steam,0,0,0,0,0,0,0
759,Using the phenomenon of water vapor rising up,0,0,0,0,0,0,0
760,"""Smoke is the principle of going up to the sky",0,0,0,0,0,0,0
761,"""If you trap smoke in a balloon and it fills up a lot, the balloon will float with the power of smoke.""",0,0,0,0,0,0,0
762,"There is a lot of air and steam, but it floats in the sky",0,0,0,0,0,0,0
763,Mora,0,0,0,0,0,0,0
764,"There is a lot of air and steam, but it floats in the sky",0,0,0,0,0,0,0
765,It's light,0,0,0,0,0,0,0
766,Don't know the principle 123,0,0,0,0,0,0,0
767,I don't know.,0,0,0,0,0,0,0
768,The air is full and floats above the sky,0,0,0,0,0,0,0
769,I don't know.,0,0,0,0,0,0,0
770,This is because the air swells up and rises lightly and warms up inside the fire.,0,0,0,0,0,0,0
771,have helium gas properties,0,0,0,0,0,0,0
772,It's the principle of rising to steam,0,0,0,0,0,0,0
773,"When you heat up the air, it becomes steam and rises into the sky, so hot air balloons come up",0,0,0,0,0,0,0
774,Hot air balloons need hot air to fly into the sky,0,0,0,0,0,0,0
775,I don't know.,0,0,0,0,0,0,0
776,The warm air goes up,0,0,0,0,0,0,0
777,yes,0,0,0,0,0,0,0
778,Hot air meets cold air and floats as water vapor,0,0,0,0,0,0,0
779,........,0,0,0,0,0,0,0
780,The property of warm air going up,0,0,0,0,0,0,0
781,The temperature rises as it rises into the sky.,0,0,0,0,0,1,0
782,I don't understand.,0,0,0,0,0,0,0
783,I don't understand.,0,0,0,0,0,0,0
784,I don't know,0,0,0,0,0,0,0
785,..................,0,0,0,0,0,0,0
786,The heat rises up,0,0,0,0,0,0,0
787,Wind and heat meet and float a hot air balloon.,0,0,0,0,0,0,0
788,"If the air is hot, it goes up.",0,0,0,0,0,0,0
789,"The hotter the gas gets, the higher it's going up.",0,0,0,0,0,0,0
790,This is because the air gets warm and there is more gas.,0,0,0,0,0,0,0
791,It can go up high because the heat heats up.This is because hot air goes up.,0,0,0,0,0,0,0
792,I don't know.,0,0,0,0,0,0,0
793,"As the temperature increases, the volume of the gas increases and the density decreases, so it goes up into the sky (Charles' Law)",0,0,0,0,0,1,0
794,Higher temperatures increase volume and reduce density.,0,0,0,0,0,1,0
795,Volume increases with temperature. Density Reduction,0,0,0,0,0,1,0
796,The volume of the gas molecules increases and the density decreases.,0,0,0,0,0,0,0
797,"When equilibrium is achieved with external pressure (maintaining constant pressure), when the temperature increases, the volume increases and the buoyancy increases.",0,1,0,0,0,1,0
798,"High temperatures increase the volume of air. Since the volume increases at the same mass, the density decreases and floats upward than the surrounding air.",0,0,0,0,0,1,0
799,"When heated, the volume increases and the density decreases.",0,0,0,0,0,0,0
800,"As the temperature increases, the volume increases, so the pressure decreases and goes up into the sky.",0,0,0,0,0,1,0
801,The density becomes smaller and floats by buoyancy.,0,1,0,0,0,0,0
802,The temperature rises and the density decreases.,0,0,0,0,0,1,0
803,Volume increases as temperature rises. (PV=nRT),0,0,0,0,0,1,0
804,"When the pressure is constant according to PM=dRT, the temperature and density are inversely proportional",0,0,0,0,0,1,0
805,"According to the ideal gas state equation, when the temperature rises, the volume increases, and at this time, the density decreases and the hot air balloon rises.",0,0,0,0,0,1,0
806,warm,0,0,0,0,0,0,0
807,The heated air tends to go up,0,0,0,0,0,0,0
808,"The warmer the air, the lighter it becomes and you can go up.",0,0,0,0,0,0,0
809,"As the temperature rises, the gas expands",0,0,0,0,0,1,0
810,"The cold air goes up and the warm air goes down, so when you light a balloon, the warm air created by fire goes up and creates the power to float the balloon",0,0,0,0,0,0,0
811,"Because warm gases go up and cold gases go down, hot air balloons can go up into the sky because of the nature of warm gases trying to go up.",0,0,0,0,0,0,0
812,The gas will heat up and go up,0,0,0,0,0,0,0
813,I don't know,0,0,0,0,0,0,0
814,Because hot gases rise into the sky,0,0,0,0,0,0,0
815,I don't know,0,0,0,0,0,0,0
816,Hot air rises due to convection,0,0,0,0,0,0,0
817,I think it's because it floats when the fever is high.,0,0,0,0,0,0,0
818,Hot air can go up into the sky because of its active particle movement.,0,0,0,0,0,0,0
819,...,0,0,0,0,0,0,0
820,I don't know,0,0,0,0,0,0,0
821,"As the air cools in the balloon, a hot air balloon floats.",0,0,0,0,0,0,0
822,It is because hot air goes up,0,0,0,0,0,0,0
823,Because air goes into the balloon,0,0,0,0,0,0,0
824,This is because gases in the air expand as the temperature rises,0,0,0,0,0,1,0
825,This is because warm air has the property of going up.,0,0,0,0,0,0,0
826,"When heat heats the air, the air expands and becomes lighter",0,0,0,0,0,0,0
827,"Warm temperatures go up, so if you heat the air and block the sides go up",0,0,0,0,0,1,0
828,It has the property of trying to go up when the air temperature rises.,0,0,0,0,0,1,1
829,"Gas varies in volume and weight depending on temperature, so it floats up when it is warm.",0,0,0,0,0,1,0
830,They told me that it expands because of 10,0,0,0,0,0,0,0
831,"Gas is affected by the same kind and density, but atmospheric gases have the characteristics of gases that want to rise as the temperature increases, so they trap air from hot air balloons to rise as they want to.",0,0,0,0,0,1,0
832,This is because the air rises above the cold one.,0,0,0,0,0,0,0
833,"The fire is heated upward, and the heat can be raised to the sky due to the convection phenomenon of the heat.",0,0,0,0,0,0,0
834,be due to convection of air,0,0,0,0,0,0,0
835,?,0,0,0,0,0,0,0
836,The balloon rises as the air expands,0,0,0,0,0,0,0
837,The balloon is energized by the fire and floats up.,0,0,0,0,0,0,0
838,"When the gas is cold, it goes down and when the gas is hot, it goes up because of the movement of the particles according to temperature.",0,0,0,0,0,1,0
839,It's to float,0,0,0,0,0,0,0
840,"The air goes up the hot and the cold goes down, so don't drink the fumes in the event of a fire But when you heat the air, it gets hot, so the air floats Since it is exposed, even hot air balloons can float.",0,0,0,0,0,0,0
841,It's round,0,0,0,0,0,0,0
842,Mathematical principles,0,0,0,0,0,0,0
843,Heat it up and use,0,0,0,0,0,0,0
844,It floats because it is lighter than air.,0,0,0,0,0,0,0
845,"When you heat the fire, the air gets hot, but the hot air rises up and the cold air sinks down, making the hot air heavier.",0,0,0,0,0,0,0
846,"To remove, make, float, or lower oxygen by fire",0,0,0,0,0,0,0
847,"""",0,0,0,0,0,0,0
848,"When heated, the volume increases, causing the particles to move actively, reminding them of hot air balloons.""",0,0,0,0,0,0,0
849,"It is the same principle as a balloon, but when burning a fire, the smoke has the same properties as helium.",0,0,0,0,0,0,0
850,Hot air goes up to the sky when it is hot because it has the property of trying to go up in reverse to cold air.,0,0,0,0,0,0,0
851,This is because the volume of the gas increases as the temperature increases.,0,0,0,0,0,1,0
852,"The higher the temperature, the lighter the weight of the air, so it rises",0,0,0,0,0,1,0
853,"The higher the temperature, the lighter the weight of the air, so it rises",0,0,0,0,0,1,0
854,"When the temperature of the gas increases, air moves by convection, and air with high temperature faces upward.",0,0,0,0,0,1,0
855,"The higher the temperature, the lower the gas density. At this time, the gas floats by buoyancy, and if the buoyancy by the gas is sufficiently large, other objects float together.",0,1,0,0,0,1,0
856,"As the temperature rises, the motion of the gas molecules increases and the volume increases, so if you heat under the hot air balloon with a hot fire, you can go up to the sky.",0,0,0,0,0,1,0
857,"As the temperature rises, the motion of the gas molecules increases and the volume increases, so if you heat under the hot air balloon with a hot fire, you can go up to the sky.",0,0,0,0,0,1,0
858,"Warm air is light, so when you heat the air in the hot air balloon, it goes up to the sky.",0,0,0,0,0,0,0
859,This is because it rises when the temperature of the gas is increased.,0,0,0,0,0,1,0
860,This is because heated air is trying to rise up.,0,0,0,0,0,0,0
861,"At high temperatures, gases expand, so hot air balloons go up into the sky.",0,0,0,0,0,1,0
862,"As the temperature rises, the motion of the gas becomes active and the distance between molecules becomes distant. Therefore, when the hot air balloon is heated by fire, the hot air balloon floats upward.",0,0,0,0,0,1,0
863,I don't know,0,0,0,0,0,0,0
864,This is because gases become more active as the temperature increases.,0,0,0,0,0,1,0
865,"As the temperature of the gas increases, the motion of the gas increases and the distance between the gas molecules increases. Some of the bulky air escapes outside and the density of the air in the pocket is lower than at the beginning.",0,0,0,0,0,1,0
866,I don't know,0,0,0,0,0,0,0
867,"As the temperature increases, the motion of the solid becomes active, and the volume of the gas increases and the density becomes lower than that of the surrounding air, so it rises. Hot air balloons can go up into the sky due to the phenomenon that the warm and light air goes up.",0,0,0,0,0,1,0
868,expansion of gas,0,0,0,0,0,0,0
869,a mother's mother's mother,0,0,0,0,0,0,0
870,Because the hot air is light (that is why the heater is installed on the floor),0,0,0,0,0,0,0
871,"When heat is applied to the air, it expands. And the air moves from warm to cold, and the surface is relatively warmer than the sky, so it can go up. After passing just a certain point, the sky gets hotter than the ground.",0,0,0,0,0,0,0
872,"As the temperature rises, the motion of the gas becomes more active, making the gap between the particles distant and with the hot air balloon.The number of collisions increases. Also, hot air can float because it tries to go up.",0,0,0,0,0,1,0
873,"When heated, the thermal movement of air becomes more active, and with the same logic as the previous question, the density decreases and the volume increases. It now has the power to rise up and can go up into the sky.",0,0,0,0,0,0,0
874,This is because hot air pushes the hot air up by using the principle of rising upward.,0,0,0,0,0,0,0
875,I don't know,0,0,0,0,0,0,0
876,"The higher the altitude, the lower the temperature, and the more likely it is to move from hot to cold.Therefore, heating air causes air movement from bottom to top, so hot air balloons can go up into the sky.",0,0,0,0,0,1,0
877,"As the temperature rises, the volume increases, and at the same time, the gas movement rises due to buoyancy",0,1,0,0,0,1,0
878,I don't know,0,0,0,0,0,0,0
879,"Hot air has a wider gap between particles than cold air and is active in motion. Therefore, when the air is heated, the hot air tries to rise upward compared to the cold air, so the hot air balloon floats.",0,0,0,0,0,0,0
880,"As the temperature increases, the motion of the gas increases, and the density decreases relatively, so it rises up. Because of this, heating the air in the hot air balloon can cause the air to rise to the sky by the force to rise.",0,0,0,0,0,1,0
881,Warm air has a tendency to feel comfortable,0,0,0,0,0,0,0
882,Evaluation Only. Created with Aspose.Cells for Python via Java.Copyright 2003 - 2022 Aspose Pty Ltd.,0,0,0,0,0,0,0
