,"14. A thermos is a bottle designed to keep the temperature of water constant. If you put warm water in a thermos, you can drink warm water even in cold weather. Why do thermos bottles keep water warm even in cold winter? Let's explain in detail using our knowledge of the characteristics of heat. ",heat blocking,convection,structure,material
0,vacuum insulation,0,0,0,0
1,vacuum cut-off,0,0,0,0
2,remission of pressure,0,0,0,0
3,It keeps you warm,0,0,0,0
4,Use vacuum to block heat,0,0,0,0
5,"Because of the heat pressure,",0,0,0,0
6,Vacuum Heat Shutdown,0,0,0,0
7,Thermos reduce the heat release of waterWest,0,0,0,0
8,Heat is not transferred by vacuum,0,0,0,0
9,There is no heat transfer in a vacuum,0,0,0,0
10,It creates a vacuum and keeps the temperature from moving heat.,0,0,0,0
11,Because of the vacuum,0,0,0,0
12,"Heat transfer methods include conduction, convection, and radiation. Thermos make the space between the small inner bottle and the large outer bottle close to a vacuum, leaving little conduction and convection required by the material to be delivered. Radiation also usually does not occur in objects with heat, so the role of the thermos can be completed through a vacuum.",0,1,0,1
13,This is because the principle of vacuum and the characteristics of insulation were used.,0,0,0,0
14,Vacuum Heat Shutdown,0,0,0,0
15,I made it into a double wall,0,0,0,0
16,I don't know,0,0,0,0
17,Because I've been keeping my temperature.,0,0,0,0
18,There is a substance in the thermos that keeps the water warm for a long time,0,0,0,0
19,The reason why the heat cools down is because the cold air meets hot water Thermos block the outside when cold air meets hot water,0,0,0,0
20,This is because the inside of the thermos bottle has the property to keep it warm.,0,0,0,0
21,This is because the walls of the thermos are thick.,0,0,0,0
22,"Because it is literally a thermos, you can warm the water even in the cold winter.",0,0,0,0
23,"The inside of the thermos is made of iron, which can maintain the temperature.",0,0,0,0
24,The heat keeps hitting the wall of the thermos so that it doesn't escape.,0,0,0,0
25,This is because the thermos blocks the outside air.(Vacuum condition),0,0,0,0
26,It keeps the area around the thermos in a vacuum to prevent heat from entering from the outside or leaving the inside.,0,0,0,0
27,Prevent heat loss,0,0,0,0
28,"Because of the nature of the thermos,",0,0,0,0
29,There is a vacuum layer in the thermos. It is kept warm because heat is not transferred.,0,0,0,0
30,This is because heat insulation prevents heat from being released to the outside,0,0,0,0
31,This is because the material used in the thermos has low thermal conductivity and the temperature of the water cannot escape,0,0,0,1
32,"""I don't know",0,0,0,0
33,"""",0,0,0,0
34,It prevents heat release,0,0,0,0
35,It is maintained by vacuum around the thermos. (To prevent heat from entering or exiting.),0,0,0,0
36,"Because it acts as an insulator in the thermos, heat cannot go out and heat is preserved in the thermos",0,0,0,0
37,It's insulated,0,0,0,0
38,Heat cannot escape the thermos because there is a space to block heat,0,0,0,0
39,This is because the thermos was reproduced with insulation to reduce heat loss.,0,0,0,0
40,This is because insulation is used when making thermos.,0,0,0,0
41,"Heat is transferred by convective conduction radiation, which creates a vacuum layer in the middle to block heat transfer by convection and conduction. In the end, heat is transferred only by infrared radiation to maintain the temperature.",0,1,0,0
42,"Thermos are mostly equipped with two methods of insulation. The inside is coated in silver, and the inside and outside are blocked by vacuum to prevent heat energy from entering due to convection and completion.",0,1,0,0
43,Thermos used insulation in and out of heat as an energy called heat.,0,0,0,0
44,Insulation that keeps heat from going out of the thermos,0,0,0,0
45,It's because the thermos acts as an insulator,0,0,0,0
46,This is because it acts as an insulating agent for thermos.,0,0,0,0
47,"In solids, heat is transferred through a method called conduction, and the thermos uses a vacuum layer to block this conduction, so it keeps the water warm.",0,0,0,0
48,This is because it does the dynamics of insulation in a thermos bottle.,0,0,0,0
49,"This is because a device was used to prevent heat from conducting, radiating, or convection.",0,1,0,0
50,"Since the thermos is made for insulation, the water inside is kept warm because it blocks conduction, convection, and radiation to prevent internal heat from going out.",0,1,0,0
51,Thermos keep the heat from escaping,0,0,0,0
52,The thermos bottle can be kept warm because heat conduction through a medium is difficult because there is a vacuum space inside.,0,0,0,0
53,It prevents heat release,0,0,0,0
54,A thermos is warm,0,0,0,0
55,""" It's just a thermos bottle keeps liquids hot for a unlike in temperature of water is escaping to.",0,0,0,0
56,"Designed. """,0,0,0,0
57,Unknowingness,0,0,0,0
58,Insulation was used as an ingredient for a thermos of hot water heat is escaping out of me.,0,0,0,0
59,"Conduction, convection, such as heat to block the exchange.",0,1,0,0
60,"The interval between the solid particles, heat energy density and is well heat is left in the thermos, because it fails.",0,0,0,0
61,I don't know.,0,0,0,0
62,Because I can't get the heat of growing up.,0,0,0,0
63,Do.,0,0,0,0
64,It's just warm,0,0,0,0
65,I don't know.,0,0,0,0
66,Because to keep the heat.,0,0,0,0
67,There's a lot of wall in a thermos flask.,0,0,0,0
68,"ã the thermos, Gyounggido which is to not leak the material and heat deugeoun ã not open the lid has to leave the keep.",0,0,0,1
69,I don't know.,0,0,0,0
70,"I don't know, you!",0,0,0,0
71,Unknowingness,0,0,0,0
72,"""ã´ããã¹ã´ããã´ããã¹ã´ãíãëë¬´ê°?ã£ã ã´ãë¡ ãë§ããã¹íã£ãì´ãã ã,ì?ã£ãíã ë¼ã£ãì´ì ããíãã ã;ã ãã ãíã ãì´ã±ìãã±ã¹ãã56ã ãã í´ããã ãããã ãããããã¡ãã£ããã£ãã¡,;]poknm buygftr5ft78p o[p",0,0,0,0
73,,0,0,0,0
74,"And the boat, and ; ã ã jaw ; ' ã ããã£ã [ [ 3 played Hugh and ... plus the tomb ã¡ã± ãããããã· - Shoe ãã is 606 who has a husband haechyeotrusyeok ã - = 56 [ ãã ãã ã 9 ããããã [.",0,0,0,0
75,"ã9ã[ãã0ãã]ãã]ããã0,ã0ãã-",0,0,0,0
76,"] ã ãã 6 - ã, 64 54 ã¡ã ã¡ã ã¡ã heu ãã, Huh. 3 ; 54 ã ã¡ããã ãããã¡ã ãã 'ãã, 654 ã 543' 5 ãã, 54.ã£;ã·,ã4ã,6""",0,0,0,0
77,It's a Thermos bottle,0,0,0,0
78,To the heat escapes from the nature of a thermos.,0,0,0,0
79,Moreugesseum ^^,0,0,0,0
80,I don't know.,0,0,0,0
81,"The reason at Google, tape or a magazine or newspaper, you say at the same geossi",0,0,0,0
82,A thermos is warm in the warm because it contains to do to sleep.,0,0,0,0
83,I don't remember. I .....,0,0,0,0
84,Because they don't block it out by the evaporating water.,0,0,0,0
85,"Heat very well in the thermos, can drink warm water because there is a substance that can't let them get away.",0,0,0,0
86,A thermos is to prevent heat out.,0,0,0,0
87,If there are no empty space like water heat not be taken from them.,0,0,0,0
88,Because 4-inches from heat to stop.,0,0,0,0
89,Because it is a vacuum,0,0,0,0
90,The heat melts when it is cold,0,0,0,0
91,real GMNJGJKG,0,0,0,0
92,It seems to trap heat using materials that cannot dissipate heat.,0,0,0,1
93,I don't understand.,0,0,0,0
94,"If you don't keep it warm, it cools down",0,0,0,0
95,Because there is heat in the water So a thermos helps keep the heat from flying away,0,0,0,0
96,"The heat keeps circulating, and the heat doesn't get out of the thermos",0,0,0,0
97,"Because iron bottles keep the temperature warm,",0,0,0,0
98,It's because the thermos has a structure that doesn't let the heat go away easily,0,0,1,0
99,"I don't know.There's a lot of heat in the warm water, so it turns into an underwater system, and I'm trying to go up,",0,0,0,0
100,It is sweet because it blocks the properties of objects with different heat equal temperaturesRetained,0,0,0,0
101,Unknowingness,0,0,0,0
102,Because the material in the thermos prevents the heat from escaping?,0,0,0,1
103,"Outside the thermos, many substances keep the heat warm and keep it warm.",0,0,0,0
104,"Heat sends heat when the ambient temperature is low, so it increases the ambient temperature so that the temperature leaves do not change.""",0,0,0,0
105,A mirror-shaped film is installed in a thermos bottle to make the membrane in a vacuum state to prevent heat conduction due to conduction or radiation.,0,0,0,0
106,It's because it locks up the heat.I think that's because of the nature of the thermos material.,0,0,0,1
107,Thermos can keep water warm by making the wall of the thermos thick (?) so that heat conduction does not occur severely.,0,0,0,0
108,"""As the water in the thermos is sealed, the temperature increases, so the water in the thermos is also",0,0,0,0
109,"The water can be kept warm because the temperature rises together.""",0,0,0,0
110,The particles can't move,0,0,0,0
111,"Because it's a thermos, it keeps you warm",0,0,0,0
112,"When hot water goes into the thermos, it keeps you warm",0,0,0,0
113,"Warm water takes all the cold air to cool down, so the thermos does not cool down well.",0,0,0,0
114,prevent heat from moving,0,0,0,0
115,There are substances in the thermos that prevent heat from moving,0,0,0,0
116,"Thermos have substances and spaces in the bottle that prevent heat from moving, which prevents heat from moving.",0,0,0,0
117,This is because heat in the bottle reduces or prevents heat from moving due to heat insulation or empty spaces,0,0,0,0
118,"Warm air remains in the thermos, so water enters and keeps warm air, so the water does not cool down.",0,0,0,0
119,The heat couldn't move to the other places,0,0,0,0
120,"Thermos have substances in the bottle that block heat from moving, which prevents heat from moving.",0,0,0,0
121,The temperature of the thermos is iron. The hot water is poured and the air between the thermos is heated and maintained,0,0,0,0
122,Thermos have substances that prevent heat from escaping from the bottle.,0,0,0,0
123,"Thermos don't heat well, so Immerong",0,0,0,0
124,The vacuum in the thermos?I can drink hot water even in winter because it is a water bottle.,0,0,0,0
125,"Because stainless steel has the property of preserving heat, right?",0,0,0,0
126,"Thermos keep the temperature constant in the water, so you can keep it warm even in the cold winter",0,0,0,0
127,It's cold in the winter,0,0,0,0
128,Thermos don't have a good temperature!,0,0,0,0
129,"Other water bottles are plastic and transparent, but the thermos is made of metal",0,0,0,0
130,Because the stainless steel in the thermos locks up the heat,0,0,0,0
131,This is because the heat hits the stainless steel and keeps it going.,0,0,0,0
132,The material of the thermos bottle doesn't get rid of the heat well,0,0,0,1
133,Because of the thermal insulation function outside the thermos bottle + because the outside air is not permeable well,0,0,0,0
134,Thermos... I don't know because I haven't used it,0,0,0,0
135,Thermos are in season,0,0,0,0
136,"This is because there is a membrane that maintains the temperature in the thermos, and hot water in the thermos touches the membrane to maintain the temperature.",0,0,0,0
137,It can warm you up with the nature of stainless steel,0,0,0,0
138,Thermos are made so that the temperature doesn't go down,0,0,0,0
139,The heat will be transferred,0,0,0,0
140,"The warm water temperature in the thermos will be taken away, so it will be cold",0,0,0,0
141,"There is warm water in the thermos, so it is cold like a bar, but it is warm inside",0,0,0,0
142,Because the stainless steel is warm,0,0,0,0
143,The walking part of the thermos is kept warm,0,0,0,0
144,Stainless steel properties allow warm water to take a long time to cool.,0,0,0,0
145,It's mine,0,0,0,0
146,I think it's made from a principle that doesn't cause heat,0,0,0,0
147,I think the plastic blocks the temperature first and the air in the second,0,0,0,0
148,The heat keeps you in the thermos,0,0,0,0
149,Don't know,0,0,0,0
150,The structure of the thermos bottle is two layers so that the water doesn't cool down,0,0,1,0
151,It's heated up,0,0,0,0
152,It's because the thermos keeps the heat out of the water.,0,0,0,0
153,Iron does not cool easily after it is heated.,0,0,0,0
154,Glass and iron in the thermos keep the heat from escaping.,0,0,0,0
155,"Because air doesn't go into the thermos,",0,0,0,0
156,Thermos block the outside temperature better than other bottles,0,0,0,0
157,This is because the air layer in the thermos prevents heat from escaping,0,0,0,0
158,Thermos are better than other water bottles,0,0,0,0
159,The iron on the inside of the thermos prevents the water from getting cold,0,0,0,0
160,There's a double act,0,0,0,0
161,This is because there is a double membrane in the thermos.,0,0,0,0
162,Surrounded by iron in a thermos to keep the water warm,0,0,0,0
163,This is because the thermos made a space between the outside and the inside to block the temperature outside.,0,0,0,0
164,I don't know.,0,0,0,0
165,through heat conduction,0,0,0,0
166,"Since glass-like things are slightly wrapped in the thermos, the glass preserves heat for a long time, so the thermos can be kept warm.",0,0,0,0
167,There is a double membrane that prevents heat.,0,0,0,0
168,It blocks the heat from going out,0,0,0,0
169,There is a hot pack in the thermos,0,0,0,0
170,I put a lot of heat dissipation in it,0,0,0,0
171,The temperature can be maintained because it is vacuumed between the thermos,0,0,0,0
172,Make a good thermos,0,0,0,0
173,This is because the heat keeps you from going outside.,0,0,0,0
174,Because it's a double wall,0,0,0,0
175,"The thermos consists of two walls, which can be maintained because they are vacuumed.",0,0,0,0
176,I don't know.,0,0,0,0
177,A double boiler is a double boiler,0,0,0,0
178,I don't know.,0,0,0,0
179,It's an insulation effect. The walls are double-layered.,0,0,0,0
180,a thermos kept warm,0,0,0,0
181,It keeps warm with insulation next to it,0,0,0,0
182,I don't know.,0,0,0,0
183,The insulation of the thermos keeps the water from escaping,0,0,0,0
184,Thermos are double-walled and are vacuumed to keep the water temperature constant,0,0,0,0
185,I don't know.,0,0,0,0
186,"Because insulation exists between the inside and outside of the bottle, the temperature of the thermos is maintained because the insulation holds the heat released to the outside.",0,0,0,0
187,It's blocking the air from the outside,0,0,0,0
188,The temperature is maintained because there is an air layer between the thermos and heat is not conducted.,0,0,0,0
189,This is because there is a vacuum layer between the thermos bottles to prevent heat transfer.,0,0,0,0
190,"The thermos has two walls, vacuumed between which prevents heat from escaping",0,0,0,0
191,"It is vacuumed between thermos bottles, so heat is not transferred, so it can be kept warm",0,0,0,0
192,"It's a double-walled structure, so it's not affected by the climate. This is because the double walls are in a vacuum state, so convection and conduction do not occur.",0,1,1,0
193,"This is because the cylinder is double, so heat conduction does not occur due to vacuum between the passage and the passage.",0,0,0,0
194,"Heat has conductivity. Heat is transferred in the air as well as metal, and thermos can minimize heat loss by vacuuming between the inner and outer walls. So the heat doesn't escape.",0,0,0,0
195,This is because the material inside the thermos is used to reduce heat loss.,0,0,0,1
196,"Inside the thermos, a vacuum layer consisting of a double glass wall prevents heat conduction.",0,0,0,0
197,There is a vacuum between the walls of the thermos bottle to prevent heat conduction and keep water warm.,0,0,0,0
198,"The thermos is double-walled because it is vacuumed inside, so heat exchange does not occur.The inside of the thermos bottle is double and vacuum-treated therebetween, so that the properties of heat moving in the air are not well exhibited, thereby preventing heat loss.",0,0,0,0
199,"The thermos consists of a double-layer structure, and insulation is performed between the outer and inner layers to prevent heat conduction and minimize heat loss.",0,0,1,0
200,"The thermos consists of two layers of the outer skin, and the space is vacuumed. Therefore, there is no air required to generate heat conduction, so it is kept warm because it prevents the temperature of the water from decreasing.",0,0,0,0
201,have a temperature that keeps one from escaping the heat,0,0,0,0
202,"The thermos bottle has a double wall structure, and the inside of the double wall is plated to prevent heat conduction due to radiation, and air in the middle of the double wall is removed to make a vacuum state, thereby preventing heat conduction by air, thereby keeping water warm.",0,0,1,0
203,I don't know,0,0,0,0
204,The temperature becomes constant due to multiple layers of cross-section,0,0,0,0
205,Vacuum state,0,0,0,0
206,It helps maintain the heat,0,0,0,0
207,It helps maintain the heat,0,0,0,0
208,Because it keeps you warm,0,0,0,0
209,Vacuum packing,0,0,0,0
210,Because multiple layers of cross-section make the temperature constant?,0,0,0,0
211,I don't know.,0,0,0,0
212,Double the walls of the bottle and the space between them serves to prevent heat transfer,0,0,0,0
213,"There is a layer of air in the thermos. Due to the air layer, convection of liquid and outside air does not occur in the thermos, resulting in a thermal effect.",0,1,0,0
214,It creates a vacuum wall with a double structure to insulate it,0,0,1,0
215,"Thermos have vacuum tubes, which prevent temperature interference, so the temperature of the contents does not change well",0,0,0,0
216,"There is a vacuum tube inside the thermos bottle, which prevents heat from escaping, so it can be kept warm.",0,0,0,0
217,It keeps the heat warm,0,0,0,0
218,"The thermos has a double structure, so there is a vacuum wall. So the heat doesn't escape.",0,0,1,0
219,The inside is plated with silver to reflect heat and is in a vacuum between the inside and the outside,0,0,0,0
220,Conductive blocking Radiantic radiation,0,0,0,0
221,There are substances that make your skin soft,0,0,0,0
222,"The outer surface of the thermos bottle is made of metal, so it has a property that is maintained when heat is attached to the metal.",0,0,0,0
223,"When heat is transferred, it blocks conduction and radiation",0,0,0,0
224,Metal has heat for a long time,0,0,0,0
225,It blocks the air,0,0,0,0
226,"Heat doesn't conduct when it's Using that, the thermos makes an empty space with things like aluminum, iron, and plastic that wrap the glass bottle. The empty space is kept close to a vacuum to maintain heat.",0,0,0,0
227,Because the thick walls of the thermos block the air outside,0,0,0,0
228,by blocking the heat from spreading,0,0,0,0
229,"""Because there is a double layer of plastic in the thermos",0,0,0,0
230,"""",0,0,0,0
231,Enveloping the inside of the thermos keeps the temperature of the material in the thermos.,0,0,0,1
232,"Because it's a pearl, not an insulated container",0,0,0,0
233,Keep the temperature by trapping the heat into the thermos.,0,0,0,0
234,"The outer surface of a thermos bottle is made of metal, so it has the property of keeping hot air warm",0,0,0,0
235,"By preventing the inflow and outflow of radiant heat, the temperature of the inside contents of the thermos can be kept constant",0,0,0,0
236,"Because the outer walls of the thermos are vacuumed. This vacuum is a space where there are almost no molecules present, so there are no molecules that are placed close together. Therefore, heat transfer by conduction is not possible in the vacuum bottle.",0,0,0,0
237,This is because the inner container was made of glass and a vacuum space with little air was placed between the inner and outer containers to block all paths of heat transfer.,0,0,0,0
238,"""Thermos are made of metal on the outside and often use glass-like materials on the inside.",0,0,0,1
239,"The outside is a material that is not easily damaged because it receives a lot of physical impact from the outside, and the inside is a material that does not conduct heat well.",0,0,0,1
240,Place an air layer between the outer and inner bottles.,0,0,0,0
241,"Due to the slow heat conduction of the air, if it is completely sealed, it blocks heat.",0,0,0,0
242,"If you put warm water in a thermos and put it in a cold place, it does not cool well due to the air layer inside, but eventually, if the temperature of the air layer and the outside temperature drop to the freezing point, the inside will freeze.",0,0,0,0
243,It freezes a lot later than it's not a thermos,0,0,0,0
244,"""",0,0,0,0
245,It's made of a weak material,0,0,0,1
246,"By preventing the inflow and outflow of radiant heat, the temperature of the internal contents of the thermos can be maintained constant.",0,0,0,0
247,"The surface of the thermos is silver-plated, reflecting the hot or cold air outside and preventing the air inside from being exposed to the outside, so the temperature of the water inside is maintained.",0,0,0,0
248,"Heat transfer is done in three ways: conduction, convection, and radiation",0,1,0,0
249,"In order for heat to be released, the temperature must be constant, but the thermos is coated with heat, so the temperature increases and a lot of heat is maintained constant.",0,0,0,0
250,"The temperature inside the thermos bottle is not exposed to outside temperatures in winter, so the temperature of the thermos bottle is kept constant.",0,0,0,0
251,"""",0,0,0,0
252,"If you dissect the thermos, it's a double-walled structure with a double-walled outer wall, so the water doesn't touch the outside weather and affect the climate",0,0,1,0
253,"Inside the thermos, there is a double wall, so water is rarely affected by the climate due to contact with the outside weather, and because a vacuum occurs between the double walls, water cannot be cooled inside the thermos. And since the surface is silver-plated, it reduces heat loss caused by radiation.",0,0,0,0
254,"Inside the thermos, there is a double wall, and since there is a vacuum between the double walls, heat cannot be cooled inside the thermos. And heat travels even in a vacuum, which is called radiant heat. Therefore, the temperature is maintained because the surface is silver plated to prevent heat loss.",0,0,0,0
255,"The insides of the walls of the thermos are designed with vacuum to block heat conduction and heat transfer to the outside due to convection, and the interior of the walls is plated with reflective silver to block heat radiation. It blocks the movement of heat inside and outside, keeping the temperature inside",0,1,0,0
256,"The inside of the wall of the thermal insulation rice is designed as a vacuum to block the movement of heat to the outside due to heat conduction and convection, and the inside of the wall is plated with silver with excellent reflectivity to block heat radiation. It blocks the movement of heat inside and outside, keeping the temperature inside.",0,1,0,0
257,Double structure to prevent heat transfer and materials to prevent heat transfer,0,0,1,1
258,"""The vacuum of the thermos bottle and the combination of silver plating,",0,0,0,0
259,"When it's hot, it prevents heat from dissipating from the inner container",0,0,0,0
260,"If something cold is in it, it blocks heat transfer from the outside to the inside, so the thermos can keep the water warm even in cold winter.""",0,0,0,0
261,The principle of thermos bottle is to suppress temperature transfer inside and outside.,0,0,0,0
262,The lid is made of plastic with relatively low thermal conductivity,0,0,0,0
263,"With double walls, the inside and outside walls are vacuumed to prevent heat conduction and convection, so that warm water can be maintained even in cold winter.""",0,1,0,0
264,wedwed,0,0,0,0
265,I don't know.,0,0,0,0
266,Mr,0,0,0,0
267,Unknowingness,0,0,0,0
268,I don't understand.,0,0,0,0
269,I don't know,0,0,0,0
270,A thermos is warm,0,0,0,0
271,I don't know.,0,0,0,0
272,I don't understand.,0,0,0,0
273,Unknowingness,0,0,0,0
274,I don't understand.,0,0,0,0
275,I don't understand.,0,0,0,0
276,I don't know,0,0,0,0
277,Mall,0,0,0,0
278,I don't know.,0,0,0,0
279,heat motion,0,0,0,0
280,I don't know.,0,0,0,0
281,I don't know,0,0,0,0
282,It keeps the temperature of the liquid in the principle of a thermos bottle,0,0,0,0
283,Unknowingness,0,0,0,0
284,I don't understand.,0,0,0,0
285,"It is made of aluminum double on the wall in the thermos, so the heat does not come out easily.",0,0,0,0
286,I don't understand.,0,0,0,0
287,I don't know,0,0,0,0
288,Unknowingness,0,0,0,0
289,The thermos prevents the heat from escaping.,0,0,0,0
290,I don't know,0,0,0,0
291,Don't know,0,0,0,0
292,I don't know,0,0,0,0
293,I don't know,0,0,0,0
294,?,0,0,0,0
295,Unknowingness,0,0,0,0
296,I don't know,0,0,0,0
297,It's protected by the thermosUh... well... iron prevents heat from cooling down quickly?,0,0,0,0
298,"Yes, yes",0,0,0,0
299,This is because the thermos is in a vacuum and air cannot escape.,0,0,0,0
300,"""",0,0,0,0
301,"""""",0,0,0,0
302,"}''""",0,0,0,0
303,I'll make it well at the factory,0,0,0,0
304,Because the heat doesn't work(?),0,0,0,0
305,It's because the thermos doesn't cool well,0,0,0,0
306,Boeun-byeong brought up the fever,0,0,0,0
307,There's warm air,0,0,0,0
308,What's wrapped around you?,0,0,0,0
309,There's something on the side that you can keep warm,0,0,0,0
310,I didn't learn it,0,0,0,0
311,"There is a vacuum between the bottles of the thermos, so it stays warm",0,0,0,0
312,Thermos generate heat,0,0,0,0
313,Unknowingness,0,0,0,0
314,The thermos keeps the heat running.,0,0,0,0
315,Because the heat goes around in the thermos,0,0,0,0
316,The warm air doesn't escape,0,0,0,0
317,Heat is conserved because the thermos has a space to trap heat,0,0,0,0
318,I don't know.,0,0,0,0
319,"Thermos are made of materials that keep heat warm, so heat is kept warm",0,0,0,1
320,This is because thermos contain hot air.,0,0,0,0
321,The hot water will reflect on the iron and keep it warm.,0,0,0,0
322,"The insides of the thermos have the property of preserving heat, so if you put hot water in it, it preserves heat",0,0,0,0
323,"Heat is spread by radiation, and the thermos suppresses it",0,0,0,0
324,The temperature is maintained because the inside is iron and the air is not ventilated,0,0,0,0
325,Do.,0,0,0,0
326,It's a Thermos bottle,0,0,0,0
327,"The thermos is blocked, so the temperature of the warm air and warm water inside continues to hover, so the water can stay warm even in cold winter while maintaining heat.",0,0,0,0
328,It's because the iron in the bottle keeps the luck,0,0,0,0
329,"Thermos help keep water or liquid at a constant temperature, preventing heat from going out on the outer lid and sides of the thermos",0,0,0,0
330,The thermos prevents heat from escaping by insulating the inside and blocks heat conduction to the outside.,0,0,0,0
331,It blocks light to block radiant heat and prevents conduction and convection through vacuum.,0,1,0,0
332,Block conduction with vacuum and convection with vacuum. Block radiation with silver plating to block heat spring,0,1,0,0
333,"Heat travels by conduction, convection, and radiation. And there is a heat transfer path. If you look at the structure of the thermos, there is a vacuum between them. Therefore, heat cannot be transferred easily (vacuum part acts as insulation material)",0,1,1,1
334,It blocks radiant heat and conduction heat,0,0,0,0
335,"Blocking heat transfer by conduction, convection, and radiation",0,1,0,0
336,"Insulation, reflect heat inside and preserve it.",0,0,0,0
337,Keep the heat from escaping.,0,0,0,0
338,Insulation,0,0,0,0
339,"Thermos have a great insulation effect, so they insulate warm water from the cold outside.",0,0,0,0
340,Because the heat doesn't escape,0,0,0,0
341,"External radiant heat is blocked, and conduction is blocked by creating an empty space inside.",0,0,0,0
342,It is because it can be insulated. There is a vacuum space to block heat exchange with the outside.,0,0,0,0
343,It blocks the heat outside,0,0,0,0
344,Because thermos can easily transfer heat,0,0,0,0
345,It has insulation,0,0,0,0
346,"Since the insulation covers the thermos,",0,0,0,0
347,I don't know.,0,0,0,0
348,"Warmth heat doesn't go out, so a new heat comes in, and when it stops it, the warm air stays",0,0,0,0
349,It has insulation,0,0,0,0
350,"The influence of the air outside is not felt and only the temperature inside me circulates, so it stays warm.",0,0,0,0
351,It prevents the heat from going out,0,0,0,0
352,"""",0,0,0,0
353,"Insulation effect""",0,0,0,0
354,It has insulation,0,0,0,0
355,........sorry,0,0,0,0
356,Because it doesn't get heat or cold outside,0,0,0,0
357,Because the thermos holds the heat,0,0,0,0
358,Various ingredients in the thermos keep you warm,0,0,0,0
359,I don't know.,0,0,0,0
360,There are two bottles in the thermos to maintain the heat,0,0,0,0
361,I don't know.,0,0,0,0
362,Thermos are made of materials with low thermal conductivity,0,0,0,1
363,It is because of the thermal conductivity of the thermos.,0,0,0,0
364,This is because the membrane of the thermos prevents heat from escaping.,0,0,0,0
365,It keeps you warm because it has a heating function.,0,0,0,0
366,Because it has a thermal insulation function.,0,0,0,0
367,Heat can transfer heat to metals,0,0,0,0
368,Thermos protect the heat from escaping,0,0,0,0
369,I don't know.,0,0,0,0
370,"The thermos uses a reflective aluminum-like material on the inside, and it is made of a plastic-like material on the top so that it does not lose heat.",0,0,0,1
371,The material in the thermos has low thermal conductivity,0,0,0,1
372,I don't know.,0,0,0,0
373,"The thermos is covered with a vacuum, blocking heat.",0,0,0,0
374,I don't know,0,0,0,0
375,Heat circulates,0,0,0,0
376,This is because the heat is maintained by allowing the heat to hover inside the thermos without sending it out.,0,0,0,0
377,It keeps you warm,0,0,0,0
378,The double wall helps keep warm.,0,0,0,0
379,Heat reflects,0,0,0,0
380,This is because there is a vacuum space between the thermos bottle and the outside to block heat exchange with the outside,0,0,0,0
381,This is because it prevents heat from spreading to other places.,0,0,0,0
382,This is because the inside of the thermos prevents heat from being released.,0,0,0,0
383,There was a thermal effect on it,0,0,0,0
384,"Because the thermos uses double insulation materials,",0,0,0,1
385,It has a thermal function,0,0,0,0
386,Because the walls of the thermos are made of foil so that the heat is not constantly reflected off,0,0,0,0
387,Because it's a thermos,0,0,0,0
388,Heat can be stored in one place,0,0,0,0
389,Molecules move by insulation,0,0,0,0
390,preserve heat by preventing it from escaping,0,0,0,0
391,I don't have the energy to conduct it outside,0,0,0,0
392,It's a material that prevents heat release,0,0,0,1
393,"Thermos have a double structure, and in between, they are vacuumed, so heat does not go out.",0,0,1,0
394,"Thermos have a double structure, and in between, they are vacuumed, so heat does not go out.",0,0,1,0
395,The heat generated by the vibration of the molecules of water in the thermos can be heated by the insulation around the thermos sending heat back in.,0,0,0,0
396,"This is because thermos bottles help preserve heat well without cooling down immediately on cold days.The thermos has a space for water and a vacuum outside the space. The space is plated with silver. Vacuum blocks the conduction of heat, and silver reflects heat in a thermos bottle and preserves it.",0,0,0,0
397,Because there's insulation in the thermos,0,0,0,0
398,The temperature of the thermos is maintained because it prevents the heat from escaping,0,0,0,0
399,Unknowingness,0,0,0,0
400,I don't know,0,0,0,0
401,I don't know,0,0,0,0
402,I don't know ^^,0,0,0,0
403,"""Thanks""",0,0,0,0
404,"""",0,0,0,0
405,This is because it was made using scientific principles to prevent heat from escaping from the thermos,0,0,0,0
406,This is because thermos prevents heat release.,0,0,0,0
407,It's made of heat transfer material on the outside of the thermos.,0,0,0,1
408,"This is because insulation is placed between the thermos and the outside to insulate it, keeping it warm from the temperature outside.",0,0,0,0
409,"The thermos is double-structured so that heat cannot be counted. That is, after blocking heat from the first heat insulating wall, heat is almost completely prevented from being collected from the second heat insulating wall, thereby maintaining a temperature of warm water.",0,0,1,0
410,"Thanks to the double wall of the thermos, the heat doesn't leak or come in.",0,0,0,0
411,"Heat cannot be conducted without a medium, but since it is in a vacuum between the internal material and the external material of the thermos bottle, heat is not conducted, resulting in less heat loss",0,0,0,1
412,This is because the heat transfer is difficult due to the vacuum between the walls,0,0,0,0
413,It prevents heat loss because there is a vacuum space between the outside and the inside of the thermos.,0,0,0,0
414,I don't know,0,0,0,0
415,"A thermos can be said to be a bottle that maintains a temperature, which is possible by blocking heat exchange with the outside. Therefore, the temperature may be maintained by using an insulation material.",0,0,0,1
416,"The temperature of the lump expands according to the ambient temperature, but the thermos is heat-treated, so the heat cannot escape.",0,0,0,0
417,It is because a thermos contains a body that trap heat,0,0,0,0
418,Thermos usually have more than one wall or use a material with many holes such as styrofoam to place a lot of space between the inside and the outside. So you can keep the water warm even in the cold winter.,0,0,0,1
419,"In order to change the temperature of the water in the bottle, there are radiation (heat) generated by sunlight, hot water circulates in the bottle, convection where the temperature rises, and the temperature drops due to vacuum between the outer wall and the inner wall.",0,1,0,0
420,"Heat transfer methods include conduction, convection, and radiation. Thermos are mainly intended to block double conduction. Conductivity is minimized through plating and vacuum layers to prevent heat movement and maintain the existing temperature.",0,1,0,0
421,This is because the thermos contains substances that heat-treat.,0,0,0,0
422,"Heat is gradually released to the outside over time, and eventually, it is in thermal equilibrium with the outside temperature. However, in the case of a thermos bottle, the temperature of the water can be maintained because the heat flowing out to the outside remains inside without flowing out.",0,0,0,0
423,"Thermal energy travels largely in three ways: conduction, convection, and radiation. In the case of thermos, a vacuum space is created between the bottle and the outer space to block the movement of heat energy, thereby maintaining the temperature of the material in the thermos.",0,1,0,1
424,Thermos use the principle of insulation. Insulation means blocking the movement of heat. The way a thermos makes an insulation effect is to add another container on the outside of the container for water and vacuum between the two containers.,0,0,0,0
425,"The thermos is made of two layers, and there is an air layer that has an insulating effect between the two layers of walls. Heat moves from high to low and has the property of becoming the same temperature as the surroundings, and the air layer between the two layers of walls blocks it so that the thermos can work.",0,0,0,0
426,"The way heat is transferred in everyday life is convection and conduction, but the heat transfer does not occur well because the thermos is vacuumed inside",0,1,0,0
427,"Heat inside the thermos will be conducted through glass walls or caps, but it takes a lot of time to change the temperature because glass, plastic, and cork that make up the walls or caps are all nonconductors.  So thermos has less heat loss due to conduction.  In addition, since the thermos has a vacuum wall, heat loss due to convection in which air moves through the wall is small.  The silver plated wall inside the bottle reflects heat back into the bottle. Accordingly, heat loss due to radiation is also prevented.",0,1,0,0
428,"Thermos have substances or empty spaces in the bottle that prevent heat from moving, which prevents heat from moving.",0,0,0,0
429,"There is an almost vacuum in the thermos. This part has little substance, so it is not easy to transfer heat. Therefore, heat exchange between the material outside and the material inside does not occur well, allowing the water to be maintained at its original temperature.",0,0,0,1
430,It's hot water,0,0,0,0
431,Ankimchi. (Ankimchi in Korean),0,0,0,0
432,Because there is a vacuum space between the outside and the inside of the thermos,0,0,0,0
433,The insulation in the thermos preserves heat,0,0,0,0
434,"The heat in the thermos cannot move, so the temperature is kept warm.",0,0,0,0
435,The heat in the thermos cannot move and the temperature is kept constant.,0,0,0,0
436,It's because the heat doesn't escape,0,0,0,0
437,"This is because it effectively prevents heat conduction, convection, and radiation.",0,1,0,0
438,"If you look inside the thermos, it seems that the temperature is preserved because of the air layer between the stainless steel.",0,0,0,0
439,Because the heat won't escape,0,0,0,0
440,It's a thermos,0,0,0,0
441,"""I'm an insurance company",0,0,0,0
442,"""Because it's a thermos""",0,0,0,0
443,It is because of the principle of insulation.,0,0,0,0
444,It's because the thermos blocks heat from moving,0,0,0,0
445,"There is an empty space in the thermos bottle, which can keep the heat",0,0,0,0
446,Thermos blow air into the double-wall space to prevent heat transfer,0,0,0,0
447,"Heat goes from hot to cold, and a thermos can keep the water warm by preventing the movement of heat.",0,0,0,0
448,Thermos keep the temperature,0,0,0,0
449,"Thermos are also blocked with nonconductors that do not transfer heat well, and by creating a double wall, they are vacuumed. And the walls are plated with silver, which reflects radiant heat.",0,0,0,0
450,Putting hot water in the thermos prevents cold air from entering the outside.,0,0,0,0
451,The insulation in the thermos prevents heat from escaping,0,0,0,0
452,It keeps warm water even in the cold winter because it keeps the heat from going outside,0,0,0,0
453,"To reduce conduction, reduce the contact area between the inside and outside of the bottle as much as possible and use a material with low conductivity",0,0,0,1
454,Heat moves from hot to cold.,0,0,0,0
455,The double coating of the thermos won't produce heat,0,0,0,0
456,The reason why heat is kept constant is that heat is not conducted and is well kept warm.,0,0,0,0
457,Because the fever is hot,0,0,0,0
458,A vacuum in the thermos prevents heat from escaping.,0,0,0,0
459,"Heat is transferred through air because it creates a vacuum layer inside, preventing heat from being transferred.",0,0,0,0
460,"Thermos prevent heat from escaping outside, so you can drink warm.",0,0,0,0
461,You have to put warm water in your body to move normally,0,0,0,0
462,protection against heat,0,0,0,0
463,The heat doesn't move anywhere else,0,0,0,0
464,"There is a vacuum layer, so heat cannot escape.",0,0,0,0
465,"Because if you use a thermos, you can keep it warm and long",0,0,0,0
466,Because heat is not released,0,0,0,0
467,keep the heat from escaping,0,0,0,0
468,It prevents heat radiation by plating the inside and vacuums between the double walls to prevent heat conduction and convection.,0,1,0,0
469,I don't know.,0,0,0,0
470,The vacuum prevents it.,0,0,0,0
471,Because it blocks the release of heat,0,0,0,0
472,an insulating effect,0,0,0,0
473,Insulation,0,0,0,0
474,Use insulation and vacuum to reduce the conductivity of heat by a lot,0,0,0,0
475,Heat is well preserved.,0,0,0,0
476,It is kept warm by maintaining a vacuum between the inside and the outside of the thermos,0,0,0,0
477,Development of Science and Technology!,0,0,0,0
478,"Radiant heat, o",0,0,0,0
479,The heat doesn't go out and the cold doesn't go in,0,0,0,0
480,"The use of the insulation material and the double film can reduce the movement of heat, so the temperature of the water is maintained.",0,0,0,1
481,Prevent heat from escaping,0,0,0,0
482,very well,0,0,0,0
483,Heat conduction is slow because it is vacuumed between the surface of the thermos and the inner wall.,0,0,0,0
484,It's BTS,0,0,0,0
485,It is because it insulates.,0,0,0,0
486,"Thermos are vacuum insulated, so they can block heat.",0,0,0,0
487,The structure of the thermos can keep warm.,0,0,1,0
488,Heat conduction is poor in a vacuum.,0,0,0,0
489,It is kept warm by heat insulation to prevent heat transfer.,0,0,0,0
490,This is because thermos bottles are strong enough to hit fireballs.,0,0,0,0
491,It can be maintained in a vacuum between the surface and the inner surface.,0,0,0,0
492,Mom's Touch,0,0,0,0
493,Thermos use insulation and vacuum to prevent heat transfer.,0,0,0,0
494,The thermos creates a vacuum space inside and blocks the conduction of heat from the surrounding air to maintain the temperature of the contents inside.,0,0,0,0
495,"""The insulation bottle is designed to be as insulated from the outside as possible. The interior walls are mirrors, reflecting heat and trapping it in a thermos. There is also a vacuum between the outer and inner walls that blocks convection and conduction of air-borne heat.This can cause the heat to remain for a long time.""",0,1,0,0
496,It's too thick,0,0,0,0
497,"ããã±6ãã¡ãããë ¤ãíã79ãì¼,8ãì¼ã",0,0,0,0
498,"Because the heat goes around the thermos,",0,0,0,0
499,Covering,0,0,0,0
500,44765353ã,0,0,0,0
501,"The thermos keeps the warmth inside from going outside, so when the warm air goes up, it gets cold, and when it goes down, it gets warm again, and it keeps repeating",0,0,0,0
502,ããã,0,0,0,0
503,It's a substance that prevents heat loss,0,0,0,0
504,I don't know.,0,0,0,0
505,It's warm,0,0,0,0
506,That's what I made you... Why are you curious about that?,0,0,0,0
507,The fever is going up because it keeps spinning.,0,0,0,0
508,The heat's in the thermos,0,0,0,0
509,"Air has the property that cold heat and warm heat make each other's temperatures the same. Therefore, use a thermos to block it.",0,0,0,0
510,It's a characteristic of a teacher,0,0,0,0
511,Because it maintains the temperature,0,0,0,0
512,"This is because if you put hot water in a thermos, heat cannot escape.",0,0,0,0
513,It won't be hot even if you touch it with hot water,0,0,0,0
514,The principle of a thermos is to store it in a warm place and take it out.,0,0,0,0
515,It's the season inside. The water is hot even if you leave it alone.,0,0,0,0
516,I don't know.,0,0,0,0
517,Don't know,0,0,0,0
518,I don't know,0,0,0,0
519,Don't know,0,0,0,0
520,Because the temperature of the thermos won't escape.,0,0,0,0
521,Hotness,0,0,0,0
522,Don't know,0,0,0,0
523,Thermos store heat,0,0,0,0
524,Thermos give you heat,0,0,0,0
525,The thermos keeps the heat out.,0,0,0,0
526,.,0,0,0,0
527,"Heat moves from a warm place to a cold place, and heat moves from a cold place to place.",0,0,0,0
528,Because the heat is stored.,0,0,0,0
529,Don't know,0,0,0,0
530,The purpose of the thermos is to maintain the temperature.,0,0,0,0
531,It prevents the heat from going out,0,0,0,0
532,Thermos are literally thermos,0,0,0,0
533,"Thermos are different from other diseases, and because greater pressure is passed on, the warmth remains intact",0,0,0,0
534,The role of thermos is to prevent the two from meeting because the properties of the two change when warm heat and cold things meet. Warm heat goes up in the air and cold heat goes down.,0,0,0,0
535,The substances in the thermos don't let the heat escape.Because (?),0,0,0,0
536,Because surrounding a thermos bottle keeps the warmth of the warm water from escaping.,0,0,0,0
537,This is because thermos absorbs heat energy.,0,0,0,0
538,"The material used in the thermos is used to keep the temperature, so the water in the thermos can be kept warm.",0,0,0,1
539,Don't know,0,0,0,0
540,thickened,0,0,0,0
541,?,0,0,0,0
542,It's warm,0,0,0,0
543,You can ask the person who made the name,0,0,0,0
544,The metal in the thermos allows the onto to be maintained.,0,0,0,0
545,"Wooden chopsticks do not carry heat, but thorough chopsticks carry heat well",0,0,0,0
546,Don't know,0,0,0,0
547,You put it in from the hot place?,0,0,0,0
548,Unknowingness,0,0,0,0
549,It prevents the heat from going out,0,0,0,0
550,"Thermos are slow to transfer heat from outside the thermos to the thermos, and heat transfer is difficult because there is no air in between.",0,0,0,0
551,Unknowingness,0,0,0,0
552,I don't know.,0,0,0,0
553,It's because the iron is kept in the thermos,0,0,0,0
554,This is because there is something in the thermos that prevents heat from escaping easily.,0,0,0,0
555,There's a deformity that prevents temperature changes,0,0,0,0
556,It is stacked in layers to prevent heat from going out.,0,0,0,0
557,Metal is embedded in the thermos,0,0,0,0
558,I don't know,0,0,0,0
559,Thermos are made of materials that block the outside temperature.,0,0,0,1
560,It keeps it warm as it keeps oxygen warm.,0,0,0,0
561,I remember making a thermos wrapped in foil to protect against heat,0,0,0,0
562,Thermos keep the temperature of the water constant by heating themselves.,0,0,0,0
563,"Thermos aren't usually made of plastic, but iron? It's the same kind of water bottle, but if you put hot water in an iron bowl, it gets much hotter and stays hot for a long time",0,0,0,0
564,Because the thermos has elements that prevent heat from escaping,0,0,0,0
565,It's blocked from the heat outside,0,0,0,0
566,It's related to the specific gravity,0,0,0,0
567,"By making the inside of the thermos bottle surrounding the liquid using insulation, heat exchange between the outside and the inside is blocked to maintain the temperature.",0,0,0,0
568,Use insulation and vacuum to prevent heat conduction.,0,0,0,0
569,Thermos are possible by preventing heat damage caused by conduction and radiation because a thermal insulation device is placed in the bottle to prevent heat transfer and radiation in the water,0,0,0,0
570,I am~~~~~~~~~~~~~~~~~~~~~~~~~~~~~~~~~~~~~~~~~~~~~,0,0,0,0
571,This is because the temperature of the water does not go outside due to the insulation inside the thermos.,0,0,0,0
572,prevent heat from escaping,0,0,0,0
573,Thermos hold heat with substances that prevent heat transfer.,0,0,0,0
574,I don't use a thermos often ^^,0,0,0,0
575,I don't know,0,0,0,0
576,Thermos store heat by inserting substances or air that prevent heat from moving so that heat cannot move.,0,0,0,0
577,There is an empty space in the bottle to prevent heat release.,0,0,0,0
578,Aluminum protects heat,0,0,0,0
579,It's because aluminum absorbs heat,0,0,0,0
580,"In order to generate heat, molecular motion is required, which preserves the motion of these molecules without killing them.",0,0,0,0
581,"Thermos have substances or empty spaces in the bottle that prevent heat from moving, so heat cannot move.",0,0,0,0
582,Thermos can interpolate hot water,0,0,0,0
583,It's a thermos that keeps you warm. It's a disease that keeps you from getting a fever,0,0,0,0
584,Thermos have substances or empty spaces in the bottle that prevent heat from moving so that heat cannot move,0,0,0,0
585,The warmth in the thermos keeps the water warm,0,0,0,0
586,"Thermos have substances or empty spaces in the bottle that prevent heat from moving, so heat cannot move.",0,0,0,0
587,"Thermos keep the heat inside from moving. Therefore, you can keep the water warm even in the cold winter.",0,0,0,0
588,This is because the thermos prevents heat from moving inside.,0,0,0,0
589,"The thermos bottle is separated from the outer bottle to prevent ""conduction"", to prevent heat transfer by ""radiation"", and to prevent heat transfer by ""convection"" by vacuum treatment between them to prevent heat transfer from the thermos to keep the water warm.",0,1,0,0
590,"""Because it keeps warm particles in a thermos for a long time,",0,0,0,0
591,"""",0,0,0,0
592,f,0,0,0,0
593,"Thermos have substances that prevent heat escaping, so they can keep the water warm even in cold winter.",0,0,0,0
594,"Heat flows from high to low, and when insulation is placed on the inner and outer walls of the thermos, it does not occur well.This is because there is a material in the thermos that prevents heat from escaping.",0,0,0,1
595,Unknowingness,0,0,0,0
596,The substance that made the thermos doesn't react much to the cold and keeps it warm,0,0,0,0
597,I don't know...,0,0,0,0
598,Unknowingness,0,0,0,0
599,???,0,0,0,0
600,This is because the bottle is made of a material that maintains heat well.,0,0,0,1
601,"""I don't know",0,0,0,0
602,"""",0,0,0,0
603,I have no idea.,0,0,0,0
604,"This is because heat moves from the hot side to the cold side, but prevents heat from moving to the heat insulating material.",0,0,0,1
605,Unknowingness,0,0,0,0
606,Do.,0,0,0,0
607,"The outer surface and the inner surface are separated, but the gap is vacuumed, so the heat does not escape and remains intact",0,0,0,0
608,I don't understand.,0,0,0,0
609,This is because the principle of thermos is unique.,0,0,0,0
610,I don't know.,0,0,0,0
611,This is because the principle of thermos helps keep heat from escaping,0,0,0,0
612,Unknowingness,0,0,0,0
613,Blocking air from entering 4,0,0,0,0
614,I don't know.,0,0,0,0
615,Jeff... Solitude... Get ahead of yourself! Kim Sunwoo is the best!!!!!!!!!!!!!!!!!!!!!!!!!!!!!!!!!!!!!!!!!!!!!!!!!!!!!!!!!!!!!!!!!!!!!!!!!!!!!!!!!!!!!!!!!!!!!!!!!!!!!!!!!!,0,0,0,0
616,""" In 1892, James Dewer, a British scientist, said,",0,0,0,0
617,We developed a thermos bottle to store liquid oxygen.,0,0,0,0
618,"He glazed the inner container and between the inner and outer containers,",0,0,0,0
619,We put a vacuum where there is almost no air.,0,0,0,0
620,,0,0,0,0
621,"In this vacuum thermos that he made, the heat doesn't work.",0,0,0,0
622,The reason is that it has blocked almost all of the paths through which heat is transferred.,0,0,0,0
623,,0,0,0,0
624,"There are three methods of heat transfer: conduction, convection, and radiation.",0,1,0,0
625,,0,0,0,0
626,,0,0,0,0
627,1. evangelism,0,0,0,0
628,,0,0,0,0
629,Conduction is a method of transferring heat energy in order between molecules nearby.,0,0,0,0
630,The vacuum of the thermos bottle is a space where there are almost no molecules,0,0,0,0
631,There are no molecules placed close together.,0,0,0,0
632,"Therefore, heat transfer by conduction is not possible in the vacuum bottle.",0,0,0,0
633,,0,0,0,0
634,,0,0,0,0
635,2. Convection,0,0,0,0
636,,0,0,0,0
637,Convection refers to the direct migration of molecules to transfer heat,0,0,0,0
638,Water bubbles rising from the bottom of a boiling kettle serve as such.,0,0,0,0
639,"However, the thermos is completely blocked from the outside, so convection is impossible.",0,1,0,0
640,,0,0,0,0
641,,0,0,0,0
642,3. Copy,0,0,0,0
643,,0,0,0,0
644,"But unlike conduction and convection, radiation doesn't go through molecules",0,1,0,0
645,Everything passes through and transfers heat like a wave.,0,0,0,0
646,,0,0,0,0
647,There's a radiation of heat in everything,0,0,0,0
648,"The hotter the heat source, the greater the heat radiation.",0,0,0,0
649,The way the sun transmits heat to the Earth is also radiation.,0,0,0,0
650,"(There's no conduction, no convection, of course, because it's almost a vacuum between the sun and the Earth.)",0,1,0,0
651,,0,0,0,0
652,Thermos prevent even radiant heat.,0,0,0,0
653,The inside and outside of the thermos are silver plated.,0,0,0,0
654,"(If you look inside, the glitter is silver plated.)",0,0,0,0
655,,0,0,0,0
656,The radiant energy from hot coffee or water is like a mirror,0,0,0,0
657,Reflect to prevent heat from leaking out.,0,0,0,0
658,,0,0,0,0
659,,0,0,0,0
660,[Organizing],0,0,0,0
661,,0,0,0,0
662,"Eventually, the vacuum of the thermos bottle and the combination of silver plating",0,0,0,0
663,"When it's hot, it prevents heat from dissipating from the inner container",0,0,0,0
664,"If there is something cold in it, it blocks heat transfer from outside to inside.""",0,0,0,0
665,Unknowingness,0,0,0,0
666,It's because it has an insulating effect,0,0,0,0
667,I don't know.,0,0,0,0
668,You can't get out of a thermos with a hard heat,0,0,0,0
669,Insulation effect,0,0,0,0
670,"Heat needs a medium, but the thermos is vacuumed, so it cannot be cut off.",0,0,0,0
671,It creates a layer of insulation between the water in the thermos and the cold outside air to keep it warm.,0,0,0,0
672,It forms an insulation layer that prevents heat from escaping,0,0,0,0
673,It blocks the conduction of heat to keep the heat.,0,0,0,0
674,It prevents heat movement so that hot heat inside does not escape to the outside where the temperature is low.,0,0,0,0
675,This is because thermos prevents conductive convective heat radiation from going out.,0,0,0,0
676,It's probably due to the insulation effect. Probably.,0,0,0,0
677,There's a vacuum insulation layer,0,0,0,0
678,"Thermos have a double wall structureHeat conduction is not possible, so heat is not taken away.",0,0,1,0
679,This is because it has a good insulation effect and prevents heat release,0,0,0,0
680,This is because thermos prevents conductive convective heat radiation from going out.,0,0,0,0
681,"Heat is not transferred well from the gas, so double thermal insulation is installed.",0,0,0,0
682,Thermos have insulation to prevent heat release,0,0,0,0
683,"""It minimizes the release of heat",0,0,0,0
684,"Because of the empty space between the outer rim and the inner rim.""",0,0,0,0
685,It prevents the heat from escaping,0,0,0,0
686,It's made up of a triple membrane,0,0,0,0
687,"I don't know the principle, but a thermos can store warm water",0,0,0,0
688,"""It has the property of moving from high temperature (hot (cold).",0,0,0,0
689,"There's the property of trying to be equal to the surroundings.""",0,0,0,0
690,"""The inside and outside are plated with silver",0,0,0,0
691,"The heat won't go away.""",0,0,0,0
692,"""The inside and outside are plastered with silver",0,0,0,0
693,"The heat won't escape.""It keeps the heat from escaping",0,0,0,0
694,A mirror in a thermos reflects zero and preserves heat,0,0,0,0
695,It absorbs heat,0,0,0,0
696,"Because the air cannot take away the heat inside the thermos, it can keep the water warm even in the cold winter",0,0,0,0
697,This is because it prevents the heat of the water in the thermos from escaping.,0,0,0,0
698,"Thermos are made into two layers of bottles, so they are vacuumed between the two. Air, a medium of heat, is required to transfer heat, but heat is not transferred well in a vacuum state with little air, so heat is not easily transferred from the inside and heat is not easily transferred from the outside.",0,0,0,0
699,"Thermos are made into two layers of bottles, so the two are kept in a vacuum.",0,0,0,0
700,"Thermos are made of two layers of bottles, so air, which is a medium of heat, is required to transfer heat between the two cylinders, but heat is not transferred well in a vacuum with little air, so heat is not released from the inside and heat from the outside.",0,0,0,0
701,It blocks heat damage or heat.,0,0,0,0
702,"The vacuum between the double walls prevents heat transfer, so the temperature can be kept warm",0,0,0,0
703,"""",0,0,0,0
704,,0,0,0,0
705,Cover the surface with silver to prevent radiation,0,0,0,0
706,,0,0,0,0
707,The vacuum between the double walls prevents heat transfer,0,0,0,0
708,,0,0,0,0
709,"""",0,0,0,0
710,It blocks heat transfer,0,0,0,0
711,There's no heat inside. There's no heat outside,0,0,0,0
712,Because the membrane of the thermos was made so that the heat inside was not allowed to go out and the heat outside was made to be kept out of the inside,0,0,0,0
713,"Because the heat inside does not go out and the heat outside does not come in, you can drink warm water when you put it in a thermos.",0,0,0,0
714,This is because the membrane of the thermos bottle prevents the heat inside from going out and the heat outside from going inside.,0,0,0,0
715,"Thermos are made of two layers of bottles, so they can't escape through the two cylinders",0,0,0,0
716,"As the bottle becomes thicker, it prevents the heat from going out as much as possible and keeps the water vapor from going out.",0,0,0,0
717,The heat inside can't go out and the heat outside can't go out,0,0,0,0
718,Because the heat inside can't go out and the heat outside can't come in,0,0,0,0
719,"Thermos are made of two layers of bottles, so air, which is a medium of heat, is needed to transfer heat between the two, but in a vacuum with little air, heat is not transferred well, so heat cannot be generated inside or outside",0,0,0,0
720,I don't know.,0,0,0,0
721,Unknowingness,0,0,0,0
722,Mr,0,0,0,0
723,I don't understand.,0,0,0,0
724,Mr,0,0,0,0
725,"""",0,0,0,0
726,I don't understand.,0,0,0,0
727,"""",0,0,0,0
728,"C, C, C, D",0,0,0,0
729,Mr,0,0,0,0
730,I don't understand.,0,0,0,0
731,Mall,0,0,0,0
732,I don't know,0,0,0,0
733,I don't understand.,0,0,0,0
734,I don't understand.,0,0,0,0
735,Mr,0,0,0,0
736,I don't understand.,0,0,0,0
737,I don't know.,0,0,0,0
738,That's true,0,0,0,0
739,It's hot,0,0,0,0
740,Mr,0,0,0,0
741,They shut off the outside air and vacuumed it,0,0,0,0
742,I don't understand.,0,0,0,0
743,This is because the heat inside cannot go outside and the heat outside cannot go inside,0,0,0,0
744,Water is kept warm by the movement of heat,0,0,0,0
745,"It's in the vacuum layer of the thermos. In terms of heat transfer, if there is a solid, liquid, gas, or vacuum, the ability to transfer heat in the order of solid>liquid>gas>vacuum decreases. In other words, solids carry the best temperature, but vacuum carries the least temperature",0,0,0,0
746,There are two layers of thermos because the bottle prevents the temperature from going out in hot water.,0,0,0,0
747,"Thermos are made into two layers of bottles. Air, which is a medium of heat, is required to transfer heat. In a vacuum with little air, heat is not transferred well, so heat cannot be generated from the inside and outside",0,0,0,0
748,.,0,0,0,0
749,Mr,0,0,0,0
750,I don't know.,0,0,0,0
751,There is no movement of heat inside and outside.,0,0,0,0
752,Don't know,0,0,0,0
753,I don't know,0,0,0,0
754,"Because it protects the outside with glass,",0,0,0,0
755,Because you have to drink warm water on a cold day,0,0,0,0
756,It's because the heat is kept from escaping from the thermos,0,0,0,0
757,There are many layers of thermos.,0,0,0,0
758,Heat travels in substances such as iron and copper,0,0,0,0
759,I don't know.,0,0,0,0
760,It's because there are layers.,0,0,0,0
761,Thermos keep the water warm,0,0,0,0
762,Thermos warm the waterWest,0,0,0,0
763,Is it good to cook ramen in a thermos?,0,0,0,0
764,The bottle is holding her back,0,0,0,0
765,ããããã,0,0,0,0
766,Thermal conductivity,0,0,0,0
767,Thermal conductivity,0,0,0,0
768,The characteristic of the thermos is that it prevents the heat from going out,0,0,0,0
769,....,0,0,0,0
770,Keep the heat in the thermos from escaping,0,0,0,0
771,Because the heat is maintained,0,0,0,0
772,It is made by adding substances that protect heat,0,0,0,0
773,Move the heat outside to the inside?,0,0,0,0
774,"I'm going to use substances that are not heat-resistant,",0,0,0,0
775,The noodles are thick,0,0,0,0
776,It's because there's more in the thermos,0,0,0,0
777,"""?????",0,0,0,0
778,"""",0,0,0,0
779,Because there are some shields,0,0,0,0
780,Put the insulation in the bottle.,0,0,0,0
781,Heat is used to cover the temperature of the water,0,0,0,0
782,Thermos maintain the temperature of the substances in them,0,0,0,0
783,"Thermos have heat-preserving substances, so you can drink warm water even in winter.",0,0,0,0
784,Thermos are designed to keep warm heat from going outside,0,0,0,0
785,I made it so that warm smoke wouldn',0,0,0,0
786,Thermos have heat and thermos have some kind of substance,0,0,0,0
787,There's something in the thermos that keeps the water warm,0,0,0,0
788,Because the water gets cold,0,0,0,0
789,The walls of the thermos are thick. It doesn't get rid of heat,0,0,0,0
790,I put it in a bottle that's made of substances that don't let the heat go away,0,0,0,0
791,I don't know,0,0,0,0
792,You can make a bottle with a substance that doesn't drain the heatI don't know.,0,0,0,0
793,PASS,0,0,0,0
794,It's because the fever doesn't go away,0,0,0,0
795,"""All""",0,0,0,0
796,"Heat""",0,0,0,0
797,"First of all, a thermos can be considered to have another com. Therefore, the temperature is maintained to some extent by passing through once again without receiving the temperature directly from the gourd.",0,0,0,0
798,"It is made of insulating material, which traps heat, and is made of global warming-like properties",0,0,0,1
799,It's hard to explain.,0,0,0,0
800,There is an empty space between the inside and the outside to prevent heat conduction.,0,0,0,0
801,"Heat needs a transfer medium, but the thermos maintains a vacuum and does not transfer heat.",0,0,0,0
802,"The insulation effect, double, will be able to be kept warm using air or insulation between them.",0,0,0,0
803,Thermos can keep warm even in cold winter because they block heat exchange inside and outside the thermos as much as possible.,0,0,0,0
804,This is because the water in the thermos makes the thermos warm so that the temperature can be maintained well,0,0,0,0
805,1234,0,0,0,0
806,I don't know,0,0,0,0
807,123,0,0,0,0
808,There's something inside that warms you up,0,0,0,0
809,It's warm,0,0,0,0
810,"Yes, it is",0,0,0,0
811,Because there's something warm inside,0,0,0,0
812,There was a substance that kept the cold stuff out of the bottle,0,0,0,0
813,Iron reflects,0,0,0,0
814,The temperature is maintained as the iron warms,0,0,0,0
815,The thermos is so thick that the heat doesn't go away quickly,0,0,0,0
816,"To keep the water warm, hot water keeps the water warm with hot air for a long time",0,0,0,0
817,It is warm when it is cold because it is made of material like a thermos iron,0,0,0,1
818,Don't know,0,0,0,0
819,It is warm when it is cold because it is made of material like a thermos iron,0,0,0,1
820,Because I blocked the hole,0,0,0,0
821,I don't know. 123,0,0,0,0
822,I don't know,0,0,0,0
823,I don't know.,0,0,0,0
824,I don't know,0,0,0,0
825,Because the heat continues as it wraps around the barrel.,0,0,0,0
826,The thermos is made of iron and can keep warm water,0,0,0,0
827,I don't know.,0,0,0,0
828,Thermos can stay warm for a long time because they are made of iron (?),0,0,0,0
829,"Thermos have a hot stool, so the water temperature goes down",0,0,0,0
830,I don't know.,0,0,0,0
831,I couldn't get rid of the heat,0,0,0,0
832,Because it blocks a lot of heat,0,0,0,0
833,Made to keep temperature with iron so that it is not affected by the outside,0,0,0,0
834,.....,0,0,0,0
835,keep one's temperature from going out,0,0,0,0
836,The thermos is thick.,0,0,0,0
837,I don't understand.,0,0,0,0
838,It's because the membrane in the thermos keeps the temperature,0,0,0,0
839,I don't know,0,0,0,0
840,....,0,0,0,0
841,I have a tinnitus,0,0,0,0
842,The iron container that makes up the thermos protects and maintains the temperature of the water.,0,0,0,0
843,"""Because it traps the temperature",0,0,0,0
844,,0,0,0,0
845,,0,0,0,0
846,,0,0,0,0
847,,0,0,0,0
848,,0,0,0,0
849,,0,0,0,0
850,,0,0,0,0
851,,0,0,0,0
852,,0,0,0,0
853,"""",0,0,0,0
854,This is because thermos is sealed.,0,0,0,0
855,This is because the thermos is layered and serves to maintain heat inside.,0,0,0,0
856,Because it heats up the heat.,0,0,0,0
857,Iron blocks it.,0,0,0,0
858,I don't know.,0,0,0,0
859,Insulation effect,0,0,0,0
860,Prevent heat from conducting outward.,0,0,0,0
861,"Heat is transferred through conduction, convection, and radiation. Reduce the thermal shear rate by creating a vacuum inside.",0,1,0,0
862,This is because the heat from the foreign news was blocked.,0,0,0,0
863,It serves to prevent heat transfer in thermos bottles.,0,0,0,0
864,The thermos insulates.,0,0,0,0
865,"Heat is transferred in three ways. The thermos is insulated and is kept warm because convection and conduction by convection and conduction are blocked out of three ways (conducting, convection, and radiation). Radiation occurs and eventually cools.",0,1,0,0
866,"Heat moves, but the thermos has an insulation effect, so heat cannot move.",0,0,0,0
867,Create a layer of air and insulate it.,0,0,0,0
868,"Because it is a vacuum, it prevents heat conduction and is painted with silver foil to prevent heat from escaping to radiation.",0,0,0,0
869,the insulation effect of a thermos bottle,0,0,0,0
870,Because of the insulation effect,0,0,0,0
871,"The double wall is used to block conduction and make it an empty space between the walls to prevent convection, and to prevent radiation by fixing the inside.",0,1,0,0
872,hooting,0,0,0,0
873,There's space inside and outside the thermos to preserve the heat,0,0,0,0
874,This is because contact with the outside is blocked and heat is not lost.,0,0,0,0
875,There is a layer of air in the middle to prevent the collision,0,0,0,0
876,"Thermos have insulating substances A similar example to this is a double window There is an air layer between the windows, which has the effect of insulating due to this air layer This principle is also applied to thermos",0,0,0,0
877,"Thermos have a scientific effect called an insulation effect, and when an insulation effect occurs, the conductivity decreases, so the thermos can preserve heat.",0,0,0,0
878,I don't know,0,0,0,0
879,I don't know,0,0,0,0
880,This is because thermos bottles are made to keep water warm even in cold winter.,0,0,0,0
881,Unknowingness,0,0,0,0
882,Heat can be preserved with insulation,0,0,0,0
883,It keeps the water warm,0,0,0,0
884,"In order to prevent heat from escaping, the inside of the thermos is made of a substance that does not escape heat, so that heat does not escape.",0,0,0,0
885,...,0,0,0,0
886,in a vacuum,0,0,0,0
887,This is because thermos plays a role in maintaining the temperature of water.,0,0,0,0
888,This is because it is a material that prevents heat release and preserves heat by making a thermos,0,0,0,1
889,It's because I put insulation in it,0,0,0,0
890,A double membrane can keep heat warm,0,0,0,0
891,Well ...Unknowingness,0,0,0,0
892,It is difficult for heat to move if you make empty air-layer spaces in a thermos and put various other materials,0,0,0,1
893,prevent the release of heat,0,0,0,0
894,"Heat transfers the temperature to what touches the surroundings, so the temperature decreases, and the thermos prevents such a thing and maintains the temperature.",0,0,0,0
895,It's because what's in the thermos prevents heat release,0,0,0,0
896,"In the dispersion of heat, heat is taken away in places colder than the heat of the object, and heat is taken away in hot places. In other words, the thermos makes a vacuum between them by forming an insulation material and a layer so that the heat of warm water is not taken away from the outside, so that the heat is not taken away as much as possible.",0,0,0,1
897,This is because the heat of hot water prevents it from escaping outside. preventing heat conduction,0,0,0,0
898,It is excellent for maintaining temperature because insulation is used in thermos bottles.,0,0,0,0
899,"Therefore, the temperature can be maintained even in the cold winter.""",0,0,0,0
900,have the power to trap heat,0,0,0,0
901,?,0,0,0,0
902,"The outer part of the thermos is vacuumed, but it prevents heat from flowing out of the thermos",0,0,0,0
903,It expands the heat to prevent the temperature from escaping.,0,0,0,0
904,Slow heat conduction so that the temperature can be controlled as much as possible,0,0,0,0
905,It's a role that warms you up,0,0,0,0
906,"It is a similar principle, just as overlapping walls can block sound and wind.",0,0,0,0
907,in a row,0,0,0,0
908,the determination of temperature,0,0,0,0
909,It is because it is made of insulation.,0,0,0,0
910,The bouncer walls are double-layered so that the heat doesn't escape,0,0,0,0
911,"Thermos have many materials in them that keep them warm, and when they touch iron, iron overheats and heat is preserved longer.",0,0,0,1
912,It's because it contains heat,0,0,0,0
913,"I don't remember the details of the thermos, but it contains heat retention",0,0,0,0
914,This is because the outside of the thermos is completely sealed and the inside is well heat transferred and maintained in order to keep the temperature and temperature from cooling due to the cold air outside in warm water.,0,0,0,0
915,"Since heat escapes easily, the thermos contains insulation to prevent heat escaping, which maximizes warmth compared to ordinary water bottles.",0,0,0,0
916,This is because thermos blocks heat transfer by insulation.,0,0,0,0
917,Thermos have a lot of insulation,0,0,0,0
918,This is because thermos has many insulation functions.,0,0,0,0
919,"Heat is transferred through conduction, but if a material with poor conduction is left, heat loss is reduced due to conduction, so heat can be maintained continuously. Using Insulation",0,0,0,1
920,"Heat is transferred through conduction, convection, and radiation, and thermos is the principle of conduction. Thermos have a space close to a vacuum in the middle, so heat transfer rarely occurs.",0,1,0,0
921,.,0,0,0,0
922,.,0,0,0,0
923,"The thermos insulates to prevent heat transfer. The heat in the thermos does not come out, so the water stays warm.",0,0,0,0
924,"Thermos help reduce the heat in the liquid from moving out. If heat is received from the inside without moving outside, it is released back inside so that thermal equilibrium is reached only inside.",0,0,0,0
925,Thermos keep the temperature of the water by blocking the conduction of heat.,0,0,0,0
926,Unknowingness,0,0,0,0
927,This is because the heat in the thermos is maintained by the insulation.,0,0,0,0
928,Unknowingness,0,0,0,0
929,This is because there is an air layer between the contents inside and the outside.,0,0,0,0
930,"In the case of thermos, there is a vacuum space between the outside and the place where the liquid enters, preventing heat from escaping.",0,0,0,0
931,Unknowingness,0,0,0,0
932,"Usually, heat transfer occurs through convection that travels through the air, or through conduction that moves directly from an object to an object, and through radiation that is transmitted in a vacuum. However, in the case of thermos, the inner wall surrounding the contents is vacuum, so it primarily prevents convection or conduction, and the outside is plated with silver to prevent secondary radiation, and prevents outside air, so the contents can be kept warm.",0,1,0,0
933,I don't know,0,0,0,0
934,Unknowingness,0,0,0,0
935,I don't know,0,0,0,0
936,Thermos are made of materials that keep temperature and heat from moving outside. A material with poor heat conduction is used to prevent thermal equilibrium.,0,0,0,1
937,"The thermos has a gap between the inner and outer bottles, where heat stays in the space and thickens the boundary between the outside temperature and the inside temperature. Therefore, a large temperature difference does not occur, so that the temperature of the water in the inner bottle may be kept warm.",0,0,0,0
938,"The principle of the thermos is simple, but it can be considered that the two water bottles of different sizes are overlapped and then vacuumed. Then, since there is no medium, the heat movement between the object in the thermos and the outside air is extremely reduced and can be continuously preserved.",0,0,0,0
939,Thermos keep the heat out.,0,0,0,0
940,Stay,0,0,0,0
941,Unknowingness,0,0,0,0
942,"""Blocking the movement of heat. Blocking electromagnetic waves with silver",0,0,0,0
943,"Dual construction blocks heat exchange""",0,0,0,0
944,Unknowingness,0,0,0,0
945,"Heat is convective, because the structure of the thermos allows heat to flow inside without being released.",0,0,1,0
946,I have no idea.,0,0,0,0
947,"The thermal conductivity is low, preventing the outside temperature from being transferred into the thermos",0,0,0,0
948,Evaluation Only. Created with Aspose.Cells for Python via Java.Copyright 2003 - 2022 Aspose Pty Ltd.,0,0,0,0
