,"17. The color change of the red cabbage indicator indicates that the more basic solution is added to the acidic solution, the weaker the acidity, and the more acidic solution is added to the basic solution, the weaker the basicity. Mixing acidic and basic solutions will reduce the acidity and basicity before mixing. Let's explain in detail why acidity and basicity weaken when acidity and basicity meet, using your own knowledge of acid and base.",acid-based adaptation,equivalent ratio,loss of properties,conflict properties
0,Eun-seo,0,0,0,0
1,It's M and D,0,0,0,0
2,Acid and salt are enemies,0,0,0,0
3,I'm the opposite,0,0,0,0
4,Acid dissolves basicity,0,0,0,0
5,It's very basic,0,0,0,0
6,I don't know,0,0,0,0
7,Unknown,0,0,0,0
8,"When acidity and basicity meet, they become more neutral",0,0,0,0
9,"This is because when acidity and basicity meet, they become neutralized.",0,0,0,0
10,Acids and bases meet and become neutral.,0,0,0,0
11,"When acidic and basic meet, they become neutral and become weak",0,0,0,0
12,"Acidic substances dissolve in water to produce H+ ions, and basic substances produce OH- ions. Therefore, when both acidity and basicity are dissolved in water, H2O is produced and neutralized.",0,0,0,0
13,"The acid - ramen base is +. In other words, you can think of it as math.",0,0,0,0
14,"This is because when acidity and basicity meet each other, they become increasingly neutral, and they become more and more proportional.",0,0,0,0
15,The acidity and basicity are different,0,0,0,0
16,"When acid and base meet, they become neutralized",0,0,0,0
17,I don't know,0,0,0,0
18,I don't know,0,0,0,0
19,"This is because basic solutions have the properties of absorbing basicity, and acidic solutions have the properties of absorbing acidity",0,0,0,0
20,"When mixed, it becomes neutral.",0,0,0,0
21,"It is natural that the acidity weakens when the acid meets the base, and the base weakens when the base meets the acid.",0,0,0,0
22,Don't know,0,0,0,0
23,What substances are acidic and which substances are basic?,0,0,0,0
24,The opposite substances met and weakened each other,0,0,0,0
25,"When acidity and basicity meet, they weaken because they weaken each other.",0,0,0,0
26,Acid basic fighting with each other,0,0,0,0
27,"Since acidity and basicity are opposite, high ph concentration and low basicity are acidic",0,0,0,0
28,Because it's high in acidity,0,0,0,0
29,The acidity is relative,0,0,0,0
30,This is because they cause a neutralization reaction with each other through oxidation-reduction.,0,0,0,0
31,"Acid and basicity meet to weaken the two components through neutralization, which weakens their properties",0,0,0,0
32,I don't know,0,0,0,0
33,neutralization reaction,0,0,0,0
34,This is because a neutralization reaction occurs.,0,0,0,0
35,It's because of the neutralization reaction,0,0,0,0
36,"This is because when acid and base meet, they become neutralized.",0,0,0,0
37,"Naturally, as they fuse together, the pH concentration increases, and the basicity decreases, so both the acidity and the basicity are weakened",0,0,0,0
38,It is because the acidity and the basicity do not go together.,0,0,0,0
39,"This is because when acidity and basicity meet, the two mix and gradually lose their properties.",0,0,0,0
40,"When an acid is suitable for a base or a base, the concentration of hydrogen ions or hydroxide ions decreases after a neutralization reaction occurs and the salt is generated, so the concentration of hydrogen ions and hydroxide ions, which are the measures of the acid and base, decreases.",0,0,0,0
41,"Acids and bases have opposite ph concentrations, and when they meet, they do something called a neutralization reaction, weakening both.",0,0,0,0
42,"Since the pH of the acid and the base is the opposite, it also acts the opposite in terms of redox.",0,0,0,0
43,"Acid and basicity are at opposite points, because when the two are mixed, the concentration of the two decreases.",0,0,0,0
44,It's because of the neutralization reaction,0,0,0,0
45,Because they're the opposite,0,0,0,0
46,"This is because acids and bases have opposite properties, and when the two meet, a neutralization reaction occurs.",0,0,0,0
47,"Assuming that the acidity of 1 base is -1, it becomes 1+(-1)=0.",0,0,0,0
48,This is because acids and bases meet to cause a neutralization reaction.,0,0,0,0
49,"Acid produces hydrogen ions and basic hydroxide ions, and when they meet, a neutralization reaction that changes to water occurs.",0,0,0,0
50,neutralization reaction,0,0,0,0
51,"When acidity and basicity meet, a neutralization reaction occurs and water is generated.",0,0,0,0
52,Because it neutralizes.,0,0,0,0
53,Because two substances that have different properties meet,0,0,0,0
54,"When acidity and basicity meet, they are neutralized by opposite properties",0,0,0,0
55,I don't know,0,0,0,0
56,This is because acids and bases neutralize each other's conditions.,0,0,0,0
57,"When smoke and acid combine, water is created and neutralized",0,0,0,0
58,"Acids and bases divide acidity and basicity based on pH, so when acids and bases meet, they gradually become neutral.",0,0,0,0
59,I don't know.,0,0,0,0
60,I don't know,0,0,0,0
61,I don't know,0,0,0,0
62,It's just that,0,0,0,0
63,I don't know.,0,0,0,0
64,I don't know.,0,0,0,0
65,I can't think of anything.,0,0,0,0
66,"(Playing the guitar"")",0,0,0,0
67,I don't know.,0,0,0,0
68,I don't know,0,0,0,0
69,I don't know,0,0,0,0
70,"5. The color change of the red cabbage indicator indicates that the more basic solution is added to the acidic solution, the weaker the acidity, and the more acidic solution is added to the basic solution, the weaker the basicity. Mixing acidic and basic solutions will reduce the acidity and basicity before mixing. Let's explain in detail why acidity and basicity weaken when acidity and basicity meet, using your own knowledge of acid and base. *",0,0,0,0
71,Let's look at the science book,0,0,0,0
72,How do I know?^^,0,0,0,0
73,"If a basic solution is added to an acidic solution, the acidity in the acidic solution is lost to the basic solution, and if an acidic solution is added to the basic solution, the basic solution loses the understanding basicity of the acidic solution.",0,0,0,0
74,"A strong acid weakens the basicity, but a similar amount neutralizes it",0,0,0,0
75,hjjnjljojfjoduioikjkioucjuuiduiirfjjhiui6yiojyitjkjkjkjdjjkkh998oi50498jkjkjkhkckkjjkccxjchjdfjh-poioijkhhdiohf087598jkjkkkjkjcjcvjkvjkjkvbcjfj,0,0,0,0
76,"There are many trees in the mountain, and I don't know the base.",0,0,0,0
77,"Acid = Gastric fluid in our body, basic = Soapy water",0,0,0,0
78,"Since it's a material that's different in acidity and basicity,",0,0,0,0
79,"Acid and basicity merge together and become neutral when they meet one on one. So fishy fish, which is a basic ingredient, becomes neutral when you drop an acidic lemon, and the fishy smell disappears.",0,0,0,0
80,I don't know.,0,0,0,0
81,This is because acidic and basic substances are mixed together.,0,0,0,0
82,This is because acidity and basicity neutralize each other.,0,0,0,0
83,Because it neutralizes water,0,0,0,0
84,"""The acidity weakens",0,0,0,0
85,"""",0,0,0,0
86,FLGMFKMKMV,0,0,0,0
87,Acid and basicity are weakened because they are solutions with opposite properties.,0,0,0,0
88,I don't know.,0,0,0,0
89,I don't understand.,0,0,0,0
90,I don't know because I didn't concentrate during class in 5th grade,0,0,0,0
91,Acid weakens each other because it weakens the base and the base weakens the acidity.,0,0,0,0
92,"This is because if you add more basicity to acidity than acidity, the acidity weakens, and if you add more acidity to acidity, the basicity weakens.",0,0,0,0
93,"This is because when acid and base are mixed, they become more neutral",0,0,0,0
94,"If more basic substances are added to acidic substances than acidic substances, they become basic substances, and if more acidic substances are added to basic substances, they become acidic substances.",0,0,0,0
95,"When acidity and basicity meet, they become weak because they merge together",0,0,0,0
96,It has a different nature,0,0,0,0
97,"The acidity is high and the base is weak, so both are weak.",0,0,0,0
98,"Acids and bases are at opposite poles. So when the two meet, they become neutralized and their power weakens. For example, when food comes to the duodenum from the stomach, basic objects come out of the duodenum to neutralize the sex of stomach acid.Acid is a substance with high ph concentration and basic is a substance with weak PH concentration. When you two meet,",0,0,0,0
99,"The pH concentration of the acid decreases, and the basic concentration of the pH decreases, and the properties of each other weaken.""",0,0,0,0
100,I don't know.,0,0,0,0
101,This is because acidity and basicity have opposite properties.,0,0,0,0
102,"Because acidity and basicity are opposite to each other, acids and bases break each other and weaken each other.",0,0,0,0
103,"""Optics and bases are different from each other, so when we meet each other,",0,0,0,0
104,"It's because we get weak while breaking each other.""",0,0,0,0
105,This is because acidity and basicity have different properties.,0,0,0,0
106,Red cabbages lose their acidity because they lose their acidity,0,0,0,0
107,This is because acidic and basic substances pair up in a mixed solution and lose their respective properties,0,0,0,0
108,Acid substances and basic substances meet each other and lose their properties.,0,0,0,0
109,"If you pair each other up, you'll understand each other's temper",0,0,0,0
110,"Acid substances and basic substances are mixed, and they weaken each other is weakened",0,0,0,0
111,This is because acidic and basic substances pair each other in the mixed solution and lose their respective properties.,0,0,0,0
112,This is because two solutions that have opposite properties meet and lose their properties,0,0,0,0
113,"It pairs acidic and basic substances in the mixed solution. Therefore, they lose their respective properties are lost. Therefore yes.",0,0,0,0
114,"In the mixed solution, acidic and basic substances pair up and lose their angular properties",0,0,0,0
115,This is because acidic and basic substances match each other in the mixed solution and lose their respective properties.,0,0,0,0
116,It's because it neutralized,0,0,0,0
117,This is because acidic and basic substances pair each other in the mixed solution and lose their respective properties.,0,0,0,0
118,M and D,0,0,0,0
119,I don't know.,0,0,0,0
120,",,",0,0,0,0
121,Acid weakens the basicity and base weakens the acidity,0,0,0,0
122,The color is changing,0,0,0,0
123,Acid basicity,0,0,0,0
124,I don't know.,0,0,0,0
125,"Because cabbage indicators are basic, they lose their acidic properties",0,0,0,0
126,This is because acidity and basicity meet to create neutral properties.,0,0,0,0
127,Acid and basicity are mutual (áá¡áá¥ã;),0,0,0,0
128,"Since basicity and acidity have opposite properties, calculating the two at equal ratios weakens the acidity and basicity.",0,0,0,0
129,I learned it too long ago.,0,0,0,0
130,Forgot.,0,0,0,0
131,"Acids and bases are opposite substances, so when they meet, a phenomenon called neutralization occurs, and when an acid and a base meet, they both weaken. (e.g., when you have a stomachache, take medicine to calm you down)",0,0,0,0
132,I don't know.,0,0,0,0
133,Forgot.,0,0,0,0
134,Because it's different in acidity and basicity?,0,0,0,0
135,Red cabbage changes color if you use indicatorSo the acid and the base become weak,0,0,0,0
136,I don't know.,0,0,0,0
137,I don't know.,0,0,0,0
138,Acid and basicity weaken because they are the opposite,0,0,0,0
139,Because acidity and basicity neutralize.,0,0,0,0
140,cabbage wrap,0,0,0,0
141,They react differently depending on the indicator,0,0,0,0
142,"Since acidity and basicity are the opposite substances,",0,0,0,0
143,The upper pole of an acid is basic and the upper pole of an acid is acidic,0,0,0,0
144,Because it's acidic,0,0,0,0
145,The relationship between acidity and basicity weakens when they meet each other,0,0,0,0
146,I forget to use it. Haha,0,0,0,0
147,It's because the two components weaken when they meet.,0,0,0,0
148,"When the two substances are mixed, the properties of either side are weakened.",0,0,0,0
149,It depends on what you put into the solution,0,0,0,0
150,Because acids and bases have different properties,0,0,0,0
151,It depends on what you put into the solution,0,0,0,0
152,This is because the proportion of one indicator decreases and increases,0,0,0,0
153,depend on the addition of the solution,0,0,0,0
154,"When basic and acidic meet, the basic becomes weak, and when acid and basic meet, the acid becomes weak, and when they meet each other, they become weak",0,0,0,0
155,?????????,0,0,0,0
156,Because acids and bases are opposite substances.,0,0,0,0
157,Forgot.,0,0,0,0
158,Because acids and bases are opposite substances.,0,0,0,0
159,I don't know,0,0,0,0
160,"Acids and bases have different properties, so they become neutral when they meet",0,0,0,0
161,"If you put a lot of acidity in a basic bottle, the acidity weakens, and if you put a lot of basicity in an acidic bottle, the acidity weakens.",0,0,0,0
162,Because image and smoke are substances that are opposite,0,0,0,0
163,I don't know,0,0,0,0
164,be devoid of intelligence,0,0,0,0
165,Mountain and Yeom Ki-hoon,0,0,0,0
166,Acids and bases are the opposite,0,0,0,0
167,I don't know,0,0,0,0
168,I don't know.,0,0,0,0
169,I don't know.,0,0,0,0
170,"Acid is lemon or cider, and basic is soapy water.",0,0,0,0
171,"When an acid and a base meet, they become neutralized",0,0,0,0
172,"When you put them together, they become water",0,0,0,0
173,I don't know.,0,0,0,0
174,This is because a neutralization reaction occurs.,0,0,0,0
175,It's neutralized by acidity and basicity,0,0,0,0
176,",,",0,0,0,0
177,I don't know.,0,0,0,0
178,A neutral reaction takes place and turns into a solution that has a neutral property,0,0,0,0
179,...,0,0,0,0
180,I don't know.,0,0,0,0
181,"This is because when an acid and a base meet, a neutralization reaction occurs.",0,0,0,0
182,I don't know.,0,0,0,0
183,This is because hydrogen ions and hydroxide ions meet to cause a neutralization reaction.,0,0,0,0
184,This is because hydrogen ions in the acid react with hydroxide ions in the basic solution to become water.,0,0,0,0
185,"When hydrogen ions in the acidic solution and hydroxide ions in the basic solution meet, the neutralization reaction occurs and the amount of hydroxide ions is limited, so if hydrogen ions are continuously supplied, the basic property will be weakened.",0,0,0,0
186,neutralization reaction,0,0,0,0
187,by pH concentration,0,0,0,0
188,The acid and the base combine to become neutral,0,0,0,0
189,"Acid solutions mainly have positive ions, and basic solutions mainly have negative ions. So it's neutralized by chemical reactions.",0,0,0,0
190,"Acids and bases meet to produce water molecules, resulting in lower acid or base concentrations and higher temperatures.",0,0,0,0
191,neutralization reaction,0,0,0,0
192,"Since hydrogen ions in the acidic solution and hydroxide ions in the basic solution react with each other to produce water molecules, acidity and basicity are weakened.",0,0,0,0
193,There is an answer in the question. I hope you get your fingerprints right...,0,0,0,0
194,"The acid contains H+ and the base contains OH-, so when the two meet, water is produced, which weakens the acidity and basicity",0,0,0,0
195,This is because hydrogen ions that make it acidic and hydroxide ions that make it basic meet to form water as a neutralization reaction occurs.,0,0,0,0
196,"Due to neutralization, when a solution of opposite properties is added, it becomes neutral.",0,0,0,0
197,"Because they have opposite propertiesHydrogen ions and hydroxide ions react in a 1:1 ratio to generate water, resulting in a neutralization reaction.",0,0,0,0
198,...,0,0,0,0
199,I don't know.,0,0,0,0
200,Cabbage is Jo Seho,0,0,0,0
201,"If you sprinkle lemon juice on sashimi, the fishy smell disappears",0,0,0,0
202,"If you sprinkle lemon juice on the sashimi, the fishy smell disappears",0,0,0,0
203,Because acids and bases have different properties,0,0,0,0
204,Cabbage is not salty,0,0,0,0
205,"Acid is like S pole, base is like N pole?",0,0,0,0
206,I don't know.,0,0,0,0
207,Acids and bases have opposite properties and are neutralized when mixed,0,0,0,0
208,This is because a neutralization reaction occurs.,0,0,0,0
209,"When acidity and basicity are mixed, they become neutralized and weakened.",0,0,0,0
210,The acid melts and the base clumps,0,0,0,0
211,"The opposite properties, the base and the acid, meet and dilute, getting closer to the water and weakening both.",0,0,0,0
212,Basicity weakens the acid.,0,0,0,0
213,"""The acid and the base, which have the opposite properties, meet,",0,0,0,0
214,"Diluted and approached medium water (ph-7), both weakened",0,0,0,0
215,I don't know.,0,0,0,0
216,"The lower the PH grade difference, the stronger the acidity, the more the lie is a sorok base, but when the difference is large, the air is sulfurized and the air is neutralized",0,0,0,0
217,It's neutralized by mixing different ingredients,0,0,0,0
218,I don't know,0,0,0,0
219,Acids and bases don't agree with each other,0,0,0,0
220,I don't know,0,0,0,0
221,I don't know,0,0,0,0
222,"Acid becomes more neutral when mixed with basicity. If you want to get the evidence, you can add sodium hydroxide directly to hydrochloric acid",0,0,0,0
223,Because it becomes neutralized,0,0,0,0
224,Acids and bases have different elements,0,0,0,0
225,It's because the acid and the basicity are different,0,0,0,0
226,"When acidity meets basicity, acidity weakens, and when basicity meets acidity, acidity and basicity weaken because they are different components.",0,0,0,0
227,Because of the indicator,0,0,0,0
228,They are neutralized because they are opposite to each other.,0,0,0,0
229,Because they have different properties,0,0,0,0
230,"Since the divinity and the base are different, the acidity weakens when added, and the acidity weakens when added",0,0,0,0
231,Because acidity and basicity weaken each other,0,0,0,0
232,Because acidity and basicity are different solutions.,0,0,0,0
233,"""It is often said that acids and bases meet to become neutral.",0,0,0,0
234,Acid is a hydrogen ion,0,0,0,0
235,The base releases hydroxide ions.,0,0,0,0
236,Hydrogen ions are cations and hydroxide ions are anions.,0,0,0,0
237,"When the hydrogen ions (H+) of the acid meet the hydroxyl ions (OH-) of the base,",0,0,0,0
238,It's chemically water (H2O),0,0,0,0
239,A neutral liquid with a ph concentration of 7 is to become water,0,0,0,0
240,Because acidity and basicity match,0,0,0,0
241,"""Because acidity and basicity are different from each other, if you add acidity, the basicity will be weakened, and if you add basicity, the phase will be weakened",0,0,0,0
242,"""",0,0,0,0
243,"""",0,0,0,0
244,,0,0,0,0
245,,0,0,0,0
246,,0,0,0,0
247,"It refers to the property of dissolving in acidity and water to release hydrogen ions, and basic refers to the property of dissolving in water to release hydroxide ions. Hydrogen ions in an acidic solution and hydroxide ions in a basic solution become water If the amount of acidic and basic solutions is the same, hydrogen ions and hydroxyl ions meet and become neutral. If the acidic solution is more than basic solution, part of hydrogen ions and hydroxide ions react to water So the amount of mixing changes whether it's acidic, neutral, or basic, and it depends on the hydrogen ion or the hydroxide ion in the solution",0,0,0,0
248,,0,0,0,0
249,,0,0,0,0
250,"""",0,0,0,0
251,This is because acidity and basicity dissolve in water and are different solutions.,0,0,0,0
252,This is because acidity and basicity are dissolved in water and the two are different solutions.,0,0,0,0
253,"""I don't know.",0,0,0,0
254,"""",0,0,0,0
255,"Since the acidity and the basicity are different, the basicity is weakened if you add the acidity, and the acidity will be weakened if you add basicity",0,0,0,0
256,"Since acidity and basicity are opposite to each other, if you add acidity, the basicity weakens, and if you add basicity, the acidity weakens.",0,0,0,0
257,"Since acidity and basicity are opposite to each other, adding acidity weakens the basicity and adding basicity weakens the acidity.",0,0,0,0
258,"When acidic and basic substances meet, acidity and basicity disappear or become yellow",0,0,0,0
259,"When acidic substances and basic substances meet, the acidity and basicity disappear or become yellow.",0,0,0,0
260,"""The more acid and basic stones are, the weaker the acidity and basicity of each other gets",0,0,0,0
261,"It's neutral""",0,0,0,0
262,Because it becomes neutral,0,0,0,0
263,Because it becomes neutral,0,0,0,0
264,edwedwed,0,0,0,0
265,I don't know.,0,0,0,0
266,M and D,0,0,0,0
267,I don't know,0,0,0,0
268,I don't understand.,0,0,0,0
269,I don't know,0,0,0,0
270,I don't know.,0,0,0,0
271,I don't know.,0,0,0,0
272,I don't understand.,0,0,0,0
273,I don't know,0,0,0,0
274,I don't understand.,0,0,0,0
275,I don't understand.,0,0,0,0
276,I don't know,0,0,0,0
277,Mall,0,0,0,0
278,base,0,0,0,0
279,I don't know,0,0,0,0
280,I don't know.,0,0,0,0
281,I don't know,0,0,0,0
282,"When mixed, it weakens because it is neither acidic nor basic.",0,0,0,0
283,I don't know,0,0,0,0
284,I don't understand.,0,0,0,0
285,I don't know.,0,0,0,0
286,I don't understand.,0,0,0,0
287,.,0,0,0,0
288,I don't know,0,0,0,0
289,.,0,0,0,0
290,I don't know.,0,0,0,0
291,Neutralized by combining the two,0,0,0,0
292,I don't know.,0,0,0,0
293,It's acidic and basic,0,0,0,0
294,?,0,0,0,0
295,Don't know,0,0,0,0
296,"I used to do it in science class, but it was because of you, so I had a hard timeWhen an acid meets a base, it turns red",0,0,0,0
297,"Acids and bases are opposite to each other, but when the two are mixed, they become neutral.",0,0,0,0
298,yes,0,0,0,0
299,"This is because when acidity and basicity meet, they become neutralized.",0,0,0,0
300,ããããã,0,0,0,0
301,It's because it's a mixture of acidity and basicity,0,0,0,0
302,It's been so long,0,0,0,0
303,be more basic than acid,0,0,0,0
304,The colors are different,0,0,0,0
305,"When the color change of the red cabbage indicator is confirmed, the more basic solution is added to the acidic solution, the weaker the acidity becomes, and the more acidic solution is added to the basic solution, the weaker the basicity becomes. Mixing acidic and basic solutions will reduce the acidity and basicity before mixing. Use your knowledge of acids and bases to understand why acids and bases weaken when they meet",0,0,0,0
306,I don't know.,0,0,0,0
307,Acid is weaker than base,0,0,0,0
308,I don't remember the answer,0,0,0,0
309,"Before the acid and the base were mixed, they were completely acid and base, but they were mixed together",0,0,0,0
310,"If you add a lot, it'll be more acidic",0,0,0,0
311,It's weak in acidity,0,0,0,0
312,"I learned it, but I forgot the limit of my head",0,0,0,0
313,The acidity and basicity don't match,0,0,0,0
314,"Since basic and acidic properties are opposite to each other,",0,0,0,0
315,"If the acidic solution is mixed with the basic solution, the basic solution neutralizes the acidic solution",0,0,0,0
316,I don't know.,0,0,0,0
317,The two of them have the same ingredients,0,0,0,0
318,Put a red solution in the cabbage,0,0,0,0
319,"""",0,0,0,0
320,"Acid and basic are stone.""",0,0,0,0
321,"Acid and basicity are different properties, so they weaken each other when they meet",0,0,0,0
322,"""When hydrochloric acid and sodium hydroxide meet, oxygen of hydrochloric acid and hydrogen of sodium hydroxide meet to become water and chlorine and sodium meet to become salt",0,0,0,0
323,"As acid and base meet, their properties weaken and eventually become neutral.""",0,0,0,0
324,The quality is different and the solution difference is different,0,0,0,0
325,Black and white,0,0,0,0
326,I guess I don't have any knowledge,0,0,0,0
327,"When acidity and basicity meet, the two neutralize each other, weakening the acidity and basicity.",0,0,0,0
328,"Since that's how the substance is made up of it,",0,0,0,0
329,"Of course, acidity and basicity are substances of different components, so when mixed, each component degenerates",0,0,0,0
330,This is because acid and basic substances exchange electrons with each other to become neutral.,0,0,0,0
331,The acid H+ meets the OH- of the base and neutralizes it,0,0,0,0
332,by neutralization,0,0,0,0
333,"The neutralizing plate (neutralization heat generation) H+ and OH- meet to produce water, weakening acid/base properties",0,0,0,0
334,"When an acid meets a base, water and salt are formed",0,0,0,0
335,Proton and hydroxide ions meet to become water,0,0,0,0
336,Hydronium ions and hydroxide ions meet to produce water.,0,0,0,0
337,Water is formed. H+ + OH -> H2O,0,0,0,0
338,neutralization reaction,0,0,0,0
339,H+ is neutralized,0,0,0,0
340,This is because acid base neutralization reactions of acidic and basic solutions occur.,0,0,0,0
341,"According to Arenius's definition, acids are substances that produce H+ and bases OH-. Therefore, when the two meet, they become water, so they consider each other's abilities.",0,0,0,0
342,"H+ (acid) and OH- (base) meet to form water, and each property is weakened by neutralization.",0,0,0,0
343,It becomes neutral,0,0,0,0
344,I don't know.,0,0,0,0
345,I don't know the properties of acidity and basicityãã,0,0,0,0
346,I don't know,0,0,0,0
347,I don't know.,0,0,0,0
348,"Yeah, I don't know",0,0,0,0
349,I don't know the properties of acidity and basicity,0,0,0,0
350,"When a basic solution is mixed with the acidic solution, the acidic reaction is weakened since the acidic solution approaches neutrality, and when the acidic solution is mixed, the basic reaction is weakened because it approaches neutrality.",0,0,0,0
351,"Acid and basicity are opposite properties.Therefore, if basic acidity is added to the acidity, the acidity is weakened, and if basic acidity is added, the basicity is weakened.",0,0,0,0
352,Because of the hydrogen ion,0,0,0,0
353,I don't know the properties of acidity and basicityãã,0,0,0,0
354,I don't know,0,0,0,0
355,I can't remember.,0,0,0,0
356,I don't know.,0,0,0,0
357,Hahahahahahahaha I know this question but I won't answer it.,0,0,0,0
358,It's the opposite of each other,0,0,0,0
359,"Acid and basicity are diluted and weakened, but if there is a lot of basicity, it becomes basic, and if there is a lot of acid, it becomes acidic",0,0,0,0
360,I don't know.,0,0,0,0
361,"Assuming that the acidity is negative and the base is positive, if the neutrality is zero, the more negative + positive, the closer it is to zero",0,0,0,0
362,"When acids and bases meet, they react",0,0,0,0
363,I don't know.,0,0,0,0
364,It gets weak when it's acidic and basic,0,0,0,0
365,This is because acids and bases weaken when they meet each other.,0,0,0,0
366,The ratio is 5d5,0,0,0,0
367,I don't know,0,0,0,0
368,Because they're at odds with each other.,0,0,0,0
369,"This is because acidity weakens when it meets basicity, and when acidity is added to basicity, basicity weakens.",0,0,0,0
370,Because it neutralizes and eventually becomes neutral,0,0,0,0
371,Acids and bases have different properties,0,0,0,0
372,Because the acid and the base meet and neutralize. Hydrogen ions in the acid and hydroxide ions in the base meet to become water.,0,0,0,0
373,I don't know,0,0,0,0
374,Because it neutralizes,0,0,0,0
375,"There are hydrogen ions in the acid and hydroxide ions in the base, but when the two meet, the acid and the base become weak because they become water.",0,0,0,0
376,"When an acid and a base meet, they become neutral because the base neutralizes the acid and the acid neutralizes the base",0,0,0,0
377,"This is because when an acid and a base meet, hydrogen ions and hydroxide ions meet and combine at a one-to-one water ratio, and water is produced and neutralized by water produced by the solution.",0,0,0,0
378,"It's because when acid and salt meet, water is produced",0,0,0,0
379,"Acid and base react to neutralize, weakening the acidity or basicity.",0,0,0,0
380,This is because hydrogen ions in the acid and hydroxide ions in the base combine to form water.,0,0,0,0
381,"This is because when acidity and basicity meet, a neutralization reaction occurs.",0,0,0,0
382,I don't know,0,0,0,0
383,"Of course, it'll weaken because it's the opposite, right?",0,0,0,0
384,I don't know,0,0,0,0
385,It's a contrasting nature,0,0,0,0
386,Because acid and base are not close,0,0,0,0
387,It's because the basic and acidic properties are different,0,0,0,0
388,It's because there's a difference between acidic hydrogen ions and basic ions,0,0,0,0
389,neutralization reaction,0,0,0,0
390,Acid and smoke neutralize with water,0,0,0,0
391,The base is weaker than the acid,0,0,0,0
392,This is because each ion decreases because acidic hydrogen ions and basic hydroxide ions react to generate water.,0,0,0,0
393,This is because acidic hydrogen ions and basic hydroxide ions reacted to generate water and each ion decreased.,0,0,0,0
394,"Acid hydrogen ions and basic hydroxide ions meet to generate water, which reduces the number of hydrogen ions and hydroxide ions, thereby weakening acidity and basicity.",0,0,0,0
395,"Because it turns neutral.Acid is a substance that releases hydrogen ions when dissolved in a solution. Basic is a substance that releases hydroxide ions when dissolved in a solution. When hydrogen ions and hydroxide ions meet, a neutralization reaction occurs to form water. Therefore, when the acid and the base are mixed, hydroxide ions of the hydrogen ion base of the acid react to form water, and thus hydrogen ions and hydroxide ions decrease, weakening acidity and basicity.",0,0,0,0
396,I don't know,0,0,0,0
397,It's because we're at odds with each other,0,0,0,0
398,M and D,0,0,0,0
399,I don't know,0,0,0,0
400,I don't know,0,0,0,0
401,I love you ^^,0,0,0,0
402,ã± and ã,0,0,0,0
403,Because the PH concentration is different.,0,0,0,0
404,This is because acidity and basicity are mixed and neutralized.,0,0,0,0
405,This is because it is more basic than acid.,0,0,0,0
406,I don't understand.,0,0,0,0
407,Because it's becoming more neutral.,0,0,0,0
408,I don't know,0,0,0,0
409,"Low ph concentration is acidic, high is basic, because when the two are mixed, they become neutral",0,0,0,0
410,It is because the ph concentration varies.,0,0,0,0
411,This is because the ph of each drug is mixed and goes down to a ph close to neutral.,0,0,0,0
412,I don't know,0,0,0,0
413,"When acidity and basicity meet, they are weakened by a neutralization reaction. Acid and basic are expressed by hydrogen ions and hydroxide ions, and since the hydrogen ions are OH-, when the two meet, H2O, that is, water is formed by a one-to-one reaction, and the number of hydrogen ions and hydroxide ions decreases, the acidity and basicity are weakened.",0,0,0,0
414,This is because the solution particles of each other are mixed between the particles of the acidic solution and the basic solution and dilute.,0,0,0,0
415,This is because acidity and basicity have opposite properties.,0,0,0,0
416,"Acid and basicity are opposite properties, so they are neutralized when they meet.",0,0,0,0
417,"Acid releases H+ and base releases OH-. When the two are mixed, the two meet to form a water molecule H2O. So when you mix the two together, the acidity and basicity are weakened because H2O is produced to some extent",0,0,0,0
418,"The acidic solution contains hydrogen ions and the basic solution contains hydroxide ions. When the acidic solution is mixed with the basic solution, the two ions above react to form water. Accordingly, the concentration of hydrogen ions and hydroxide ions is weakened, and the acidity and basicity are weakened.",0,0,0,0
419,"When acids and bases meet, neutralization reactions that make water and generate heat occur, weakening acidity and basicity.",0,0,0,0
420,"Acid is the ratio of hydrogen ions present in a substance, and basicity is the ratio of hydroxide ions in a substance. That is, when a base is added to an acid or vice versa, the amount of hydrogen ions or hydroxide ions is the same, but the amount of the solution increases and the ratio of hydrogen ions or hydroxide ions is relatively smaller, thereby weakening the acid or base.",0,0,0,0
421,"The factors that determines the strength of the mountain was in the solution contained hydrogen ion solution is to determine the number and intensity of the base of the hydroxide ion, contained in the number of. Acid and hydrogen ion, by mixing an alkaline solution and basic ions and hydroxyl ion and neutral hydrogen atoms in a solution because water, meet the reduced number of acidic and will weaken the basic.",0,0,0,0
422,Hydrogen ion and the base of the mountain with ion because the water to be a hydroxl ion the number of being reduced.,0,0,0,0
423,"Hydroxide ion, and the number of acidic hydrogen ions present at a state of freedom and basic a solution to the number of decisions. Alkaline and acidic hydrogen ions when they meet hydroxide ions combine with alkaline and acidic water to form a molecule, will be weakened.",0,0,0,0
424,Neutralization reaction when see the mountains and the base and acidic or basic are weak.,0,0,0,0
425,Neutralization reaction when you meet the mountains and the base. Neutral in the process closer to the original acidic and basic as they get weaker.,0,0,0,0
426,Becoming a neutral phenomenon to becoming acidic and basic.,0,0,0,0
427,"""ì°ì±ì? ìì ì´ì¨ì¼ë¡ ì¸í´ ì°ì±ì ë ê² ëê³ , ì¼ê¸°ì±ì?  ìì°í ì´ì¨ì¼ë¡ ì¸í´ ì¼ê¸°ì±ì ë ê² ëëë° ì´ ë¬¼ì§ë¤ì´ ìì´ê² ëë©´ ìì ì´ì¨ê³¼ ìì°í ì´ì¨ì´ ê²°í©íì¬ ë¬¼ì´ ëì´ ë ì±ì§ì´ ëª¨ë ì½í´ì§?ê¸°",0,0,0,0
428,,0,0,0,0
429,"The side. """,0,0,0,0
430,"Crack crack crack crack crack interpret material damage, interpret material substance material substance material substance material haedongmuljilhaedongmuljilhaedongmuljilhaedongmuljilhaedongmuljilhaedongmuljilhaedongmuljilhaedongmuljil haedongmuljilhaedongmuljilhaedongmuljilhaedongmuljilhaedongmuljilhaedongmuljilhaedongmuljilhaedongmuljil haedongmuljilhaedongmuljilhaedongmuljilhaedongmuljilhaedongmuljilhaedongmuljilhaedongmuljilhaedongmuljil haedongmuljilhaedongmuljilhaedongmuljilhaedongmuljilhaedongmuljilhaedongmuljilhaedongmuljilhaedongmuljil haedongmuljilhaedongmuljilhaedongmuljirida.",0,0,0,0
431,Angistri to Mochi,0,0,0,0
432,Hydroxide ion is in the hydrogen ions and an alkaline solution in the acid into water.,0,0,0,0
433,Blended into China with each other.,0,0,0,0
434,Mountains and properly when they meet the base to be neutralized.,0,0,0,0
435,This is because acids and bases are neutralized when they meet properly.,0,0,0,0
436,It's because it's weaker than acid,0,0,0,0
437,Neutralization occurs and weakens.,0,0,0,0
438,"This is because when acidity and basicity meet at similar rates, a neutralization reaction occurs.",0,0,0,0
439,It's because they're different,0,0,0,0
440,I got tired of fighting,0,0,0,0
441,I got tired of fighting,0,0,0,0
442,Because of the neutralization reaction,0,0,0,0
443,"It's because when things that are opposed to buying meet, a neutralization reaction occurs",0,0,0,0
444,"When the acidic solution is mixed with the basic solution, it becomes neutral, weakening the acidity and, conversely, weakening the basicity",0,0,0,0
445,"When an acid meets a base, a neutralization reaction occurs that produces water and salt",0,0,0,0
446,"As the acid and base meet, they become neutral, so the acid and base become weaker.",0,0,0,0
447,It mixes up and becomes a different substance,0,0,0,0
448,"When an acid and a base meet, hydrogen ions and hydroxide ions meet and neutralize. Therefore, it is natural that the acid and the base meet and weaken.",0,0,0,0
449,I don't know.,0,0,0,0
450,Because of the neutral reaction,0,0,0,0
451,"When acid and base meet, hydrogen ions and hydroxide ions meet and neutralize, which weakens the acid and base.",0,0,0,0
452,"""Basically, chlorine bleach is caused by the redox reaction",0,0,0,0
453,Chlorine gas is produced every time bleach is used,0,0,0,0
454,by weakening the acid and weakening the acid,0,0,0,0
455,Because the solutions are different from each other.,0,0,0,0
456,"This is because if acidity is basic and mala, it approaches neutrality.",0,0,0,0
457,Because acids and bases are not strong,0,0,0,0
458,I don't understand.,0,0,0,0
459,"This is because water is created as the two are synthesized, weakening their properties.",0,0,0,0
460,"When H+ and OH- are combined, they become water.",0,0,0,0
461,It's because the ingredients are different,0,0,0,0
462,I don't understand.,0,0,0,0
463,It's because acidity and basicity make water,0,0,0,0
464,I don't understand.,0,0,0,0
465,"H+ OH- If you combine them, it becomes water, and if you add water, it becomes everythingthe degree of heat",0,0,0,0
466,Water is made,0,0,0,0
467,Acids and bases meet to neutralize,0,0,0,0
468,This is because hydronium ions of the acid and hydroxide ions of the base meet to form water and neutralize it.,0,0,0,0
469,I don't know.,0,0,0,0
470,Hydrogen ions and hydroxide ions meet to become water.,0,0,0,0
471,I don't know this either,0,0,0,0
472,"When an acid meets a base, it becomes water",0,0,0,0
473,"When the acid base meets, it becomes water.",0,0,0,0
474,This is because acids and bases become neutral when they meet.,0,0,0,0
475,"Phenolphthalein is acidic, neutral to colorless, and basic to red, while thymorphthalein is acidic to blue, and neutral to colorless to basic.",0,0,0,0
476,Hydroxides and hydrogen ions meet to make water and become neutralized,0,0,0,0
477,MooMoo's red,0,0,0,0
478,I don't know,0,0,0,0
479,Acid and base are opposite to each other,0,0,0,0
480,Acid and basicity weaken because water is produced when acids and bases meet.,0,0,0,0
481,Don't know,0,0,0,0
482,Chinese jam,0,0,0,0
483,It is because it is neutralized.,0,0,0,0
484,I don't know,0,0,0,0
485,"When the acid and base are neutralized and there are more acids, the base weakens, and when there are more bases, the acid weakens.",0,0,0,0
486,This is because acidity and basicity react to neutralize.,0,0,0,0
487,"Acid has acidic properties because of hydrogen ions and basic properties because of hydroxide ions, so if you mix the two, hydrogen ions and hydroxide ions meet to make water, which weakens the acidity and basic properties.",0,0,0,0
488,A neutralization reaction takes place.,0,0,0,0
489,"Since acid and base ions meet to produce water, the number of ions decreases and weakens.",0,0,0,0
490,This is because neutralization occurs when basic and acidic meet.,0,0,0,0
491,Unknown.,0,0,0,0
492,It's neutralized.,0,0,0,0
493,"Acid means hydrogen ions are contained in the aqueous solution, and basic means hydroxide ions are contained in the aqueous solution. In this case, when hydrogen ions and hydroxide ions meet each other, the liquid property of the aqueous solution is made close to neutral by reacting at a ratio of 1:1 to generate water.",0,0,0,0
494,"Since hydrogen ions and hydroxide ions combine to form water molecules, mixing acids and bases creates water and weakens acidity and basicity. This is called a neutralization reaction.",0,0,0,0
495,"According to Arenius's definition of acid and base, acid is a substance that dissolves in water to release hydrogen ions, and base dissolves in water to release hydroxide ions. When hydroxide ions and hydrogen ions meet, they become water, and since water is neutral, the two properties gradually weaken when acids and bases meet.neutralized",0,0,0,0
496,ããíããë¸ë©°ì²í¸ë¨,0,0,0,0
497,Hmm... I don't know!,0,0,0,0
498,"Acid is red, base is blue",0,0,0,0
499,áá³d ádiot 5ããã66-ã66,0,0,0,0
500,Acid and basic are completely opposite,0,0,0,0
501,"When basic and acidic meet, their properties disappear very elegantly",0,0,0,0
502,intermingled with each other,0,0,0,0
503,It's acidic,0,0,0,0
504,I don't know.,0,0,0,0
505,"What happens when an acid and a base meet? The answer is ""very well""...",0,0,0,0
506,This is because acidity and basicity are the opposite of each other.,0,0,0,0
507,I don't remember,0,0,0,0
508,"When acidity and basicity meet, they become more and more neutral",0,0,0,0
509,"When acids and bases meet, they are neutralized, weakening their properties.",0,0,0,0
510,It's weak,0,0,0,0
511,I don't remember,0,0,0,0
512,Surprising.,0,0,0,0
513,Red cabbage are various indicator neoeoseo made.,0,0,0,0
514,Mwon ;;;;;;;;;; be more than I can't hit you? it if!^,0,0,0,0
515,I do.,0,0,0,0
516,"Acidic and basic silver poles apart, so we have.",0,0,0,0
517,I don't know.,0,0,0,0
518,"Neutral, indicator of cabbage.",0,0,0,0
519,Because it's the median value to meet is acidic and basic.,0,0,0,0
520,That I don't know.,0,0,0,0
521,Don't know,0,0,0,0
522,Acidic and basic properties that are opposed to each other because they have neutralized each other.,0,0,0,0
523,The nature of the opposition and each other.,0,0,0,0
524,Is a component of the opposition and each other.,0,0,0,0
525,Two different house each other.,0,0,0,0
526,.,0,0,0,0
527,398+700=1098,0,0,0,0
528,Acidic and alkaline mix.,0,0,0,0
529,Don't know,0,0,0,0
530,Mountains and base becomes weak when they meet each other.,0,0,0,0
531,"Acidic and basic when you see each other, opposite a frame because that China.",0,0,0,0
532,Remember ...,0,0,0,0
533,I don't remember.,0,0,0,0
534,"Acid has bitter properties, and basic properties have divine properties, so the properties of the two are opposite, so when they meet, the properties of acidity and basicity weaken.",0,0,0,0
535,I don't know.,0,0,0,0
536,Um... I don't remember...,0,0,0,0
537,"This is because acidity and base are different substances, so both weaken when contacted.",0,0,0,0
538,"Because they have different properties, I think strong and weak properties meet and neutral and two properties combine. This is because if you have the same things, you get stronger and if you have different things, you get weaker.",0,0,0,0
539,Don't know,0,0,0,0
540,a stone language,0,0,0,0
541,?,0,0,0,0
542,I don't know.,0,0,0,0
543,I don't like acidity and basicity,0,0,0,0
544,I have no idea.,0,0,0,0
545,Basic and acidic are natural enemies,0,0,0,0
546,Don't know,0,0,0,0
547,"If you add a lot of acidity, it becomes more acidic, and if you add a lot of basicity, it becomes more basic",0,0,0,0
548,I don't know,0,0,0,0
549,I don't know,0,0,0,0
550,M and D,0,0,0,0
551,I don't know,0,0,0,0
552,I don't know.,0,0,0,0
553,It's because the acid removes the basicity,0,0,0,0
554,"This is because when acidity and basicity are mixed, they become neutral.",0,0,0,0
555,"Acid and base have opposite colors and properties, so it can be considered water and oil",0,0,0,0
556,I don't know.,0,0,0,0
557,"""When a base is concentrated, acid is added to the base and the component is reduced. For example, if a base is 10 and an acid is added, the base is dropped to 8.""",0,0,0,0
558,"""",0,0,0,0
559,I don't know,0,0,0,0
560,"Acid and basic properties are opposite, and when the substance meets, it becomes neutral, weakening or disappearing.",0,0,0,0
561,"When you soak red cabbage in hot water, there is a change in color in cabbage, water in cabbage turns red, and cabbage turns blue.",0,0,0,0
562,I don't know.,0,0,0,0
563,I don't know.,0,0,0,0
564,I don't know.,0,0,0,0
565,"When acidity and basicity meet, they become neutralized, which weakens.",0,0,0,0
566,A neutralization reaction occurs.,0,0,0,0
567,I don't know.,0,0,0,0
568,"When an acidic substance and a basic substance meet, hydrogen ions of the acid and hydroxide ions of the base react to form water, so acidity and basicity are weakened.",0,0,0,0
569,This is because hydrogen ions and chloride ions combine to become neutral at a one-to-one ratio,0,0,0,0
570,"When an acid and a base meet, the properties of the two are the opposite, so they merge into intermediate acids It is neutral that exists in the middle, but when basic and acidic meet, they change to neutral, and their properties gradually weaken",0,0,0,0
571,I can't!,0,0,0,0
572,This is because acids and bases are mixed to cause a neutralization reaction.,0,0,0,0
573,This is because acidic and basic substances match each other in a mixed solution and lose their properties,0,0,0,0
574,This is because acidity and basicity meet and their properties gradually decrease.,0,0,0,0
575,I don't know.,0,0,0,0
576,I don't know.,0,0,0,0
577,"When acidity and basicity meet, hydrogen ions and hydroxide ions cause a neutralization reaction to generate water, weakening the acidity and basicity.",0,0,0,0
578,Acid and basicity are combined in the bath solution and both weaken.,0,0,0,0
579,"Since basic and acidic objects eliminate each other's components,",0,0,0,0
580,"This is because when acidic substances and basic substances match each other, they lose each other's components.",0,0,0,0
581,"Since acidity and basicity are opposite to each other, the proportion of others seems to decrease relatively as one is added more.",0,0,0,0
582,This is because a neutralization reaction occurs in which acidic and basic substances meet in a solution and lose their properties.,0,0,0,0
583,I don't know...,0,0,0,0
584,"Hmm, sorry, I don't know",0,0,0,0
585,"In the mixed solution, acidic and basic substances pair up and lose their respective properties",0,0,0,0
586,It loses its properties as acidic and basic substances pair up in a mixed solution,0,0,0,0
587,"When an acid meets a basic star, each other's power weakens.",0,0,0,0
588,"If the proportion of basic solutions is less than that of acidic solutions, of course, the basicity is weakened, and if the proportion of acidic solutions is less than that of basic solutions, of course, the acidity is weakened^6^",0,0,0,0
589,"If you add more acidity, of course, the acidity will be stronger, and if you add more basicity, won't it be more basic?",0,0,0,0
590,"Since the acidic material releases hydrogen ions in the aqueous solution, and the basic material releases hydroxide ions in the aqueous solution, when the acid and the base meet, hydrogen ions and hydroxide ions combine to change into water and the temperature rises.",0,0,0,0
591,I don't know.,0,0,0,0
592,f,0,0,0,0
593,This is because different substances that are basic and acidic meet in the mixed solution and lose their properties.,0,0,0,0
594,"The common property of an acid is hydrogen ion, and the common property of a base is hydroxide ion. However, hydrogen ions and hydroxide ions form water through ionic bonds, so when an acid and a base meet, both properties weaken.Acids and bases are opposite properties, so when mixed, their properties weaken.",0,0,0,0
595,I don't know,0,0,0,0
596,"Acids and bases are mutually compatible, so they weaken each other",0,0,0,0
597,Forgot.,0,0,0,0
598,The acid and base are different,0,0,0,0
599,???,0,0,0,0
600,This is because they fight among themselves when acidity and basicity meet.,0,0,0,0
601,"""I don't know",0,0,0,0
602,"""",0,0,0,0
603,I have no idea.,0,0,0,0
604,"The opposite property becomes stronger, so the original property weakens.",0,0,0,0
605,I don't know.,0,0,0,0
606,I don't know,0,0,0,0
607,"Because acidity and basicity have different properties, they mix and weaken each other when they meet",0,0,0,0
608,I don't know,0,0,0,0
609,I don't know.,0,0,0,0
610,I don't know.,0,0,0,0
611,This is because the combined acidity and basicity weakens the power of parasitism and basicity,0,0,0,0
612,I don't know,0,0,0,0
613,You could say that it's neutral right in the middle of the kaleidoscope and the acid.,0,0,0,0
614,I don't know.,0,0,0,0
615,This is because acidity and basicity have opposite properties.,0,0,0,0
616,I don't know,0,0,0,0
617,I don't know,0,0,0,0
618,"When acidity dissolves in water, hydrogen ions are generated, and basicity receives hydrogen ions when dissolved in water, so neutrality is maintained.",0,0,0,0
619,I don't know.,0,0,0,0
620,This is because basicity and acidity are different in the first place.,0,0,0,0
621,Because the opposite properties of each other override each other's concentration,0,0,0,0
622,Neutralization reaction lol,0,0,0,0
623,"They have opposite properties, so when mixed, they cancel each other out.",0,0,0,0
624,It's because of the neutralization reaction,0,0,0,0
625,It neutralizes the skin and makes it neutral,0,0,0,0
626,"As acidity and basicity neutralize each other, either side weakens when they meet each other",0,0,0,0
627,It is because of the neutralization phenomenon.,0,0,0,0
628,This is due to the neutralization of acid hydrogen ions and base hydroxide ions that meet and become water.,0,0,0,0
629,Weakened by neutralization.,0,0,0,0
630,Acids and bases neutralize each other,0,0,0,0
631,neutralization,0,0,0,0
632,It is because of the neutralization phenomenon.,0,0,0,0
633,Acids and bases relieve each other when they meet.,0,0,0,0
634,"When an acid meets a base, both the acid and the base concentration are weakened through neutralization of the acid carboxyl group and the amino group of the base react to produce water.",0,0,0,0
635,I guess it's neutralizing,0,0,0,0
636,Acids and bases become neutral and weaken when they meet,0,0,0,0
637,Neutral effects occur,0,0,0,0
638,I don't know.,0,0,0,0
639,"The reaction takes place and becomes neutral, with no properties of both acidic and basic",0,0,0,0
640,The ingredients are different,0,0,0,0
641,The ingredients are different,0,0,0,0
642,"When acidity and basicity are combined, a neutralization reaction occurs",0,0,0,0
643,"I think it's because when acidity and basicity are combined, a neutralization reaction occurs!ââââ",0,0,0,0
644,"This is because when acidity and basicity meet, a neutralization reaction occurs.",0,0,0,0
645,"As an acid base reagent, the color of the acid base reagent varies depending on the pH (hydrogen ion index). The acid base reagent itself is a weak acid or weak base. If you drop one or two drops of an indicator, which is a weak acid, in an acidic solution, hydrogen attached to the indicator does not come off easily. This is because there are already many hydrogen ions in the solution. However, if a basic substance is added to the solution little by little, the concentration of hydrogen ions in the solution decreases, so that the hydrogen attached to the indicator is dissociated and the number of molecules present in an ionic state increases. As the acidity of the solution changes, the number of indicator molecules whose molecular structure changes increases, and the color of the molecule changes as the molecular structure changes. By observing the color that appears, you can find the approximate pH and find the neutralization point. The range of pH, which gradually changes the color of the indicator, is called the discoloration range, which varies from indicator to indicator.",0,0,0,0
646,"This is because when acidity and basicity meet, a neutralization reaction occurs.",0,0,0,0
647,Neutralization occurs when acidity and basicity meet,0,0,0,0
648,This is because neutralization occurs when acidity and astigmatism meet.,0,0,0,0
649,"When acidity and basicity meet, a neutralization reaction occurs, resulting in no properties",0,0,0,0
650,It's because acidity and basicity meet and neutralization occurs,0,0,0,0
651,"Acid and basic are the opposite components, so they weaken when they meet",0,0,0,0
652,"I'm sorry, I don't know. I'm sorry",0,0,0,0
653,Acid and basic meet and neutralize,0,0,0,0
654,"When acidity and basicity meet, a neutralization reaction occurs and no conditions appear",0,0,0,0
655,Neutralization occurs when acidity and basicity meet,0,0,0,0
656,"When acidity and basicity meet, a neutralization reaction occurs, so acidity and basicity weaken.",0,0,0,0
657,"This is because when acidity and basicity meet, a neutralization reaction occurs.",0,0,0,0
658,"When acidity and basicity meet, neutralization occurs, so there is no properties",0,0,0,0
659,"Since acidity and basicity are opposite components, they weaken when acidity and basicity meet.",0,0,0,0
660,This is because a neutralization reaction occurs when an acidity and a basicity meet,0,0,0,0
661,Neutralization occurs when acidity and basicity meet,0,0,0,0
662,"When acidity and basicity meet, a neutralization reaction occurs, resulting in no properties",0,0,0,0
663,I don't know.,0,0,0,0
664,I don't know,0,0,0,0
665,M and D,0,0,0,0
666,I don't understand.,0,0,0,0
667,M and D,0,0,0,0
668,"""",0,0,0,0
669,I don't understand.,0,0,0,0
670,"""",0,0,0,0
671,(Playing with words),0,0,0,0
672,M and D,0,0,0,0
673,I don't understand.,0,0,0,0
674,Mall,0,0,0,0
675,I don't know,0,0,0,0
676,I don't understand.,0,0,0,0
677,I don't understand.,0,0,0,0
678,M and D,0,0,0,0
679,I don't understand.,0,0,0,0
680,I do.,0,0,0,0
681,I don't know,0,0,0,0
682,I don't know.,0,0,0,0
683,M and D,0,0,0,0
684,I don't know,0,0,0,0
685,I don't understand.,0,0,0,0
686,It's because acidity and basicity are neutralized,0,0,0,0
687,I don't know.,0,0,0,0
688,"This is because when an acidic solution is mixed with a basic solution, the acidic and basic substances are paired together",0,0,0,0
689,"This is because when acidic and basic meet, these acidic and basic components are mixed and neutralized.",0,0,0,0
690,"When acidity and basicity meet, a neutralization reaction occurs, resulting in a state of no properties",0,0,0,0
691,.,0,0,0,0
692,M and D,0,0,0,0
693,I don't know.It neutralizes when it's acidic and basic,0,0,0,0
694,Neutralized,0,0,0,0
695,I don't know,0,0,0,0
696,The color changes.,0,0,0,0
697,"I did it when I was in 5th grade, but I don't remember",0,0,0,0
698,Don't know,0,0,0,0
699,I don't know,0,0,0,0
700,"Since the contents are reversed,",0,0,0,0
701,I don't know...,0,0,0,0
702,It's because the two have different characteristics.,0,0,0,0
703,You two are mixed,0,0,0,0
704,I don't know.,0,0,0,0
705,Because they're the opposite,0,0,0,0
706,?,0,0,0,0
707,The red cabbage is...,0,0,0,0
708,Because they are different things.,0,0,0,0
709,It's because it's different,0,0,0,0
710,Basic and acidic properties are different.,0,0,0,0
711,I forgot.,0,0,0,0
712,"Because acidity and basicity are different properties, when they meet, their properties are reversed and weakened",0,0,0,0
713,There are components that weaken each other,0,0,0,0
714,I guess it's neutral,0,0,0,0
715,??????????????????????????????????????????????????? I don't know...,0,0,0,0
716,"It has a property that weakens the basicity of the sheep,",0,0,0,0
717,"So when they're together, they're both acidic and basic, and if they're basic, and a little more basic, they're acidic",0,0,0,0
718,"If you spill the indicator, the acidity will weaken",0,0,0,0
719,???,0,0,0,0
720,This is because acidity and basicity have opposite characteristics.,0,0,0,0
721,"""Let's assume that the acidity is + and the basicity is -.",0,0,0,0
722,"1+0=1-1=0.""",0,0,0,0
723,Because they're the opposite,0,0,0,0
724,I don't know,0,0,0,0
725,This is because acidity and basicity are opposite substances.,0,0,0,0
726,"When acidity and basicity are mixed, they lose each other's power little by little and weaken.",0,0,0,0
727,It is because we lose each other's power little by little.,0,0,0,0
728,The red cabbage has something inside it,0,0,0,0
729,"Acid and base meet, they become weak because they meet strong things",0,0,0,0
730,experiment like science,0,0,0,0
731,I don't know.,0,0,0,0
732,Pass.,0,0,0,0
733,I don't know,0,0,0,0
734,It's going to be far,0,0,0,0
735,I don't know.,0,0,0,0
736,PASS,0,0,0,0
737,I don't understand.,0,0,0,0
738,I don't know.,0,0,0,0
739,It's just that I got messed up,0,0,0,0
740,"There is a neutral effect between acidity and basicity, so the appropriate combination of acidity and basicity is a combination of acid and basicity",0,0,0,0
741,"There is a neutral between basicity and acidity, and when mixed, it is close to neutral because the components are opposite to each other.",0,0,0,0
742,H+ and OH- produce H2O to create neutrality.,0,0,0,0
743,"Since the acid gives H+ and the base gives OH- or accepts H+, it conflicts with each other and has an offset effect.",0,0,0,0
744,H+ and OH- make H2O and become neutral.,0,0,0,0
745,This is because acids and bases react and become neutralized.,0,0,0,0
746,"Because when you two meet, you become neutralized",0,0,0,0
747,1234,0,0,0,0
748,I don't know,0,0,0,0
749,123,0,0,0,0
750,123,0,0,0,0
751,123,0,0,0,0
752,"Oh, my",0,0,0,0
753,1234,0,0,0,0
754,k,0,0,0,0
755,It's not very basic,0,0,0,0
756,123,0,0,0,0
757,The acid line and the base line are natural,0,0,0,0
758,123,0,0,0,0
759,"If you add an acidic solution and a basic solution together, it's a weird combination",0,0,0,0
760,Dyeing,0,0,0,0
761,"If you add an acidic solution and a basic solution together, it's a weird combination",0,0,0,0
762,Because I put in potions,0,0,0,0
763,"Acid can melt anything, and I don't know the base",0,0,0,0
764,I don't know~,0,0,0,0
765,I don't know.,0,0,0,0
766,I don't know~,0,0,0,0
767,123,0,0,0,0
768,It's not up to us,0,0,0,0
769,I don't know.,0,0,0,0
770,I can't explain it in detail,0,0,0,0
771,I'm sorry. I don't know for the life of me.,0,0,0,0
772,I don't know.,0,0,0,0
773,I don't know,0,0,0,0
774,I don't know,0,0,0,0
775,in neutral,0,0,0,0
776,......,0,0,0,0
777,become weaker and weaker in harmony,0,0,0,0
778,"""I count them both, and I push them both.",0,0,0,0
779,"""",0,0,0,0
780,I don't understand.,0,0,0,0
781,I don't understand.,0,0,0,0
782,I don't know.,0,0,0,0
783,...,0,0,0,0
784,Because they lose their respective properties,0,0,0,0
785,The strong two acids and bases meet and weaken.,0,0,0,0
786,It's because it's the opposite.,0,0,0,0
787,Acid decay in other things weakens.,0,0,0,0
788,"Because acidity and basicity are opposite substances, they weaken each other when they meet each other.",0,0,0,0
789,I don't know,0,0,0,0
790,This is because they have different properties.,0,0,0,0
791,I don't know,0,0,0,0
792,"Both properties weaken because H+ from the acid binds back to the base, or OH- from the base and H+ from the acid combine to form H2O, or neutral substances.The acid produces H+ and the base combines it with H2O because it produces OH-.",0,0,0,0
793,"Acids and bases react and neutralize. As a result, the concentration is lowered, so the acidity and basicity are weakened.",0,0,0,0
794,This is because H+ ions and OH- ions meet to become H2O (neutral).,0,0,0,0
795,offset by neutralization,0,0,0,0
796,become H+ + OH- -> H2O and neutralize.,0,0,0,0
797,H+ ions and OH- ions meet to become H2O.,0,0,0,0
798,"Because of the neutralization of acids and bases,",0,0,0,0
799,buffering action,0,0,0,0
800,"Since the acid is H+ and the base is OH-, H3o+ + OH- -> 2H2O becomes neutral.",0,0,0,0
801,"Acid H+ and basic OH- meet to become H2O, weakening the acidity and basicity.",0,0,0,0
802,Since H3O+ + OH- -> 2H2O,0,0,0,0
803,This is because a neutralization reaction occurs.,0,0,0,0
804,I don't know,0,0,0,0
805,Acids and bases weaken when they meet,0,0,0,0
806,"They are opposite each other, so when they meet, they get rid of each other and become weak.",0,0,0,0
807,It's neutralizing,0,0,0,0
808,"There is a neutrality between acids and bases Therefore, the acidity weakens when you put it in the acid, and vice versa",0,0,0,0
809,"This is because when acidity and basicity are mixed, they become neutral.",0,0,0,0
810,have no knowledge,0,0,0,0
811,I don't know,0,0,0,0
812,I don't know.,0,0,0,0
813,neutrality,0,0,0,0
814,You two are in sync,0,0,0,0
815,It's a basic ingredient that weakens the acidity.,0,0,0,0
816,"When acidity and basicity meet, the acidity and basicity weaken because they are close to neutral.",0,0,0,0
817,I don't know.,0,0,0,0
818,Neutral neutral hehehe,0,0,0,0
819,This is because it represents neutrality.,0,0,0,0
820,"Since the ratio of the acid to the base becomes neutral when it is met, the acid and base become neutral as they become closer to the neutral, decreasing the acidity and base",0,0,0,0
821,The acid is red and the base is blue,0,0,0,0
822,be due to neutrality,0,0,0,0
823,"This is because when acidity and basicity meet, they try to become neutral.",0,0,0,0
824,"Because it's opposite, it's getting closer to neutrality",0,0,0,0
825,"Acids and bases have opposite properties, so when they meet, they become neutral",0,0,0,0
826,This is because acidity and basicity are contrasting properties.,0,0,0,0
827,Acid and basicity lower each other's temperature when they meet each other,0,0,0,0
828,I just did the experiment and forgot the results,0,0,0,0
829,"Acid and basicity exhibit opposite properties, so when acidity and basicity meet, they become neutral.",0,0,0,0
830,"Because acidity and basicity have opposite properties, they weaken each other when they meet.",0,0,0,0
831,"When acidic and basic are mixed, they turn into neutral substances and lose their acidic and basic properties.",0,0,0,0
832,Don't know,0,0,0,0
833,?,0,0,0,0
834,I don't know,0,0,0,0
835,It's going to explode,0,0,0,0
836,#NAME?,0,0,0,0
837,Acid and oxygen bases are basic,0,0,0,0
838,Acid wins Uncertain.,0,0,0,0
839,"When there's a fire, it'",0,0,0,0
840,Because the two Hanseong meet together,0,0,0,0
841,This is because the two are mixed and neutralized.,0,0,0,0
842,"There's something acidic and basic, but if you mix it up, you can't do it right?",0,0,0,0
843,"This is because when acidity and basicity meet, the components evaporate.",0,0,0,0
844,It's mixed and neutralized,0,0,0,0
845,This is the same reason why some foods are sprayed with lemon to catch the smell,0,0,0,0
846,"As strong forces collide with each other, they become weaker and weaker.",0,0,0,0
847,"When acidic or basic acidity is added to the acidity, it causes a neutralization reaction, weakening the acidity, and weakening the basicity.",0,0,0,0
848,"When an acid meets a base, the acidity and basicity are weakened by a neutralization reaction.",0,0,0,0
849,"This is because if you put basic substances in an acidic substance, the acidity weakens",0,0,0,0
850,"This is because when basic substances are added to acidic substances, a neutralization reaction occurs, in which the acidity weakens.",0,0,0,0
851,Acids and bases decay by neutralization,0,0,0,0
852,"According to the Bronsted Lowry base, acids release hydrogen ions and bases release hydroxide ions. When an acid and a base meet, hydrogen ions and hydroxide ions meet to create water, which causes a neutralization reaction. As a result, acidity and basicity are weakened.",0,0,0,0
853,Acid and basicity weaken because a neutralization reaction occurs when an acid meets a base.,0,0,0,0
854,Acid and basicity weaken because a neutralization reaction occurs when an acid meets a base.,0,0,0,0
855,Because acids and bases neutralize when they meet.,0,0,0,0
856,"Acid means pH less than 7 and basic means more than 7, which is the -log [H+] The more hydrogen ions, the more acidic they are, and the less hydrogen ions, the more basic they are. When acidity and basicity meet, the ions are reduced or increased in concentration of hydrogen ions through chemical reactions, which are different from their original values.",0,0,0,0
857,Neutralized by neutralization.,0,0,0,0
858,I don't know,0,0,0,0
859,Each property is weakened by acid base neutralization because acids and bases try to mix when they meet each other.,0,0,0,0
860,"When acidity and basicity are mixed, hydrogen ions and hydroxide ions meet to form water, which lowers the concentration of hydrogen ions and increases the pH",0,0,0,0
861,"Acid is low in pH and basic is high in pH, because when the two meet, a neutralization reaction occurs.",0,0,0,0
862,"Acidic substances emit hydrogen ions, and basic substances receive hydrogen ions. When the two meet, a neutralization reaction occurs, which weakens each other's properties.",0,0,0,0
863,I don't know,0,0,0,0
864,"The H+ and OH- amounts in the solution distinguish between acids and bases and determine their strength. If the number is low based on the neutral pH 7, it is called basic if the acid is high, where pH means -log[H+], so the higher the hydrogen ions, the lower the pH value. When H+ and OH- meet, water-producing reactions occur, so when acidity and basicity are mixed, hydrogen ions and hydroxide ions in each solution combine with water, weakening the acidity and basicity.",0,0,0,0
865,I don't know,0,0,0,0
866,I don't know,0,0,0,0
867,I don't know,0,0,0,0
868,I don't understand.,0,0,0,0
869,"Acid and basicity react with each other through a neutralization reaction to create a neutral molecule called water, which weakens the acidity and basicity.",0,0,0,0
870,"If you think that acidic basicity will be divided by H+ OH-ions because it is a solution, adding an acidic solution and basic solution weakens the acidic basicity as the two ions meet to produce water.",0,0,0,0
871,"Acid has the property of releasing H+, and basic has the tongue that absorbs H+. Therefore, when basic and acidic meet, the pH changes because the concentration of H+ changes.",0,0,0,0
872,I don't know,0,0,0,0
873,I don't know,0,0,0,0
874,Hydrogen ions of the neutralization reaction acid and hydroxyl ions of the base meet to become water,0,0,0,0
875,I don't know,0,0,0,0
876,Evaluation Only. Created with Aspose.Cells for Python via Java.Copyright 2003 - 2022 Aspose Pty Ltd.,0,0,0,0
