,"19. Many environmental groups have recently warned that a decline in biodiversity could pose a global risk. Recently, the number of species has been decreasing rapidly. Why is the number of endangered species increasing recently? Let's explain in detail using our knowledge of biodiversity. ",climate change,respect for life,environmental destruction,biological effects,human activity
0,Solar,0,0,0,0,0
1,It's M and D,0,0,0,0,0
2,It is difficult for animals and plants to live because the environment is getting worse,0,0,0,0,0
3,The climate has changed,0,0,0,0,0
4,"""People are destroying their homes",0,0,0,0,0
5,"Because my place to live disappears.""",0,0,0,0,0
6,"Because of global warming, living things are sensitive to temperature and gradually decrease.",0,0,0,0,0
7,The environment is being destroyed,0,0,0,0,0
8,Humans catch one animal and the ecosystem pyramid collapses,0,0,0,0,0
9,The environmental pollution caused by scientific development has become serious,0,0,0,0,0
10,Illegal import or illegal dumping of exotic animals and plants,0,0,0,0,0
11,This is because the habitat of living things is disappearing due to global warming.,0,0,0,0,0
12,It destroys the environment,0,0,0,0,0
13,It is because of the indiscriminate capture and hunting of humans.,0,0,0,0,0
14,The food chain is not balanced due to global warming and a decrease in the number of prey,0,0,0,0,0
15,"When greenhouse gases increase on Earth and warm up, small creatures, heat-resistant animals, and plants die. Then the animal that ate it dies and becomes extinct.",0,0,0,0,0
16,The environment is polluted,0,0,0,0,0
17,"""If there's a lot of living things, there are fewer living things that are eaten.""",0,0,0,0,0
18,"I eat foreign papers indiscriminately.""",0,0,0,0,0
19,Because of environmental pollution and people killing animals.,0,0,0,0,0
20,Global warming,0,0,0,0,0
21,Because many people hunt,0,0,0,0,0
22,environmental pollution,0,0,0,0,0
23,This is because people polluted the environment for industrial development.,0,0,0,0,0
24,People will catch you...,0,0,0,0,0
25,This is because the Earth's environment is polluted and creatures lose their place to live.,0,0,0,0,0
26,Humans destroy the environment,0,0,0,0,0
27,"This is because the natural environment has disappeared as research complexes and apartments increase, leaving no place for animals and plants to live.",0,0,0,0,0
28,Gene is about mutation.,0,0,0,0,0
29,Indiscriminate area of the human expansion.,0,0,0,0,0
30,Global warming.,0,0,0,0,0
31,"Earth's average temperature rise, the increase in CO2 greenhouse effect.",0,0,0,0,0
32,"Global warming, air pollution due to climate change is happening.",1,0,0,0,0
33,ìíê³ë ë¨¹ì´ì¬ì¬ì íµí´ ëª¨ë  ìë¬¼ë¤ì´ ê¸´ë°?íê² ì°ê´?ëì´ ìëë° íì¬ ì¸ê°ì ììë­ë¹ì? ìë¬¼ì ì¡´ìì±ì ë¬´ì ëë¬¸ì ìë¬¼ì ë§ë¤ë£¨ì´ì ìë¬¼ì´ ë©¸ì¢íê²ëë©´ì? ê·¸ì ë°ë¼ ìì ììê³ì¸µì ìë¬¼ë¤ë ë©¸ì¢ìê¸°ìíì ëì¼ ì ìë¤.,0,0,0,0,0
34,Moreuk ss seubini.,0,0,0,0,0
35,Indiscriminate area of the human expansion and environmental degradation.,0,0,0,0,0
36,Global warming is becoming worse.,0,0,0,0,0
37,"Men destroy the nature and indiscriminate use of, e.g. due to hunting and logging.",0,0,0,0,0
38,Global warming,0,0,0,0,0
39,"One of the species become extinct, affects between the biological food chain that has destroyed life as an endangered species is increasing.",0,0,0,0,0
40,"ì§?êµ¬ ì¨ëíë¡ ì¸í ê¸°í ë³?íë¡ ë¶ê·¹ì ë¹íê°ìë¡ ë¶ê·¹ìë¬¼ ê°ì , ìë µ ì¦ê°?ì? ìë§ì¡´ ë°?ë¦¼ íê´´ ë±ì¼ë¡ ìíê³ê°? íê´´ëì´ ëë¬¼ë¤ì ê±°ì²ê°? ì¬ë¼ì§?ê³  ìì´ì ì´ë¤.",0,0,0,0,0
41,"For wild animals in human beings took their livelihood, because the destruction of the environment.",0,0,0,0,0
42,Selection by natural selection. The survival of the fittest survival of the fittest.,0,0,0,0,0
43,"An endangered species is increasing because of global warming, which can see. Most representatively, polar bears and Arctic foxes live in the Arctic because of warming.",0,0,0,0,0
44,"Due to environmental pollution, nature changes and creatures die because they cannot adapt.",0,0,0,0,0
45,Endangered species are increasing due to indiscriminate hunting by humans and the generation of greenhouse gases.,0,0,0,0,0
46,It's because of poachers.,0,0,0,0,0
47,It is because of global warming.,0,0,0,0,0
48,This is because the destruction of the ecosystem due to environmental pollution eliminates the habitat for living things.,0,0,0,0,0
49,It is because of global warming.,0,0,0,0,0
50,"This is because animals living in clean areas lose their places to live due to environmental pollution, and the population gradually decreases, and many animals die due to reckless hunting activities. As a result, the food chain system collapses, affecting other species, and the population is gradually decreasing.",0,0,0,0,0
51,Global warming can reduce the number of species living in the region as temperatures in the polar regions drop. Deforestation can also reduce species in forests and rainforests.,0,0,0,0,0
52,"Global warming, hunting endangered species, reckless deforestation, etc",0,0,0,0,0
53,The number of endangered species is increasing as the ecosystem is decimated by climate change caused by global warming,1,0,0,0,0
54,The food chain is broken,0,0,0,0,0
55,"This is because the development of humans and the use of fossil fuels have raised the temperature of the Earth and the climate has changed dramatically, reducing the survival of animals.",0,0,0,0,0
56,"Marine pollution, air pollution and soil pollution have destroyed the habitat of living things",0,0,0,0,0
57,"The problem with food webs reduces biodiversity.""",0,0,0,0,0
58,I don't know,0,0,0,0,0
59,This is due to habitat loss and environmental pollution caused by reckless hunting and development.,0,0,0,0,0
60,Collapse of food chain relationships,0,0,0,0,0
61,"As the times change, as various new electronic products or transportation methods develop, the resulting fuel causes forest destruction or global warming, which changes the environment, reducing biodiversity.",0,0,0,0,0
62,I don't know.,0,0,0,0,0
63,I don't know,0,0,0,0,0
64,I don't know,0,0,0,0,0
65,Don't know,0,0,0,0,0
66,I don't know.,0,0,0,0,0
67,I don't know.,0,0,0,0,0
68,I don't know,0,0,0,0,0
69,I don't know,0,0,0,0,0
70,I don't know,0,0,0,0,0
71,I don't know,0,0,0,0,0
72,As long as there's no human being,0,0,0,0,0
73,"""R,R,R,R,R""",0,0,0,0,0
74,I'm so sorry..,0,0,0,0,0
75,People are so cruel.,0,0,0,0,0
76,This is because people mercilessly kill animals that will bring their own benefits for their own benefit. Another reason is that some of the creatures die because of global climate change caused by global warming.,1,0,0,0,0
77,It's either human killing or global warming,0,0,0,0,0
78,"jjkcjkljdkjkdjiojuidujiajdkjkdjfjriudohou58869ijkjjjfkksj,jkjkfjkjjjkdjkafjkfjkjkkjjkfjjfkdkjjkjkjkjkjkdrfjkjkfjkjk",0,0,0,0,0
79,"This is because people use animals' skins or flesh to get money, and people use them as they want in hunting.",0,0,0,0,0
80,I don't know.,0,0,0,0,0
81,Because people are destroying the ecosystem,0,0,0,0,0
82,"More and more people are cutting mountains and damaging nature for the development of the human world. Even if a forest fire occurs due to carelessness in the mountains, there is less space for creatures to live in nature, resulting in endangered species.",0,0,0,0,0
83,I don't know.,0,0,0,0,0
84,It's just like slaughtering for human gain.,0,0,0,0,0
85,The reason is that global warming is getting worse due to carbon dioxide and the number of endangered species is increasing due to climate change.,1,0,0,0,0
86,"Because the natural environment was ruined by humans running factories,",0,0,0,0,0
87,I don't know.,0,0,0,0,0
88,"G;;F,GLF,D'L;G,DF;'G.",0,0,0,0,0
89,"People have ruthlessly destroyed the environment, so there is no environment where living things can live anymore.",0,0,0,0,0
90,This is because the environment is being turned into a situation where endangered species are difficult to live by humans.,0,0,0,0,0
91,The natural environment has changed,0,0,0,0,0
92,We are undermining nature to make it easier We need new resources that are new and do not harm nature,0,0,0,0,0
93,It is because of the destruction of the habitat of commodities and the reckless development and indiscriminate development of people. It's also because genetically modified organisms kill and disproportionate the ecological pyramid.,0,0,0,0,0
94,"The environmental pollution is getting worse by throwing away trash, polluting water, and using a lot of disposable products.",0,0,0,0,0
95,This is because people pollute the natural environment and global warming is getting worse,0,0,0,0,0
96,"Because of global warming,",0,0,0,0,0
97,"Because humans are destroying the environment, the environment in which animals can live has decreased",0,0,0,0,0
98,"Global warming, when a species disappears, consumers eat less and lessGlobal warming",0,0,0,0,0
99,"There are many reasons. The most famous global warming has caused global temperatures to rise by about 1 degree, causing glaciers to melt and reduce biodiversity, and the other is to become microplastics by decomposition by ocean currents, becoming food for living things or deteriorating health. Other than that, there are problems such as factories.",0,0,0,0,0
100,"Humans make machines that emit carbon dioxide, such as automobiles, and the carbon dioxide pollutes the atmosphere, causing acid rain and water pollution. The water is flowing into the sea, causing fish to become extinct or endangered by algal blooms. This is because the vicious cycle is repeated as humans endangered the life of the tidal flat due to reclamation projects and torpedo forests for farming and livestock.",0,0,0,0,0
101,"When the final predator's prey disappears, the final predator also disappears, so there are people cutting down factory trees, garbage, etc. Therefore, the environment is destroyed and it is difficult for animals to live, so the animals are gradually disappearing.",0,0,0,0,0
102,"Some animals have lost their homes because of global warming, and many are sacrificed to make fur coats or something.There is also a lot of damage to animals from trafficking by poachers.",0,0,0,0,0
103,"Environmental pollution occurs due to the use of disposable products, and the environment in which living organisms live is lost. For example, fish that live in the first grade lose their place to live as the water quality they live in decreases, and eventually become endangered.",0,0,0,0,0
104,I don't know.,0,0,0,0,0
105,Global warming intensifies and endangered species increase.,0,0,0,0,0
106,It is good to instill a sense of familiarity with animals in people because Korea kills them very gently and emotionlessly,0,0,0,0,0
107,The environmental pollution is getting worse,0,0,0,0,0
108,This is because people indiscriminately kill and catch natural animals for their own benefit.,0,0,0,0,0
109,Climate change reduces biodiversity,0,0,0,0,0
110,"Endangered Species Increase The reason for the extinction of many living things is because of human activities, cutting down trees and removing forests to build factories destroyed wildlife habitats, and human collection and hunting also made wildlife extinct",0,0,0,0,0
111,"The main cause of the increase in endangered species and the extinction of many living things is closely related to human activity, the habitat of living things has been destroyed by cutting down forest trees or removing wetlands, and wild animals and plants have been rapidly reduced by indiscriminate collection and hunting. In addition, it is difficult to bring in foreign creatures and live in the area, and environmental pollution and climate change are occurring, changing the habitat environment. Due to such human activities, the biodiversity of the Earth is currently decreasing at a very rapid rate. Biodiversity is reduced due to habitat destruction, reckless overfishing, foreign life, and climate change.",1,0,0,0,1
112,The number of extinct animals increases and disappears because humans take away and destroy their habitats and food,0,0,0,0,0
113,Endangered species increase because animals and plants have no place to sleep or rest because many people pollute the environment and destroy their homes.,0,0,0,0,0
114,"Biodiversity is decreasing a lot due to various exotic species and climate change, such as cutting down trees and destroying food in animals",1,0,0,0,0
115,"The main cause of the increase in endangered species and the extinction of many living things is closely related to human activity. The habitat of living things has been destroyed by cutting down trees or removing wetlands in the forest, and the population of wild animals and plants is rapidly decreasing due to indiscriminate collection and hunting.It is difficult to bring in foreign creatures and live in the area, and the environment of the habitat is changing due to environmental pollution and climate change. Due to such human activities, the biodiversity of the Earth is currently decreasing at a very rapid rate. Habitat climate change reduces biodiversity.",1,0,0,0,1
116,Because of environmental pollution,0,0,0,0,0
117,"Biodiversity is changed by human activities, and biodiversity decreases due to habitat destruction and indiscriminate overfishing.",0,0,0,0,0
118,M and D,0,0,0,0,0
119,"Global warming is caused by selfish actions by people, and animals are rapidly extinct due to various disasters and human greed.",0,0,0,0,0
120,This is because the natural environment is being destroyed.,0,0,0,0,0
121,It's because people are cutting down trees to get rid of animals',0,0,0,0,0
122,We made it dirty,0,0,0,0,0
123,environmental pollution,0,0,0,0,0
124,It is because people throw away trash and become environmental pollution,0,0,0,0,0
125,"Because of people's bad habits and greed,",0,0,0,0,0
126,"We are adapted to the environment in which each living thing lives, because global warming makes the earth hot, and rivers are polluted, so we cannot find food.",0,0,0,0,0
127,"""",0,0,0,0,0
128,This is because the earth is angry and global warming has occurred,0,0,0,0,0
129,It's because humans have destroyed the environment and deprived animals of their homes and buildings,0,0,0,0,0
130,"Because of the environmental pollution, the temperature and surrounding environment changed a lot?",0,0,0,0,0
131,You must miss it,0,0,0,0,0
132,"The endangered species increase as we develop and the waste we burn in the factory is dumped in the environment, polluting the habitat of living things.",0,0,0,0,0
133,The reason why life forms in the Myungjong crisis is due to environmental pollution problems.,0,0,0,0,0
134,Either the primary consumer is gone or the tertiary consumer is gone,0,0,0,0,0
135,I don't know^^,0,0,0,0,0
136,in the decline of living things,0,0,0,0,0
137,"Due to the change in global temperature, there is no snow in winter, there is little rain in summer, and ice is melting, and the primary consumer becomes extinct because he or she cannot eat it",0,0,0,0,0
138,Because people are taking him,0,0,0,0,0
139,People throw garbage anywhere and cut down trees for development,0,0,0,0,0
140,"As the country develops, it destroys nature and pollutes many environments. e.g. The emission of raw gas from cars is causing a lot of pollution, which seems to damage nature such as endangered animals.",0,0,0,0,0
141,(Laughing,0,0,0,0,0
142,I think it's because of climate change caused by global warming,1,0,0,0,0
143,"As the number of top predators increases, many other animals are eaten",0,0,0,0,0
144,"The Earth's ecosystem is destroying, so it's hard to make food chain",0,0,0,0,0
145,Global warming,0,0,0,0,0
146,"People don't spare their animals, they're catching them, they're getting more and more global warming",0,0,0,0,0
147,"People think it's dangerous, so they're gonna kill you",0,0,0,0,0
148,Endangered species are increasing due to global warming caused by environmental pollution.,0,0,0,0,0
149,This is because people are not very aware of the importance of animals and plants,0,0,0,0,0
150,Endangered polar bears are disappearing due to natural destruction.,0,0,0,0,0
151,"Because people hunt indiscriminately, or they repel nature",0,0,0,0,0
152,environmental pollution,0,0,0,0,0
153,This is because it is becoming an environment where animals and plants cannot live due to environmental pollution and global warming.,0,0,0,0,0
154,People's greed is endless,0,0,0,0,0
155,"Endangered animals are increasing because of the destruction of people's natural environment and global warming, which is causing the death of living things.",0,0,0,0,0
156,"Because the environmental pollution problem is serious,",0,0,0,0,0
157,This is because the environmental pollution problem is serious.,0,0,0,0,0
158,"""In order for people to live on other living things,",0,0,0,0,0
159,"""I studied and imagined""",0,0,0,0,0
160,This is because the environmental pollution problem is getting serious.,0,0,0,0,0
161,Global warming?,0,0,0,0,0
162,More meat and less herbivores,0,0,0,0,0
163,"Due to the destruction of many human nature, many animals have disappeared and endangered species have recently increased.",0,0,0,0,0
164,"""The environment is getting worse",0,0,0,0,0
165,"""",0,0,0,0,0
166,I don't know.,0,0,0,0,0
167,I spent too much smoke in the factory. The brush strokes melted away,0,0,0,0,0
168,I died a lot,0,0,0,0,0
169,There is too little biodiversity,0,0,0,0,0
170,Because of global warming,0,0,0,0,0
171,"This is because global warming that we cause causes bad changes in the environment in which living organisms live, so living organisms become extinct.",0,0,0,0,0
172,I don't know.,0,0,0,0,0
173,"There are reasons why the number of babies is decreasing or not adapting to the environment, but the biggest reason is that it killed people indiscriminately.",0,0,0,0,0
174,I died a lot,0,0,0,0,0
175,Because of development,0,0,0,0,0
176,I don't know.,0,0,0,0,0
177,"The climate changes due to global warming, and the habitat of animals has also disappeared due to excessive development, increasing endangered species.",1,0,0,0,0
178,This is because the environment of species has also changed as ecosystems have been transformed and destroyed by the development of human technology.,0,0,0,0,0
179,Endangered species are increasing because of global warming and excessive poachingÌÌ,0,0,0,0,0
180,This is because global warming has caused a big change in the environment,0,0,0,0,0
181,The number of animals disappearing due to the global warming problem is increasing,0,0,0,0,0
182,Endangered species are increasing because of global warming and excessive poaching,0,0,0,0,0
183,This is because global warming has caused a big change in the environment,0,0,0,0,0
184,This is because the habitat of living things disappears because of human indiscriminate natural development and global warming,0,0,0,0,0
185,environmental pollution,0,0,0,0,0
186,This is because science and technology have developed.,0,0,0,0,0
187,This is because it becomes endangered due to environmental pollution.,0,0,0,0,0
188,"When the environment is contaminated by human indiscriminate development, species that lose their habitat, and species that live interacting with these species are also hit, reducing diversity.",0,0,0,0,0
189,"A butterfly effect caused by the destruction of the ecosystem, and when the ecosystem pyramid collapses, the other layers collapse together",0,0,0,0,0
190,Human beings are selfish,0,0,0,0,0
191,"Foreign species occur, and endemic species in each country become extinct, resulting in fewer species",0,0,0,0,0
192,"This is because global warming has worsened, destroying the ecosystem, and losing ground to live.",0,0,0,0,0
193,This is due to the destruction of the natural ecosystem due to the indiscriminate development of humans.,0,0,0,0,0
194,"As the Earth's temperature increases, ecosystem diversity decreases, so does species diversity",0,0,0,0,0
195,Biodiversity decreases due to environmental pollution or indiscriminate hunting by humans.,0,0,0,0,0
196,"This is because when biodiversity decreases, the necessary interactions between living things disappear.",0,0,0,0,0
197,"Reduced ecosystem area due to human environmental destructionBiodiversity includes ecosystem diversity, species diversity, and genetic diversity, and as ecosystem diversity is destroyed due to changes in temperature, the species of creatures living in the environment is also decreasing.",0,0,1,0,0
198,"Endangered species occur due to indiscriminate logging by humans and contaminating animals' habitats, such as dumping wastewater into rivers.",0,0,0,0,0
199,"Global warming has destroyed the environment where life can live more than before, and people know that endangered species are increasing, but they don't seem to be trying to save them",0,0,0,0,0
200,"Due to the indiscriminate development of humans, the environment in which animals and plants can live has decreased, and the number of individuals has decreased, resulting in an increase in endangered species.",0,0,0,0,0
201,...,0,0,0,0,0
202,The temperature has risen,0,0,0,0,0
203,Because of poachers,0,0,0,0,0
204,Global warming,0,0,0,0,0
205,Global warming,0,0,0,0,0
206,Because global warming becomes more powerful,0,0,0,0,0
207,by poachers,0,0,0,0,0
208,Because of global warming,0,0,0,0,0
209,due to global warming,0,0,0,0,0
210,"The environment is destroyed by human pollutants, and the climate changes rapidly, and creatures that cannot adapt to it are extinct",1,0,0,0,0
211,"This is because the indiscriminate development of humans has greatly changed the environment where endangered species lived, and the ecosystem of endangered species has been destroyed.",0,0,0,0,0
212,"Because of environmental destruction, there are less food and places to live",0,0,1,0,0
213,It is increasing because the environment of the endangered species' habitats has been destroyed or polluted,0,0,0,0,0
214,It seems that endangered species are increasing because ecosystems are destroyed and the habitat of living things disappears and the environment is polluted.,0,0,0,0,0
215,"Because of global warming,",0,0,0,0,0
216,Global warming and destruction of nature have destroyed the ecosystem balance,0,0,0,0,0
217,"""The wildlife conservation center saves endangered species and treats injured children",0,0,0,0,0
218,"""Males and males crossbreed and raise their babies to some extent before releasing them in the wild.""",0,0,0,0,0
219,Ecosystem Balanced Monogam Diversity Declining Human Risk and Lack of Food Chain Collapse,0,0,0,0,0
220,"The apex of human beings monopolizes, destroys, and pollutes the Earth",0,0,0,0,0
221,Because a man's desire is endless and he is always hungry,0,0,0,0,0
222,"Due to the environmental pollution, global warming, and the generation of heat domes due to human development, the environment has changed overall",0,0,0,0,0
223,I don't know,0,0,0,0,0
224,I'm glad that our country has improved so much,0,0,0,0,0
225,This is all because of global warming,0,0,0,0,0
226,It's because there are various ecosystems,0,0,0,0,0
227,"Due to environmental pollution, global warming, heat dome generation, etc. caused by technological advances, the environment is destroyed",0,0,0,0,0
228,Because people are destroying nature,0,0,0,0,0
229,It's because people destroy the ecosystem.,0,0,0,0,0
230,Because the ecosystem is being destroyed,0,0,0,0,0
231,This is due to the indiscriminate development of humans such as foreign species inflow and habitat destruction.,0,0,0,0,0
232,"To satisfy people's desires,",0,0,0,0,0
233,Because humans destroy nature,0,0,0,0,0
234,"Many overseas animals and plants from abroad prey on living things, but there are no natural enemies, so biodiversity disappears, and animals and plants that have lost their habitats due to environmental destruction have begun to disappear, and biodiversity is decreasing due to reckless overfishing.",0,0,1,0,0
235,This is because people harm a lot of living things and destroy a lot of habitats.,0,0,0,0,0
236,It's because people harm living things and destroy a lot of habitats,0,0,0,0,0
237,"Habitat destruction, introduction of exotic species, indiscriminate capture, waste discharge, etc",0,0,0,0,0
238,This is because humans destroy nature.,0,0,0,0,0
239,"Because of the damage caused by air pollution, water pollution, soil pollution, etc",0,0,0,0,0
240,"Rainforests are gradually decreasing due to indiscriminate capture, destruction, and environmental pollution, and countless creatures are disappearing from the Earth, and the loss of biodiversity can threaten the survival of mankind. Rainforests are gradually decreasing and countless creatures are disappearing from the Earth due to the destruction of indiscriminate pogroms and environmental pollution. If the habitat is lost or fragmented and reduced by 90%, the number of species will decrease by 50%. All species depend on other species for their survival. Therefore, species can be wiped out by the domino effect.",0,0,0,0,0
241,"This is because as the population increases rapidly, the animals' habitats are lost, so they are not living, and the environment is polluted by making electricity with nuclear power, and the animals' residential areas are deteriorated, and their bodies die.",0,0,0,0,0
242,"This is because it causes damage to wild animals due to air pollution, water pollution, soil pollution, etc.",0,0,0,0,0
243,"The number of endangered species has increased as foreign species are introduced without natural enemies, and the number of endangered species is increasing due to global warming",0,0,0,0,0
244,"Biodiversity is gradually decreasing and endangered due to the destruction of creatures' habitats, global warming, and the influx of foreign species.",0,0,0,0,0
245,"Human beings destroy the habitats of living things, become increasingly global warming, and biodiversity decreases and endangered species increase through the influx of foreign species.",0,0,0,0,0
246,"""If the ecological locus of an incoming foreign species overlaps with the ecological status of any previous species, one of the two species will be eliminated by the principle of competitive exclusion (inflow of foreign species)",0,0,0,0,0
247,"There are also habitat destruction, illegal capture, excessive capture, environmental pollution, etc",0,0,0,0,0
248,"""",0,0,0,0,0
249,"If the habitat is destroyed by farming, raising livestock, and building construction, various creatures will not be able to live.",0,0,0,0,0
250,They're duplicating genes,0,0,0,0,0
251,Contamination of the environment due to excessive human activity or introduction of foreign species can also cause biodiversity.,0,0,0,0,1
252,Contamination of the environment by excessive human activity or introduction of foreign species can also contribute to a decline in biodiversity.,0,0,0,0,1
253,wedwedwedwe,0,0,0,0,0
254,I don't know.,0,0,0,0,0
255,M and D,0,0,0,0,0
256,I don't know,0,0,0,0,0
257,I don't understand.,0,0,0,0,0
258,I don't know,0,0,0,0,0
259,I don't know.,0,0,0,0,0
260,I don't know.,0,0,0,0,0
261,I don't understand.,0,0,0,0,0
262,I don't know,0,0,0,0,0
263,The environment in which living things can live is becoming more destructive,0,0,0,0,0
264,I don't understand.,0,0,0,0,0
265,I don't understand.,0,0,0,0,0
266,Mall,0,0,0,0,0
267,environmental pollution,0,0,0,0,0
268,Government Protects Endangered Species,0,0,0,0,0
269,It's because people hunt wildly,0,0,0,0,0
270,I don't know,0,0,0,0,0
271,"It's because of global warming, and there's less life at the bottom of the pyramid",0,0,0,0,0
272,I don't know,0,0,0,0,0
273,I don't understand.,0,0,0,0,0
274,Endangered species emerge as people slaughter and reduce animal populations.,0,0,0,0,0
275,I don't understand.,0,0,0,0,0
276,.,0,0,0,0,0
277,I don't know,0,0,0,0,0
278,"Environmental pollution, hunting, and so on",0,0,0,0,0
279,I don't know.,0,0,0,0,0
280,It's because of environmental pollution,0,0,0,0,0
281,"As humans grow in technology, each country develops, environmental pollution, and animals lose their livelihoods",0,0,0,0,0
282,This is because the natural environment is destroyed and the environment in which animals can live is gradually reduced,0,0,0,0,0
283,by killing a person,0,0,0,0,0
284,the cruelty of men,0,0,0,0,0
285,I can hear it in alien language,0,0,0,0,0
286,the birth of a living thing,0,0,0,0,0
287,"Resources come from digging in one place and not from another. Resources are two-sided. It doesn't come from one place. If we take coltan to make smartphones, we'll be able to get it from Congo",0,0,0,0,0
288,"Gorillas lose their surge.""",0,0,0,0,0
289,yes,0,0,0,0,0
290,"This is because there are many cases of illegally catching and buying and selling animals, and hunters mercilessly hunt expensive animals.",0,0,0,0,0
291,ããã,0,0,0,0,0
292,"Because of the endless greed of human beings,",0,0,0,0,0
293,environmental pollution,0,0,0,0,0
294,"Kill human animals to get their skins and emit carbon dioxide, causing global gossip and endangered species",0,0,0,0,0
295,We'll take all the rare animals,0,0,0,0,0
296,"People are cutting down trees, plants, etcBad dust in factories?The animals are sick because they produce the same thing",0,0,0,0,0
297,A lot of people killed him,0,0,0,0,0
298,"Because of the greed of humans,",0,0,0,0,0
299,Because environmental pollution is a big problem,0,0,0,0,0
300,People don't protect the environment,0,0,0,0,0
301,environmental pollution,0,0,0,0,0
302,"Global Warming, The Earth Is Getting Bad",0,0,0,0,0
303,Because of global warming,0,0,0,0,0
304,"As the environment gets polluted, the weather changes",0,0,0,0,0
305,Habitats are shrinking because of ruthless natural development,0,0,0,0,0
306,They kill people and they die from environmental pollution,0,0,0,0,0
307,"Because people hunt a lot of endangered animals,",0,0,0,0,0
308,E-R-A-H-N-N-N-T-U,0,0,0,0,0
309,It's because of man's relentless greed,0,0,0,0,0
310,"The environment and the temperature of the water are different from each other, but because of global warming, the cold places are hot places, and the hot places are cold places, and the living things are not adapted to the environment and die",0,0,0,0,0
311,This is because endangered species increase due to environmental destruction,0,0,1,0,0
312,Global warming is maintained,0,0,0,0,0
313,the earth's problem,0,0,0,0,0
314,environmental pollution,0,0,0,0,0
315,This is because global warming loses space for living things.,0,0,0,0,0
316,The environment in which living things cannot live is maintained due to the bad circumstances,0,0,0,0,0
317,"Because of people's reckless development and wastewater,",0,0,0,0,0
318,"This is because as the environment is destroyed, living creatures that have adapted to a specific environment cannot adapt.",0,0,0,0,0
319,"As technology advances and factories are built, the field of living is reduced because it destroys the environment.",0,0,0,0,0
320,Environmental pollution and disappearance of survivors,0,0,0,0,0
321,"Global Warming, Excessive UV Exposure, etc",0,0,0,0,0
322,Due to the abnormal climate caused by global warming,0,0,0,0,0
323,"Inflow of foreign species, global warming, environmental pollution",0,0,0,0,0
324,habitat loss due to human nature damage,0,0,0,0,0
325,environmental destruction,0,0,1,0,0
326,human development,0,0,0,0,0
327,It's hard to live because the environment is bad,0,0,0,0,0
328,This is because changes in the earth occur rapidly.,0,0,0,0,0
329,"Global warming, environmental destruction reduces the extent to which living things can survive",0,0,1,0,0
330,"Due to global warming and pollution, the habitat of living things is decreasing.",0,0,0,0,0
331,Environmental conditions have changed due to environmental changes,0,0,0,0,0
332,There are more and more endangered species as people kill and the temperature of the earth rises and animals die,0,0,0,0,0
333,It's because the ecosystem group is broken,0,0,0,0,0
334,The natural environment is changing,0,0,0,0,0
335,Humans are disappearing by destroying nature and destroying the habitats of animals,0,0,0,0,0
336,"""The destruction of ecosystems caused by indiscriminate tree-cutting to get resources,",0,0,0,0,0
337,"It seems that the number of species is gradually decreasing because animals and plants are losing their living places and places to live.""",0,0,0,0,0
338,It's because the balance of the ecosystem is broken,0,0,0,0,0
339,"This is because fish and other lives in the surrounding rivers are gradually decreasing due to wastewater such as factories, and the lifespan of animals or people is shortened due to waste.",0,0,0,0,0
340,"Because of global warming and human convenience, ecosystems are destroyed, endangered animals are created in biodiversity",0,0,0,0,0
341,a phenomenon caused by the destruction of an ecosystem,0,0,0,0,0
342,It's because the ecosystem group is broken,0,0,0,0,0
343,I think extinction is because people destroy the ecosystem of the creature,0,0,0,0,0
344,I don't know.,0,0,0,0,0
345,Animal natural enemies are disappearing,0,0,0,0,0
346,"If it's good for skin beauty and energy, dry the seeds",0,0,0,0,0
347,Global warming,0,0,0,0,0
348,"The environment is being polluted, the ecosystem is collapsing, the habitat is being lost",0,0,0,0,0
349,"This is because many plants died as the environment was polluted, and because herbivores were dying, carnivores had nothing to eat and disappeared.",0,0,0,0,0
350,"With the development of science and technology, the forest was destroyed, the nest of animals disappeared, and the ecosystem was destroyed",0,0,0,0,0
351,a phenomenon caused by global warming and many industrial developments,0,0,0,0,0
352,The reason for the extinction of living things is that humans hunt animals indiscriminately and our indiscriminate resource development gradually reduces their habitat.,0,0,0,0,0
353,Because the environment is polluted. Global warming.,0,0,0,0,0
354,This is because the environment is being polluted. (Global Warming),0,0,0,0,0
355,Because human development has made a living place disappear,0,0,0,0,0
356,Natural development and hunting are frequent and glaciers melt due to global warming,0,0,0,0,0
357,"It's because they're constantly removing and devastating places like forests, which are home to many creatures, to make something.",0,0,0,0,0
358,This is because they care more about endangered animals.,0,0,0,0,0
359,"""It's because of pollution",0,0,0,0,0
360,"When it's contaminated and the producer or primary consumer dies, it's naturally in the stomach",0,0,0,0,0
361,"Second, third, and fourth consumers also fall one after another.",0,0,0,0,0
362,But the pollution is getting worse,0,0,0,0,0
363,"It's bound to collapse at once.""",0,0,0,0,0
364,"As the number of primary producers decreases,",0,0,0,0,0
365,the reckless overfishing of human beings,0,0,0,0,0
366,I don't know,0,0,0,0,0
367,The habitat of living things is decreasing.,0,0,0,0,0
368,This is because the temperature of the earth rises rapidly due to global warming.,0,0,0,0,0
369,"Because of global warming,",0,0,0,0,0
370,Endangered species are increasing due to loss of habitat due to temperature changes caused by global warming and ecosystem destruction caused by reckless development.,0,0,0,0,0
371,This is because humans kill living things to take their advantage.,0,0,0,0,0
372,"Global warming causes the Earth's climate to change, and as a result, the habitat's environment changes, resulting in an increase in endangered species.",0,0,0,0,0
373,This is because various environmental changes such as global warming appear rapidly.,0,0,0,0,0
374,"Habitat changes due to indiscriminate capture, hunting, and global warming of people.",0,0,0,0,0
375,Because humans kill a lot of animals Human waste. Human waste. Human beings shouldn't be on the planet,0,0,0,0,0
376,"""There's been an increase in ecological disruption",0,0,0,0,0
377,"""",0,0,0,0,0
378,I don't know,0,0,0,0,0
379,the merciless and indifferent environmental problems of man,0,0,0,0,0
380,It's because global warming is destroying the planet's ecosystem,0,0,0,0,0
381,It's because of reckless hunting.,0,0,0,0,0
382,"Due to global warming, the temperature rises rapidly, and living things die because they cannot adapt to the environment",0,0,0,0,0
383,It is because the ecosystem is ruined by the merciless hunting of mankind,0,0,0,0,0
384,It's because people are ruining the natural ecosystem,0,0,0,0,0
385,"Due to the continuous pollution and destruction of the human environment,",0,0,0,0,0
386,This is because biodiversity is decreasing due to the invasion of creatures such as foreign species and global warming.,0,0,0,0,0
387,This is because biodiversity is decreasing due to invasion of creatures such as foreign species and global warming.,0,0,0,0,0
388,Species are decreasing due to global warming.,0,0,0,0,0
389,"This is because when the temperature rises due to global warming, animals and plants living in the existing temperature die without adapting to changes in temperature.",0,0,0,0,0
390,This is due to global warming caused by indiscriminate destruction of nature and carbon dioxide emissions by humans.,0,0,0,0,0
391,"Because of the indiscriminate destruction of nature by humans,",0,0,0,0,0
392,I think the number of endangered species increases because of the indiscriminate destruction of nature by humans,0,0,0,0,0
393,M and D,0,0,0,0,0
394,I don't know,0,0,0,0,0
395,I'll eat itI'm a sophomore at Kwangsung High School,0,0,0,0,0
396,ã± and ã,0,0,0,0,0
397,Biodiversity is decreasing due to global warming and environmental destruction.,0,0,1,0,0
398,It is because of environmental destruction.,0,0,1,0,0
399,"I think it is because of global warming, cutting down trees in the mountains, eliminating the habitat of animals, and making golf courses.",0,0,0,0,0
400,The ecosystem changes as the climate changes.,1,0,0,0,0
401,"Preference for livestock that are easy for people to raise has disrupted the balance of biodiversity, increasing the number of cases of extinction.",0,0,0,0,0
402,The environment in which living things can live is gradually disappearing. We need to be more alert and nurture the planet.,0,0,0,0,0
403,This is because it affects the ecosystem as global warming accelerates.,0,0,0,0,0
404,Ecology can be destroyed because it restores endangered species through science,0,0,0,0,0
405,This is because the habitat of living things is disappearing due to indiscriminate deforestation and environmental pollution by humans.,0,0,0,0,0
406,"This is due to the indiscriminate development of humans and the destruction of ecosystems due to global warming, which has reduced the habitat of living things.",0,0,0,0,0
407,"Since the Industrial Revolution, the temperature of the Earth has risen sharply due to the increase in fossil fuel use by humans. As a result, sensitive creatures of temperature became extinct due to their inability to adapt to the environment, and other creatures became extinct due to the food chain relationship with these creatures. Or there are creatures whose natural enemies have disappeared and increased dramatically, which in turn can lead to the extinction of other creatures. Living creatures that lived in balance through interaction with each other cannot interact and become extinct.",0,0,0,0,0
408,The ecosystem pyramid collapsed as an individual disappeared due to reckless environmental pollution.,0,0,0,0,0
409,This is because the food available to the creatures is disappearing and the environment in which they can stay is gradually disappearing.,0,0,0,0,0
410,"environmental pollution, human capture",0,0,0,0,0
411,"In order for creatures to live in various ways, the ecosystem must be diverse. However, as technology develops, humans change their natural environment to adapt easily, not to adapt to the natural environment, so the diversity of the ecosystem decreases and thus the diversity of living things decreases.",0,0,0,0,0
412,"Living things are greatly influenced by the environment. Looking at the mass extinction so far, it has been most affected by environmental factors such as the glacial period and rapid decrease in temperature due to volcanic ash. As global warming intensifies, species that are relatively unable to adapt to climate change disappear, and creatures that feed on the missing creatures disappear according to the food pyramid, and continue to be extinct by affecting them like dominos.",1,0,0,0,0
413,"Human life becomes richer due to the development of science and industry, but endangered species increase due to the destruction of nature and ecosystems.",0,0,0,0,0
414,"The reason biodiversity is destroyed is because of the food chain. In the ecological pyramid, even if only one of the producers' primary, secondary, and tertiary entities disappears due to environmental factors (e.g., global warming or river pollution), many animals are in a food web relationship, so when one individual disappears, others disappear, and biodiversity has been decreasing recently.",0,0,0,0,0
415,"As more animals become extinct due to changes in the environment, the biodiversity of an ecosystem decreases. Decreasing biodiversity reduces the diversity of the food chain, which in turn results in the extinction of more living things.",0,0,0,0,0
416,This is because the environment in which living things can live is being destroyed.,0,0,0,0,0
417,"Biodiversity is essential to maintain an ecosystem, and as species shrink, more and more species become extinct or endangered due to the positive feedback effects. The biggest reason for the increase in endangered species is global climate change, which is increasing because it is fatal to living organisms that adapt to the climate.",1,0,0,0,0
418,People destroy the environment and the environment in which living things can live becomes poor,0,0,0,0,0
419,"As more fertilizers and chemicals (pesticides, pesticides, herbicides, etc.) are used to secure new agricultural land for food production along with habitat loss due to population growth, pollution of water and soil is an important cause of extinction. In addition, there are many damages caused by foreign species introduced by humans.",0,0,0,0,0
420,It is because of the indiscriminate environmental destruction of humans. The habitat of species is disappearing due to environmental destruction.,0,0,1,0,0
421,.,0,0,0,0,0
422,It's a reckless development of human beings.,0,0,0,0,0
423,Ankimchi. (Ankimchi in Korean),0,0,0,0,0
424,"As cities formed between habitats, communication became impossible",0,0,0,0,0
425,This is because living things die due to various environmental pollution.,0,0,0,0,0
426,in the pursuit of human interests,0,0,0,0,0
427,It is because of the cruel selfishness of man.,0,0,0,0,0
428,"Because of global warming, there is no food",0,0,0,0,0
429,Because of global warming or hunting.,0,0,0,0,0
430,It is because of global warming and environmental pollution due to people.,0,0,0,0,0
431,Because of global warming,0,0,0,0,0
432,The sky is more comfortable than the earth,0,0,0,0,0
433,The sky is more comfortable than the earth,0,0,0,0,0
434,due to environmental pollution,0,0,0,0,0
435,"Environmental factors due to global warming, over-devastating forests, reducing habitat for living things",0,0,0,0,0
436,"Excessive hunting, habitat destruction, and other species introduced for pest control or landscape purposes are representative examples of anthropogenic effects",0,0,0,0,0
437,"As the environment changes, there are creatures that cannot adapt to the environment",0,0,0,0,0
438,"As global warming gets worse, the environment changes, and animals cannot adapt, so the number of species decreases gradually decreases.",0,0,0,0,0
439,Because of environmental pollution,0,0,0,0,0
440,"Today, global warming comes because a lot of carbon, such as factories, cars, and garbage, is emitted, and for this reason, crisis species are increasing.",0,0,0,0,0
441,I don't know.,0,0,0,0,0
442,"Endangered species have recently increased due to excessive hunting, habitat destruction, or the influx of exotic species",0,0,0,0,0
443,I think it's because of people's environmental pollution,0,0,0,0,0
444,"Humans advance and make many things, kill creatures, and make tools to kill creatures",0,0,0,0,0
445,The destruction of the human ecosystem is the cause.,0,0,0,0,0
446,It increases because the air becomes bad and global warming becomes speeding,0,0,0,0,0
447,It's because of people's reckless environmental damage.,0,0,0,0,0
448,Because the environment changes as the average temperature of the earth rises due to global warming,0,0,0,0,0
449,"Global warming has accelerated, making it difficult for living things to adapt",0,0,0,0,0
450,"This is because the average annual temperature of the earth increases in Mune due to global warming, and it rises little by little every year to a temperature that cannot be inhabited by living things.",0,0,0,0,0
451,"Due to global warming, many animals and plants are dying and causing a lot of trouble to us.",0,0,0,0,0
452,Because humans eat animals and hunters hunt them,0,0,0,0,0
453,The natural environment has deteriorated,0,0,0,0,0
454,Because we are losing our livelihood due to global warming and the reckless development of people,0,0,0,0,0
455,This is because global warming has become serious.,0,0,0,0,0
456,Because many people live irresponsibly about the environment,0,0,0,0,0
457,Humans use the Earth badly,0,0,0,0,0
458,The new species that were emerging disappears,0,0,0,0,0
459,It's because of humans.,0,0,0,0,0
460,It's destroying the ecosystem of endangered animals,0,0,0,0,0
461,Hunters are bad,0,0,0,0,0
462,indiscriminate hunting,0,0,0,0,0
463,indiscriminate killing of humans,0,0,0,0,0
464,Society,0,0,0,0,0
465,This is because humans take away and kill animals' living quarters.,0,0,0,0,0
466,"There are largely species diversity, ecosystem diversity, and genetic diversity in biodiversity, and genetic diversity is diversity within species. The reason for the increase in endangered species is that the habitat of living things in the ecosystem is decreasing for reasons such as road development.",0,0,0,0,0
467,"Because of the ruthless hunting of humans,",0,0,0,0,0
468,the club isnt the best place to find a lover so the bar is where i'll go,0,0,0,0,0
469,I don't think so. I think it's a natural phenomenon. Because not all species can last forever.,0,0,0,0,0
470,"The reason why endangered species are increasing is because water and the atmosphere have been polluted by the indiscriminate dumping of waste from factories, and animals have died of illness",0,0,0,0,0
471,The loss of habitat due to people's ruthless hunting and development causes extinction and decreases biodiversity.,0,0,0,0,0
472,"""Meloral""",0,0,0,0,0
473,Global warming and other phenomena,0,0,0,0,0
474,This is because the habitat where creatures live has been turned into arable land and the Amazon rainforest has been destroyed a lot.,0,0,0,0,0
475,"There are two causes, but only human and natural phenomena.",0,0,0,0,0
476,It's because of the rapid global warming,0,0,0,0,0
477,the decline of the ecosystem due to human industry or climate change,1,0,0,0,0
478,I think global warming is a big reason. This is because the average temperature rises due to global warming,0,0,0,0,0
479,This is because humans lack efforts to develop indiscriminately and preserve the natural environment.,0,0,0,0,0
480,"Even though species of living things should vary, the number of species that are advantageous for a specific habitat increased and many habitats were destroyed, resulting in a decrease in the population of many species.",0,0,0,0,0
481,"Ecosystems are dangerous because many species are interrelated, and a decrease in biodiversity can cause major problems for the associated species.",0,0,0,0,0
482,People cut down trees without mercy,0,0,0,0,0
483,the collapse of the ecosystem due to reckless development,0,0,0,0,0
484,"As we enter modern society, the long-standing coexistence relationship between humans and the environment is being destroyed. The destruction of the ecosystem, which is the background of living things, eventually means the destruction of the living things there. Everyone should be aware that human nature-friendly behavior is urgent.",0,0,0,0,0
485,"Since the ecosystem has an organic relationship, if one species' population decreases rapidly, other individuals will be affected, resulting in the recent increase in endangered species.",0,0,0,0,0
486,"As the climate changes due to global warming, species that are not adapted to this climate are gradually shrinking and disappearing, and the melting of glaciers destroys the Antarctic and Arctic ecosystems, and as glaciers rise in sea levels, the population of some islanders is also decreasing. Also, the population of rare species is decreasing due to the indiscriminate overfishing of humans.",1,0,0,0,0
487,I don't understand.,0,0,0,0,0
488,Biodiversity,0,0,0,0,0
489,"People don't throw garbage in the trash can, animals eat it and die",0,0,0,0,0
490,I don't know,0,0,0,0,0
491,ã´ã spring onions,0,0,0,0,0
492,Global warming,0,0,0,0,0
493,People use animals indiscriminately,0,0,0,0,0
494,"Because of global warming,Global warming.",0,0,0,0,0
495,A lot of people killed him,0,0,0,0,0
496,Human beings are useless. - Lee Ho,0,0,0,0,0
497,This is because it has become an environment where humans can't live without being shy.,0,0,0,0,0
498,"Because of global warming,",0,0,0,0,0
499,"As it is developed for human convenience, living things decrease.",0,0,0,0,0
500,Global warming,0,0,0,0,0
501,a lot of changes,0,0,0,0,0
502,That's a profound question.Well...,0,0,0,0,0
503,We need to protect them from extinction,0,0,0,0,0
504,The reason why endangered species occur is that people destroy the environment.,0,0,0,0,0
505,"The reason for the growing number of endangered species is that we catch animals, plants, and insects recklessly without protecting the environment.",0,0,0,0,0
506,"Due to global warming, the temperature on Earth has increased, and the number of endangered species is increasing due to the disappearance of unfit creatures and food.",0,0,0,0,0
507,People throw away environmental pollution and trash,0,0,0,0,0
508,I don't know,0,0,0,0,0
509,environmental destruction,0,0,1,0,0
510,It's because I don't spare any energy and trash dumping.,0,0,0,0,0
511,Human greed and global warming.,0,0,0,0,0
512,""" hwangyeongo ãm",0,0,0,0,0
513,"""",0,0,0,0,0
514,Reduce the number of life in captivity. the people's was a greedy life.,0,0,0,0,0
515,Killing all people.,0,0,0,0,0
516,Killing people,0,0,0,0,0
517,""" Recently, an endangered species is why more people is increasing, the rising amount of garbage.",0,0,0,0,0
518,"Gittemunimnida be people who are with the amount of garbage is human.""",0,0,0,0,0
519,.,0,0,0,0,0
520,""" Number one : life is destroying the homes that can live.",0,0,0,0,0
521,"Second : a lot of hunting.""",0,0,0,0,0
522,.,0,0,0,0,0
523,"Such as biodiversity is a variation, sengmul the increased diversity of paper that you can mutate, will turn into other species biodiversity is high.",0,0,0,0,0
524,I think to eat a lot of chickens or people off.,0,0,0,0,0
525,"Destroy ecosystems and people of environmental pollution, global warming is up because they are gone, including environmental and food to animals live.",0,0,0,0,0
526,Many people by killing.,0,0,0,0,0
527,"Indiscriminate development of endangered animals are living environment is getting humans to me another son in danger of extinction, the environment in which animals live are gone.",0,0,0,0,0
528,"ìë¬¼ ë¤ìì±ì? ë³?ì´ì? ê°ì? ìì©ì¼ë¡ ìë¬¼ ë¤ìì±ì´ ëìì§ ì ìë ê²ì? í ì¢ì´ ë³?ì´íë©´ì ë¤ë¥¸ ì¢ì¼ë¡ ë³?íê² ëë©´ ìë¬¼ ë¤ìì±ì´ ëìì§ë¤. ê·¼ë°, ì¸êµ­ìì ë¤ì¬ì¨ ìë¡ì´ ìë¬¼ë¡ ì¸íì¬ ìëìë ì¢ì´ ë¤ì¬ì¨ ìë¡ì´ ì¢íí í¼í´ë¥¼ ìíê² íì¬ ìë¬¼ì ì¢ì´ ì¤ì´ë¤ê³  íê²½ íê´´ë¡ ì¸íì¬ ìë¬¼ë¤ì í°ì ì´ ì¤ì´ë ë¤.",0,0,0,0,0
529,Because people destroy the landscape where animals live,0,0,0,0,0
530,"For example, when people breathe out carbon dioxide from factories and cars, the average temperature of the atmosphere gets hot, the ice in the Arctic or Antarctica melts, the polar bear's house disappears, and polar bears disappear like that.",0,0,0,0,0
531,This is because the ecosystem is destroyed by human development.,0,0,0,0,0
532,"As global warming progresses due to smoke from cars and factories or trash thrown away, the number of species that cannot find or adapt to various living things decreases rapidly, and even for this reason, the number of species that cannot find prey decreases, so endangered species are increasing and living things are decreasing.",0,0,0,0,0
533,"""Because people catch and kill animals only for their own interests",0,0,0,0,0
534,"or because of environmental pollution caused by garbage,",0,0,0,0,0
535,in a change,0,0,0,0,0
536,.,0,0,0,0,0
537,Because people kill animals,0,0,0,0,0
538,I threw away a lot of trash,0,0,0,0,0
539,Humans think that there are more endangered species because of animals killing or global warming.,0,0,0,0,0
540,"People get rid of the natural environment and throw away trash everywhere, so the animals and plants don't have a place to live",0,0,0,0,0
541,"It's because bad gas is produced in cars, factories, etc",0,0,0,0,0
542,environmental pollution,0,0,0,0,0
543,"It is because it is not considered for other living things, and it is not developed at random, and it is not considered environmental protection",0,0,0,0,0
544,"Because we pollute the environment, there is no living environment.",0,0,0,0,0
545,"With global warming, polar bears have less ground to live in.",0,0,0,0,0
546,"Due to global warming, polar bears die due to melting icebergs and glaciers, and many animals such as foxes, raccoons, and dogs are dying to make fur.",0,0,0,0,0
547,"Because we have a lot of trash and bad effects on rivers, rivers, lakes, and the environment, endangered species often kill endangered species and cannot feed them.",0,0,0,0,0
548,Because people kill animals and pollute the environment,0,0,0,0,0
549,This is because we humans destroy animals' habitats in order to live comfortably.,0,0,0,0,0
550,"Living things have their own characteristics, but these days due to environmental changes and climate change, they lose their advantages and are killed by top predators and nature",1,0,0,0,0
551,"People dump garbage on the floor, causing environmental pollution, which puts animals at risk of extinction",0,0,0,0,0
552,Human beings have indiscriminately destroyed the ecosystem,0,0,0,0,0
553,I think it's because global warming increases the global temperature Even one degree difference in temperature can make a huge difference,0,0,0,0,0
554,"There is a crisis because people develop nature and hunt animals a lot, breaking the balance in the ecosystem.",0,0,0,0,0
555,"The phenomenon of environmental pollution and the death of living creatures is called environmental pollution because we throw away garbage, waste unnecessary items, electricity, waste money, or waste water",0,0,0,0,0
556,It is likely that the polar bear will drown as ice melts due to people catching it or turning on air conditioners a lot,0,0,0,0,0
557,Because of global warming and environmental pollution.,0,0,0,0,0
558,"This is because people don't throw away trash anywhere and save water and save shampoo, conditioner, and body wash.",0,0,0,0,0
559,I don't understand.,0,0,0,0,0
560,"Global warming causes temperatures to rise, and creatures that have not adapted to rapid environmental changes become extinct.",0,0,0,0,0
561,Global warming,0,0,0,0,0
562,Destruction of Habitat Due to Global Warming,0,0,0,0,0
563,"Environmental pollution and global warming change the environment in which living things can live, which causes creatures to become extinct because they cannot adapt.",0,0,0,0,0
564,"The reason is that global warming is getting worse as carbon dioxide in the atmosphere increases. Due to global warming, due to the rise in sea level, there are many fewer habitats for terrestrial organisms, and due to the rise in sea temperature, fish cannot survive, atmosphere, and land. Biodiversity is decreasing due to marine pollution.",0,0,0,0,0
565,Blah blah blah blah blah,0,0,0,0,0
566,"When biodiversity decreases, the food chain begins to collapse and the ecosystem collapses.",0,0,0,0,0
567,"""If people continue to develop and lose forests, herbivores lose food and homes",0,0,0,0,0
568,"""If an animal dies like this, even carnivores that eat herbivores are in danger of becoming extinct.""",0,0,0,0,0
569,"It seems to be because poaching, excessive hunting, and destruction of the natural environment destroy the habitats where creatures live.",0,0,0,0,0
570,"People take it out on animals because it hurts the Earth. That's why animals get sick, too. Well, to be more specific, there's capture, overfishing ^^",0,0,0,0,0
571,Kill the animals and get the leather,0,0,0,0,0
572,"Human activities have destroyed habitats, led to a sharp drop in population due to indiscriminate hunting, and the introduction of foreign species has made it difficult for native creatures to live, and the habitat environment is changing due to climate change and environmental pollution.",1,0,0,0,0
573,"As the ecosystem is destroyed, habitats decrease and animals disappear.",0,0,0,0,0
574,Endangered species increase due to global warming and waste and exhaust fumes,0,0,0,0,0
575,The environment is not good,0,0,0,0,0
576,"Due to human activities, it seems to be extinct primarily due to hunting, but another reason is that global warming causes rapid environmental changes to become unadaptable and extinct.",0,0,0,0,0
577,"The habitat of living things has been destroyed by humans cutting down forest trees or removing wetlands, and biodiversity is rapidly decreasing, increasing endangered species.",0,0,0,0,0
578,It is because they throw away too many screech in the sea and catch too many animals.,0,0,0,0,0
579,"Many people kill and kill animals, make and eat clothes from leather, and endangered animals occur.",0,0,0,0,0
580,"Endangered species are increasing because humans do environmental destruction, causing food to be lost, air to be dirty, oil to the sea, making it difficult for animals to live in.",0,0,1,0,0
581,Endangered species continue to increase and cause more extinction,0,0,0,0,0
582,"This is because the number of natural enemies of endangered species increases. Therefore, the number of endangered species will decrease.",0,0,0,0,0
583,"People throw trash on the floor...And so on, it hurts the Earth and causes global warming. Because of global warming, Arctic animals are struggling, and habitat destruction and overfishing are increasing the number of endangered species",0,0,0,0,0
584,This is because people catch animals recklessly and they become extinct.,0,0,0,0,0
585,"Global warming continues to change the Earth's environment, and animals that are unable to adapt and are fatally affected can pose a threat to their survival. This can reduce biodiversity.",0,0,0,0,0
586,I don't know.,0,0,0,0,0
587,f,0,0,0,0,0
588,"The indiscriminate capture and overfishing of people increases the number of endangered species, and the number of endangered species increases because they destroy the ecosystem of living things to build buildings.",0,0,0,0,0
589,"Recently, human industrial activities have caused problems such as an increase in greenhouse gases, water pollution, and soil pollution, and the ecosystem of various animals and plants is being destroyed. Rising temperatures and extreme climate changes caused by greenhouse gases cause a decrease in the population of animals and plants that were originally accustomed to temperature.",1,0,0,0,0
590,This is because nature is being destroyed.,0,0,0,0,0
591,I don't know,0,0,0,0,0
592,The Earth's environment is changing dramatically,0,0,0,0,0
593,"I don't know...Because of reckless NAYEON development and waste dumping,",0,0,0,0,0
594,???,0,0,0,0,0
595,Habitat destruction due to global warming,0,0,0,0,0
596,"""I don't know",0,0,0,0,0
597,"""",0,0,0,0,0
598,I have no idea.,0,0,0,0,0
599,"There are climate change due to global warming, indiscriminate development, and forest destruction.",1,0,0,0,0
600,I don't know.,0,0,0,0,0
601,I don't know,0,0,0,0,0
602,Endangered species increase as the world loses its habitat due to unreasonable environmental development,0,0,0,0,0
603,I keep catching them and making them leather,0,0,0,0,0
604,This is because people are indiscriminately destroying the environment.,0,0,0,0,0
605,I don't know.,0,0,0,0,0
606,"It is hard to live in the Arctic because the ice melts, and Africa is too hot to live in",0,0,0,0,0
607,I don't know,0,0,0,0,0
608,"As bad substances come out and there is more smoke, endangered species emerge.",0,0,0,0,0
609,Many species have died because of the indiscriminate destruction of human nature and the inability of creatures to adapt to rapid environmental changes,0,0,0,0,0
610,"This is because people destroy the gospel of animals by developing them, treat animals recklessly, collect and sell animals' food.",0,0,0,0,0
611,I don't know,0,0,0,0,0
612,This is because environmental pollution often causes people to die because the conditions of the environment to live in are not met or bleed to death by a car.,0,0,0,0,0
613,"Endangered species increase due to global warming, environmental pollution, and indiscriminate hunting by humans.",0,0,0,0,0
614,Because the environment is destroyed by global warming,0,0,0,0,0
615,More endangered species due to poaching of people,0,0,0,0,0
616,Human indiscriminate deforestation and the destruction of ecosystems caused by development reduce biological species,0,0,0,0,0
617,I think it's because of the reckless development of humans,0,0,0,0,0
618,"As global warming progresses, various habitats decrease, and the space for rare species decreases, which seems to occur.",0,0,0,0,0
619,I think it's because of poachers,0,0,0,0,0
620,"As the species becomes simpler, the probability of extinction increases when a disease occurs",0,0,0,0,0
621,"Ecological destructive species such as bullfrog, nutria, and bass seem to be increasing in Korea.",0,0,0,0,0
622,"The development of transportation has reduced the relative distance. As a result, hybrid species are born or biological species are reduced due to competition and culling.",0,0,0,0,0
623,"Continuous environmental destruction and global warming make the survival environment poor, reducing the number of predators.",0,0,1,0,0
624,I think serious environmental pollution is the main cause.,0,0,0,0,0
625,Because biodiversity is increasing,0,0,0,0,0
626,Global warming,0,0,0,0,0
627,"The development of transportation has reduced the relative distance. As a result, hybrid species are born or biological species are reduced due to competition and culling.",0,0,0,0,0
628,This is because humans destroy the Earth's ecosystem for development.,0,0,0,0,0
629,"Due to the rapid industrial revolution, the environment is also in serious trouble. This reduces biodiversity because endangered species increase.",0,0,0,0,0
630,"The extinction of a species damages the survival of dominant species by the structure of the food chain, and extinction",0,0,0,0,0
631,"Biodiversity is achieved through the food chain, and diversity is maintained, but if diversity is not maintained because of illegal ecosystem destruction, there will be more endangered species of biological plants",0,0,0,0,0
632,"Because of global warming,",0,0,0,0,0
633,"Global warming is progressing, and humans are destroying nature",0,0,0,0,0
634,"Rainforests are gradually decreasing due to indiscriminate capture, destruction, and environmental pollution, and countless creatures are disappearing from the Earth, and the loss of biodiversity can threaten the survival of mankind. There are more than 30 million living things on Earth, including humans. However, rainforests are gradually decreasing and countless creatures are disappearing from the Earth due to the destruction of indiscriminate pogroms and environmental pollution. If the habitat is lost or fragmented and reduced by 90%, the number of species will decrease by 50%. All species depend on other species for their survival. So the domino effect can wipe out the species.",0,0,0,0,0
635,"""People catch a lot of fish",0,0,0,0,0
636,"Because the environment is polluted.""",0,0,0,0,0
637,A lot of people caught me,0,0,0,0,0
638,People catch endangered or other animals and endangered species increase rapidly,0,0,0,0,0
639,Animals that live in clean places seem to be losing their homes and dying as people catch and pollute the environment,0,0,0,0,0
640,"As the environment changes, the animals' food decreases, and the animals all live there",0,0,0,0,0
641,"Because people destroy animals' habitats for construction or other work, food disappears and there is no suitable habitat, making them endangered.",0,0,0,0,0
642,"Global warming is getting worse and people are indiscriminately developing and destroying animals' habitats, killing them.",0,0,0,0,0
643,"This is due to various cases such as excessive human intervention and development of nature, loss of habitat due to population growth, environmental pollution, introduction of foreign species, and climate change",1,0,0,0,0
644,"As people destroy their habitats, create roads and take care of their interests, animals become extinct because they have nowhere to live and no food, and endangered animals are increasing because people kill animals by burning their horns, skins, or teeth.",0,0,0,0,0
645,"It seems to be due to the destruction of the habitat of living things, excessive overfishing, and illegal fishing.",0,0,0,0,0
646,The number of natural predators has increased dramatically.,0,0,0,0,0
647,"People destroy the ecosystem, the ozone layer is destroyed by methane gas such as cars, and the temperature rises in the Arctic, killing polar bears",0,0,0,0,0
648,"People hunt animals, destroy nature, and many of their prey disappear",0,0,0,0,0
649,"Capturing creatures, destroying their habitats, increasing the number of natural enemies",0,0,0,0,0
650,Environmental pollution and habitat destruction,0,0,0,0,0
651,Foreign animals from other countries prey on domestic animals.,0,0,0,0,0
652,"Habitat destruction and so on.""",0,0,0,0,0
653,"People's greed catches, kills, and destroys the animals' habitats, resulting in a decrease in the number of species.",0,0,0,0,0
654,Foreign animals from other countries prey on domestic animals.,0,0,0,0,0
655,"Habitat destruction - etc. - """,0,0,0,0,0
656,Because global warming and the ozone layer are becoming more and more and more,0,0,0,0,0
657,"There are habitat destruction, excessive capture, influx of foreign species, and environmental pollution.",0,0,0,0,0
658,The number of cases of habitat destruction and illegal hunting of animals is increasing rapidly,0,0,0,0,0
659,The number of cases of habitat destruction and illegal hunting of animals is increasing rapidly,0,0,0,0,0
660,"""The destruction of the habitat of living things, excessive overfishing and illegal capture,",0,0,0,0,0
661,"I think that's why""",0,0,0,0,0
662,I don't know.,0,0,0,0,0
663,I don't know,0,0,0,0,0
664,M and D,0,0,0,0,0
665,I don't understand.,0,0,0,0,0
666,M and D,0,0,0,0,0
667,"""",0,0,0,0,0
668,I don't understand.,0,0,0,0,0
669,"""",0,0,0,0,0
670,(Playing the guitar sound,0,0,0,0,0
671,M and D,0,0,0,0,0
672,I don't understand.,0,0,0,0,0
673,Mall,0,0,0,0,0
674,I don't know,0,0,0,0,0
675,Environmental pollution caused by global warming,0,0,0,0,0
676,Global warming,0,0,0,0,0
677,M and D,0,0,0,0,0
678,I don't understand.,0,0,0,0,0
679,I don't know.,0,0,0,0,0
680,The one I submitted earlier...,0,0,0,0,0
681,I don't know.,0,0,0,0,0
682,M and D,0,0,0,0,0
683,"People do development projects, so there's no room for animals",0,0,0,0,0
684,I don't understand.,0,0,0,0,0
685,Because animals' habitats are destroyed,0,0,0,0,0
686,Less biodiversity increases the likelihood of extinction of living things,0,0,0,0,0
687,"People don't value the Earth and just use it to cause global warming, which increases endangered species",0,0,0,0,0
688,"""",0,0,0,0,0
689,"It's because of people's intervention.People overfishing indiscriminately, and climate change due to people is a problem.""",1,0,0,0,0
690,"When humans hunt indiscriminately and an animal disappears, the balance of the ecosystem is destroyed and endangered species increase",0,0,0,0,0
691,.,0,0,0,0,0
692,"As the creatures below disappear, even a small number of creatures disappearI don't know.",0,0,0,0,0
693,"Biodiversity is a concept that refers to all living things, including animals.",0,0,0,0,0
694,Because of humans,0,0,0,0,0
695,"As technology grows in humans, each country develops, which causes environmental pollution and causes animals to lose their homes",0,0,0,0,0
696,I don't know,0,0,0,0,0
697,People eat a lot of animals,0,0,0,0,0
698,Don't know,0,0,0,0,0
699,Because of environmental damage,0,0,0,0,0
700,"Because of global warming,",0,0,0,0,0
701,This is because the environment is getting polluted.,0,0,0,0,0
702,This is because people destroy the habitats of animals by destroying nature such as factories.,0,0,0,0,0
703,Because it's hot because of global warming?,0,0,0,0,0
704,"Because of global warming,",0,0,0,0,0
705,"People chew, rip, taste, and enjoy it.",0,0,0,0,0
706,"Automobile smoke creates smoke, which causes environmental pollution and extinction",0,0,0,0,0
707,People can do anything,0,0,0,0,0
708,Global warming causes temperatures to rise and destroy the ecosystem.,0,0,0,0,0
709,"If one goes extinct, so does the other",0,0,0,0,0
710,It is because of global warming.,0,0,0,0,0
711,Because of environmental pollution,0,0,0,0,0
712,This is because global warming is happening fast,0,0,0,0,0
713,People are bothering the ecosystem,0,0,0,0,0
714,The forest disappeared,0,0,0,0,0
715,"Environmental pollution, that is! Lots of garbage and water.Electricity, lights...on account of",0,0,0,0,0
716,"Humans Pollute the Earth So the earth is warming, and plants and animals cannot adapt to it and die",0,0,0,0,0
717,G-O-N-W-W-W-E-W-E-W-E-W-E-W-W-E-W-,0,0,0,0,0
718,"Human beings are endangered because of their reckless use of electricity, water, and so on",0,0,0,0,0
719,"When humans develop, the environment gets worse, and animals die if they don't adapt",0,0,0,0,0
720,"Global warming is getting worse, making it harder to live, so there are more endangered species, and life is gradually disappearing.So biodiversity is important.",0,0,0,0,0
721,"When an organism that is eaten or used for reproduction disappears, the organism that eats or uses it for reproduction also disappears.",0,0,0,0,0
722,"As global warming intensifies, Arctic friends like polar bears lose their prey and habitat and die",0,0,0,0,0
723,Human beings are greedy,0,0,0,0,0
724,"As global warming increases, diseases increase, and temperatures rise, making it impossible for living things to live in. At the same time, there are fewer and fewer living things and it becomes an environment that can be endangered.",0,0,0,0,0
725,Endangered species are increasing because people use animal skins a lot and eat animals.,0,0,0,0,0
726,"It's because people skin animals, make clothes, and eat meat",0,0,0,0,0
727,"These days, the number of animals is rapidly decreasing due to being eaten, but endangered animals are not being eaten, so the number is increasing as they give birth to birds and live",0,0,0,0,0
728,"We throw away trash and as the earth changes, the temperature rises, and the earth warms up, so there is a temperature where animals can live, and there is an endangered animal because the temperature rises",0,0,0,0,0
729,change according to the environment,0,0,0,0,0
730,Because of the weather,0,0,0,0,0
731,"Because they are indiscriminately hunting,",0,0,0,0,0
732,be vulnerable to infectious diseases if water is not diverse,0,0,0,0,0
733,Humans killed mercilessly,0,0,0,0,0
734,Human ruthless use and destruction of ecosystems is the cause.,0,0,0,0,0
735,PASS,0,0,0,0,0
736,"""Man's reckless dumping of garbage",0,0,0,0,0
737,"e.g. Due to plastic waste dumped by sea creatures without permission,",0,0,0,0,0
738,be dying,0,0,0,0,0
739,on a recurring phenomenon every year,0,0,0,0,0
740,Certain species may become extinct,0,0,0,0,0
741,I don't know.,0,0,0,0,0
742,"""People are trying to protect biodiversity",0,0,0,0,0
743,"Protecting the habitat of the endangered species,",0,0,0,0,0
744,"It is trying to increase the number of extinctions while steadily protecting the species in a biological shelter.""",0,0,0,0,0
745,"Endangered species are on the rise as people indiscriminately develop ecosystems, destroying their sites and indiscriminately catching animals for human gain",0,0,0,0,0
746,"Humans' indiscriminate development destroys nature and changes the existing ecosystem. As a result, the animals and plants that lived in the past move to other places or die, and new animals and plants are created. In addition, as humans use more land, animals and plants disappear as space for animals and plants decreases, and because some plants and animals are valuable, humans have pioneered land, mass-producing one plant, and indiscriminately hunting animals.",0,0,0,0,0
747,The ecological environment is lost due to climate change such as global warming. Ecosystem destruction due to environmental pollution.,1,0,0,0,0
748,Destruction of Habitat due to Environmental Pollution,0,0,0,0,0
749,"As the number of unadjusted populations increases due to climate change, biodiversity decreases and endangered species increase.",1,0,0,0,0
750,"Endangered species are killed by human poaching, breeding, etc.",0,0,0,0,0
751,It's because of global warming,0,0,0,0,0
752,1234,0,0,0,0,0
753,I don't know,0,0,0,0,0
754,Because of environmental pollution,0,0,0,0,0
755,It's because I'm all tied up,0,0,0,0,0
756,"With the development of science and technology, the number of cars and factories increases, and the number of living things decreases rapidly due to environmental pollution",0,0,0,0,0
757,I don't know.,0,0,0,0,0
758,in the midst of a scandal,0,0,0,0,0
759,"""Because humans destroy the natural environment",0,0,0,0,0
760,"""",0,0,0,0,0
761,"Because people hunt animals,",0,0,0,0,0
762,Because people hunt everywhere,0,0,0,0,0
763,Global warming phenomenon,0,0,0,0,0
764,"Because the earth gets hot because of global warming, animals, insects, and life are hard to live in",0,0,0,0,0
765,"Water is polluted by dumping waste into lakes, rivers, and seas and people touch extinct animals recklessly",0,0,0,0,0
766,Don't know,0,0,0,0,0
767,"Water is polluted by dumping waste into lakes, rivers, and seas and people touch extinct animals recklessly",0,0,0,0,0
768,The world has come to an end,0,0,0,0,0
769,"Because of global warming,",0,0,0,0,0
770,I don't know.,0,0,0,0,0
771,It's better to live in the wild,0,0,0,0,0
772,I don't know.,0,0,0,0,0
773,"Animals are dangerous because people throw away trash from the sea, and animals and the earth are dangerous because they throw away pollutants on the floor.",0,0,0,0,0
774,"As time goes by, the animal is either extinct or alive",0,0,0,0,0
775,1243,0,0,0,0,0
776,"""As people catch and kill animals, the number of animals that are large is decreasing and becoming endangered",0,0,0,0,0
777,"In the past, the number of tigers decreased dramatically because they were caught and killed""",0,0,0,0,0
778,"Because our natural environment is good, various creatures become extinct",0,0,0,0,0
779,I don't know.,0,0,0,0,0
780,environmental pollution,0,0,0,0,0
781,environmental change,0,0,0,0,0
782,"""Global Warming""",0,0,0,0,0
783,"""",0,0,0,0,0
784,......,0,0,0,0,0
785,People eat and hunt,0,0,0,0,0
786,People killed him,0,0,0,0,0
787,I don't know,0,0,0,0,0
788,I don't understand.,0,0,0,0,0
789,a hunting chain,0,0,0,0,0
790,"""People hunt, endangered species appear, and environmental pollution seems to be the main culprit",0,0,0,0,0
791,"""Because of environmental pollution",0,0,0,0,0
792,This is because people continue to develop nature and hunt and sell endangered animals for money.,0,0,0,0,0
793,"""This is because people catch and sell unique or unusual creatures or use them to experiment. People are greedy and wonder when a unique creature is born. Therefore, many of our country's creatures are becoming extinct.",0,0,0,0,0
794,"""",0,0,0,0,0
795,It seems to be caused by our environmental pollution.,0,0,0,0,0
796,This is because we eat and eat each other over time.,0,0,0,0,0
797,I don't raise them and I don't cherish them,0,0,0,0,0
798,Global warming,0,0,0,0,0
799,I don't know,0,0,0,0,0
800,The occurrence of organisms that have not adapted to the environment due to global warming. habitat loss Natural selection failed due to sudden changes in the environment.,0,0,0,0,0
801,environmental destruction,0,0,1,0,0
802,a drastic environmental change,0,0,0,0,0
803,Reduction of habitat due to global warming,0,0,0,0,0
804,the indiscriminate development of human nature,0,0,0,0,0
805,Global warming,0,0,0,0,0
806,Global warming causes rapid changes in the environment to fail to adapt and die (reducing environmental diversity).),0,0,0,0,0
807,The ecosystem is destroyed as rainforests are destroyed by resource development.,0,0,0,0,0
808,"Due to the destruction of ecosystems caused by global warming and climate change, the habitat of various creatures disappears and the food chain collapses.",1,0,0,0,0
809,"The ecosystem is disturbed by human indiscriminate environmental destruction, resulting in endangered species.",0,0,1,0,0
810,Global warming and environmental pollution have killed many living things.,0,0,0,0,0
811,Global warming,0,0,0,0,0
812,environmental destruction,0,0,1,0,0
813,Because we took out the trash.,0,0,0,0,0
814,Because the earth is polluted. Because humans don't preserve the environment properly.,0,0,0,0,0
815,"People's greed was so great that they killed animals that even killed the animals that were preyed on, so the species decreased a lot.",0,0,0,0,0
816,Global warming,0,0,0,0,0
817,"Humans do not respect biodiversity, but leave only superior individuals and interbreed with superior individuals, making it difficult for superior individuals who adapt only to the current environment to survive even if the environment changes a little later",0,0,0,0,0
818,"As the problem of environmental pollution worsened, the threat of extinction occurred.",0,0,0,0,0
819,Nature has been destroyed,0,0,0,0,0
820,I don't know,0,0,0,0,0
821,Because of environmental pollution,0,0,0,0,0
822,Global warming,0,0,0,0,0
823,I can't eat bananas,0,0,0,0,0
824,I think it's because the food chain changed because of global warming.,0,0,0,0,0
825,"Due to the rapidly changing climate and global warming,",0,0,0,0,0
826,It seems that endangered species are increasing because animals cannot adapt to the environment due to global warming.,0,0,0,0,0
827,ruthless ecosystem destruction and logging,0,0,0,0,0
828,The destruction of the environment is reducing species of life.,0,0,0,0,0
829,Because of indiscriminate hunting and environmental destruction of people,0,0,1,0,0
830,Because people kill too many people and get caught without thinking,0,0,0,0,0
831,Ecosystem change,0,0,0,0,0
832,"Because of reckless development, ecosystems are destroyed and habitats are lost",0,0,0,0,0
833,Global warming,0,0,0,0,0
834,The reason why endangered species are increasing is that animals die because their homes are destroyed just as they are if we don't have homes,0,0,0,0,0
835,"Human behavior such as global warming, wetland development, forest destruction, and reckless hunting",0,0,0,0,0
836,The number of creatures that cannot adapt to environmental changes increases,0,0,0,0,0
837,"If there's no low-level creature in the food chain, the upper-level creature will starve",0,0,0,0,0
838,"A sudden change from an existing living environment to an environment where the living thing can no longer adapt, or other external factors preventing the living thing from living",0,0,0,0,0
839,Endangered species are increasing as people cause ecosystem destruction.,0,0,0,0,0
840,"Human indiscriminate development destroys the ecosystem, leading to extinction of creatures that have lost their homes.",0,0,0,0,0
841,It's because of humans,0,0,0,0,0
842,"Due to global warming and environmental pollution,",0,0,0,0,0
843,Global warming and indiscriminate hunting of animals are likely to be the cause,0,0,0,0,0
844,"It's because people eat it and use it as leather, or it destroys nature",0,0,0,0,0
845,"As global warming progressed, the environment in which the creatures had adapted has changed dramatically",0,0,0,0,0
846,"There are other animals that humans have extinct.""",0,0,0,0,0
847,There are many kinds of living things,0,0,0,0,0
848,The answer to global warming or the destruction of other yellow dust ecosystems is humans.,0,0,0,0,0
849,Environmental pollution or animal abuse,0,0,0,0,0
850,the evolution of mankind,0,0,0,0,0
851,Global warming is destroying the living environment.,0,0,0,0,0
852,It is because it has harmful effects on the earth such as air pollution and environmental pollution,0,0,0,0,0
853,It's because we're trying to create a lot of creatures,0,0,0,0,0
854,Human beings are destroying the ecosystem,0,0,0,0,0
855,That's what happens when the environment is rapidly changing and people catch a lot,0,0,0,0,0
856,This is because people are suffering a lot of damage from hunting and environmental pollution.,0,0,0,0,0
857,"Since the Industrial Revolution, as the rapid environmental destruction has led to global warming, the population of various creatures other than humans has decreased, and endangered species are increasing.",0,0,1,0,0
858,"The cause of global warming is greenhouse gases. Among greenhouse gases, especially carbon dioxide is a major factor in global warming.  For this reason, the ozone layer is destroyed, global warming progresses, and the Earth's temperature rises, making it difficult for living things to survive.",0,0,0,0,0
859,"These days, due to global warming and human industrialization, the existing environment is destroyed, and the unadaptable creatures become extinct",0,0,0,0,0
860,"Because of global warming, it's hard for living things to adapt to the environment",0,0,0,0,0
861,"This is because as glaciers melt, sea levels rise gradually, which affects the Earth's environment, thereby changing the climate. Therefore, they are extinct animals that have not been adapted.",0,0,0,0,0
862,"Animals that have not adapted to rising temperatures caused by global warming become extinct. In addition, some creatures have become extinct due to reduced habitat due to reckless urbanization.",0,0,0,0,0
863,"Endangered species increase due to the influx of foreign species, fragmentation of habitats, overfishing, ecosystem destruction, etc.",0,0,0,0,0
864,"Endangered species increase due to the influx of foreign species, fragmentation of habitats, overfishing, ecosystem destruction, etc.",0,0,0,0,0
865,with a sudden change in the climate in desertification due to the pollution of the environment,0,0,0,0,0
866,"Global warming, excessive human environmental development, increased number of dominant species, etc",0,0,0,0,0
867,The threat of extinction has increased as the population grows and habitats are destroyed.,0,0,0,0,0
868,This is because people are destroying animal habitats.,0,0,0,0,0
869,Endangered species are increasing due to the influx of foreign species and unnecessary road generation.,0,0,0,0,0
870,I don't know,0,0,0,0,0
871,Because the natural environment is being damaged,0,0,0,0,0
872,"Biodiversity is a term that includes all three varieties: genes, species, and ecosystems. Recently, ecological diversity is being destroyed due to environmental destruction caused by global warming. As a result, the number of species living in certain ecosystems naturally decreases, leading to an increase in endangered species.",0,0,1,0,0
873,I don't know,0,0,0,0,0
874,"""",0,0,0,0,0
875,"This is because environmental problems such as global warming and forest desertification lead to the loss of balance in the ecosystem and the extinction of species affected by environmental changes.""",0,0,0,0,0
876,"Due to the diminishing diversity of habitats,",0,0,0,0,0
877,I don't know,0,0,0,0,0
878,"Because the habitat environment changes due to environmental destruction,",0,0,1,0,0
879,"Environmental destruction, hunting, and capture are the causes.",0,0,0,0,0
880,"Endangered species are increasing because the number of producers has decreased due to changes in the global climate, and the number of primary and secondary consumers has also decreased.",0,0,0,0,0
881,Endangered species increase because humans need to destroy their habitats or value their own parts of the body.,0,0,0,0,0
882,"As the environment is polluted and changed, species die without adaptation. This leads to a decrease in biodiversity, and a decrease in biodiversity leads to a decrease in the stability of the ecosystem.",0,0,0,0,0
883,indiscriminate capture,0,0,0,0,0
884,I don't know,0,0,0,0,0
885,Destruction of environmental pollution habitat Overfishing and illegal capture of wildlife,0,0,0,0,0
886,"Previously, the destruction of the natural environment was not serious, so there was no problem with species diversity. Rapid changes are due to the environment, so there is not enough time for living things to evolve.",0,0,0,0,0
887,"If the temperature rises, polar bears will face extinction as pieces of ice gradually disappear.",0,0,0,0,0
888,"The emergence of foreign species and mutations can cause several species to disappear by breaking ecosystem equilibrium as food chains are muddled by new species.""",0,0,0,0,0
889,"Due to global warming or human pollution, the habitats of living things are decreasing. This is a major threat to ecosystem diversity.",0,0,0,0,0
890,The biggest reason is the lack of habitat due to drastic changes in the ecosystemEvaluation Only. Created with Aspose.Cells for Python via Java.Copyright 2003 - 2022 Aspose Pty Ltd.,0,0,0,0,0
