,"20. Abnormal kidney function can lead to various diseases and, in severe cases, death. What does the kidney do in our body, so if something goes wrong, will it cause disease? Let's explain it in detail using knowledge of kidney function. ",pee,hormone,waste,reabsorption
0,Moon Byul,0,0,0,0
1,It's hard to get rid of toxins,0,0,0,0
2,I get sick because I can't filter out the wastes well,0,0,1,0
3,It filters out the wastes from New Year's Eve,0,0,1,0
4,"Kidney filters out the waste, and if it doesn't work, it can lead to death by wrapping upholstery",0,0,1,0
5,The kidneys filter out waste.,0,0,1,0
6,I don't know,0,0,0,0
7,I'll let you live,0,0,0,0
8,get rid of waste,0,0,1,0
9,It filters out the wastes,0,0,1,0
10,The kidney is responsible for filtering out wastes and elements in the body.,0,0,1,0
11,It's where the kidneys filter out the wastes,0,0,1,0
12,"Wastes (ammonia, elements, and excess water in the body that occurs when cells breathe with proteins) cannot be released.",0,0,0,0
13,"Filtration, absorption, re-secretion and urine.",0,0,0,0
14,"""Excuse""",0,0,0,0
15,"The waste in the house is piled up, and the amount of water is out of control.""",0,0,1,0
16,the act of filtering out wastes,0,0,1,0
17,I don't know,0,0,0,0
18,I don't know.,0,0,0,0
19,I don't know,0,0,0,0
20,Kidneys are vital organs for our bodies,0,0,0,0
21,I work on urine.,0,0,0,0
22,This is because the kidneys play a role in filtering out waste.,0,0,1,0
23,This is because the kidneys play a role in filtering out waste.,0,0,1,0
24,Kidneys help people live.,0,0,0,0
25,It filters out the wastes.,0,0,1,0
26,It detoxifies the bad components of the body.,0,0,0,0
27,Urinary stones occur because of poor urine,0,0,0,0
28,a place for waste discharge,0,0,1,0
29,"Glucose, amino acids cannot be reabsorbed",0,0,0,0
30,"I don't know exactly, but I know it's a body purification.",0,0,0,0
31,It secretes hormones and produces waste.,0,1,1,0
32,"The kidney reabsorbs sodium components and water by various hormones, and if there is an abnormality in the kidney, the body cannot perform these activities, causing problems.",0,1,0,0
33,Unbelievable,0,0,0,0
34,"Hormones are released, wastes are discharged abnormally",0,0,1,0
35,This is because the kidneys play an important role in our bodies.,0,0,0,0
36,The kidneys are essential because they filter out the wastes in our bodies,0,0,1,0
37,I can't pee,1,0,0,0
38,"If there is something wrong with the kidneys, it causes problems in the excretory system and affects our entire body",0,0,0,0
39,"The kidneys are the digestive system and are responsible for various aspects such as the breakdown of nutrients in the body, and when abnormalities occur, problems such as nutrient deficiency in the body occur.",0,0,0,0
40,"The kidneys are responsible for our excretion, so there will be abnormal excretion.",0,0,0,0
41,The excretory organ discharges wastes out of the body.,0,0,1,0
42,The kidneys are responsible for filtering out urine.,0,0,0,0
43,The filtration will be eliminated and waste will not escape into the blood.,0,0,1,0
44,It will not allow waste to be removed. That's why there's something wrong with the body.,0,0,1,0
45,It releases wastes,0,0,1,0
46,It releases wastes.,0,0,1,0
47,The kidneys are responsible for filtering out wastes from our bodies.,0,0,1,0
48,Kidneys are kidneys and work related to urine.,0,0,0,0
49,"It plays a role in allowing waste and substances that the body does not need to be discharged from the body, and if this function is abnormal, it causes diseases because it cannot properly discharge waste.",0,0,1,0
50,"The kidneys filter waste from blood vessels and reabsorb essential ingredients in our bodies, such as amino acids and glucose. Diabetes and proteinuria can occur when kidney problems occur, and amino acids and glucose are released through urine.",0,0,1,0
51,It excrete wastes from the body.,0,0,1,0
52,"If my kidneys, which filter wastes from the blood, fail to function, the release of wastes is not smooth, causing diseases.",0,0,1,0
53,I couldn't pee,1,0,0,0
54,"This is because it plays a role in filtering out waste, so if there is an abnormality in the kidneys, waste accumulates in the body, causing an abnormality",0,0,1,0
55,"The kidneys filter out the elements in our bodies from the blood and release them out of our bodies However, if it does not work properly, it does not remove the elements in the body properly, which causes problems in the body.",0,0,0,0
56,I don't know,0,0,0,0
57,"Since the kidney is an organ that discharges waste accumulated in our body through digestion and circulation, various diseases can appear in the body if kidney abnormalities occur.",0,0,1,0
58,a buildup of waste in the body,0,0,1,0
59,"The kidneys can absorb water to control osmotic pressure, and they can filter out carbohydrates or proteins needed in our bodies. Therefore, abnormal kidneys can cause abnormalities in the body.",0,0,0,0
60,I don't know.,0,0,0,0
61,I don't know,0,0,0,0
62,I don't know,0,0,0,0
63,"Yes, yes",0,0,0,0
64,I don't know.,0,0,0,0
65,I don't know.,0,0,0,0
66,.....................................,0,0,0,0
67,I don't know,0,0,0,0
68,I don't know,0,0,0,0
69,I don't know,0,0,0,0
70,purify the blood,0,0,0,0
71,in a roundabout way,0,0,0,0
72,I don't know the human body :>,0,0,0,0
73,a dying disease,0,0,0,0
74,"Our organs prevent harmful cells from entering our bodies, and if something goes wrong with our organs, we cannot filter out all harmful cells, and some enter our bodies and reproduce, causing disease",0,0,0,0
75,66 88 - áá§ãTongue66 ã,0,0,0,0
76,Disease 1 diabetes 2 peam 3 drugs,0,0,0,0
77,The kidneys let the bad ingredients out of the pee and poop.,1,0,0,0
78,We collect toxic or unhealthy things in our kidneys,0,0,0,0
79,"When you eat food and dispose of scraps,",0,0,0,0
80,"The kidneys filter out the waste accumulated in our body's blood. If there is an abnormality in the kidney, it cannot filter out the waste in the blood, which increases the risk of getting sick.",0,0,1,0
81,The kidneys filter out waste because they don't know that.,0,0,1,0
82,"The kidneys play a role in discharging waste from the human body, and if something goes wrong, it is impossible to discharge waste, which poses a health risk.",0,0,1,0
83,This is because kidneys manage waste from our bodies and turn dirty blood into clean blood.,0,0,1,0
84,The kidneys cleanse the blood of our bodies,0,0,0,0
85,It's because it causes disease,0,0,0,0
86,"FG/LK;FD,GL,GL;",0,0,0,0
87,The kidneys filter out toxins and bad substances in our blood.,0,0,0,0
88,I do not remember.,0,0,0,0
89,There's a foreign substance stuck in the bean pop,0,0,0,0
90,I don't know exactly. I don't think I can pee well,1,0,0,0
91,"Since wastes accumulated in our bodies are sent outside with urine, if this function is abnormal, nasal wastes accumulate in our bodies, causing problems in most of our bodies.",0,0,1,0
92,The kidney is responsible for filtering out bad substances in our bodies.,0,0,0,0
93,An abnormality in the kidney causes indigestion,0,0,0,0
94,I don't know.,0,0,0,0
95,filter out the no-fee water in the blood,0,0,0,0
96,"No-fe water filter. If you don't, it will pile up, so your face will look bad, and you will have a rock engraved inside",0,0,0,0
97,I don't know,0,0,0,0
98,"To purify the poison? (I don't know)Blood takes oxygen and sends the remaining residue to the kidneys to discharge it, but it fails to discharge the residue and is wrapped in the body, causing a disease.",0,0,0,0
99,"There are two kidneys, so even if there is something wrong with one, you can take it out from the kidneys, but there is only one heart, lungs, intestines, etc., so you can die because there is a risk to the kidneys.",0,0,0,0
100,"The kidneys play a role in converting dirty blood, that is, blood accumulated with waste, into clean blood.It serves to filter waste from the blood.Therefore, if there is an abnormality in this, the blood vessels may be blocked and collapse because waste is not filtered from accumulating in the blood.",0,0,1,0
101,"The kidneys do the job of filtering blood clean. Therefore, if there is an abnormality in the kidney, blood is not clean and waste accumulates, resulting in diabetes.",0,0,1,0
102,"""The kidneys cleanse our body's waste, and they cleanse it",0,0,1,0
103,"Diabetes occurs if the kidneys are not properly filtered out.""",0,0,0,0
104,"""Because the kidneys work to get rid of wastes,",0,0,1,0
105,"If the kidneys don't get rid of the waste, it's going to build up in your body",0,0,1,0
106,"It causes a disease.""",0,0,0,0
107,A person's body can be destroyed at any time So it can cause abnormalities,0,0,0,0
108,It makes me live,0,0,0,0
109,Makes our pee.,1,0,0,0
110,You have to keep your blood clean,0,0,0,0
111,The function of the kidneys is necessary to deliver nutrients from our bodies and to filter out the residue to make urine,0,0,0,0
112,"The kidneys filter out waste carried through the blood and make urine. Blood from which waste has been removed is sent back into the body, and urine is released out of the body through the bladder. The process of releasing waste products from the blood out of the body is called excretion, and kidneys are involved in excretion. It filters out waste from the body and sends it outside to keep the blood clean.",0,0,1,0
113,"If there's something wrong with the kidneys that filters out the nope and releases it out of the body through urine, the wastes will build up in our bodies and cause disease",0,0,1,0
114,"When I eat food, I digest and come out as poop.",0,0,0,0
115,filter out the waste and keep the blood clean,0,0,1,0
116,The body generates waste in the process of making and using energy necessary for the body by utilizing nutrients. It is harmful if waste remains in our bodies. The process of releasing waste from the blood out of the body is called excretion. It filters out waste from the body and sends it outside to keep the blood clean.This allows us to live a healthy life.,0,0,1,0
117,"Kidneys purify the blood, but if the kidney gets worse, it becomes a disease because the blood is not purified well and is not purified",0,0,0,0
118,"The kidneys filter out waste carried through the blood to make urine. Blood from which waste has been removed is sent back into the body, and urine is released out of the body through the bladder. In this way, waste from the body is filtered out and sent to the outside to keep the blood clean.",0,0,1,0
119,M and D,0,0,0,0
120,I don't understand.,0,0,0,0
121,"If there is no function in the kidney, the body's function is lost, so there is a problem.",0,0,0,0
122,Because it keeps us from getting sick?,0,0,0,0
123,I don't understand.,0,0,0,0
124,The kidneys filter out the waste from our dreams,0,0,1,0
125,I don't know,0,0,0,0
126,Blood gets dirty because it cannot filter out foreign substances in the blood,0,0,0,0
127,I don't know.,0,0,0,0
128,I don't know. I don't know,0,0,0,0
129,I don't know,0,0,0,0
130,"Kidney. So, what do we do in our bodies? I need to find out",0,0,0,0
131,You have to trust the doctor,0,0,0,0
132,"Because kidneys filter out blood that is bad for our body, our body can live healthy, but if we don't have kidneys, harmful substances accumulate.",0,0,0,0
133,I don't know,0,0,0,0
134,I don't know.,0,0,0,0
135,Cancer develops,0,0,0,0
136,Cigarettes or non-smokers develop diseases,0,0,0,0
137,I don't know.,0,0,0,0
138,Kidney is important to our body,0,0,0,0
139,The kidneys have the function of separating the scraps in our bodies,0,0,0,0
140,"When we eat and live in our lives, we filter out bad substances such as instant and harmful substances.",0,0,0,0
141,Kongji and Patji,0,0,0,0
142,"Urine is the place where it is made, and if there is an abnormality, it cannot discharge waste and causes an abnormality",0,0,1,0
143,It covers up the excrement,0,0,0,0
144,You get sick because we don't do hygiene thoroughly,0,0,0,0
145,Because all the elements in the body are important.,0,0,0,0
146,I'm going to take out the pee out,1,0,0,0
147,"When you eat the wrong food,",0,0,0,0
148,It's dangerous to have kidney problems because it filters out wastes,0,0,1,0
149,Kidneys can make us move and grow taller.,0,0,0,0
150,I don't know.,0,0,0,0
151,We haven't been able to filter out the waste that's been created in our bodies,0,0,1,0
152,"If you can't filter out the waste, your stomach will get damaged",0,0,1,0
153,This is because it filters out the body's waste and discharges it into urine.,0,0,1,0
154,My stomach hurts because I can't filter out the no-fefe water in my blood,0,0,0,0
155,"The kidney filters out the body's no-feather, because it becomes unable to function.",0,0,0,0
156,The kidneys take away the old vandalism in the blood,0,0,0,0
157,This is because the kidneys filter out the no-fefe water in the blood.,0,0,0,0
158,I don't know.,0,0,0,0
159,This is because the kidneys play a role in filtering out waste in the blood.,0,0,1,0
160,The kidneys are responsible for filtering out the wastes,0,0,1,0
161,It causes inflammation and damages other organs.,0,0,0,0
162,"If the kidneys have abnormal functions, they may die because they cannot clean the blood, and if they do not have a liver, they cannot break down alcohol.",0,0,0,0
163,I don't know.,0,0,0,0
164,I don't know,0,0,0,0
165,"No Minseung, scissors",0,0,0,0
166,"Yes, kidneys are very important",0,0,0,0
167,Kidney is important,0,0,0,0
168,I don't know.,0,0,0,0
169,It has the function of relieving poison.,0,0,0,0
170,"""Because the kidneys filter waste from the blood circulation, blood that has passed through the kidneys becomes clear, so abnormal kidney conditions can lead to poor health.",0,0,1,0
171,"""",0,0,0,0
172,It removes impurities.,0,0,0,0
173,filter out waste matter,0,0,1,0
174,have a kidney disease,0,0,0,0
175,maintain proper body temperature and blood pressure,0,0,0,0
176,Filtrate waste and make a pee.,1,0,1,0
177,"The kidney is a place to filter waste to the bladder, and if there is a problem with the kidney, the nutrients necessary for the body to go out of the waste through the bladder will also escape.",0,0,1,0
178,It's dangerous if there's something wrong with cleaning up the waste,0,0,1,0
179,I don't know.,0,0,0,0
180,It filters out the wastes in the urine,0,0,1,0
181,Maintain proper body temperature and blood pressure,0,0,0,0
182,I don't know.,0,0,0,0
183,"The kidney filters out the body's waste and reabsorbs nutrients that cannot be absorbed by the body, so when teeth break down, waste accumulates in the body and energy efficiency decreases",0,0,1,0
184,I don't know.,0,0,0,0
185,It filters out the wastes.,0,0,1,0
186,"""It's about taking elements and water out of the blood to make a pee",1,0,0,0
187,"This is because abnormalities in the kidneys cause problems in urine discharge.""",0,0,0,0
188,"Since the kidneys filter out the wastes in our bodies, if the kidneys fail, they can be dangerous due to the accumulation of wastes in the body.",0,0,1,0
189,"The function of the kidney is to filter waste and absorb water, but life will be uncomfortable if this function is lost",0,0,1,0
190,Remove and discharge wastes,0,0,1,0
191,.,0,0,0,0
192,The toxins that are harmful to the body increase and break down every corner of the body.,0,0,0,0
193,"This is because it affects plasma osmotic pressure as a target organ of anti-diuretic hormones, and as a representative excretory organ of our body, it plays a role in releasing unhealthy substances out of the body.",0,1,0,0
194,"The filtration function is not working properly, so the waste in the blood cannot be filtered",0,0,1,0
195,"Since the kidneys filter wastes from our bodies and create urine, wastes accumulate in the body if there is an abnormality in the kidneys.",0,0,1,0
196,"Kidney removes the toxin called urea from our body, but if it can't play a role in kidney, it will die.",0,0,0,0
197,"I don't know.The kidneys are an organ of the excretory system, and the nephrons that make up the kidneys play a role in filtering waste through filtration, reabsorption, and secretion processes. However, if there is an abnormality in the kidney, these excretory activities cannot be carried out properly, resulting in an abnormality in the body.",0,0,1,1
198,"If it is unable to filter out waste from urine and absorb nutrients, the waste is also absorbed into the body, resulting in a disease.",0,0,1,0
199,Filter functionality of filtration,0,0,0,0
200,"Since the kidneys excrete waste products in the blood and maintain water content and acidity in the body, various diseases occur when kidney abnormalities occur.",0,0,1,0
201,...,0,0,0,0
202,I don't know.,0,0,0,0
203,organ trading,0,0,0,0
204,"The kidneys are responsible for metabolizing waste matter and maintaining body balance along with the surrounding ureter, bladder, and urethra. These kidneys not only have the main function of excreting waste, but they also maintain the balance of acid bases and control blood pressure by maintaining the appropriate amount of body fluid with the balance of water and electrolytes.",0,0,1,0
205,Maintaining body fluids and controlling blood pressure,0,0,0,0
206,"Even if you don't have a kidney, you can die if something goes wrong with your body",0,0,0,0
207,"I have two kidneys, so I don't need one",0,0,0,0
208,I know that kidneys do important things for the body,0,0,0,0
209,I don't know.,0,0,0,0
210,The kidneys are responsible for filtering out the wastes in the body,0,0,1,0
211,"In the kidney, it filters out waste from the blood, and if it does not play its role properly, waste accumulates in the blood, resulting in various diseases.",0,0,1,0
212,I don't know what the kidneys are doing.,0,0,0,0
213,It filters out the wastes,0,0,1,0
214,"If there is an abnormality in the kidneys by releasing wastes from the body, they can not be released and die.",0,0,1,0
215,The kidney is responsible for filtering out waste.,0,0,1,0
216,"The kidney collects waste from the body and sends it to the bladder to discharge it. If there is an abnormality in the function of the kidney, it is fatal because the waste remains in the body",0,0,1,0
217,It filters out toxins in the urine,0,0,0,0
218,hormones and excreted wastes,0,1,1,0
219,"The body comes out in the form of urine, such as moisture powder and residue, and the kidney absorbs the energy in the urine.",0,0,0,0
220,The kidneys are responsible for filtering out the waste in our bodies,0,0,1,0
221,The secretions that need to come out of the body don't come out and they're piled up,0,0,0,0
222,The role of filtering out waste from the body,0,0,1,0
223,I don't know,0,0,0,0
224,"The kidneys filter out our body's waste and let us pee. In the event of abnormalities in this kidney, the waste may not be filtered well and the waste may continue to flow through the blood, causing vascular disease",1,0,1,0
225,"We need a kidney to filter out nutrients, so if we have a kidney problem, we can't excrete",0,0,0,0
226,It's the kidneys that release the urine that's supposed to be released from the body,0,0,0,0
227,The kidneys support the role of the heart in our body,0,0,0,0
228,It functions to purify food that enters our body and to urinate the no-fefe water.,0,0,0,0
229,Filter out the no-feet water,0,0,0,0
230,This is because it is properly separated from the kidneys to prevent the body from excreting necessary nutrients or unnecessary nutrients.,0,0,0,0
231,The role of filtering out no-feathers in our bodies,0,0,0,0
232,"The kidney filters out bad things, but if the kidney doesn't work, the bad things enter the body and cause diseases",0,0,0,0
233,"Kidneys are about releasing the right amount of waste, such as our urine and feces, to help us discharge well But if there's something wrong with the kidneys, we're releasing all the nutrients that our bodies need along with urine and feces",0,0,1,0
234,"The kidneys are responsible for metabolizing waste matter and maintaining body balance along with the surrounding ureter, bladder, and urethra. These kidneys not only have the main function of excreting waste, but they also maintain the balance of acid bases and control blood pressure by maintaining the appropriate amount of body fluid with the balance of water and electrolytes.",0,0,1,0
235,"Kidney is responsible for high waste mass production and body balance along with the surrounding ureter, bladder, and urethra",0,0,1,0
236,to do something important,0,0,0,0
237,"We filter out bad diseases in the kidneys, but if something goes wrong, we can't filter out bad diseases.",0,0,0,0
238,"""",0,0,0,0
239,"The kidneys are responsible for metabolizing waste matter and maintaining body balance along with the surrounding ureter, bladder, and urethra. These kidneys not only have the main function of excreting waste, but they also maintain the balance of acid bases and control blood pressure by maintaining the appropriate amount of body fluid with the balance of water and electrolytes.",0,0,1,0
240,"The kidney is an organ with a very important function that allows each part of the body to function properly. In other words, all organs are always indebted to the kidney, so if a disease occurs in the kidney, other organs are also affected.",0,0,0,0
241,"The kidney is an organ with a very important function that allows each part of the body to work properly. In other words, all organs are always indebted to the kidney, so if a disease occurs in the kidney, other organs are also affected.",0,0,0,0
242,"""Because each kidney is important.",0,0,0,0
243,"""",0,0,0,0
244,"In addition to the main function of excreting waste, the kidneys maintain the acid base group, help with water and hematopoietic action, activate vitamin D, etc., and when this function is abnormal, disease occurs",0,0,1,0
245,"In addition to the main functions of excreting waste, the kidneys function in various ways, such as maintaining balance of acid bases, helping water and hematopoietic action, and activating vitamin D.",0,0,1,0
246,"The kidneys not only have a major function of excreting nope, but also have a number of functions, such as balancing acid bases, helping with water and hematopoietic action, and activating vitamin D If this function is abnormal, our bodies will no longer be able to live.",0,0,0,0
247,Displacement function Poor bladder function,0,0,0,0
248,"If these activities are not carried out normally, such as the excretion function of filtering and discharging waste products, the function of maintaining constant water content, electrolyte, and acidity in a narrow range, kidney disease may occur.",0,0,1,0
249,"""It excrete waste and maintains homeostasis in the body",0,0,1,0
250,"""If you have kidney abnormalities, your constancy decreases and you die.""",0,0,0,0
251,Air went into the kidneys,0,0,0,0
252,The element is not removed.,0,0,0,0
253,edwedwedwed,0,0,0,0
254,I don't know.,0,0,0,0
255,M and D,0,0,0,0
256,I don't know,0,0,0,0
257,I don't understand.,0,0,0,0
258,I don't know,0,0,0,0
259,I don't know.,0,0,0,0
260,I don't know.,0,0,0,0
261,I don't understand.,0,0,0,0
262,I don't know,0,0,0,0
263,I don't understand.,0,0,0,0
264,I don't understand.,0,0,0,0
265,I don't know,0,0,0,0
266,Mall,0,0,0,0
267,I don't know.,0,0,0,0
268,I don't know,0,0,0,0
269,Yeah.,0,0,0,0
270,I don't know,0,0,0,0
271,I don't know,0,0,0,0
272,I don't know,0,0,0,0
273,I don't understand.,0,0,0,0
274,I don't know.,0,0,0,0
275,I don't understand.,0,0,0,0
276,Make and drain urine,0,0,0,0
277,I don't know,0,0,0,0
278,"The kidney is an organ that filters out waste from our body Without a kidney, waste accumulates in our bodies and eventually dies.",0,0,1,0
279,I don't know.,0,0,0,0
280,Filtration of contaminants into excreta,0,0,0,0
281,I don't understand.,0,0,0,0
282,I don't know,0,0,0,0
283,?,0,0,0,0
284,M and D,0,0,0,0
285,........,0,0,0,0
286,There are organs in the kidneys,0,0,0,0
287,Because the kidneys filter the blood.,0,0,0,0
288,yes,0,0,0,0
289,"The kidneys play a role in filtering out waste from our bodies, because they cannot filter out waste, and when waste accumulates, diseases occur.",0,0,1,0
290,ãã,0,0,0,0
291,It filters out the contaminants,0,0,0,0
292,I don't know.,0,0,0,0
293,Filter out foreign substances in the blood,0,0,0,0
294,Radioactivity k,0,0,0,0
295,infect a person's nails,0,0,0,0
296,I don't knowThe kidneys have the same function of making a pee,1,0,0,0
297,I don't know,0,0,0,0
298,You get sick because you don't function normally,0,0,0,0
299,It filters out waste,0,0,1,0
300,Die.,0,0,0,0
301,Kidneys help us live. Can't be without,0,0,0,0
302,It filters out germs,0,0,0,0
303,Cancer breaks out,0,0,0,0
304,The kidneys are responsible for filtering out wastes in our bodies,0,0,1,0
305,It's dangerous without it,0,0,0,0
306,Filtrate waste and make a pee,1,0,1,0
307,ã¹í´ãë¼ããããã£ê³§ã¹ìãã±ëì¼í¸ã,0,0,0,0
308,catch any disease,0,0,0,0
309,"It's because if there's a problem with the kidneys, the residue gets stuck in the body",0,0,0,0
310,"""The kidneys filter out the body's waste and keep it clean",0,0,1,0
311,"If this function is broken, you have to do dialysis artificially.""",0,0,0,0
312,The kidneys allow me to pee,1,0,0,0
313,"If you don't have it, it'll strain your heart",0,0,0,0
314,What does a kidney do?,0,0,0,0
315,The kidneys play an important role in our bodies.,0,0,0,0
316,It's good for removing germs,0,0,0,0
317,"Kidneys play important roles in our bodies, so it's dangerous to lose one",0,0,0,0
318,The kidney suffers from a disease in which this role cannot be performed in treating body waste.,0,0,1,0
319,It is difficult to play a role in catching waste.,0,0,1,0
320,waste-filtering excretion,0,0,1,0
321,"Helps metabolize waste and maintain body balance, balance acid bases, control body fluids, maintain homeostasis, and help hematopoietic action",0,0,1,0
322,Excretion (filtering waste),0,0,1,0
323,Filtrate the waste and make a pee.,1,0,1,0
324,Remove the waste from the blood.,0,0,1,0
325,Reabsorption,0,0,0,0
326,Excretion-related effects,0,0,0,0
327,"It works in the kidneys, but if you don't work, it doesn't work out",0,0,0,0
328,It filters out the wastes.,0,0,1,0
329,It allows you to filter out impurities and release them out of your body.,0,0,0,0
330,There is diabetes in which glucose is excreted in urine due to impaired absorption function of glucose.,0,0,0,0
331,environmental pollution,0,0,0,0
332,I need to dialysis,0,0,0,0
333,It filters out the wastes. kidney disease,0,0,1,0
334,It filters out no-feather water,0,0,0,0
335,"The kidney is responsible for separating waste and nutrients from the body, but it causes disease due to poor separation",0,0,1,0
336,"""If the kidneys filter out the ingredients that we need and don't need, we send them back to the body, and we filter out the things that we don't need, and if there's something wrong with this kidney, we're going to",0,0,0,0
337,"the energy the body needsThis is because the ingredients disappear.""",0,0,0,0
338,It gets rid of the waste,0,0,1,0
339,"It helps with excretion in the kidneys, which filters, reabsorbs, and releases the wastes from our capillaries and takes them into our bodies, and throws away the harmful things, such as waste, so it's harmful because they can stay in our bodies if they's not functioning",0,0,1,0
340,"Since the kidney is an organ that removes waste, if a problem occurs, waste cannot be removed from the body, resulting in disease or even death.",0,0,1,0
341,filter out waste matter,0,0,1,0
342,It filters out the wastes. kidney disease,0,0,1,0
343,I don't know,0,0,0,0
344,I don't know.,0,0,0,0
345,.,0,0,0,0
346,Beans and red beans are nutritious (Laughing),0,0,0,0
347,a function of collecting debris from the body and sending it out to pee,1,0,0,0
348,The role is to remove nutrients from the urine and transfer the wastes to the bladder,0,0,1,0
349,I don't know.,0,0,0,0
350,"""Yes",0,0,0,0
351,I don't know,0,0,0,0
352,Yes,0,0,0,0
353,"ã""""",0,0,0,0
354,This is because blood becomes strange when there is an abnormality in the kidney.,0,0,0,0
355,"""The role of releasing substances that are not good for the kidneys and absorbing nutrients that are good for the body",0,0,0,0
356,"If the kidney is not functioning well, toxins can accumulate in the body, resulting in various diseases.""",0,0,0,0
357,I can't get my pee out.,1,0,0,0
358,I can't get my pee out.,1,0,0,0
359,It filters out the waste that's accumulated in your body,0,0,1,0
360,Because we can't poo and we have intestinal problems,0,0,0,0
361,"Since the kidney is in charge of urine, urine does not come out well or urine problems occur.",0,0,0,0
362,I have no idea.,0,0,0,0
363,be unable to decipher the poison,0,0,0,0
364,an organ that produces and discharges urine,0,0,0,0
365,Kidney eliminates waste,0,0,1,0
366,I don't know,0,0,0,0
367,The kidneys filter out blood waste.,0,0,1,0
368,"The kidneys play a role in filtering out waste from our bodies, because if we can't filter it out, this waste travels around the body.",0,0,1,0
369,get bladder inflammation filter out waste matter,0,0,1,0
370,It purifies toxins in the body.,0,0,0,0
371,It filters out the wastes.,0,0,1,0
372,"The kidney plays a role of filtering waste, and when a disease occurs, it cannot play a role properly, causing waste to accumulate in the body, which can lead to death.",0,0,1,0
373,Kidney has its own role. What is not is degenerated and disappeared.,0,0,0,0
374,Let the blood flow.,0,0,0,0
375,Pee,0,0,0,0
376,to die from the accumulation of waste in one's body,0,0,1,0
377,I don't know,0,0,0,0
378,"The kidneys filter out the nope when we urinate At this time, if the kidney does not function properly, it will cause problems because it cannot filter the waste directly.",0,0,1,0
379,be unable to filter out the waste that flows through one's body,0,0,1,0
380,I need a kidney to live.,0,0,0,0
381,The kidneys release body waste and have a direct effect on the heart.,0,0,1,0
382,to pee waste into the blood,1,0,1,0
383,filter out waste matter,0,0,1,0
384,"The kidneys are all connected, so if there is even one disease, abnormalities occur",0,0,0,0
385,It acts as a filter for waste.,0,0,1,0
386,It acts as a filter for waste.,0,0,1,0
387,"The kidneys play a role in filtering out the wastes in our bodies, but when the kidneys fail, diseases occur in our bodies.",0,0,1,0
388,The kidneys filter out bad substances.,0,0,0,0
389,Kidney boosts our metabolism of matter metabolism,0,0,0,0
390,I don't know,0,0,0,0
391,"In the kidneys, it filters out wastes, but if the kidneys don't function properly, it's bad because they can't filter out bad substances",0,0,1,0
392,M and D,0,0,0,0
393,I don't know,0,0,0,0
394,Urine,0,0,0,0
395,What class is it?ã± and ã,0,0,0,0
396,I don't know.,0,0,0,0
397,The kidneys filter out the wastes in our body's blood and make us pee.,1,0,1,0
398,Because blood vessels are connected.,0,0,0,0
399,"The kidneys filter blood, and if there is an abnormality in the kidneys, waste accumulates in the blood and diseases occur in the body.",0,0,1,0
400,"The kidneys are responsible for heat. In other words, if there is a kidney problem, our bodies cannot control heat on their own and can achieve death.",0,0,0,0
401,"The kidneys filter through good and bad things before absorbing nutrients into our bodies. Therefore, it is one of the important kidneys that cannot be found without.",0,0,0,0
402,It functions as a filter for waste,0,0,1,0
403,Kidney is important because it acts as a digestive system in our body,0,0,0,0
404,It filters out waste in the blood and produces urine.,0,0,1,0
405,The kidneys filter out the wastes in our bodies.,0,0,1,0
406,"The kidneys function as dialysis, which is easily said to clear the blood. If the kidney fails to function properly, the body easily gets tired and if artificial dialysis is not performed, it can lead to death.",0,0,0,0
407,It accumulates in the body because it cannot remove waste.,0,0,1,0
408,"Since the kidneys interact with other organs and make urine, wastes accumulate in the body when kidney problems occur.",0,0,1,0
409,"Since wastes in the body are filtered out and made into urine, abnormalities in the kidneys cause diseases.",0,0,1,0
410,"The kidneys circulate throughout the body and filter the whole blood. So, wastes generated there are sent to the bladder, and when wastes remain in the blood or nutrients are discharged together with wastes, problems occur in the body.",0,0,1,0
411,"Since the kidneys play a role in filtering waste from our bodies, if there is an abnormality in the kidneys, they cannot properly filter waste, increasing the risk of getting sick.",0,0,1,0
412,"This is because the kidneys remove unnecessary waste from the body, excrete it, maintain water content or acidity in the body, and work related to various hormones.",0,1,1,0
413,Kidney is kidney and I honestly don't know what it does.,0,0,0,0
414,"In the kidney, impurities such as ammonia, which are mixed with necessary substances such as proteins and minerals in the blood, are selectively filtered and sent to the bladder. When kidney problems occur, impurities cannot be effectively filtered, causing abnormalities in the body and causing various diseases.",0,0,0,0
415,"The kidneys filter out waste. However, if there is a problem with the function of the kidney, it is impossible to filter out the waste. Therefore, waste remaining in the body causes disease.",0,0,1,0
416,"The kidneys play a role in filtering waste products in the blood in our body, and if there is an abnormality in the function of the kidneys, the waste products in the blood cannot be filtered, which adversely affects the body.",0,0,1,0
417,You get diabetes because you can't skip glucose or get reabsorbed in your borman pocket,0,0,0,0
418,"The kidney is one of the excretory organs, and its representative function is to discharge harmful substances such as urea through urine, and if there is an abnormality in the kidney, it is difficult to filter out wastes and requires dialysis.",0,0,1,0
419,"The kidneys play a role in spreading salt evenly through the body. If there is an abnormality in this place, the whole body becomes swollen and blood pressure rises.",0,0,0,0
420,.,0,0,0,0
421,Filtration of waste and urine,0,0,1,0
422,Ankimchi. (Ankimchi in Korean),0,0,0,0
423,It filters out the wastes from the cones,0,0,1,0
424,This is because the kidney is an important organ that discharges waste and plays an important function in which blood pressure is important.,0,0,1,0
425,"The function of the kidneys can be summarized as: first, excretion of metabolites and wastes into urine; second, endocrine function that keeps body water content, electrolytes, and acidity constant within a narrow range; and third, blood pressure maintenance; anemia correction; and endocrine function that produces and activates various hormones",0,1,1,0
426,"The function of the kidney can be summarized as a function of excretion by filtering metabolites and wastes, a function of maintaining biohomogeneity that keeps water content, electrolytes, and acidity in the body constant within a narrow range, and an endocrine function that produces and activates various hormones important for calcium and phosphorus.",0,1,1,0
427,to be unable to release toxins into the body,0,0,0,0
428,It filters out the wastes.,0,0,1,0
429,"The kidney filters out waste and releases urine, and if something goes wrong with it, it cannot release urine and nutrients are released in large quantities.",0,0,1,0
430,It filters out the wastes,0,0,1,0
431,"If something goes wrong with your kidney, you can use it",0,0,0,0
432,"If there's something wrong with the empty red beans, you can use the red beans",0,0,0,0
433,"First, the function of the kidneys is to filter out metabolites and wastes and excrete them into urine",0,0,1,0
434,filter waste from the blood,0,0,1,0
435,It has the function of purifying bad ingredients in our body,0,0,0,0
436,filter out the waste and let it go outside,0,0,1,0
437,"It causes waste in the blood. However, if there is an abnormality in the kidney, it cannot play this role and becomes sick.",0,0,1,0
438,It discharges waste.,0,0,1,0
439,It does not discharge waste.,0,0,1,0
440,Excretory function that excrete metabolites and no-fee substances into urine,0,0,0,0
441,"It is responsible for removing and discharging toxic wastes from the body, but when abnormalities occur, toxic wastes accumulate in the body Therefore, the disease develops",0,0,1,0
442,be an organ that excrete waste,0,0,1,0
443,"There are many kinds of germs, and such children come in and nourish themselves",0,0,0,0
444,Dialysis machines should be used.,0,0,0,0
445,The kidneys change and filter the elements in the urine,0,0,0,0
446,It allows unnecessary waste to escape from the body.,0,0,1,0
447,"As the bottle moves to the side, the bottle becomes bigger",0,0,0,0
448,"Since it plays a role in filtering waste, waste accumulates in the body when abnormalities occur.",0,0,1,0
449,"Since waste is removed and the concentration of body fluid is adjusted, waste cannot be removed without kidneys, and waste accumulates.",0,0,1,0
450,The kidneys filter out waste from the body.,0,0,1,0
451,"If you do something that requires a lot of physical strength, you will",0,0,0,0
452,"It creates urine, wastes build up in the body",0,0,1,0
453,It's because it filters out wastes from the body from the kidneys and acts as excretion,0,0,1,0
454,"The kidneys filter waste, but if you don't do this function, waste accumulates in the body.",0,0,1,0
455,Filter out the no-feet water,0,0,0,0
456,I don't know,0,0,0,0
457,filter out toxins from the body,0,0,0,0
458,Filter out the waste in the blood.,0,0,1,0
459,It filters out the wastes,0,0,1,0
460,It filters out waste and releases it out of the body.,0,0,1,0
461,Diabetes,0,0,0,0
462,an abnormality in one's urine,0,0,0,0
463,Urinary function,0,0,0,0
464,"filter out body wastes and toxins If it's gone, it's almost dead",0,0,1,0
465,"Since water ash absorption occurs in the kidneys, there will always be a problem in controlling sex if water ash absorption is not properly performed.",0,0,0,0
466,detoxification,0,0,0,0
467,The kidneys are expensive,0,0,0,0
468,an important role,0,0,0,0
469,"The kidney is a good organ that filters out the body's waste. If you don't have it, it hurts a lot",0,0,1,0
470,"It filters out waste products in our body through filtration, reabsorption, and secretion in the kidneys, and when abnormalities occur in the kidneys, they are not properly carried out, causing waste products to accumulate and cause diseases.",0,0,1,1
471,Reabsorb essential ingredients such as glucose and filter out residues such as urine.,0,0,0,0
472,I don't know.,0,0,0,0
473,Filtrate our body's no-feathers.,0,0,0,0
474,"When ammonia is extremely high, it is difficult to produce the element. That's why I got sick.",0,0,0,0
475,"It filters out the body's waste, but if it's broken, it can't be filtered, so it builds up in the body, which causes disease",0,0,1,0
476,"In the kidney, it plays a role in filtering ammonia and waste products synthesized as elements in the body.",0,0,1,0
477,It can lead to a disease in which toxins accumulate. It detoxifies and benefits the body.,0,0,0,0
478,"Since waste is discharged and necessary substances are reabsorbed again, if it is not done smoothly, various nutrients may be insufficient and diseases may occur.",0,0,1,0
479,It's responsible for filtering out the wastes in our bodies,0,0,1,0
480,"In the kidney, it functions to remove waste from our body, but if the kidney has an abnormality in function, it cannot remove waste, which accumulates waste in the blood vessels and hurts a lot.",0,0,1,0
481,It helps you digest smoothly.,0,0,0,0
482,It releases waste from our bodies.,0,0,1,0
483,"The kidney discharges wastes generated from the body and functions as osmotic pressure and pH control in the body. If the kidneys are broken, waste cannot be discharged first, so the whole body swells up and rotten water begins to flow out of the arms and legs over time. Additionally, there is a high risk of complications if kidney disease is solved through surgery.",0,0,1,0
484,"Since our body's waste is filtered out and discharged, problems in the kidneys cause abnormalities in the body.",0,0,1,0
485,"The kidneys function to filter waste in the blood. If the function of filtering out unnecessary substances, or if necessary substances are filtered out of the body and discharged out of the body, hemolytic uremic syndrome, proteinuria, and diabetes occur, respectively. There is a problem in controlling the concentration of substances inside the body.",0,0,1,0
486,I don't understand.,0,0,0,0
487,Red bean paste,0,0,0,0
488,Hmm... Why is that?,0,0,0,0
489,I don't know,0,0,0,0
490,Moreãããããáá¥,0,0,0,0
491,"It filters out bad substances, dregs, etc. in the body",0,0,0,0
492,a deadly disease,0,0,0,0
493,have a filter,0,0,0,0
494,DiseaseI don't know.,0,0,0,0
495,"It's because I can't excrete... It's the part of removing bad things from my body, but I cry when it's ruined",0,0,0,0
496,It releases the poison in our bodies.,0,0,0,0
497,I don't know,0,0,0,0
498,It breaks down toxins in our bodies and releases them.,0,0,0,0
499,It doesn't work to filter out the wastes,0,0,1,0
500,You have to take good care of it,0,0,0,0
501,I don't knowãããããããããããã^^,0,0,0,0
502,I think it'll be good for you,0,0,0,0
503,I don't know about kidney disease.,0,0,0,0
504,It creates something like secretions that allow us to digest.,0,0,0,0
505,"The kidneys are the organs that filter our body's excrement.Therefore, if you don't filter the excrement well, your body will have problems.",0,0,0,0
506,I don't know.,0,0,0,0
507,I don't know,0,0,0,0
508,excretion of waste,0,0,1,0
509,It is used to digest and dispose of the wastes smoothly.,0,0,1,0
510,The function of the kidneys is to filter out metabolites and wastes and excrete themselves,0,0,1,0
511,Waste detection,0,0,0,0
512,It purifies the blood in the body.,0,0,0,0
513,"The function of the kidney can be summarized as a function of excretion by filtering metabolites and wastes, a function of maintaining biohomogeneity that keeps water content, electrolytes, and acidity in the body constant within a narrow range, and an endocrine function that produces and activates various hormones important for calcium and phosphorus.",0,1,1,0
514,"The function of the kidneys can be summarized as: first, excretion of metabolites and wastes into urine; second, endocrine function that keeps body water content, electrolytes, and acidity constant within a narrow range; and third, blood pressure maintenance; anemia correction; and endocrine function that produces and activates various hormones",0,1,1,0
515,The kidneys filter out waste from our bodies.,0,0,1,0
516,.,0,0,0,0
517,It arrests waste and turns dirty blood into clean blood.,0,0,1,0
518,.,0,0,0,0
519,We may die from physical problems as we pile up old plaques on our bodies,0,0,0,0
520,"There are two kidneys each in the human body, and if there is an abnormality in two kidneys, a person dies.",0,0,0,0
521,Diseases occur because the kidneys filter out wastes from our bodies and discharge them.,0,0,1,0
522,You'll get sick,0,0,0,0
523,It is not possible to discharge excrement.,0,0,0,0
524,"As waste accumulates in every corner of our body, it can cause abnormalities in our body and die. In other words, kidneys are a place where waste is treated in our bodies.",0,0,1,0
525,I don't remember.,0,0,0,0
526,"The kidneys are at a disadvantage in the body and let out toxins into the urine. However, without a kidney, toxins are not at a disadvantage, so they can reach death.",0,0,0,0
527,I don't know,0,0,0,0
528,"The kidney is an organ that makes urine, and in other words, it is an organ that collects and discharges waste. However, if this kidney is damaged, the waste will not be released properly, which can lead to abnormalities in the body",0,0,1,0
529,I can't remember.,0,0,0,0
530,The disease is not like this,0,0,0,0
531,It keeps the urine,0,0,0,0
532,He's running hard,0,0,0,0
533,an important role,0,0,0,0
534,The lungs let you breathe and the heart keeps you alive,0,0,0,0
535,"You may have a disease in another person, or you may have a disease because you just don't have immunity.",0,0,0,0
536,"As you eat fast food, oil builds up in your kidneys",0,0,0,0
537,pee in oneÂ´s pants,1,0,0,0
538,be blind to the west,0,0,0,0
539,collecting and sending urine down,0,0,0,0
540,I don't know,0,0,0,0
541,I don't know,0,0,0,0
542,I don't know.,0,0,0,0
543,My kidneys are moving,0,0,0,0
544,"If there is an abnormality in the kidney, bubbles appear in the urine, so I think it has a function that makes things like urine come out well.",0,0,0,0
545,"The kidneys can manipulate our nerves, create or manipulate our heart's speed, and the air we breathe, but if any of them goes wrong, of course it's natural that the body will have problems",1,0,0,0
546,I don't know.,0,0,0,0
547,"Wow, it's really hard",0,0,0,0
548,I don't know much about the human body. Let's move on,0,0,0,0
549,"In the kidney, waste in the blood is selected and sent to the bladder to discharge it into a liquid, and if the kidney does not do so, waste accumulates in the blood and eventually dies due to blood pain.",0,0,1,0
550,The kidneys change into urine by choosing strange substances or scraps.,0,0,0,0
551,I don't know.,0,0,0,0
552,I don't know,0,0,0,0
553,"Perhaps the kidneys are filtering out urine, so if there is a problem, diabetes.",0,0,0,0
554,I don't know,0,0,0,0
555,"As wastes in the body are not filtered out, toxins accumulate in the body, and abnormalities occur in the body, leading to death.",0,0,1,0
556,I'm going to pee?,1,0,0,0
557,It filters out the waste in the blood.,0,0,1,0
558,"Because it filters out blood waste, toxins accumulate in the body and die when there is a problem.",0,0,1,0
559,"In the kidneys, it filters out waste from our bodies. If the kidneys that play this role are destroyed, the body cannot properly filter and detoxify wastes, and the body accumulates wastes, causing disease.",0,0,1,0
560,He's a warrior.,0,0,0,0
561,The blood is filtered to excrete the final product of body metabolism in the form of urine and to control the concentration of the electrolyte.,0,0,0,0
562,Excretion,0,0,0,0
563,Our body generates waste in the process of making and using energy necessary for the body by utilizing nutrients. The kidneys filter out waste carried through the blood to make urine.,0,0,1,0
564,I don't know ........................,0,0,0,0
565,Cigarettes cause kidney damage,0,0,0,0
566,"We use nutrients to make and use energy, such as cellular respiration, and waste is generated in this process. The presence of this waste in the body is harmful to our body. These wastes are excreted as urine, which is created in the kidneys. Therefore, abnormalities in the kidneys can occur.",0,0,1,0
567,"Filter out impurities. If there is an abnormality in the kidney, it cannot filter out impurities, which causes abnormalities in the body.",0,0,0,0
568,Filter out the necessary parts of the urine and remove the urine,0,0,0,0
569,"""Because kidneys filter impurities on the body, the body's immune system is reduced without kidneys.k.a. kidney.",0,0,0,0
570,"""",0,0,0,0
571,"The kidneys filter waste in our blood. Therefore, kidney problems can lead to various diseases related to waste.",0,0,1,0
572,"Since we discharge waste from our bodies through the kidneys, it is difficult to discharge waste if there is a problem with the kidneys.",0,0,1,0
573,Kidney is an important role,0,0,0,0
574,"The kidneys... well, they do something very important, so... I'm in the kidney. It looks like, hmm...",0,0,0,0
575,"The kidney plays an important role, and if the kidney has a problem, it becomes unhealthy and if it is severe, it becomes Samam.",0,0,0,0
576,"Our body generates waste in the process of making and using energy necessary for the body by utilizing nutrients. It is harmful if waste remains in our bodies. The kidneys filter out waste carried through the blood to make urine. Blood is sent back into the body, and urine is released out of the body through the bladder. The process of releasing waste from the blood out of the body is called excretion, and kidneys are involved in excretion",0,0,1,0
577,"It produces urine, releases toxins, and filters out wastes.It also balances the acid and alkali of the body fluid, helps absorb potassium, and controls pressure and red blood cell levels.",0,0,1,0
578,It filters out waste through the blood to make urine. It also filters out waste and keeps the blood clean.,0,0,1,0
579,It filters out waste through the blood to make urine.,0,0,1,0
580,"The kidneys are responsible for removing waste from the blood. Therefore, if a kidney problem occurs, it is not possible to remove waste from the blood, which can lead to diabetes or high blood pressure.",0,0,1,0
581,"The kidneys function to discharge no-femul, but if the kidneys do not function, various toxins in nofemul harm the body and accordingly get sick.",0,0,0,0
582,r,0,0,0,0
583,"The kidneys filter out the waste carried through the blood and release the urine into the bladder, and the clean blood with the waste filtered out becomes active in our body again.",0,0,1,0
584,The kidney stores toxin elements and releases them out of the body with moisture through the urethra.,0,0,0,0
585,It filters out the wastes.,0,0,1,0
586,I don't know,0,0,0,0
587,"If the kidneys can't work, they can't throw away the waste in the body, so the dead blood keeps going around, and our bodies get sick and die",0,0,1,0
588,I don't know...,0,0,0,0
589,discharge of waste,0,0,1,0
590,I couldn't filter out the no-fefe water.,0,0,0,0
591,"It is to urinate what the kidney does, but if you have a kidney problem, you cannot pee.",1,0,0,0
592,"First, the function of the kidneys is to filter out metabolites and wastes and excrete them into the urine",0,0,1,0
593,"""In chronic kidney disease, kidney function gradually decreases over months or years. In the early stages, most patients' bodies compensate or adapt to metabolic abnormalities, so they are relatively asymptomatic. However, symptoms of uremia or water retention begin to develop when kidney function is severely degraded.What are the symptoms of chronic kidney disease?",0,0,0,0
594,Symptoms of chronic kidney disease vary depending on the degree of kidney damage. Chronic kidney disease is divided into five stages according to kidney function and glomerular filtration rate (GFR). The glomerular filtration rate can be calculated with serum creatinine and must normally exceed 90 mL/min.,0,0,0,0
595,,0,0,0,0
596,Stage 1 of chronic kidney disease (90-100% kidney function,0,0,0,0
597,"Stage 1 Chronic kidney disease refers to cases where glomerular filtration rates are 90 mL/min/1.73 m2 or higher, but only tests such as proteinuria are accompanied; structural damage to the kidneys in X-rays, ultrasound, MRI or CT; or family history of polycystic kidney disease. There are no symptoms you feel at this stage.",0,0,0,0
598,,0,0,0,0
599,Chronic kidney disease stage 2 (60-89% kidney function),0,0,0,0
600,"In stage 2 chronic kidney disease or mild chronic kidney disease, the glomerular filtration rate is 60-89 mL/min/1.73 m2. There are usually no symptoms at this stage, but some patients urinate frequently at night, have high blood pressure, normal or small increases in serum creatinine, or have abnormal urine tests.""",0,0,0,0
601,"Since the kidneys filter out waste in the blood, if there is a problem with function, they cannot filter out waste and get sick.",0,0,1,0
602,I don't know.,0,0,0,0
603,I don't know,0,0,0,0
604,We collect the leftover from our bodies and release them,0,0,0,0
605,It filters out the waste from the blood,0,0,1,0
606,An abnormality in the kidneys is very dangerous because they cannot be discharged or the debris can remain in the body.,0,0,0,0
607,I don't know.,0,0,0,0
608,"If there's something wrong with your kidneys, you can't filter out the waste and residue",0,0,1,0
609,I don't know,0,0,0,0
610,I don't know,0,0,0,0
611,I don't know.,0,0,0,0
612,It filters out our body's waste and makes us pee.',1,0,1,0
613,I don't know.,0,0,0,0
614,The kidneys filter out waste and make clean blood.,0,0,1,0
615,It is responsible for filtering out elements in the blood to release them out of the body.,0,0,0,0
616,a believer,0,0,0,0
617,"Kidneys are our bodies, so we do a lot of things, but when it breaks, it breaks",0,0,0,0
618,"The kidney prevents substances such as red blood cells, proteins, and fats from being released out of the body, and reabsorbs glucose and amino acids to excrete only wastes such as urea and water",0,0,1,0
619,I know it's okay to not have a single kidney,0,0,0,0
620,It filters out waste in the blood through the kidneys.,0,0,1,0
621,"The kidney is one of the organs of the ship's design, which filters waste. When its function is broken, it accumulates in the body and causes various diseases",0,0,1,0
622,It releases the no-fe water inside your body,0,0,0,0
623,"It circulates blood or nutrients to the body, and when teeth are broken, abnormalities appear in the body.",0,0,0,0
624,"Since kidneys contribute to homeostasis in the body, abnormalities in the kidneys cause the body's balance to collapse and lead to diseases such as diabetes.",0,0,0,0
625,"The kidneys filter various wastes in the blood to clean the blood. Therefore, I think it will be very difficult if there is a problem with the kidneys.",0,0,1,0
626,"If you go through the process of discharging waste transferred through the blood from the kidney and this kidney problem occurs, you cannot discharge waste normally.",0,0,1,0
627,"Because of the inability to absorb the water ash, it causes urinary boronorrhea",0,0,0,0
628,blood foreign substances filtered from the kidneys,0,0,0,0
629,"Since kidneys contribute to homeostasis in the body, abnormalities in the kidneys cause the body's balance to collapse and lead to diseases such as diabetes.",0,0,0,0
630,Filter the elements in the blood and reabsorb water.,0,0,0,0
631,"The kidney is an organ that helps us digest. Digestion is a very important action in the human metabolism process, and if there is an abnormality in the digestive process, secretions caused by metabolism cannot be released from the body, and waste accumulates in our bodies. You get sick from accumulated waste.",0,0,1,0
632,It filters out and purifies toxic substances or debris in our bodies,0,0,0,0
633,The disease occurs because it keeps you in shape by removing waste and reabsorbing moisture,0,0,1,0
634,"If a person with a weak kidney sees this problem from birth, he or she will cry.",0,0,0,0
635,I don't know.,0,0,0,0
636,"The function of the kidney can be summarized as a function of excretion by filtering metabolites and wastes, a function of maintaining biohomogeneity that keeps water content, electrolytes, and acidity in the body constant within a narrow range, and an endocrine function that produces and activates various hormones important for calcium and phosphorus.",0,1,1,0
637,"""Separate the blood and send the clear blood to the pain, and the residue is",0,0,0,0
638,It's the role of sending you to Ojubo,0,0,0,0
639,Fine dust goes into your body,0,0,0,0
640,I don't know,0,0,0,0
641,The kidneys seem to play a very important role because they take care of our bodies and do many things,0,0,0,0
642,Your kidneys help you digest,0,0,0,0
643,"Since waste products cannot be filtered better than before, the risk of getting sick increases and immunity decreases.",0,0,1,0
644,The kidneys help digestion.,0,0,0,0
645,"The amount of moisture, acid base balance, and osmotic pressure are controlled, and if abnormal substances are present in the blood or excessive substances are present, they are excreted and normalized. It's also the only organ that excrete protein metabolites and removes drugs and toxic substances",0,0,0,0
646,"When the kidney is damaged a lot and its function decreases, waste products generated by protein decomposition accumulate in the body.",0,0,1,0
647,the removal of waste from the blood,0,0,1,0
648,It helps you digest.,0,0,0,0
649,"""The kidneys are paired on the back of the lower abdomen and are one of the important organs that functions to excrete waste and maintain homeostasis in the body, such as acid bases and electrolyte metabolism. The total weight of both kidneys is only about 0.4% of the total weight, but it is difficult to maintain life if the kidney's function is severely degraded or lost. Because it plays a very important physiological function in maintaining life, 20 to 25% of the total cardiac output flows into the kidneys. As a unit structure that functions as a kidney, there is nephron, which is the basic unit in producing urine.",0,0,1,0
650,,0,0,0,0
651,"In normal people, the amount of blood filtered from the kidneys per day reaches as much as 180L, but most of it is reabsorbed and the amount of urine actually excreted is only 1 to 2L. This is because the moisture and nutrients needed by the human body are reabsorbed, and the substances that need more excretion are secreted, and urine is finally produced.""",0,0,0,0
652,"""If the kidneys fail to function properly, protein or blood may escape from urine, waste may accumulate in the blood, water and electrolyte imbalance, decreased urine volume, edema, high blood pressure, etc",0,0,1,0
653,"""",0,0,0,0
654,a role that helps you digest,0,0,0,0
655,"The kidneys remove blood clots, but when the kidneys are gone, the blood lines get clogged and get sick",0,0,0,0
656,"If you have kidney problems, your hands, feet, and face may swell and you may not feel cool even if you urinate frequently or urinate.",0,0,0,0
657,"If you have kidney problems, your face, hands and feet may swell easily, and you may have tinnitus, headaches, hiccups, etc., and you may not feel cool even if you urinate frequently or urinate.",0,0,0,0
658,Kidney cancer and kidney stones can occur if there is an abnormality in the kidney.,0,0,0,0
659,"It filters out the wastes  But when it's gone, the body gets dirty and blood doesn't flow well",0,0,1,0
660,It filters out waste and sends urine to the bladder.,0,0,1,0
661,"If abnormalities occur in the kidneys, tinnitus, headache, hiccups, etc., and various symptoms such as cold hands and feet appear in the body",0,0,0,0
662,"When kidney problems occur, tinnitus, headache, hiccups occur, and various symptoms such as cold hands and feet appear in the body",0,0,0,0
663,"""Diabetes is",0,0,0,0
664,"""Looks",0,0,0,0
665,I don't know.,0,0,0,0
666,I don't know,0,0,0,0
667,M and D,0,0,0,0
668,I don't understand.,0,0,0,0
669,M and D,0,0,0,0
670,"""",0,0,0,0
671,I don't understand.,0,0,0,0
672,"""",0,0,0,0
673,ã ã ã ã³ ã³ ã³ ã³,0,0,0,0
674,M and D,0,0,0,0
675,I don't understand.,0,0,0,0
676,Mall,0,0,0,0
677,I don't know,0,0,0,0
678,I don't understand.,0,0,0,0
679,I don't understand.,0,0,0,0
680,M and D,0,0,0,0
681,I don't understand.,0,0,0,0
682,I don't know.,0,0,0,0
683,I know.,0,0,0,0
684,Die.,0,0,0,0
685,M and D,0,0,0,0
686,I don't know,0,0,0,0
687,I don't understand.,0,0,0,0
688,"When your height is not good, your eyes, nose, and ears are not good",0,0,0,0
689,It discharges the body's waste,0,0,1,0
690,"The main role of the kidney is to purify the blood and remove toxins from the body, and diabetes occurs in the event of abnormal kidney failure",0,0,0,0
691,"The kidneys are one of the excretory organs that filter out unnecessary debris in the blood and take out excess moisture to make urine. There are 10 reasons for this kidney failure. First, blood pressure rises. Second, the area around the eyes, hands, and feet swell.Third, I urinate red or murky.Fourth, there is a lot of foam in the urine. Fifth, I wake up from sleeping and pee often.Sixth, it is uncomfortable, such as reducing the amount of urine or feeling hot when urinating.Seventh, I get tired easily, have no appetite, and feel nauseous. The eighth lost weight for no reason. Ninth, my whole body is itchy. The stomach or back and sides just below the tenth rib hurt.""When you have a bad kidney, your eyes, hands, legs, and other major parts of your body",1,0,0,0
692,"""You're bloating""",0,0,0,0
693,Make a pee,1,0,0,0
694,M and D,0,0,0,0
695,I don't know.,0,0,0,0
696,Excretion function that filters out large acid products and wastes and discharges them into urine,0,0,1,0
697,Strain foreign substances and release them as excrement,0,0,0,0
698,I don't know,0,0,0,0
699,I don't know,0,0,0,0
700,I don't know.,0,0,0,0
701,Don't know,0,0,0,0
702,I don't know,0,0,0,0
703,I don't know,0,0,0,0
704,The kidneys separate proteins and bacteria in our bodies.,0,0,0,0
705,The kidneys release no-feather water from our bodies.,0,0,0,0
706,an important matter,0,0,0,0
707,an important matter,0,0,0,0
708,"Beans are not tasty, red beans are not tasty...",0,0,0,0
709,"Kidney is where you make your pee, and when it gets weird, debris builds up on your body",1,0,0,0
710,Beans are... not tasty,0,0,0,0
711,The kidneys release urine.,0,0,0,0
712,It produces bad things,0,0,0,0
713,Urine builds up in the body.,0,0,0,0
714,A kidney is a place where you collect urine,0,0,0,0
715,to die from not being able to pee,1,0,0,0
716,I think it could be a case of death if it doesn't play a proper role in making urine.,0,0,0,0
717,"Beans are good for health and red beans are good, so they make you healthy",0,0,0,0
718,The kidneys help to release uric acid from our bodies,0,0,0,0
719,I filtered out the urine,0,0,0,0
720,Neither beans nor red beans taste good,0,0,0,0
721,The kidneys filter out the no-fefe water in my blood,0,0,0,0
722,"If there's something wrong with my kidney, I can't pee well",1,0,0,0
723,in charge of important matters,0,0,0,0
724,"It filters out the waste from the kidney's blood.If there is an abnormality in the kidney, the disease occurs because it cannot filter the waste of blood.",0,0,1,0
725,Kidneys are the places that give away our food scraps. Constipation can lead to diseases such as stomachache,0,0,0,0
726,I'm going to take out the old pieces,0,0,0,0
727,"If you hold your urine back, you will continue to store urine in your kidneys, which is very dirty because of the body's However, if there is an abnormality, such diseases such as bursting, failing to release urine, or having to pee even though the urine is not full.",1,0,0,0
728,"Since the kidneys play an important function in our bodies, abnormalities cause diseases.",0,0,0,0
729,"Since the kidneys play an important function in our bodies, abnormalities cause diseases.",0,0,0,0
730,The kidney sometimes causes disease because the substance that comes out of the human body becomes less and less,0,0,0,0
731,Where we digest in our bodies,0,0,0,0
732,It's like a kidney man,0,0,0,0
733,Filtration of waste,0,0,1,0
734,It's a toxin-filtering job,0,0,0,0
735,Filter out all kinds of no-feathers,0,0,0,0
736,Make me pee,1,0,0,0
737,It filters out the wastes.,0,0,1,0
738,PASS,0,0,0,0
739,get rid of toxins,0,0,0,0
740,I don't know.,0,0,0,0
741,The kidney is responsible for removing and discharging the no-fefe water from our body.,0,0,0,0
742,It eliminates toxins in the body and divides them into nutrients that the body needs and essential nutrients before releasing urine,0,0,0,0
743,The kidneys play a role in removing toxins from our bodies.,0,0,0,0
744,"As an excretory organ, it reabsorbs what the body needs and filters what it doesn't need.",0,0,0,0
745,The kidneys play a role in trapping waste from our bodies.,0,0,1,0
746,"Since it is involved in excretion, it can cause various diseases by not properly discharging waste.",0,0,1,0
747,"It works to purify the blood. If there is an abnormality in the kidney, the blood cannot be cleaned.",0,0,0,0
748,This is because the kidneys filter bad substances in our bodies.,0,0,0,0
749,1234,0,0,0,0
750,I don't know,0,0,0,0
751,123,0,0,0,0
752,123,0,0,0,0
753,Let us live,0,0,0,0
754,"Yes, it is",0,0,0,0
755,123,0,0,0,0
756,I don't know,0,0,0,0
757,I don't know.,0,0,0,0
758,It makes us live,0,0,0,0
759,It makes us live,0,0,0,0
760,I don't know the details,0,0,0,0
761,The heart plays many roles in many organs in our bodies. The organs that are mentally beneficial to the body keep us healthy,0,0,0,0
762,S and O,0,0,0,0
763,The heart plays many roles in many organs in our bodies. The organs that are mentally beneficial to the body keep us healthy,0,0,0,0
764,on a cigarette,0,0,0,0
765,Filter the dust,0,0,0,0
766,I don't know.,0,0,0,0
767,It filters out our body's waste,0,0,1,0
768,I don't know.,0,0,0,0
769,You get abnormalities in your body by inhaling coal or something.,0,0,0,0
770,It's because our body needs it and we have a kidney,0,0,0,0
771,"Wow, I don't know",0,0,0,0
772,"If you eat a lot of spicy food, your kidneys lose their function",0,0,0,0
773,"If you like someone, your heart starts pounding So I can know your heart And you need a heart to have good blood",0,0,0,0
774,Die.,0,0,0,0
775,I don't know,0,0,0,0
776,I don't know,0,0,0,0
777,"""I defecated in an empty pot""",0,0,0,0
778,"""",0,0,0,0
779,....,0,0,0,0
780,be in one's body,0,0,0,0
781,I can't go to the bathroom.,0,0,0,0
782,I don't know,0,0,0,0
783,I don't understand.,0,0,0,0
784,I don't know.,0,0,0,0
785,I'm going to clean it's purifying,0,0,0,0
786,"When kidney problems occur, the ability to filter toxins decreases.",0,0,0,0
787,"It releases substances that are harmful to the body, such as excrement or urine.",0,0,0,0
788,"""The kidneys filter out the bad things in the body, and the brain helps us think, and the heart is a variety of respiratory organs, which allow us to breathe. Finally, the blood vessels move the blood in our bodies to other places and move it so that our bodies work smoothly.",0,0,0,0
789,"""",0,0,0,0
790,The kidneys remove the bacteria in our blood and send it to the urine.,0,0,0,0
791,,0,0,0,0
792,,0,0,0,0
793,,0,0,0,0
794,,0,0,0,0
795,,0,0,0,0
796,,0,0,0,0
797,,0,0,0,0
798,,0,0,0,0
799,,0,0,0,0
800,,0,0,0,0
801,,0,0,0,0
802,,0,0,0,0
803,,0,0,0,0
804,,0,0,0,0
805,,0,0,0,0
806,,0,0,0,0
807,,0,0,0,0
808,,0,0,0,0
809,,0,0,0,0
810,,0,0,0,0
811,,0,0,0,0
812,,0,0,0,0
813,,0,0,0,0
814,,0,0,0,0
815,,0,0,0,0
816,,0,0,0,0
817,,0,0,0,0
818,,0,0,0,0
819,,0,0,0,0
820,,0,0,0,0
821,,0,0,0,0
822,,0,0,0,0
823,,0,0,0,0
824,,0,0,0,0
825,,0,0,0,0
826,,0,0,0,0
827,,0,0,0,0
