,"6. When you go to the mart, there are many agricultural products produced abroad. There are many seafood such as seaweed and oysters exported to the United States. Why do we exchange goods through exchanges between different countries?",resource,price,profit
0,It is because the climate is different in each country and the temperature and climate are different in each country,0,0,0
1,in order to benefit each other,0,0,0
2,Opportunity cost is the most beneficial exchange,0,0,0
3,in order to benefit each other,0,0,0
4,It is better to exchange because each country produces different products well,0,0,0
5,"In order to get things that are inferior or have no quality in Korea,",0,0,0
6,This is to benefit each other because the climate of each country is different.,0,0,0
7,It's a gain,0,0,0
8,"Since the climate and natural environment are different for each region, agricultural products are produced to suit the climatic and natural characteristics of each region.",0,0,0
9,It's very efficient,0,0,0
10,"Since not all goods are produced in a country, all of them benefit from trading goods between different countries.",0,0,0
11,Because there are no such agricultural products in the country.,0,0,0
12,"By producing, development is possible through profit and exchange between countries.",0,0,1
13,This is to efficiently exchange each specialized product.,0,0,0
14,"This is because there are goods that are not produced in Korea, and each country produces well, and if they are exchanged, the benefits of both countries are higher than if they were maintained only in self-production.",0,0,0
15,This is because the specialties that come out vary depending on the characteristics of the country.,0,0,0
16,"Each country has many crops that are grown, and they are imported from countries that produce more because they can be sold cheaper in that country.",0,0,0
17,This is because the goods made are different depending on the region or country.,0,0,0
18,This is because countries gain mutual benefits through trade if they trade products specialized in Korea and products specialized in foreign countries.,0,0,0
19,"You can get things that you can't produce in your own country, and you can produce them, but it's more profitable to import them",0,0,1
20,This is because each country has various cultures and climates.,0,0,0
21,This is because the products suitable for the regional characteristics of each country are different.,0,0,0
22,This is because it is economically profitable to buy and sell specialties of each country.,0,0,1
23,"Economically, it is more beneficial for a country to specialize in production of goods, and in nature, cultivation is sometimes impossible in some countries due to geographical characteristics and various climatic characteristics.",0,0,0
24,This is because both countries can benefit from producing and exchanging goods that have the upper hand.,0,0,0
25,You can make the most of your resources and increase your profits.,1,0,1
26,"To make money from import and export relations, to keep diplomatic relations close and to avoid international isolation",0,0,0
27,"Since each country has a different environment, agricultural products and marine products that can be produced in each country are limited. Therefore, the countries exchange their specialties for other countries' specialties for more diverse agriculture.You will be able to access marine products will be available.",0,0,0
28,Each country has a different production advantage,0,0,0
29,"The types of animals and plants that can grow depending on the climate vary, so there are differences in special products depending on the region. Trade can benefit all economically.",0,0,0
30,for each other's benefit,0,0,0
31,I don't know,0,0,0
32,I don't know,0,0,0
33,I don't know,0,0,0
34,It's different from region to region,0,0,0
35,Because it's different from region to region,0,0,0
36,Because I need things or food in other countries,0,0,0
37,"To change the things you don't have and to feed the local people deliciously,",0,0,0
38,Because each region has different specialties,0,0,0
39,Because the production is different,0,0,0
40,Natural environment and specialty products are different,0,0,0
41,To know each other's things that they don't have in their own country,0,0,0
42,Fill the lack of each other and to benefit each other.,0,0,0
43,There are things that are not produced in one country.,0,0,0
44,To use products that are not of our country.,0,0,0
45,Specialties each country is different.,0,0,0
46,You can buy expensive items cheap.,0,0,0
47,Yeongma from all parts of culture is different.,0,0,0
48,Each country need and have different specialties.,0,0,0
49,"Good,",0,0,0
50,Because the growing up in the country is different.,0,0,0
51,Different products,0,0,0
52,Not in our country to bring in other countries.,0,0,0
53,In order to eat a variety of foods.,0,0,0
54,In order to eat a variety of foods.,0,0,0
55,Because the growing up in the country is different.,0,0,0
56,In order to complement the thing that does not in their respective nations.,0,0,0
57,Of the country and each country's climate is different. It's because it',0,0,0
58,"Because the climate is different, the fruits that come out in each country are different",0,0,0
59,"There are also things that don't come from the area, so you exchange them to eat a variety of foods",0,0,0
60,To get the things that can't come out of this country,0,0,0
61,This is because the fruits that grow depending on the temperature are different.,0,0,0
62,"Even things that are not produced in Korea can be easily purchased and used near their homes by exchanging goods, so they exchange to improve the quality of life.",0,0,0
63,We're going to write something good together,0,0,0
64,We have to help each other and live together to become a better country. I think we are exchanging cultural assets because we can import things that are not in Korea and give things that are not in Korea,0,0,0
65,It's because you don't use all kinds of things,0,0,0
66,This is because we can get close to other countries only when exchanges with foreign countries become active.,0,0,0
67,"From Park Ki-mook, the cool water",0,0,0
68,To get closer to the country,0,0,0
69,This is because it builds friendship between countries and is cheap.,0,0,0
70,It is to promote exchanges between countries.,0,0,0
71,To go to something I'm not confident about,0,0,0
72,Each country produces different supplies,0,0,0
73,"If you interact with foreign countries, you can get things that are not in Korea",0,0,0
74,Every country has something they don't have,0,0,0
75,"""Because the seasons and soil conditions are different in each country, the crops that can be grown are different",0,0,0
76,"Each country has its own specialties, and each country has its own well-made and well-bred food.""",0,0,0
77,"If a country sells only its own goods, it may not be able to buy what it needs. For example, fish melo, which is only found in Antarctica, is not produced in Korea, so if you want to eat it, you have to go and get it yourself. If you interact with other countries like this, you can get what you want from each other.",0,0,0
78,"Because the geographical features of each country are different, there are restrictions on production is limited",0,0,0
79,I'm going to make a deal,0,0,0
80,It is to get better quality specialties cheaply.,0,0,0
81,"Each country has its own characteristics, topography, and specialties",0,0,0
82,To enrich our lives by exchanging things that we don't have,0,0,0
83,There are some things that Korea doesn't have,0,0,0
84,To buy things that don't exist in our country,0,0,0
85,To share the advantages of other countries and the advantages of our country?,0,0,0
86,There are items that don't exist in that country,0,0,0
87,To get the things which are not produced in the country.,0,0,0
88,It can get through the exchange that can not be produced in our country.,0,0,0
89,There is nothing in his country.,0,0,0
90,"I have something every country, because products are not.",0,0,0
91,I don't know.,0,0,0
92,Interacting with each other each other is products that are not convenient.,0,0,0
93,Insufficient to supply the items of each other.,0,0,0
94,To see the benefits of each other.,0,0,0
95,There is a fruit that grows with each other and I think that poor fruit to fill the exchanges.,0,0,0
96,It is not in our country were imported from other countries and in other countries because we share and that from Lae to us.,0,0,0
97,Than our money cheap and high-quality produce.,0,0,0
98,"It has been in the country climate and speed of development is different because a b of the country changing machines and a as the country in the country and b, with each other to development.Some of them are hard to get in other countries or have not been produced at all, and LA ribs in the U.S. are cheaper than domestic products.",0,0,0
99,"Since each country has a different climate and culture, there are things that each country does not have, so they exchange.",0,0,0
100,"By buying and selling things that are not in your country and many things in your country, various cultures and history have been made",0,0,0
101,"Since each country has different characteristics and climate, it is to improve the quality of goods by exchanging agricultural products that grow well there or objects that are made well in that country (such as semiconductors in Korea).",0,0,0
102,I don't know.,0,0,0
103,g,0,0,0
104,I'm going to give and receive what I need,0,0,0
105,I don't know,0,0,0
106,I want to see more food,0,0,0
107,To help each other.,0,0,0
108,I want to do something I can't eat,0,0,0
109,"When we need something that we don't have in our country, if we exchange it with another country, we make both profits by exchanging it with the necessary goods",0,0,1
110,I want to taste something new,0,0,0
111,I need things from other countries,0,0,0
112,"In other countries, too",0,0,0
113,Share with each other,0,0,0
114,for each other's benefit,0,0,0
115,People want to eat all kinds of food,0,0,0
116,I'm trying to eat a variety of food,0,0,0
117,Foreign countries are cheaper than Korea,0,0,0
118,Don't know,0,0,0
119,Because we like each other,0,0,0
120,I wanted to taste something new and enjoy it,0,0,0
121,"In order for both countries to benefit,",0,0,0
122,Because the yield varies from country to country,0,0,0
123,"I want to eat food from other countries, too",0,0,0
124,There are things that don't exist in that country,0,0,0
125,It's not in your country,0,0,0
126,We don't have any food or supplies in Korea,0,0,0
127,That's all made in China?,0,0,0
128,We need to exchange to know what's good for America and that there are good things for our country,0,0,0
129,This is because there is no product or food that is not produced in Korea.,0,0,0
130,Because you have to buy and sell what your country doesn't have,0,0,0
131,For our country to develop.,0,0,0
132,"That way, we can eat a lot of foreign food in Korea",0,0,0
133,For each other's development,0,0,0
134,This is because Korea owns agricultural products that do not grow in other countries.For the development of our country,0,0,0
135,This is because the United States and Korea are economically close.,0,0,0
136,To sell a lot of things to your country and make up for things that you don't have and circulate the country,0,0,0
137,"This is because Uranara is not enough or not enough, but it can make up for what it needs.",0,0,0
138,"To exchange different things,",0,0,0
139,Because they are exported to each other,0,0,0
140,"This is because if only agricultural products produced in the country are sold, the amount is small and the type is small.",0,0,0
141,"If you don't exchange, the amount of imports will decrease, and there aren't many people who buy it at a high prices",0,1,0
142,It is because there are things that cannot be made in Korea and there are no fruits and vegetables,0,0,0
143,We have different relationships,0,0,0
144,We can receive agricultural products that are not produced in our country,0,0,0
145,I need other things,0,0,0
146,"In order to get the things needed in other countries and my country,",0,0,0
147,Because there is nothing in Korea that is in America,0,0,0
148,Because the price is cheaper than our country,0,1,0
149,"Because the climate of each country is different, the crops that can be grown are limited",0,0,0
150,To make up for what you need,0,0,0
151,"To fill each other's gaps,",0,0,0
152,This is because each country has different agricultural products.,0,0,0
153,"Since the natural environment is different from country to country, the types of resources (agricultural products, goods) produced are also different. Because the price varies depending on the type of resource produced",1,1,0
154,"This is because the natural environment is different from country to country, so the types of resources produced are different, so the price varies depending on the resources produced.",1,1,0
155,"This is because the natural environment is different from country to country, so the agricultural products produced are different.",0,0,0
156,The climate of each country is different. The products are different,0,0,0
157,"Since each country has a different natural environment, the types of resources produced are also different. This is because the price varies depending on the type of resource produced.",1,1,0
158,This is because the crops are different depending on the natural environment,0,0,0
159,In order to be peaceful without being able to grow or solving the shortage of manpower or war between countries,0,0,0
160,"When produced in different climates, the taste and size are different. So if you exchange it with each other, you can taste it in a variety of ways.",0,0,0
161,c??161.0,0,0,0
162,It's because countries develop through exchange,0,0,0
163,"Since each country has a different natural environment, the types of resources produced are also different. This is because the price varies depending on the type of resource produced.",1,1,0
164,This is because agricultural products are different depending on the local climate,0,0,0
165,"This is because the temperature varies depending on the latitude, so the product produced is different",0,0,0
166,This is because the price varies depending on the type of resource produced.,1,1,0
167,In order to get more,0,0,0
168,This is because agricultural products that grow depending on the climate of the region are different,0,0,0
169,"Each country has different topographical features, so the conditions for producing certain specialties are also different. Therefore, it can contribute to becoming active in the economic market while exchanging specialties of each country with private companies.",0,0,0
170,"Since the natural environment is different from country to country, the types of resources (agricultural products, goods) produced are also different. This is because the price varies depending on the type of resource produced. (Type of resource, price of resource)",1,1,0
171,"This is because there are limitations in the kind of agricultural products produced in their own countries, and they can exchange them with foreign countries, accept various agricultural products, adjust agricultural prices, and stabilize the economy.",0,1,0
172,"Each country has a different natural environment. Therefore, the agricultural products produced are different, so they exchange.",0,0,0
173,This is because the environment is different from region to region.,0,0,0
174,This is because the natural environment is different from country to country.,0,0,0
175,This is because each country has a different environment.,0,0,0
176,"Since the natural environment is different from country to country, the resources produced are also different. This is because the price varies depending on the type of resource produced.",1,1,0
177,It's to bring in products that don't come out in your country or products that don't come out,0,0,0
178,This is because Korea can revitalize its economy through international trade and promote the development of its own country while interacting with various countries in accordance with the era of globalization.,0,0,0
179,"There are so many reasons, one to achieve supply according to consumer demand and the other to activate the money cycle.",0,0,0
180,"Each country has a different natural environment, so the products are different",0,0,0
181,"""Each region's specialties or crops that cannot be grown due to the season or environment",0,0,0
182,"They interact with each other and allow us to eat what we can't eat.""",0,0,0
183,To know each other's culture.,0,0,0
184,To get a lot of stuff,0,0,0
185,I don't like things in Korea,0,0,0
186,in order to earn money,0,0,0
187,I'm going to buy it cheap,0,0,0
188,To improve each other,0,0,0
189,This is because each country needs different things.,0,0,0
190,To gain from each other,0,0,0
191,"To make money for each other, to live economically.",0,0,0
192,To eat something,0,0,0
193,I think it's because I can earn money and get the things I need.,0,0,0
194,It's because we get things that we can't get in our country and get close to each other,0,0,0
195,"If you try fruits from many countries, you can see new flavors and shapes",0,0,0
196,To buy what we need cheaply,0,0,0
197,Everything from the country is differentImporting goods that are not good for our country can be better for our body,0,0,0
198,"Korea does not have much production in other countries, so both this side and that side benefit from exchanging them.",0,0,0
199,To make our country known,0,0,0
200,in order to earn foreign currency,0,0,0
201,You can get what you don't have in your own country.,0,0,0
202,So that agricultural products that don't grow in Korea can be eaten in Korea,0,0,0
203,"I think it is because if you exchange agricultural products that are not produced in your country, you will have friendship with the country and gain from your country.",0,0,0
204,"Each country has its own specialties, and each country has its own benefits",0,0,0
205,"In Korea alone, the price goes up and it seems to be interacting with other countries.",0,1,0
206,To live well with each other,0,0,0
207,To benefit each other by sending each other things that we didn't know,0,0,0
208,There are a lot of foods that are not cultivated in Korea,0,0,0
209,Because you can buy and sell what your country doesn't have,0,0,0
210,We make things that are not in our country and export them to foreign countries to make the relationship good,0,0,0
211,"Each country has different technologies and specialties, so they try to get what they need from each other.",0,0,0
212,This is because there is a limit to the growth of living things depending on the environment of various countries.,0,0,0
213,"To taste the specialties of many countries and to develop the economy,",0,0,0
214,To make something that doesn't exist in our country,0,0,0
215,Because we can exchange with Korea and other countries and import food and agricultural malls that are not in Korea,0,0,0
216,"Let me give you an example First of all, we (except North Korea) do not have a lot of resources, but we export resources from countries with a lot of resources because of our technology, and we make and export goods with technology",1,0,0
217,"I enjoy eating Korean food, but I interact with many countries to eat food from other countries",0,0,0
218,"""",0,0,0
219,So that we can have a good exchange well,0,0,0
220,"""When we interact with our country and with other countries, we can each use different objects",0,0,0
221,"""Because our country could develop.""",0,0,0
222,"This is because each country has different resources, locations, and technologies.",1,0,0
223,There might be more good things in that country,0,0,0
224,They are produced in different countries,0,0,0
225,This is because agricultural products and marine products from each country are different.,0,0,0
226,We're going to eat a variety of food in that area,0,0,0
227,"To eat a variety of things in the area,",0,0,0
228,I'm trying to share my skills,0,0,0
229,.,0,0,0
230,It's from another country,0,0,0
231,To get food from other countries,0,0,0
232,Because we interact with things that are not in our country,0,0,0
233,We can have economic exchanges,0,0,0
234,We imported agricultural and marine products that are not in Korea,0,0,0
235,"""They sell a lot of seaweed and oysters in Korea""",0,0,0
236,"Since agricultural products exported are different depending on the environment and climate of each country, they are exchanged through exchange.",0,0,0
237,I want to share what I lack,0,0,0
238,Han didn't produce all of them,0,0,0
239,There's something that doesn't grow in Korea,0,0,0
240,I don't know,0,0,0
241,We exchanged things that we didn't have,0,0,0
242,There are different kinds of seafood and other things,0,0,0
243,This is because there is a shortage of goods to produce in our country.,0,0,0
244,To mix what we don't have,0,0,0
245,To make money,0,0,0
246,"They exchange because there are many things in their country that they don't need, and there may be things they need.",0,0,0
247,To exchange things that we don't have,0,0,0
248,The production varies from country to country,0,0,0
249,in order to gain mutual benefit each other,0,0,0
250,"To use things that we don't have each other,",0,0,0
251,"""Exchange goods that are not available in each country",0,0,0
252,"""To be ready""",0,0,0
253,Exchange coupon!!!,0,0,0
254,To have a good relationship with each other,0,0,0
255,Top Secret Only the President Knows,0,0,0
256,To interact and enjoy each other evenly because the local and national specialties are different.,0,0,0
257,I wanted to eat something more delicious,0,0,0
258,"Since there are things produced in each country and things that are not produced, many countries share and exchange what they do not have with each other for the richness of materials.",0,0,0
259,It's cheaper to trade than to raise them in their country,0,0,0
260,To be more competitive,0,0,0
261,I don't know,0,0,0
262,It is to bring in new products by exchanging products that are not well produced in the country.,0,0,0
263,the specialties of various countries,0,0,0
264,"Since each country produces different seafood, it is exchanged and changed",0,0,0
265,Because there are plants that don't grow in our country.,0,0,0
266,It's to benefit each other.,0,0,0
267,Make money,0,0,0
268,This is because each country has different products produced and needed according to the natural and human environment,0,0,0
269,Because there are things that don't grow in our country,0,0,0
270,The taste is different from country to country,0,0,0
271,Because each country has different crops that grow are different in each country,0,0,0
272,"Each country has different plants and crops that grow depending on the natural environment, so it is better to live by exchanging them",0,0,0
273,We exchange things that we don't have in our country to use.,0,0,0
274,I don't know.,0,0,0
275,"This is because the natural environment of each country is different, so the specialties are different.",0,0,0
276,"There are many things that do not exist in each other's country, and you can get what you want by exchanging them.",0,0,0
277,Wrap it up,0,0,0
278,"Because the environment and climate of each country are different, the crops grown are different",0,0,0
279,"There are different animals and plants between countries, and there are things that do not exist in that country",0,0,0
280,This is because other species of goods that cannot be obtained in a country can be obtained in many countries.,0,0,0
281,The agricultural products that are produced in different regions are different,0,0,0
282,"Good quality items from each country are all different, so they are exchanged to share.",0,0,0
283,in order to promote friendship,0,0,0
284,"Since the specialties of each region are different, they must be exchanged to be diversified.",0,0,0
285,"This is because each country has its own natural environment, and animals and plants have an environment suitable for survival, so the products produced are different.",0,0,0
286,It is for cultural exchange.,0,0,0
287,This is because it is easy to obtain goods that cannot be obtained according to the geographical and social characteristics of the country.,0,0,0
288,This is because the materials produced are different depending on the natural environment or capital of each region.,0,0,0
289,"Since the specialties from each region are different, more kinds of supplies can be obtained through exchange.",0,0,0
290,"This is because each specialized product is different, and at this time, it can generate profits through exchange.",0,0,1
291,The main products produced in each region are different,0,0,0
292,This is because there are better products produced in each country.,0,0,0
293,You can experience a variety of products,0,0,0
294,To create each other's own interests,0,0,0
295,"Each country has different specialties, so to pursue efficiency,",0,0,0
296,It is for the benefit of the country.This is because production efficiency is good.,0,0,0
297,To have what each other lacks,0,0,0
298,Because we don't have it in our country even if we don't have it abroad,0,0,0
299,"Because each country has different plants that are specialized in the natural environment,",0,0,0
300,Because each country needs different places and needs things that cannot be produced,0,0,0
301,Food from other countries is more delicious.,0,0,0
302,Because we can get crops that do not come out of our country,0,0,0
303,You can't produce everything in one country,0,0,0
304,To have things that you don't have in your own country,0,0,0
305,I want to have things that I don't have in my country,0,0,0
306,"This is because the characteristics and cultures of various countries are different, so if many countries exchange, they can experience more various cultures.",0,0,0
307,To make ends meet,0,0,0
308,"Different countries have different climates, so there are products that are produced or not",0,0,0
309,"This is because each country produces different goods, living things, and food, and the topography of the land is different from country by country And interacting with each other to make a living",0,0,0
310,"Each region has a different flight, so exchange it for economic benefits",0,0,0
311,It's because everything that comes out depends on the environment is different,0,0,0
312,"""You can buy various ingredients and items from various countries",0,0,0
313,"In Korea, you can buy something expensive at a low price in foreign countries.""",0,1,0
314,We exchange for the development of our country.,0,0,0
315,"Each country has a different natural environment and climate habitat, so they exchange",0,0,0
316,This is because agricultural products that cannot be grown due to environmental influences in Korea can be imported from other countries.,0,0,0
317,"Different countries have different climates, so there are different products that are produced",0,0,0
318,"Since each country has a different natural environment, each country uses its own natural environment characteristics to exchange its own specific natural environment products",0,0,0
319,It's to live well with each other.,0,0,0
320,"Different countries have different climates, so there are different products that are produced",0,0,0
321,"In order for our country to live well,",0,0,0
322,You can get to know each other's culture and buy necessary items.,0,0,0
323,Each country can develop by accepting objects from different cultures.,0,0,0
324,"Since there are many goods that are not produced in each country, they exchange goods to get from other countries",0,0,0
325,"This is because if you have goods that you don't have in your country in another country, or if your products are more expensive, you can benefit from exchange with other countries",0,0,0
326,This is to develop our country by accepting the culture of other countries.,0,0,0
327,Because each country has a different environmental food,0,0,0
328,"""We can get new cultural properties from different countries through exchanges",0,0,0
329,"There are many benefits to sharing knowledge or information with people in other countries.""",0,0,0
330,To know the culture of other countries,0,0,0
331,"The natural environment of each country is different, so the marine products produced are different, so they are exchanged with each other",0,0,0
332,Because you can buy agricultural products that are not produced in each country at a low price,0,1,0
333,"In country A, when a product is not available and in country B, country A receives the product from country B, and country B receives the product from country A, and with mutual trust, it increases the country's exports and imports",0,0,0
334,I don't know,0,0,0
335,h,0,0,0
336,I don't know,0,0,0
337,I don't understand.,0,0,0
338,I don't know.,0,0,0
339,To get what is hard to get by exchanging with each country?,0,0,0
340,I don't understand.,0,0,0
341,You can eat various agricultural products from other countries only if you exchange them with other countries.,0,0,0
342,M and D,0,0,0
343,for the sake of one's sake,0,0,0
344,I don't understand.,0,0,0
345,I don't understand.,0,0,0
346,I don't know,0,0,0
347,I don't know.,0,0,0
348,To help each other,0,0,0
349,"To bring many things that don't come out of our country,",0,0,0
350,You can get various things by exchanging things that cannot be produced in one area,0,0,0
351,It is to exchange things that are not with each other in order to exchange them.,0,0,0
352,It's not in Korea,0,0,0
353,I don't know.,0,0,0
354,I don't know,0,0,0
355,It's cheaper to come in from abroad,0,0,0
356,We exchange things that are lacking in our country and things that are lacking in other countries,0,0,0
357,We can bring things that we don't have and get things with better quality and cheaper prices,0,1,0
358,To have something essential that we don't have,0,0,0
359,This is because we can receive and eat food that is not in our country.,0,0,0
360,It's not in Korea,0,0,0
361,in order to easily obtain goods that are not produced in one's own country,0,0,0
362,We were able to get to know each other while interacting with each other,0,0,0
363,"Different countries have different regions, so fruits and specialties are different",0,0,0
364,"Each country produces a lot of things, and if there are less, there are things that are not produced at all, but to complement each other,",0,0,0
365,Because I have to export and sell what I can't get with other countries,0,0,0
366,This is because they are trying to obtain the maximum profit through trade between the two countries with minimal goods.,0,0,1
367,This is because the natural environment is different because the solar radiation energy received by each region is different.,0,0,0
368,"Each country has different products that are advantageous for production, so each country exports and imports through some specialization.",0,0,0
369,This is because there are benefits that can be obtained through trade between countries.,0,0,0
370,"Since each country mainly produces different products depending on the natural environment and humanities environment, they import insufficient products from other countries and export products that are produced a lot.",0,0,0
371,Because what we want is different.,0,0,0
372,This is because the natural environment or humanities environment of each country is different.,0,0,0
373,"To enjoy each other by exchanging specialties from each country. Or you can buy or sell what you don't have or what you don't have in your country through trade, so you can get a bigger profit.",0,0,1
374,"Since each region has different items that can be produced efficiently, it is necessary to exchange goods through exchange, and each country needs different goods.",0,0,0
375,"Since there are items that can be produced advantageously in each country, these items can be exchanged through exchange because they can benefit from specialized production and then exchange them with items that can be produced relatively unfavorably.",0,0,0
376,"Each country in the world has a different climate and technology, so there are limited products that can be produced in each country. However, most countries need a lot of products, so it is to profit from each other by exchanging products that each country can produce.",0,0,1
377,This is because you can get the substance by interacting with a country that has a substance that is not in your country.,0,0,0
378,"Because each country has different amounts of resources, technology, and natural environment, the cost of production for a product varies.",1,0,0
379,This is because each country can benefit more from exchanges between different countries than using things through self-sufficiency methods.,0,0,0
380,for the sake of the country's friendship,0,0,0
381,"Because there are things that are difficult to produce in Korea,",0,0,0
382,You can get more out of it,0,0,0
383,Because there's nothing to eat?,0,0,0
384,"That way, our economy will develop",0,0,0
385,It's because we share information on how to grow and process food from other countries,0,0,0
386,Because each country has a different lifestyle and environment,0,0,0
387,There are things that are not in Korea and things that are not in other countries,0,0,0
388,There are fruits and vegetables that we don't have in Korea,0,0,0
389,in order to come,0,0,0
390,It's because we need different things,0,0,0
391,"Because the natural environment is different from country to country, the food from the land is different, so they exchange it with each other.",0,0,0
392,"This is because you can import goods that are not in your country or that are hard to get from other countries. For example, seafood, which is difficult to obtain in inland countries, can be obtained through exchange.",0,0,0
393,Using different things in exchange?,0,0,0
394,Exchange to get what each other needs.,0,0,0
395,Korea and large corporations make profits by exporting and importing productsfor profit,0,0,1
396,To develop a country,0,0,0
397,It's cheap if you come in from abroad,0,0,0
398,in order for competition to develop,0,0,0
399,I don't know.,0,0,0
400,To interact with each other and get things that we don't get,0,0,0
401,I'm exchanging better place to exchange,0,0,0
402,I'm going to make a living,0,0,0
403,"To get more food,",0,0,0
404,Some grow only in other countries and some grow only in our country,0,0,0
405,"Then, you have to take a plane or a boat to eat food from different countries",0,0,0
406,"But if you export and import, you will win and win.""",0,0,0
407,"There are other fruits that are not in the country, so you have to exchange them.",0,0,0
408,This is because each country that imports scarce goods from Korea and imports goods from Korea from abroad can earn profits.,0,0,1
409,There may be no production in our country,0,0,0
410,To get the products that only come from that country,0,0,0
411,To sell or obtain goods that are not produced in their own country.,0,0,0
412,We need things that are few or none in the country,0,0,0
413,To give and receive what we need from each other,0,0,0
414,I don't know,0,0,0
415,To make a profit by exporting goods,0,0,1
416,Can't you just give it to me?,0,0,0
417,Mart,0,0,0
418,It is to exchange food from other countries,0,0,0
419,"Since more farm products are produced abroad,",0,0,0
420,"Borrowing from other countries what is lacking in their own country and handing out what we are strong and good at making In short, barter.",0,0,0
421,a necessary article,0,0,0
422,It is because I can learn and learn many things by interacting with other countries,0,0,0
423,To interact and benefit each other in the country,0,0,0
424,"Because it is convenient to eat fruits that are not available in Korea in other countries, just like we have to eat food evenly",0,0,0
425,"In order to have something better or worse because it is not produced or scarce in one's own country, or because it is better in one country.",0,0,0
426,"If you don't exchange the goods, it's not profitable for you to exchange them",0,0,1
427,To save the economy and make money.,0,0,0
428,You have to exchange the goods so that other people can benefit and give it to our country,0,0,0
429,You can have what you don't have,0,0,0
430,Because we can make friends by filling in what we lack?,0,0,0
431,You can buy and sell things that you can't get or don't have in Korea,0,0,0
432,Countries exchange with each other and live by exchanging things they don't have.,0,0,0
433,in order to live,0,0,0
434,To get what each other needs,0,0,0
435,Top Secret Only the President Knows,0,0,0
436,Because there are things that are not produced in some countries,0,0,0
437,.,0,0,0
438,This is because you can import goods that cannot be produced in your own country and make profits by exporting them to other countries.,0,0,1
439,in mutual favor,0,0,0
440,This is for liberal arts majors,0,0,0
441,They exchange goods because they need things from their respective countries.,0,0,0
442,You can get what we don't have,0,0,0
443,This is because the products that can be produced are different depending on latitude and topography,0,0,0
444,Because you can get better quality goods or have goods produced only in each country?,0,0,0
445,I don't know,0,0,0
446,Because we don't have anything in our country on our land.,0,0,0
447,"In order for countries to develop,",0,0,0
448,"The environment is different for each country, so the harvest is different for each country has a different harvest",0,0,0
449,It's because they don't grow well or make it in their own country.,0,0,0
450,There might be seafood that you don't have in your country,0,0,0
451,It is to develop by exchanging things that are not in each other's countries and to gain more profits.,0,0,1
452,I don't understand.,0,0,0
453,It is to exchange goods necessary for each other's economic growth.,0,0,0
454,"Each country has a famous one and all the well-exported marine products are different, so they are exchanged through exchange.",0,0,0
455,To make a profit by exchanging things that don't come from their own country.,0,0,1
456,"This is because each country has different natural environments and topography, so specialties are different.",0,0,0
457,It is to fill up the deficiencies in our country.,0,0,0
458,"This is because we can exchange goods with each other and know the regional characteristics of each country, and we can exchange and develop economic power",0,0,0
459,Because there are things that are not available in your own country,0,0,0
460,Because the products produced are different depending on the environment of each country.,0,0,0
461,This is because we can make efforts for the development of the country by exchanging supplies that are not available to each other to fill the country's scarce supplies.,0,0,0
462,This is because they benefit from exchanging what is not in their country for many things in their country.,0,0,0
463,You can send and receive good products through exchanges with foreign countries.,0,0,0
464,I don't know.,0,0,0
465,I don't know.,0,0,0
466,Because I signed a contract,0,0,0
467,This is because the marine products that grow well in different countries or regions are different,0,0,0
468,.,0,0,0
469,Each region's specialties are different,0,0,0
470,"A country without the sea can make up for its deficiencies, such as importing seafood",0,0,0
471,"To try the representative products of the country,",0,0,0
472,"There are things that are lacking in each country, but to make up for what is lacking,",0,0,0
473,I doubt it.,0,0,0
474,It doesn't come out of the area,0,0,0
475,It is because showing and feeding new items to people in the country is amazing and it helps a lot to know what is in our country.,0,0,0
476,Because we can accept things that cannot be harvested in our country,0,0,0
477,"In order to make money, we can't make all kinds of agricultural products in Korea",0,0,0
478,To try seafood from different countries,0,0,0
479,"To get various items,",0,0,0
480,This is because not all agricultural products can be produced in Han Agricultural products are produced according to various conditions,0,0,0
481,Specialties from many countries are different,0,0,0
482,Because each country has different specialties,0,0,0
483,This is because each country has its own specialties and can use what is not in their own country through exchanges with other countries.,0,0,0
484,"There are specialties in Korea and in other countries, so we want to exchange different products",0,0,0
485,"The reason for exchanging goods is that if you compare each country's goods and Korea's goods, there are many things that are not there and there are different creatures",0,0,0
486,I don't know.,0,0,0
487,It is to import what is not in your country and export what is not in other countries.,0,0,0
488,This is because the specialties and cultures from various countries are different.,0,0,0
489,M and D,0,0,0
490,None.,0,0,0
491,Since I don't have it,0,0,0
492,I don't know.,0,0,0
493,It's to make money for each other.,0,0,0
494,I didn't grow up in that countryIt's because I want something that we don't have,0,0,0
495,To live well with each other,0,0,0
496,This is to make profits by selling food that does not grow well in each country to other countries through exports.,0,0,1
497,Because there are products that are not produced in the country,0,0,0
498,"There is a natural environment suitable for each country, and it is to get healthy things by exchanging the best growing plants in the country.",0,0,0
499,"""Because I'm not in Korea,",0,0,0
500,"""",0,0,0
501,"In order to expand the culture by exchanging things that are not available in each country,",0,0,0
502,It's because they produce different things,0,0,0
503,I'm not sure,0,0,0
504,"The amount of money consumed in each country is limited, and also, by exporting, in order to get the dollar, which is the standard for international currency",0,0,0
505,I don't know,0,0,0
506,Because they don't have it,0,0,0
507,This is because there are products that cannot be produced in their own country.,0,0,0
508,It's cheap overseas,0,0,0
509,I like things from other countries,0,0,0
510,"In order to exchange things that are not available in Korea and buy them cheaper in other countries,",0,0,0
511,It's because things from other countries are better.,0,0,0
512,This is because not all goods are produced in Han.,0,0,0
513,Many countries exchange goods for each other's benefit because the goods they need are different from those produced in their own countries.,0,0,0
514,This is because each country lacks and has different resources.,1,0,0
515,in order to be mutually beneficial,0,0,0
516,To take care of what you don't need and get what you need,0,0,0
517,It's to get something that doesn't fly in our country in other countries.,0,0,0
518,"This is because there are each easier cultivation or production in the country and only in foreign countries.,",0,0,0
519,Because it is not produced in that country,0,0,0
520,for the benefit of nations,0,0,0
521,To buy things at a lower price,0,1,0
522,Because the substances produced in each country are different,0,0,0
523,"This is because if you specialize in and exchange agricultural products that can be produced with less labor in each country, you can gain greater profits",0,0,1
524,They exchange seafood or agricultural products that do not grow in their own country.,0,0,0
525,It is because we need food or things that do not grow in our country,0,0,0
526,Each region has its own specialties,0,0,0
527,"Since each product is different and the specialties are different,",0,0,0
528,I'm going to gain a lot,0,0,0
529,Because seafood varies from region to region by region,0,0,0
530,"This is because seaweed and other things are produced in Korea, but not in other countries.",0,0,0
531,"""Seo Hye Soon",0,0,0
532,n,0,0,0
533,"Because there are different plants and foods that grow in that country,",0,0,0
534,a birthmark,0,0,0
535,M and D,0,0,0
536,?á©Right??536.0,0,0,0
537,a shortage of goods,0,0,0
538,Because they buy and sell each other's necessities through trade between countries,0,0,0
539,It is to get various items.,0,0,0
540,1,0,0,0
541,This is because we have to buy and sell goods that we need from each other through trade between countries,0,0,0
542,1,0,0,0
543,"Since there is an industry that Seo-ro can do well, it can obtain products that are not produced in Korea through exchange, exchange products that are produced in Korea, and help economic development and industrial promotion",0,0,0
544,"Show, N, D, 5 and 6!",0,0,0
545,I don't know,0,0,0
546,Each country has a different climate for growing agricultural products,0,0,0
547,Things that are difficult to produce in our country can be purchased as cheap goods abroad,0,0,0
548,This is because it's good to barter.,0,0,0
549,It's not in Korea or cheap,0,0,0
550,I don't know,0,0,0
551,It's because each other's products are different,0,0,0
552,Different countries export different kinds of seafood,0,0,0
553,"""",0,0,0
554,"This is because each country has different products that can be produced with high efficiency, so greater profits are generated when specialized.",0,0,1
555,This is because it is beneficial for each country to exchange goods with low opportunity costs.,0,0,0
556,It is to obtain things that cannot be obtained in one's own country through exchanges between countries.,0,0,0
557,The reason is that it can be imported from abroad or used as an ingredient.,0,0,0
558,I don't know,0,0,0
559,"Food or goods of higher quality than our country may be in other countries, and we can receive culture from other countries through exchange",0,0,0
560,It's because I can get it cheaply,0,0,0
561,"Because I have different specialties from country to country, I have to exchange goods to enjoy a lot.",0,0,0
562,"This is because if you import and use things that are not produced in Korea, you will benefit.",0,0,0
563,The country's exports and culture are different,0,0,0
564,It may be because the land is larger than our country,0,0,0
565,To improve relations between countries,0,0,0
566,To become rich,0,0,0
567,Eat more variety of food,0,0,0
568,I don't know,0,0,0
569,"Since there are foods that are not produced in Korea,",0,0,0
570,"Because there is something that does not come out of our country, we exchange it with other countries",0,0,0
571,To get things that are not produced in our country,0,0,0
572,To earn a lot of money by receiving or exporting things that are not in our country or that are not good in our country,0,0,0
573,"If there is no production or need in Korea, we need to exchange it",0,0,0
574,To help each other,0,0,0
575,"To carry each other on the back or to put high quality items at a low price,",0,1,0
576,"If you exchange things that are not in Korea with things that are not in other countries, you can benefit from both.",0,0,0
577,It is for the country to develop.,0,0,0
578,To get to know not only the culture of our country but also the culture of other countries.,0,0,0
579,"There are things that people need in their daily lives, and if they exchange, they get along well with each other",0,0,0
580,I'm turning it off,0,0,0
581,It's something that's not in Korea,0,0,0
582,I'm going to share,0,0,0
583,It's something that's not in Korea,0,0,0
584,To make a lot of money,0,0,0
585,Because each country produces different things,0,0,0
586,Each country has different products,0,0,0
587,It's efficient to trade things that we don't have,0,0,0
588,It's to get things that don't come out of your country,0,0,0
589,"I don't have it in other countries, but I have it in my country.",0,0,0
590,This is because each country has different fruits and crops produced according to the climate.,0,0,0
591,"Since there are things that are not in Korea in other countries,",0,0,0
592,I'm trying to sell it at a low price,0,1,0
593,To maintain friendship with other countries or bring things that are not in our countryI can eat seafood that is not produced in Korea,0,0,0
594,Because it's more delicious,0,0,0
595,in order to develop the economy,0,0,0
596,"There are products that cannot be produced according to each terrain, so those products are exchanged with each other and developed with each other.",0,0,0
597,"Since there are goods made in each country, but items that cannot be made in their own country or that are difficult to make in other countries may be easy to make, they actively use exchanges to satisfy unfavorable conditions and apply them to each other in an advantageous environment.",0,0,0
598,"Because the natural environment of each turtle is different, the crops that grow are different.",0,0,0
599,"Because the climate and deformity of each country are different, the suitable and unsuitable places for marine products are different.",0,0,0
600,It's because we exchange it with each other by means of transportation,0,0,0
601,This is because special products produced and distributed according to the climate and topography of each region are different.,0,0,0
602,There's no such thing in the country,0,0,0
603,In order to get close to each other countries,0,0,0
604,We need different things,0,0,0
605,We can share things made with different ideas and interact with each other comfortably,0,0,0
606,in order to have an exchange,0,0,0
607,We need different things,0,0,0
608,This is because food problems can be prevented.,0,0,0
609,This is because food problems can be prevented and fresh and new food can be received.,0,0,0
610,This is because it can prevent plant problems and receive new food.,0,0,0
611,You can prevent food problems and receive fresh and new food,0,0,0
612,Each country produces different specialties,0,0,0
613,Because each country has different products,0,0,0
614,Each country has its own specialties,0,0,0
615,This is because there are resources that Korea does not have.,1,0,0
616,It boosts our economy and benefits us,0,0,0
617,Each country produces different products,0,0,0
618,Because there are specialties.,0,0,0
619,To eat what you don't have,0,0,0
620,"The more you see, taste, and feel various things, the better",0,0,0
621,This is because there are agricultural products that fit the climate and soil of each country.,0,0,0
622,It is for economic development.,0,0,0
623,This is because it helps to create national interests and form friendly relations between countries by properly exporting and importing.,0,0,0
624,This is because it is more profitable to produce and exchange specialized items than to produce various items in the same country.,0,0,1
625,"To promote our agricultural and marine products to the world,",0,0,0
626,This is to earn profits by importing goods made in other countries at low prices.,0,1,1
627,to make money,0,0,0
628,"This is because the goods produced are different depending on the surrounding environment, such as the climate and topography of each country.",0,0,0
629,"In order to make a profit by exchanging products that earn a lot of profits because the products produced in each climate and land are different,",0,0,1
630,"Each country has a different climate environment and culture, so the resources they can get are different",1,0,0
631,This is because there are agricultural and marine products that are difficult to obtain in each country.,0,0,0
632,To maximize each other's interests,0,0,0
633,I don't know,0,0,0
634,It's an economically efficient activity,0,0,0
635,"Each region has different breeds, and there is a suitable environment for each creature to live in, so if you raise and specialize animals suitable for that environment, you can improve the quality of life.",0,0,0
636,We supply it from abroad to meet the demand.,0,0,0
637,This is to promote friendship through exchanges between countries and to obtain goods that are not produced in each country.,0,0,0
638,This is because Korea cannot grow various agricultural products on a small area of land because the land is small but the population is large.,0,0,0
639,fulfillment by necessity,0,0,0
640,I don't know.,0,0,0
641,Exchange each other's cultures and maintain a closer relationship,0,0,0
642,This is because the production efficiency of each country can be increased by exchanging items that are not available.,0,0,0
643,There are things that come out in each region,0,0,0
644,"This is because each country can grow certain things efficiently, so they can benefit each other by exchanging them.",0,0,0
645,"This is because products that are advantageous for production are different from each other. In terms of economics, the reason why foreign countries produce agricultural products and do not produce seaweed and oysters like Korea is that the opportunity cost of producing agricultural products is less than that of producing seaweed and oysters. When a ton of agricultural products can be produced to gain 10 million won, seaweed and oysters will earn less profit, so it is beneficial to produce goods that can benefit you as much as possible and exchange them with other countries.",0,0,1
646,"If the supply is insufficient or more than the demand of the people due to the amount of resources of the country, it can meet the demand of the people through exchanges with other countries and benefit from the remaining supply.",1,0,0
647,To get close,0,0,0
648,It's cheap,0,0,0
649,To get what they don't have in their country,0,0,0
650,Because there are many foods abroad.,0,0,0
651,It's good to exchange cultures,0,0,0
652,To get agricultural products that don't grow in their own country,0,0,0
653,"To bring cheaper, non-existent items",0,0,0
654,Because we are hard to get but other countries are easy to get,0,0,0
655,"There are separate things that grow well in foreign countries, and there are separate things that grow well in Korea, so there are exchanges.",0,0,0
656,Because each country has its own and its own,0,0,0
657,"They exchange to get closer to each other, and if they need something else, they exchange to get it",0,0,0
658,"""The things in our country may not be in other countries",0,0,0
659,"There may be no other country's items.""",0,0,0
660,It seems to be to deepen the relationship between the countries.,0,0,0
661,Unsold goods go to other countries,0,0,0
662,Exporting and importing good things from each other is good for each other.,0,0,0
663,"""",0,0,0
664,"We need our country and we need your country, but Wirina has our country and we need our country.",0,0,0
665,Because other country's goods are good and cheap,0,0,0
666,"If we exchange what is not in the country, we can benefit",0,0,0
667,Because what we need is in different countries,0,0,0
668,"Certain things can not grow on the land of the country or can grow a little bit, so they can exchange and fill things that are not there",0,0,0
669,"""If we export our goods, our country can make money, and we can make goods from other countries",0,0,0
670,"We can exchange and get along with other countries.""",0,0,0
671,It's because they accept it as a specialty,0,0,0
672,"Through exchange, we can eat agricultural products that are not produced in Korea and eat foods that can only be eaten abroad easily in Korea",0,0,0
673,"In each country, there are plants that do not grow because of different natural environments, so there are many products that come to the mart through exchange to exchange goods that do not exist",0,0,0
674,"Each country has a different climate environment and culture, so the resources they can get are different",1,0,0
675,"In order to specialize items that have a comparative advantage over other countries when producing in Korea,",0,0,0
676,"Since each country has a different natural environment, marine products that cannot be produced are ripened. So it is more profitable to interact.",0,0,1
677,Increase product diversity by exchanging consumer products that are not produced in each country.,0,0,0
678,"Each country has different resources and different products are produced depending on the terrain, so better effects can be obtained by exchanging them",1,0,0
679,"This is because each country has a different ability and technology to produce goods, so if you specialize and exchange goods with a comparative advantage, you can benefit from each other.",0,0,0
680,"As each country produces each item, there is an opportunity cost. According to the principle of trade, each country specializes in places with low opportunity costs to increase efficiency.",0,0,0
681,It is to make a profit by exporting products that are advantageous for their country to produce.,0,0,1
682,Each country has a product with high production efficiency and a low product. This is because exchanging each through exchange increases the production efficiency of all countries that exchange eventually.,0,0,0
683,"Since the natural environment is different from country to country, resources and agricultural products produced in each country are different, so we exchange necessary goods through exchanges between different countries.",1,0,0
684,"This is because each country has a different comparative advantage, so the more they trade with each other, the more beneficial they are for both countries.",0,0,0
685,"If each country specializes in a product with a lower opportunity cost of production, it can produce more overall",0,0,0
686,"The production capacity is also different because each country has different resources. Therefore, if the production is specialized in one area with excellent production capacity and then traded with each other, both countries benefit from Ricardo's comparative advantage theory.",1,0,0
687,"Resources are ubiquitous and sometimes exist only in certain areas. In addition, even with the same resources, production costs vary depending on the economic environment and climate characteristics of the region. The reason for exchanging goods is to consume resources that are not produced in the country, or that the cost produced in the country is more expensive than the cost of importing from abroad.",1,0,0
688,"If you trade, you can have things that you don't have in each country. This is also because each country specializes in producing and trading highly competitive goods, which is beneficial to each country.",0,0,0
689,"Each country has different resources that can be produced well or owns a lot, because if each country produces and trades after specializing in those resources, that is, if it trades in consideration of comparative advantage, it will generate profits in the amount of products.",1,0,1
690,"Suppose that there are countries A and B, and countries A and B produce only goods X and Y, respectively. At this time, country A has a smaller opportunity cost of producing X goods, and country B has a smaller opportunity cost of producing Y goods. If so, countries A and B will benefit more at a smaller cost by specializing in and exchanging products that each can produce at a smaller opportunity cost than by producing both X and Y goods, respectively. Therefore, countries around the world trade for this reason.",0,0,0
691,"This is because all products differ in quantity and quality in each country, so if each country specializes in comparative trade in products that can be made more efficiently, more efficient use of resources can be derived.",1,0,0
692,"Since the natural environment and climate appear in different countries are very different, there are also differences in various agricultural products produced accordingly. Therefore, each country has agricultural products that can be produced in large quantities and good quality, so it is beneficial to each other if they are exchanged through tradeBy selling products that have a comparative or absolute advantage, you can make a greater profit than when you did not trade.",0,0,1
693,The reason for exchanging goods between different countries is to fill in the deficiencies of each other. Each country has either no production or needs. These parts are filled through exchanges with countries that have interests with other countries.,0,0,0
694,?,0,0,0
695,I don't know,0,0,0
696,To receive what is not there,0,0,0
697,The product is not produced in that country,0,0,0
698,"Because the natural environment is different, the products that come out are different from country to country",0,0,0
699,To buy and sell each other's needs,0,0,0
700,Globalization has come true,0,0,0
701,It's produced in different countries produce different things,0,0,0
702,"To enjoy various foods,",0,0,0
703,yes,0,0,0
704,Because the lack and abundance of each other are different,0,0,0
705,This is because there are products that can be produced efficiently in each country.,0,0,0
706,We need to exchange so that there will be more international funds in their countries,0,0,0
707,To get what's hard to get in the country,0,0,0
708,.,0,0,0
709,This is because the resources produced by each region are different.,1,0,0
710,To get specialties that do not come from their own country.,0,0,0
711,This is because each country has its own specialties.,0,0,0
712,This is because each country has different agricultural methods according to the climate and different products.,0,0,0
713,"Because each country has a different climate, they exchange good quality goods.",0,0,0
714,We can make a profit by selling each other's specialized products because the products are different depending on the climate and terrain,0,0,1
715,"This is because if cheap foreign goods come in without tariffs, it could hurt the economy of its citizens.",0,0,0
716,I can eat a variety of fruits,0,0,0
717,I don't understand.,0,0,0
718,Good relations between countries can be maintained.,0,0,0
719,"There must be food products that are not produced in a country, so they are exchanged",0,0,0
720,Yeah.,0,0,0
721,They can benefit each other by importing products that are difficult to produce under their own environmental conditions and exporting their surplus products.,0,0,0
722,This is because you can experience food that is not produced in Korea.,0,0,0
723,"There are things that cannot be produced in our country, and they come out, but the things that are produced less can be produced in other countries",0,0,0
724,M and D,0,0,0
725,"Yes, yes, yes",0,0,0
726,Mall,0,0,0
727,I don't understand.,0,0,0
728,I don't understand.,0,0,0
729,I don't know.,0,0,0
730,I don't know,0,0,0
731,M and D,0,0,0
732,I don't understand.,0,0,0
733,I don't understand.,0,0,0
734,I don't understand.,0,0,0
735,I don't understand.,0,0,0
736,M and D,0,0,0
737,I don't know.,0,0,0
738,I don't know,0,0,0
739,I don't understand.,0,0,0
740,I don't understand.,0,0,0
741,M and D,0,0,0
742,I don't know,0,0,0
743,Let's live well together,0,0,0
744,.,0,0,0
745,I don't understand.,0,0,0
746,We're going to share what we need,0,0,0
747,M and D,0,0,0
748,I don't know.,0,0,0
749,.,0,0,0
750,"There are a number of goods produced in each country and some that are not produced, and exchange to make up for that",0,0,0
751,"I don't have it in Korea, but I have it in other countries",0,0,0
752,You can sell various foods to the people of the country by importing agricultural products or livestock that are not obtained in Korea,0,0,0
753,Because we can get what we can't get in our country from other countries,0,0,0
754,Because we can get what we can't get in our country from other countries.,0,0,0
755,It's not produced in that country,0,0,0
756,"""We have different products from different countries",0,0,0
757,"It's an exchange """,0,0,0
758,This is because the crops that come out a lot are different from country to country,0,0,0
759,"Because the product, economic power, and natural environment produced in each country are different",0,0,0
760,It's not produced in that country,0,0,0
761,"Countries around the world have abundant resources. On the contrary, countries around the world may have the resources they need, but sometimes they don't have them, or they don't have them. So countries around the world exchange their resources with those of other countries",1,0,0
762,This is because each country has a different climate and can grow different things.,0,0,0
763,"""Because different regions and countries have different environments such as natural environments, resources, and technology, they are produced differently, and the economy of regions and countries is developed through exchange of goods",1,0,0
764,"This is because you have to sell rich goods in your region to other regions, and buy scarce goods. Technologically advanced countries import resources, make new products, and export them to other countries.""",1,0,0
765,To get what we can't get in our country in another country,0,0,0
766,It is to make a profit by selling goods that are made better than other countries,0,0,1
767,"Since our country has different natural environment and economic power from foreign countries, we exchange and fill each other's deficiencies",0,0,0
768,To be a thing of his own country,0,0,0
769,The exchange between different countries helps the economic development of the country and can also make it known that we are proud of our country,0,0,0
770,Rare agricultural products from each country can be obtained at a low price.,0,1,0
771,There's something you don't have in your country,0,0,0
772,Rare agricultural products can be purchased cheaply in each country,0,0,0
773,"This is because if you exchange, you can eat food from other countries in our country.",0,0,0
774,What we can't get from our country is another country,0,0,0
775,This is because there are things that are not produced in Korea.,0,0,0
776,There are some things that are not produced in our country.,0,0,0
777,Because I have to export and sell what I can't get with other countries,0,0,0
778,There are many products that are restricted in production due to geographical conditions and environmental factors,0,0,0
779,For the development of the country,0,0,0
780,It's different from each other's regions,0,0,0
781,There are a lot of things that don't come out in Korea,0,0,0
782,Use things more efficiently,0,0,0
783,"In order for our country to benefit from other countries,",0,0,0
784,"There are things that are not in our country and things that are not in other countries, so it is beneficial to exchange them",0,0,0
785,To get things from other countries and develop the country,0,0,0
786,To share good things with each other,0,0,0
787,To make up for each other's lack of food,0,0,0
788,There's nothing to eat in Korea,0,0,0
789,To make money bringing goods that are not in our country,0,0,0
790,In order to fill up what is lacking in our country and in other countries to fill up what is lacking,0,0,0
791,I want to experience foreign food in many countriesWe can bring things that we don't have and our country can develop further.,0,0,0
792,"To benefit the country, or because of the terrain in each country, the things that produce each other are different",0,0,0
793,It is to get new items that do not come out of our country.,0,0,0
794,It is to get the goods that each country lacks.,0,0,0
795,food,0,0,0
796,You can get vegetables and meat that don't come from Korea,0,0,0
797,What are you not going to eat?,0,0,0
798,"Because you can see, hear, and gain culture through exchange",0,0,0
799,To benefit each other,0,0,0
800,Import what is not in our country and export what is not in other countries,0,0,0
801,Exporting a lot of produce and importing a lot of less produce makes it easy to get various agricultural products.,0,0,0
802,It is to sell each other's goods in each country.,0,0,0
803,Because of the treaty,0,0,0
804,For our country to develop further.,0,0,0
805,to be able to make up for one's shortcomings,0,0,0
806,It's a treaty between countries and exchange,0,0,0
807,"This is because the natural environment is different, so what is produced is different.",0,0,0
808,Because each country produces different products well,0,0,0
809,To save goods that do not exist in their own country,0,0,0
810,Each country produces different things,0,0,0
811,This is because things that are well produced vary depending on the climate or geographical environment of the country.,0,0,0
812,Each country has different agricultural products,0,0,0
813,"This is because each country has different climates and other environments, so the special products grown are different.",0,0,0
814,"Different countries have different climates and topographic conditions, so the types of living things that grow well are different. Therefore, they exchange items to use various items.",0,0,0
815,Because the products of each country are different,0,0,0
816,Some agricultural products don't grow in their own country,0,0,0
817,The exchange of goods improves the relationship between countries and prevents war,0,0,0
818,We need different things,0,0,0
819,Because I have different products by region and climate,0,0,0
820,This is because each country has different items harvested due to temperature and environment.,0,0,0
821,I wanted to have a lot,0,0,0
822,"We can't eat only the food of Korea, we need the variety of food, and the price varies depending on which country, and it's not enough to produce Korean people",0,1,0
823,I'm going to try various things,0,0,0
824,To produce and consume goods with higher efficiency,0,0,0
825,For the growth of the country,0,0,0
826,Our lives become richer by exchanging good and bad things in each country.,0,0,0
827,"Because crops are affected by climate and climate, bananas can be produced for $1 in the Philippines, but in Korea, it takes more cost and energy to meet the production conditions, so to gain and approach each other reasonably",0,0,0
828,To be good to each other when it doesn't come out of a particular area or when it's expensive.,0,0,0
829,Different countries have different environments. I want to share various things,0,0,0
830,It's cheaper,0,0,0
831,The local specialties are delicious,0,0,0
832,Since I don't have it,0,0,0
833,"In order to get along better with new cultural properties and friendly exchanges between countries,",0,0,0
834,economic development,0,0,0
835,cultural development,0,0,0
836,"Growing up in each country. Because there are a lot of people, we exchange and exchange to gain each other's benefit",0,0,0
837,It's to fill in what our country can't do,0,0,0
838,For the benefit of many countries (globalization of the earth,0,0,0
839,It is to exchange things that we don't have and to exchange food that we don't have in the country.,0,0,0
840,"This is because we can exchange goods that are not produced in Korea with other countries, and we can exchange goods that are not produced in other countries and use more diverse goods.",0,0,0
841,We can enjoy a comfortable life by exchanging good things,0,0,0
842,in order to benefit,0,0,0
843,To eat more things,0,0,0
844,"To make up for each other's shortcomings,",0,0,0
845,Depends on the specials of Grara,0,0,0
846,Because humans exist,0,0,0
847,This is because we can have time to understand the culture of other countries through exchange,0,0,0
848,Because there are items that can be imported cheaper than those that are not produced in Korea or raised in Korea,0,0,0
849,"Because the foods produced according to the climate of their own country are different, they are imported from countries where the food grows well.",0,0,0
850,It's to complement each other and live well.,0,0,0
851,Because we have things we need,0,0,0
852,"To understand each other's culture,",0,0,0
853,In order to exchange things that are not in the country needs each other,0,0,0
854,It's because each country has a different natural environment and I have different products.,0,0,0
855,.,0,0,0
856,To get the things we need from each other,0,0,0
857,It is to gain,0,0,0
858,Each country has an advantage in production because it is more economically profitable to produce what is money and import what is needed from other countries.,0,0,1
859,This is because each country produces different products.,0,0,0
860,"We don't have everything in the country, so we exchange it to get what we need",0,0,0
861,Because we're not here,0,0,0
862,For a better life,0,0,0
863,"In order to produce well in each country,",0,0,0
864,"To get agricultural products that are hard to produce in our country,",0,0,0
865,"Even if it's in your own country, you can buy quality goods cheaply, or you can exchange things you don't have in your own country",0,0,0
866,d,0,0,0
867,It's a benefit,0,0,0
868,Each country has different specialties,0,0,0
869,This is because each country has different items that can be made well.(due to comparative advantage),0,0,0
870,"To feel the unique taste of the country,",0,0,0
871,"""Each country has a different climate, so different agricultural products can be produced",0,0,0
872,"""They make profits by exchanging agricultural products that each country can produce by interacting with each other.""",0,0,1
873,This is because each country has different specialties.,0,0,0
874,I'd love to.,0,0,0
875,"By exchanging products that are produced a lot in the area, you can buy them more efficiently and get them cheaply.",0,0,0
876,Because of the scarcity of resources.,1,0,0
877,This is because not all products come from all countries.,0,0,0
878,"Each country has a different environment, and accordingly, it is to gain and benefit from exchanging goods needed by each country.",0,0,0
879,"Since each country has different materials or labor levels needed to make goods, each country can specialize in goods that can be made well and import and export them to each other, allowing the two countries to trade profitably.",0,0,1
880,"The reason for exchanging goods is that each country has well-cut specialties or well-made products. In other words, this is because it is a good exchange if the goods that exist in the goods have a comparative advantage are exchanged with each other.",0,0,0
881,"The agricultural products from each country are determined by the environment, and because the environment in all countries is not the same, I get different agricultural products. That's why you have to exchange goods with other countries in order to eat a variety of foods.",0,0,0
882,I don't know.,0,0,0
883,Because of the opportunity cost,0,0,0
884,This is because each country has different products produced mainly.,0,0,0
885,This is because the resources produced in each country are different.,1,0,0
886,"This is because objects that do not come from other countries may come from Korea, or objects that do not come from Korea may come from other countries.",0,0,0
887,"Weather factors such as temperature, humidity, precipitation, air volume, and altitude vary greatly from country to country. Therefore, the crops that can be obtained are bound to be different. That's why each country imports and replenishes scarce crops.",0,0,0
888,"Since substances that can be produced are different depending on environmental conditions, various substances can be used through exchange.",0,0,0
889,"Since substances that can be produced are different depending on environmental conditions, various substances can be used through exchange.",0,0,0
890,"Since the products produced are different depending on the environment and technology of each country, they are exchanged through exchange.This is because the resources such as food produced are not evenly distributed. The climate may vary depending on the terrain of each country, so there is a difference in the living things that grow.",1,0,0
891,"This is because each country has different topography and climate, so well-grown crops are different.",0,0,0
892,This is because the agricultural products produced in each country are different.,0,0,0
893,It is to complement each other's deficiencies.,0,0,0
894,I don't know,0,0,0
895,The reason why each country produces a lot is because it exports to other countries and imports what is produced less.,0,0,0
896,"In the case of the United States, various crops are grown in large quantities using a large land, and on the contrary, Korea collects and exports marine products using the sea on three sides instead of a narrow land.",0,0,0
897,To interact and fill each other's shortcomings,0,0,0
898,"Because the natural environment and temperature are very different from country to country, there are various species of agricultural products that grow. Because the crops that grow together are different, countries exchange goods through exchanges.",0,0,0
899,"For a variety of food and benefits by price,",0,1,0
900,"Each latitude has a different climate, with different continents, like sea, land, etc., and different climates have different growth rates Then it might be better for each other to interact",0,0,0
901,Because the climate and environment are different and the elemental dependence is different between countries,0,0,0
902,"In some cases, it is done to obtain the necessary goods, and in some cases, it is done for financial gain.",0,0,0
903,"Different countries have different locations (mountain, sea, etc.), climates, and temperatures, so products and crops produced are different. Therefore, it is to exchange food that is well produced in each country if they are manipulated with each other.",0,0,0
904,"It is to exchange our strengths with each other. I think it's cheap somewhere, scarcity somewhere, quality somewhere, to maximize these advantages.",0,0,0
905,Each country has a different economy,0,0,0
906,for economic profit,0,0,1
907,"Because each country has different types of goods that are good to produce, it is because they exchange what they lack to make up for the shortage or because the demand for certain goods has increased, the supply in the country has become insufficient.",0,0,0
908,It's only driven by the market economy principle that high-quality goods can be purchased and sold,0,0,0
909,The foods that fit the climate of the country are different,0,0,0
910,"By exchanging goods in a globalized society, it is possible to accept things that are not in the country, but it is an opportunity to accept the culture of the country together.",0,0,0
911,"Different countries have different climates and animals and plants that can live in adaptation to the climate, so each country has different things to grow and nurture. That's why we exchange things that we don't have.",0,0,0
912,There are different goods available in different countries,0,0,0
913,Evaluation Only. Created with Aspose.Cells for Python via Java.Copyright 2003 - 2022 Aspose Pty Ltd.,0,0,0
