,"Breathing: Oxygen absorption, carbon dioxide release",ecosystem,Respect for Life,Human
0,"""",0,0,0
1,"""1. Supporting and supporting water",0,0,0
2,"2. Store nutrients made from leaves""",0,0,0
3,"Rooted in the soil to support the entire body, it absorbs water and inorganic nutrients from the root hairs and supplies them through the water pipes, accepts oxygen, releases carbon dioxide, and stores the remaining nutrients in the root hairs and epidermal cells",0,0,0
4,It supports plants to support the body and absorbs and stores water to make nutrients,0,0,0
5,It absorbs water and sends it to grass for photosynthesis,0,0,0
6,Plant roots absorb nutrients from the ground and send them to the whole plant,0,0,0
7,"Store water, support plants, and store nutrients.",0,0,0
8,keep from being swayed by the wind,0,0,0
9,Support plants and store nutrients,0,0,0
10,"The root serves to firmly support the plant to support the body, which is called the ""supportive action"" of the root.  Just as we cannot live without water, plants cannot live without water. Sucking such important water from the ground into the body of a plant is called the ""absorption"" of the root. The principle that the roots absorb water can be explained by osmotic pressure. Almost all of the membranes that make up the plant are semi-permeable membranes. When plants absorb water from their roots, comparing root hairs and water in the soil, the water in the soil is low and the root hairs are relatively high. In order to achieve concentration equilibrium, low concentration of moisture in the soil permeates into the high concentration of root hairs through the cell membrane. The roots absorb not only water but also nutrients in the water through this absorption.",0,0,0
11,It supports the plants without shaking and sucks nutrients from the ground.,0,0,0
12,"And it supports you.""",0,0,0
13,Plant roots absorb nutrients into the ground and hold the plant in place.,0,0,0
14,"""Plant roots absorb nutrients into the ground",0,0,0
15,"It holds the plant.""",0,0,0
16,Plant roots take in water,0,0,0
17,"Support, Absorption, Storage",0,0,0
18,to store or supply moisture,0,0,0
19,"Water absorption, nutrients absorption, and supporting functions",0,0,0
20,absorption of nutrients,0,0,0
21,"Nutrient absorption, water absorption, support",0,0,0
22,Store nutrients,0,0,0
23,Bees nourish,0,0,0
24,Sucking in the water or not going to the country in the wind,0,0,0
25,a suction of water,0,0,0
26,It absorbs nutrients,0,0,0
27,Plants need water to grow their roots,0,0,0
28,"Plants have roots, stems, leaves, etc",0,0,0
29,nourish the life of leaves and stems,0,0,0
30,nourish a plant,0,0,0
31,Store moisture in the roots of the absorption.,0,0,0
32,The roots of plants absorb water and nutrients to make them live well,0,0,0
33,The plant's roots nourish the plants by absorbing nutrients from the water and ground for their stems and leaves.,0,0,0
34,"It supports plants and absorbs water and minerals, and breeds through roots to increase the size of the population.",0,0,0
35,"Because of its roots, plants can grow well",0,0,0
36,Plant roots absorb nutrients from the ground and feed the leaves and stems,0,0,0
37,I don't know.,0,0,0
38,"Water absorption, fixing to the ground",0,0,0
39,Sturdy water by sucking nutrients.,0,0,0
40,Roots absorb water and nutrients and send nutrients and water to stem and fruit flowers,0,0,0
41,It sucks the nutrients from the soil and spreads them throughout the plant.,0,0,0
42,It helps plants grow.,0,0,0
43,Roots allow plants to grow well,0,0,0
44,I don't know.,0,0,0
45,"Support, absorb, and breathe.",0,0,0
46,The roots of plants absorb water and grow by photosynthesis in sunlight,0,0,0
47,Roots absorb moisture or nutrients in the soil.,0,0,0
48,It supports the plant.,0,0,0
49,"Support, nourishment and moisture absorption, and nutrient storage",0,0,0
50,Absorption of nutrients,0,0,0
51,The roots of plants absorb water and nutrients from the soil and support them.,0,0,0
52,Roots absorb nutrients and moisture by widening the surface area.,0,0,0
53,It absorbs water from the soil.,0,0,0
54,Plant roots support plants and absorb water and minerals. It also stores nutrients.,0,0,0
55,It absorbs moisture and minerals and supports plants.,0,0,0
56,It absorbs water.,0,0,0
57,supporting action,0,0,0
58,"Support, storage, absorption",0,0,0
59,It absorbs water through the root hairs.,0,0,0
60,"It supports the whole plant, absorbs water and minerals. It also stores nutrients.",0,0,0
61,nutrient supply,0,0,0
62,collecting nutrients to absorb moisture,0,0,0
63,eat nutrients,0,0,0
64,Water Absorption Nutrient Storage,0,0,0
65,It absorbs nutrients from the ground,0,0,0
66,Plants suck in nutrients and moisture from the soil.,0,0,0
67,It stores and absorbs moisture and energy,0,0,0
68,"Through the roots, plants get the nutrients and moisture they need to live.",0,0,0
69,It softens the ground. Eat the nutrients evenly.,0,0,0
70,"It absorbs nutrients, making plants grow and supporting",0,0,0
71,Energy absorption,0,0,0
72,The roots of the plant are responsible for saving and absorbing nutrients and supporting the plant to the ground.,0,0,0
73,It absorbs moisture from the ground for nourishment,0,0,0
74,It's... It's-----?¡ã¡?¡ã¡??I don't know.,0,0,0
75,absorption of water,0,0,0
76,"The roots absorb moisture from the soil, so the nutrients...",0,0,0
77,Sucking in water and taking in nutrients,0,0,0
78,"It absorbs moisture from the ground and supplies it to plants, and supports them in windy or steep areas.",0,0,0
79,Suck the water in.,0,0,0
80,The plant's roots support the plant's stems and leaves and also absorb nutrients in the soil.,0,0,0
81,It works to provide water and nutrients.,0,0,0
82,Roots make plants stand well,0,0,0
83,I don't know.,0,0,0
84,It supports plants.,0,0,0
85,It absorbs the separators on the ground to photosynthesize plants,0,0,0
86,Various,0,0,0
87,It supports stems on the ground or stores nutrients,0,0,0
88,It absorbs water or nutrients and supports plants,0,0,0
89,Plant roots absorb soil nutrients and water and transfer it to the plant's body,0,0,0
90,"Plants have tubes that can carry nutrients and water, and they move there.""",0,0,0
91,It provides nutrients to plants on the ground.,0,0,0
92,Hold it upright and drink water.,0,0,0
93,"They photosynthesize and absorb water with organs such as stems, leaves, roots, etc",0,0,0
94,nourish,0,0,0
95,"It absorbs water in the soil, decomposes nitrogen components such as fertilizers, and delivers them to its own stems.",0,0,0
96,Absorb water from the soil and supply it to the plant body,0,0,0
97,It absorbs nutrients from the ground,0,0,0
98,to supply water to plantsTo restore nature,0,0,0
99,A variety of creatures gives us a variety of conveniences.,0,0,0
100,"If you restore fish from ancient times, there are many things for foreigners to see, so exports can be expensive",0,0,0
101,This is because almost all plants have to increase diversity because they help living things.,0,0,0
102,The world is better when the ecosystem is maintained well,1,0,0
103,I can't see any more extinct creatures,0,0,0
104,"By maintaining biodiversity, we can continue to obtain resources from ecosystems",1,0,0
105,"""Because if there are not many different species, all of them can be wiped out when there is an infectious disease that kills them later.On the other hand, if there's a variety, even if there's an epidemic, among various creatures,",0,0,0
106,"You can find and study the immune system to prevent infectious diseases.""",0,0,0
107,To keep animals in the zoo,0,0,0
108,"In order for people to see many creatures at the zoo,",0,0,0
109,"If plants become extinct, they will not be able to eat them in the future",0,0,0
110,"If it's extinct, it's a class to watch",0,0,0
111,The creature is doing something to help the Earth in its previous life,0,0,0
112,"Without plants, animals and humans would starve",0,0,0
113,"To prevent fine dust,",0,0,0
114,It's good to see various creatures.,0,0,0
115,For Science,0,0,0
116,I thought it would be good to see and live with many things,0,0,0
117,"Because everything has an important role one by one (e.g., worms make the land good)",0,0,0
118,This is because increasing biodiversity is also helpful to us humans.,0,0,0
119,"Without animals, humans are gone",0,0,0
120,"If the environment changes rapidly, there is a high probability of extinction",0,0,0
121,Biodiversity also gives us economic benefits and many other benefits,0,0,0
122,"This is because if biodiversity is destroyed, humans will also suffer.",0,0,0
123,This is because we need to protect and protect the environment.,0,0,0
124,Lower biodiversity also damages humans.,0,0,0
125,"Because when biodiversity collapses, the damage affects people",0,0,0
126,"If there's a variety of plants, there's a lot of oxygen",0,0,0
127,The reason for increasing biodiversity is that the Earth's environment can be changed by living things,0,0,0
128,We want to increase the diversity of living things so that humans can study them and gain knowledge,0,0,0
129,Life because I can help in our lives.,0,0,0
130,To get to what's needed to increase the diversity.,0,0,0
131,Live human beings are live creatures.,0,0,0
132,"Enhance biodiversity, the new things about life can be.",0,0,0
133,I don't have food that we can live without animals to be.,0,0,0
134,"Has many kinds of animals away, all those people and animals are suffering greatly.",0,0,0
135,"As the world turns, development,",0,0,0
136,A new thing to see ^^ ;;;;;;;;;;;;;;;;;;;;;;;;;;;;;;;;;;;;;;;;;;;;;;;;;;;;;;;;;;;;;;;;;;;;;;;;;;;;;;;;;;;;;;;;;;;;;;;;;;;;;.,0,0,0
137,In order to see a new life.,0,0,0
138,In the past to see,0,0,0
139,"Have a higher biodiversity, like paper would most likely derived from similar species. So, will more likely to create a vaccine for disease.",0,0,0
140,One of the changing how you can observe the Earth.,0,0,0
141,A variety of creatures existed a variety of information only in animal studies and because they can apply it in real life? Huh.,0,0,0
142,Some people are living in an environment should be life can live.,0,0,0
143,"Biological interactions to humans live. Therefore, life is important to humans.",0,0,0
144,It's because the environment gets better when the ecosystem is diversified,1,0,0
145,This is because the environment becomes better when the ecosystem is diversified.,1,0,0
146,Too many to look good :D,0,0,0
147,This is because people are curious and greedy for human beings.,0,0,0
148,"To get a variety of genes to survive in some extreme environment,",0,0,0
149,"This is because the higher the biodiversity, the more advantageous it is for human life.",0,0,0
150,For the future,0,0,0
151,So I can eat it later It's food for the future,0,0,0
152,Increasing biodiversity may be useful for the tourism industry.,0,0,0
153,"It's because if the ecosystem is ruined, it's hard for us to live",1,0,0
154,"Otherwise, I won't be able to see the cute rabbit",0,0,0
155,"That way, the zoo's income will be good",0,0,0
156,I'm going to put it in the zoo and watch it,0,0,0
157,"This is because the more diverse living things are, the more animals and plants we can know.",0,0,0
158,This is because we can see more living things if we increase biodiversity.,0,0,0
159,"""Because there is less and less food available to humans,",0,0,0
160,"""",0,0,0
161,"This is because the more we learn about biodiversity, the more scientific humanity can develop.",0,0,0
162,"A variety of organisms can carry out genetically engineered tasks, thus increasing biodiversity",0,0,0
163,Increasing biodiversity allows genetic manipulation and can conduct related experiments.,0,0,0
164,Increasing biodiversity allows genetic manipulation and can conduct his related experiments,0,0,0
165,"If we increase biodiversity, we can genetically modify it and conduct courtship-related experiments",0,0,0
166,"If we increase biodiversity, we can genetically modify it, so we can conduct experiments",0,0,0
167,"Increasing biodiversity enables genetic tissue, allowing experiments related to it.",0,0,0
168,"Increasing biodiversity allows genetic manipulation, allowing experiments related to it.",0,0,0
169,"Failure to preserve biodiversity will reduce human fisheries, agricultural production, or raw materials for medicines, and increase infectious diseases and autoimmune disorders. Also, indigenous people who rely directly on ecosystems will be threatened with livelihoods.",1,0,0
170,Because living things help us a lot,0,0,0
171,There has to be a variety of living things to create an ecosystem where humans can live,1,0,0
172,"The reason why biodiversity is important is that more organisms or ecosystems decompose, produce, or consume can have a good effect on humans.But if ecosystems or organisms are gone, there is nothing we can benefit from, and the environment is polluted.",1,0,0
173,"If a creature dies, we die, too",0,0,0
174,"Living things help humans a lot to live. For example, meat such as pigs, cows, ducks, and chickens is eaten by many people, and poop made by animals can be used as manure to grow crops in the fall. Like this, living things and humans are like chains. In addition, the reason for restoring extinct creatures is to observe the temperature or environment suitable for the natural environment where the creature lives and to find out the environment in which more creatures live.",0,0,0
175,There must be a variety of living things for humans to live on.,0,0,0
176,"""They help people and create a clean environment for people to live in",0,0,0
177,"Therefore, biodiversity should be increased.""",0,0,0
178,"If biodiversity is high, there is a lot of data that can be collected, so bio-technology is likely to develop.",0,0,0
179,"""If there's a lot of biodiversity, it looks like there's a lot",0,0,0
180,"I'm very, very happy to have so much to show off.""",0,0,0
181,"Genetic diversity within each species must exist to seize opportunities to evolve, and to respond to changing environments. It's the same thing that we avoid incest marriages to avoid the emergence of recessive genes. After all, genetic diversity can be said to be beneficial to the future of oneself, Koreans, and even humans and all animals.",0,0,0
182,This is because humans actually control the environment on Earth and must have moral responsibility for other creatures. It is also because of biodiversity that humans can obtain high-quality nutrients through plant breeding and cultivation.,0,0,0
183,"If the biological system is diverse, it will benefit a lot from living, and if the diversity of the ecosystem is small, it will be a big blow to humans",1,0,0
184,"If the biological ecosystem is destroyed, it will cause damage to humans",1,0,0
185,"If there is no biodiversity, the ecosystem will be destroyed",1,0,0
186,Because living things can make good things through advanced life sciences,0,0,0
187,"When an ecosystem is destroyed, it has a bad effect on our human lives",1,0,0
188,"If there are many creatures, there are many creatures we can see",0,0,0
189,It's good for humans if there's a variety of living things,0,0,0
190,Endangered species are helping us,0,0,0
191,Animals are cute,0,0,0
192,It is because we can experiment in various ways only with living things,0,0,0
193,"To see a lot of biological possibilities,",0,0,0
194,It's because living things have to be diverse to live without any deficiencies,0,0,0
195,Living things help us,0,0,0
196,It is developed by investigating life and inventing it by its characteristics,0,0,0
197,"The more creatures exist, the more natural and human harmony is achieved?When living things disappear, so do humans",0,0,0
198,"This is because it is beneficial to mankind, such as seed improvement and drug development.",0,0,0
199,This is because it may be needed for future generations.,0,0,0
200,This is because lack of biodiversity easily destroys the food chain.,0,0,0
201,This is because it is necessary to increase biodiversity to identify the taxonomic location between living things and to help investigate the global environment of the past.,0,0,0
202,"As biodiversity grows, it is a step away from the risk of extinction.",0,0,0
203,The ecosystem is maintained only when there is a variety of living things,1,0,0
204,It's good to have a variety of creatures,0,0,0
205,"Because the more diverse creatures are, the better the food chain works",0,0,0
206,Ecosystem restoration should be done to smoothly distribute the food chain that exists in the ecosystem,1,0,0
207,Only when species diversity is preserved can ecosystems be maintained,1,0,0
208,This is because the food chain is maintained and the ecosystem is stable only when biodiversity is maintained.,1,0,0
209,"This is because if there is no biodiversity, the food chain in the ecosystem will be broken, and it will act as a greater stimulus, which may eventually lead to the extinction of all living things on Earth.",1,0,0
210,This is because the possibility of extinction can be reduced only by increasing biodiversity.,0,0,0
211,"The destruction of the ecosystem and the netting of the food chain will also disappear, so the population will disappear very quickly.",1,0,0
212,This is because the survival rate increases only when biodiversity is high.,0,0,0
213,Only when biodiversity is maintained can ecosystem-specific food chains be maintained and all living things become extinct.,1,0,0
214,"If there is very little food chain, if one species dies, all food chains die one after another, so biodiversity becomes high, and biodiversity must be increased in order to maintain stability even if one species goes extinct",0,0,0
215,This is because the ecosystem is destroyed.,1,0,0
216,"When living things are diverse, the food chain is complicated, and the ecosystem is maintained even if one sub-object or sub-object disappears.",1,0,0
217,This is to prevent the ecosystem from collapsing and destroying the food chain.,1,0,0
218,"This is because when biodiversity is lowered, the food chain's structure is simplified, and even a small change causes a great disruption to the ecosystem.",1,0,0
219,It is to maintain an ecosystem.,1,0,0
220,"""I know. Why do you raise it up?"" at the expense of money",0,0,0
221,"The food chain can be simplified. Then, a small change can cause great damage to the living system.""",0,0,0
222,This is because a lack of biodiversity can lead to a series of destruction of the food chain connected to an animal when it goes extinct.,0,0,0
223,"It is necessary to increase biodiversity so that even if the food chain is destroyed, it can be recovered and the food chain is easily preserved.",0,0,0
224,"Global warming caused by the greenhouse effect has disrupted the ecological environment, such as melting glaciers in the Arctic and changing the ecological environment location of fish. As they become disturbed, some creatures become extinct, and as they become more and more extinct, their biodiversity decreases. Therefore, it is intended to revive the ecological environment through efforts to restore extinct creatures in order to create an environment where they can coexist.",0,0,0
225,"This is because the food chain becomes more complicated and even if a creature in the lower part becomes extinct, it does not affect the upper species.",0,0,0
226,"In the future, it would be nice if animals were extinct and there were many animals.",0,0,0
227,There must be animals in the country,0,0,0
228,"To maintain the ecosystem,",1,0,0
229,The reason why we need to increase biodiversity is that the ecosystem is maintained only when there is a variety of living things,1,0,0
230,"When animals become extinct, they have an effect on the ecosystem",1,0,0
231,This is because other animals can live well because the food chain is not broken only when extinct creatures are restored.,0,0,0
232,It affects other living things,0,0,0
233,Extinction destroys ecological dogs,0,0,0
234,This is because the Earth's environment is improved only when there are various creatures.,0,0,0
235,Because all living things have a great influence on each other.,0,0,0
236,"To keep the ecological pyramid alive,",0,0,0
237,I'm someone who gets eaten and gets eaten,0,0,0
238,"Since the ecosystem is destroyed by environmental pollution and the types of living things are gradually disappearing, the diversity of living things must be increased.",1,0,0
239,It's because the ecosystem is balanced when various creatures gather,1,0,0
240,This is because predators live longer because they have more food when living things are diverse.,0,0,0
241,Increasing biodiversity will make the Earth's ecosystem more robust.,1,0,0
242,"To maintain the ecosystem,",1,0,0
243,There must be a variety of living things to preserve the ecosystem,1,0,0
244,"This is because if life is lost and extinct, the ecosystem will collapse and the ecosystem will no longer be preserved.",1,0,0
245,"This is because if the biodiversity is not increased, the creatures that feed on the plant disappear and the creatures that feed on the plant disappear, breaking the balance of the ecosystem.",1,0,0
246,"If a creature disappears, there will be no creature that feeds on it This phenomenon will be repeated and the ecosystem will be out of balance",1,0,0
247,"The world all moves in harmony. So, if even one place in the world collapses, his natural enemy dies without food, and his natural enemy dies without food, and in the worst case, the world may collapse as this cycle repeats itself.",0,0,0
248,To make the ecosystem more active.,1,0,0
249,"There has to be a variety to create a biological pyramid, right? The conclusion must be diverse to preserve the ecosystem",1,0,0
250,We need to maintain the ecosystem,1,0,0
251,"That way, the ecological balance is right",0,0,0
252,To maintain the ecosystem.,1,0,0
253,"Now that there are many endangered species, to restore extinct animals and plants.",0,0,0
254,The ecosystem is better when there is a variety of living things,1,0,0
255,"Now that there are more endangered species, it is to restore extinct animals and plants again.",0,0,0
256,A variety of living things can be full because the food chain is longer.,0,0,0
257,The creatures could disappear,0,0,0
258,"If even one creature disappears, another creature disappears",0,0,0
259,Maintaining the Ecosystem,0,0,0
260,It's because the food chain is simple,0,0,0
261,"If there is no diversity in the ecosystem, if an animal becomes extinct, the creatures that eat it will die. However, if there are various ecosystems, even if one creature becomes extinct, it can survive by eating another.",1,0,0
262,This is because ecological equilibrium is not easily broken only when biodiversity is high,0,0,0
263,It's because you have to increase diversity to interact,0,0,0
264,"This is because if biodiversity decreases, life can eventually disappear in the distant future.",0,0,0
265,"To keep the food chain safe,",0,0,0
266,"In an ecosystem with low biodiversity, if a species suddenly disappears, the living creatures that feed on it can disappear, making it advantageous for a diverse ecosystem to live",1,0,0
267,"The higher the biodiversity, the less easily the ecosystem is destroyed",1,0,0
268,It's for the peace of the ecosystem,1,0,0
269,"If biodiversity is high, the ecosystem will not be destroyed easily",1,0,0
270,"This is because when biodiversity increases, the food chain remains stable.",0,0,0
271,"In places with high biodiversity, the food chain is simple, so even if any species disappears, it can maintain the ecosystem by feeding on other creatures. However, in places where biodiversity is low, if one animal becomes extinct, even other creatures are threatened with life. Therefore, even if a creature that has to increase biodiversity becomes extinct, other creatures can live by feeding on other creatures, so biodiversity should be increased.",1,0,0
272,This is because the balance of the ecosystem is not easily broken only when there are more species in the food chain.,1,0,0
273,"In an ecosystem with low biodiversity, the food chain is simple, so if a species suddenly disappears, other living things that feed on it disappear together.",1,0,0
274,Biodiversity can keep the ecosystem stable.,1,0,0
275,"In an ecosystem with low biodiversity, the food chain is simple, so if a species suddenly disappears, other living things that feed on it can disappear together. However, in an ecosystem with high biodiversity, there are many other organisms that can replace any species that have a complex food chain and disappear soon. Therefore, high biodiversity reduces the risk of extinction of living things, allowing the ecosystem to remain stable.",1,0,0
276,This is because the ecosystem is stable only when biodiversity is high.,1,0,0
277,"This is because the higher the biodiversity, the longer the ecosystem is maintained.",1,0,0
278,The ecosystem will collapse,1,0,0
279,"""For the survival of other species, the food chain is complicated only when biodiversity is high",0,0,0
280,"because it increases the chances of survival.""",0,0,0
281,To balance the ecosystem.,1,0,0
282,It's because there's a food chain in order for living things to live well,0,0,0
283,"Well, to maintain the ecosystem?",1,0,0
284,for ecological diversity,0,0,0
285,"Because the ecosystem is made up of food chains, it seems to be because restoring the living things that Sarah is doing is making the ecosystem more balanced...",1,0,0
286,Because living things have to grow evenly,0,0,0
287,"""When plants exist, herbivores live, and when herbivores live, carnivores live",0,0,0
288,The Living Animal Pyramid (To Prevent Ecological Destruction),0,0,0
289,"That way, the ecosystem where the creature lived can be maintained",1,0,0
290,It's an opportunity to restore old animals and learn about the history of the war,0,0,0
291,It can be maintained from the ecosystem as a variety of organisms,1,0,0
292,To maintain the ecosystem,1,0,0
293,It's hard to survive when the bird is gone,0,0,0
294,"If one creature disappears, the ecosystem could collapse",1,0,0
295,"Because all living things are connected to ecosystems, there is a high risk of an organism becoming extinct",1,0,0
296,"To preserve the ecosystemI don't know, but wouldn't it be good to have various things? To maintain the food chain",1,0,0
297,To protect the food chain,0,0,0
298,"When there is confusion in the ecosystem, various things such as the food chain of living things are twisted. Increasing biodiversity can make the ecosystem stable.",1,0,0
299,"When a species disappears from the ecosystem food chain, the species that feeds it disappears, and then it collapses",1,0,0
300,To avoid mass extinction,0,0,0
301,by conservation of ecosystems,1,0,0
302,Because there is a great risk of extinction,0,0,0
303,This is because the possibility of survival increases only when biodiversity is high.,0,0,0
304,This is because biodiversity must be high to adapt well to environmental changes so that they can survive without extinction,0,0,0
305,This is because the ecological balance is not broken if there is a variety of living things,0,0,0
306,This is to prevent mass extinction because a single species can become extinct together when caught by the virus.,0,0,0
307,Increasing ecosystem diversity is highly likely to preserve the ecosystem well and does not easily become extinct.,1,0,0
308,We need to balance the ecosystem,1,0,0
309,"This is because the more creatures there are as the environment changes, the more likely it is that even if one species becomes extinct, other creatures will replace it and preserve the ecosystem.",1,0,0
310,a food chain,0,0,0
311,This is because creatures are more likely to be chosen naturally.(The risk of extinction is reduced.),0,0,0
312,There are species that survive rapid environmental changes to maintain the ecosystem,1,0,0
313,"This is because if biodiversity is low, all living things on Earth can disappear due to natural disasters or external factors.",0,0,0
314,It is to maintain the ecosystem.,1,0,0
315,"This is because ecosystems have close interactions, and each living thing has a lot of influence on ecosystem maintenance.",1,0,0
316,Because all living things play different roles in their ecosystems,1,0,0
317,"To maintain the ecosystem,",1,0,0
318,"Because the existence of various species is beneficial to the maintenance of ecosystems,",1,0,0
319,"That way, the ecosystem lasts for a long.",1,0,0
320,The normal food chain is maintained only when the ecosystem is balanced.,1,0,0
321,Because there are so many endangered species,0,0,0
322,"The higher the biodiversity, the less likely it is to become extinct",0,0,0
323,"If there's only one species, there's an epidemic, and if you attack that species, it could go extinct",0,0,0
324,"When life goes extinct, the ecosystem becomes unstable.",1,0,0
325,"This is because if biodiversity decreases, the ecosystems collapse",1,0,0
326,"""I don't want to go extinct.""",0,0,0
327,"Diversity is higher, so there's less chance of extinction.""",0,0,0
328,This is because ecosystem balance is maintained only when biodiversity is increased.,1,0,0
329,Ecosystem balance is maintained only when biodiversity is increased,0,0,0
330,"If we increase biodiversity, the ecosystem balance will be stronger",1,0,0
331,"This is because the food chain of living things is well maintained only when biodiversity is increased, maintaining ecosystem balance.",1,0,0
332,This is because ecological crabs were maintained only when biodiversity was high,0,0,0
333,"There's a food chain, and if any one of them collapses, the ecosystem will be destroyed",1,0,0
334,"This is because the more diverse creatures are, the less likely the ecosystem is to collapse.",1,0,0
335,"This is because as biodiversity increases, the population increases, and even if a species goes extinct, there are more creatures to replace it.",0,0,0
336,This is because biodiversity is maintained in an ecosystem balance.,1,0,0
337,"There are ecological pyramids in the ecosystem, and if one disappears in places with low biodiversity, the balance collapses, but if one disappears in areas with high biodiversity, animals can continue to disappear.",1,0,0
338,This is because biodiversity is maintained in an ecosystem balance.,1,0,0
339,"If we increase biodiversity, the ecosystem will be maintained",1,0,0
340,"This is because if living things become extinct, the balance of the ecosystem will be shaken and the food chain will be narrowed.",1,0,0
341,"Even if the food chain disappears, the ecosystem is maintained even if there are many animals, but as the animals disappear more and more, natural enemies disappear and should be high for the balance of the ecosystem.",1,0,0
342,"This is because when biodiversity increases, only one creature does not isolate itself in nature, coexists, and lives in a good form with each other",0,0,0
343,"This is because the higher biodiversity, the more stable the ecosystem is",1,0,0
344,"The reason for increasing biodiversity is that if there are many plants, more herbivores live, and if the number of herbivores increases, the number of carnivores increases, forming a food chain, and maintaining the food chain without collapsing when either individual dies.",0,0,0
345,"This is because if the food chain is dangerous, all ecosystems will be destroyed.",1,0,0
346,"If biodiversity decreases, living things can easily go extinct",0,0,0
347,The reason why biodiversity is so important is to maintain the same ecosystem in the future,1,0,0
348,"It's because if even one meal disappears, there will be a problem with the ecosystem",1,0,0
349,"To maintain the ecosystem,",1,0,0
350,It is related to the food chain. The reason why an organism becomes extinct is because it affects many living things.,0,0,0
351,"If a single organism disappears, many organisms die in a chain reaction",0,0,0
352,This is because all animals are now almost endangered.,0,0,0
353,"By increasing biodiversity, the ecosystem is maintained by maintaining the food web",1,0,0
354,To protect the Earth (Superman!),0,0,0
355,This is because the strength of the weak is circulated well only when the biodiversity is high,0,0,0
356,This is because the ecosystem can be maintained even if a species with high biodiversity is extinct.,1,0,0
357,"This is because by increasing biodiversity, food chains and food nets can be diversified and the survival rate of living organisms can be increased.",0,0,0
358,For the stability of the food pyramid.,0,0,0
359,"As biodiversity increases, the food chain may exist in a more specific and stable form.",0,0,0
360,"This is because if biodiversity is destroyed, the balance will be broken in the ecosystem.",1,0,0
361,"Since living things are all connected by organic relationships, the disappearance of any species can affect the entire ecosystem.",1,0,0
362,"This is because if biodiversity is destroyed, the balance of the ecosystem will be broken, starting with the food chain.",1,0,0
363,"Biodiversity must be diverse so that the food chain or the top individuals do not falter when one species goes extinct. If biodiversity is not diverse, there is a greater chance that predators on top of it will become extinct when an animal becomes extinct. Conclusion: There is a wide variety of biodiversity, which makes it less likely that there will be mass extinction.",0,0,0
364,"If you think about the case where biodiversity is not achieved, you can think of the worst case in which a single species can all die from a single disease. In the end, if there is no diversity of living things, the risk of extinction increases.",0,0,0
365,"Living things live under the ecosystem pyramid. A decrease in ecosystem diversity can lead to the collapse of the pyramid, and at the same time can result in an acceleration of biodiversity reduction.",1,0,0
366,"The more diverse creatures live on Earth, the more diverse the Earth's ecosystem will become. In the food chain, the more creatures there are in each class, the more they can continue to live in the upper class, so they try to increase biodiversity.",1,0,0
367,High biodiversity stabilizes the ecosystem pyramid because it requires many species to have the ability to restore or overcome one species even if it disappears or is endangered.,1,0,0
368,"In an ecosystem with low biodiversity, the food chain is simple, so when a species goes extinct, the ecosystem's balance is broken and chaos occurs. To prevent this phenomenon, we must increase biodiversity.",1,0,0
369,"An ecosystem with low biodiversity has a simple food chain, so if a species suddenly disappears, the entire ecosystem can be shaken. On the other hand, ecosystems with high biodiversity have complex food chains, so even if a species suddenly disappears, it will be damaged, but the entire ecosystem will not be shaken.",1,0,0
370,"If you're in danger of extinction, your ecosystem will be destroyed",1,0,0
371,The earth could be ruined,0,0,0
372,"When there is only one creature, it has the disadvantage of that one creature and it is turned to one side",0,0,0
373,"""Increasing biodiversity reduces the chance of one species becoming extinct in an ecosystem.",1,0,0
374,"One species is not easily extinct because it can replace another.""",0,0,0
375,The reason for increasing biodiversity is to correct the current ecosystem.,1,0,0
376,For the new king,0,0,0
377,"Greya, the ecosystem is maintained",1,0,0
378,The food chain and the food pyramid can change,0,0,0
379,"""There are few extinct creatures now, but most people don't knowbut",0,0,0
380,"If the endangered species are lost, the food chain will be threatened and the food web will change.""",0,0,0
381,"In order to preserve the ecosystem, biodiversity must be increased. One village had potatoes as its staple food was potato. As they only grew potatoes without growing other plants, the whole field became a potato field. However, in the spring of this year, the plague broke out and all the potato sprouts died, and all the villagers died. As such, biodiversity is important for ecosystem conservation.",1,0,0
382,To raise the biological hierarchy and boost the food chain,0,0,0
383,To preserve the raw frame,0,0,0
384,"To achieve ecological parallels,",0,0,0
385,"Because if there's one more thing, the ecological balance doesn't match.",0,0,0
386,It's because it goes extinct,0,0,0
387,Because the food chain is so long,0,0,0
388,To keep the ecosystem from being ruined.,1,0,0
389,To protect living things and create new species.,0,0,0
390,The ecosystem can be stabilized only when biodiversity is high,1,0,0
391,"They share different roles, but there are some difficulties in replacing them",0,0,0
392,Because the ecosystem is destroyed.,1,0,0
393,This is because animals can live on other plants and adapt more to the environment and evolve only when the types of plants are diverse.,0,0,0
394,This is because the food chain must be maintained well so that the animal at the top of the food chain can eat.,0,0,0
395,"Because the ecosystem needs to be well preserved. environmental protectionEven if one creature disappears at once, the ecosystem balance is not broken.",1,0,0
396,"To maintain the food chain, if you don't maintain the food chain, the animals at the top can eat",0,0,0
397,This is because the ecosystem can be maintained well by increasing biodiversity to create a lot of food for animals.,1,0,0
398,"This is because living things interact with each other, make up for each other's shortcomings, and are linked to each other's food chains, so even if one species becomes extinct, it can have a bad effect on other species.",0,0,0
399,This is because the ecosystem is activated only when biodiversity is increased.,1,0,0
400,"To maintain the ecological pyramid,",0,0,0
401,We need a lot of living things to maintain the ecosystem,1,0,0
402,To keep the ecological pyramid alive,0,0,0
403,"To maintain the ecological pyramid,",0,0,0
404,Use the Ecological Pyramid,0,0,0
405,This is because it is difficult to create an ecosystem if there is no diversity of living things.,1,0,0
406,We need to balance the ecosystem,1,0,0
407,This is because the more complicated the food chain is to maintain the ecological pyramid.,0,0,0
408,This is because there should be a variety of creatures to eat more and the food chain system should not collapse.,0,0,0
409,"A variety of living things does not hurt the food chain much if one species is extinct, but if not, it does damage the food chain maintenance of the food chain",0,0,0
410,"To maintain the ecosystem,",1,0,0
411,"All living things help each other, but if they become extinct, they cannot help each other, so they need to increase diversity",0,0,0
412,"This is because if a species goes extinct, it cannot be restored.",0,0,0
413,"All species depend on other species of living things, because if there are fewer species of living things, they will easily become extinct.",0,0,0
414,It's all going extinct,0,0,0
415,"To prevent the destruction of the ecosystem,",1,0,0
416,"The more biodiversity, the more complex the food web is, the better the ecosystem is maintained",1,0,0
417,"""To prevent other creatures from becoming extinct,",0,0,0
418,"""",0,0,0
419,"If there is no biodiversity, the ecosystem structure will be simplified, and the Earth will be destroyed.",1,0,0
420,Because the food chain of living things is diversified,0,0,0
421,and maintain the food chain,0,0,0
422,This is because food nets and food chains in the ecosystem become diverse and stable only when living things are diverse.,1,0,0
423,This is because the ecosystem is safely preserved only when there are more creatures.,1,0,0
424,This is because the ecosystem is maintained only when there are many creatures.,1,0,0
425,This is because the balance of the ecosystem is better maintained only when biodiversity is maintained.,1,0,0
426,"This is because the higher the biodiversity, the more complicated the food chain in the ecosystem, and the more complicated the food chain, the more advantageous it is to maintain the ecosystem.",1,0,0
427,This is because increasing biodiversity keeps the ecosystem stable.,1,0,0
428,"In order to create a beautiful harmony in the ecosystem,",1,0,0
429,"When herbivores disappear from the ecosystem, carnivores die, so the more biodiversity is diversified, the better.",1,0,0
430,do not extinction,0,0,0
431,We need to increase biodiversity so that we don't damage other creatures even if they go extinct,0,0,0
432,"This is because biodiversity needs to be high to achieve various types of ecosystems, and even a little more creatures can adapt to rapid environmental changes.",1,0,0
433,This is because the ecosystem will be expanded only when biodiversity is increased.,1,0,0
434,This is because the food chain is maintained only when various creatures live.,0,0,0
435,It's because various creatures have to live in order to protect the ecosystem,1,0,0
436,The ecosystem is formed when the food chain is complicated,1,0,0
437,"When a life goes extinct, diversity increases and the impact of species decreases",0,0,0
438,It is to maintain the Earth.,0,0,0
439,"This is because when an organism becomes extinct, the impact of each species decreases as biodiversity increases",0,0,0
440,"Because ecosystems are made up of food pyramids, the extinction of living things in the pyramids damages other living things connected to them and eventually leads to ecosystem destruction",1,0,0
441,"The ecosystem is all connected, so if a species goes extinct, the animals that eat the animals go extinct, so we need to increase biodiversity so that even if it goes extinct, the damage will not be too great",1,0,0
442,The extinction of living things could destroy the ecosystem,1,0,0
443,"This is because the higher the biodiversity, the more complex the food web is, and the better the ecosystem is preserved.",1,0,0
444,This is because species disappear one by one.,0,0,0
445,"The reason is that if the producer goes extinct, the primary consumer will go extinct, if the primary consumer goes extinct, the secondary consumer will go extinct, and if it continues to go extinct, all species will eventually go extinct.",0,0,0
446,"If one creature becomes extinct, not only will the Earth's ecological pyramid collapse, but it will also increase biodiversity because it does not know which direction it will go in in the relationship of food chains.",0,0,0
447,"That way, we can restore many extinct creatures",0,0,0
448,"Because if a life disappears, there is no ecological equilibrium",0,0,0
449,The disappearance of extinct things could be a problem for the Earth or an ecosystem pyramid,1,0,0
450,"To maintain the ecosystem,",1,0,0
451,Ecosystems are connected because there are too many animals and too few animals can destroy the Earth's ecosystem,1,0,0
452,Life goes extinct,0,0,0
453,"Because the more diverse the food chain is, the more active the food chain becomes",0,0,0
454,The ecosystem is more stable when there's a variety of living things,1,0,0
455,It's to protect the ecosystem,1,0,0
456,This is because the ecosystem is maintained only when the ecosystem pyramid is hit.,1,0,0
457,"If the ecosystem is diverse, we can create a smoother and more vast nature",1,0,0
458,"If the ecosystem is diverse, we can create a smoother and more vast nature",1,0,0
459,To keep the balance of the ecosystem intact,1,0,0
460,It's because the food chain is falling apart,0,0,0
461,It is to bring peace to the ecosystem to fill the void of extinct creatures.,1,0,0
462,The ecological crab will be out of balance if the living things are diversified,0,0,0
463,"When the ecosystem collapses, there is increasing disturbance of living things, and gradually, it affects all living things.",1,0,0
464,"To maintain the ecological pyramid,",0,0,0
465,To maintain the ecological pyramid,0,0,0
466,It's the same principle as an ecological pyramid,0,0,0
467,To maintain the ecological pyramid,0,0,0
468,Biological diversity enriches the natural environment,0,0,0
469,This is because various living things increase interactions between each living thing and thereby enrich the ecosystem,1,0,0
470,To create a harmonious global village.,0,0,0
471,The food chain must be maintained.,0,0,0
472,"If ecosystem diversity is not high, things like food chains and food nets will collapse, so they should be raised.",1,0,0
473,"Living things complement each other through the presence of various food chains. If one of the relationships between symbiosis, prey, and predation collapses, the ecosystem gradually collapses",1,0,0
474,To make a living thing that would act as a substitute for extinction,0,0,0
475,"This is because the more complicated the food chain is, the more alternatives are created even if one is blocked.",0,0,0
476,"If the ecosystem is not diverse, the extinction of a species can make the ecosystem a threat.",1,0,0
477,"If there is less biodiversity, there is less life that each creature depends on to survive, and even small changes can cause major changes, which can easily destroy the food chain.",0,0,0
478,"If there are many creatures, the ecosystem becomes abundant.",1,0,0
479,There is a food chain relationship between living things so that one creature can be preserved.,0,0,0
480,"This is because if even one animal species disappears from the ecosystem, the ecological pyramid shakes.",1,0,0
481,"This is because even if the environment changes, species do not easily become extinct if they are diverse.",0,0,0
482,This is because ecosystems become beautiful only when biodiversity increases.,1,0,0
483,"This is because when living things become diverse, the probability of interaction increases, and thus the probability of life becoming extinct decreases.",0,0,0
484,"The more complex the ecosystem is, the less the extinction or transformation of one creature affects another. In other words, this is because the diversity of food nets affects the survival of the entire ecosystem.",1,0,0
485,Because of the ecological pyramid,0,0,0
486,"Because if you don't raise it, the ecosystem is not balanced",1,0,0
487,It's because you have to raise it to create a lot of living things,0,0,0
488,"Because if any living thing becomes extinct, the food web will be destroyed and the ecosystem order will be destroyed?",1,0,0
489,Because the extinction of my creatures can hit the ecosystem hard,1,0,0
490,There is no balance in the ecosystem,1,0,0
491,The ecosystem is not balanced.,1,0,0
492,The ecosystem is not balanced,1,0,0
493,We need both producers and consumer decomposers to make it possible for producers and consumer decomposers to live,0,0,0
494,"The government does restoration work because there is no life to break the balance of the ecosystem pyramidEven if one creature disappears at once, the ecosystem balance is not broken.",1,0,0
495,"To maintain the food chain, if you don't maintain the food chain, the animals at the top can eat",0,0,0
496,This is because the ecosystem can be maintained well by increasing biodiversity to create a lot of food for animals.,1,0,0
497,"This is because living things interact with each other, make up for each other's shortcomings, and are linked to each other's food chains, so even if one species becomes extinct, it can have a bad effect on other species.",0,0,0
498,This is because the ecosystem is activated only when biodiversity is increased.,1,0,0
499,"To maintain the ecological pyramid,",0,0,0
500,We need a lot of living things to maintain the ecosystem,1,0,0
501,To keep the ecological pyramid alive,0,0,0
502,"To maintain the ecological pyramid,",0,0,0
503,Use the Ecological Pyramid,0,0,0
504,This is because it is difficult to create an ecosystem if there is no diversity of living things.,1,0,0
505,We need to balance the ecosystem,1,0,0
506,This is because the more complicated the food chain is to maintain the ecological pyramid.,0,0,0
507,This is because there should be a variety of creatures to eat more and the food chain system should not collapse.,0,0,0
508,"A variety of living things does not hurt the food chain much if one species is extinct, but if not, it does damage the food chain maintenance of the food chain",0,0,0
509,"To maintain the ecosystem,",1,0,0
510,"All living things help each other, but if they become extinct, they cannot help each other, so they need to increase diversity",0,0,0
511,"This is because if a species goes extinct, it cannot be restored.",0,0,0
512,"All species depend on other species of living things, because if there are fewer species of living things, they will easily become extinct.",0,0,0
513,It's all going extinct,0,0,0
514,"To prevent the destruction of the ecosystem,",1,0,0
515,"The more biodiversity, the more complex the food web is, the better the ecosystem is maintained",1,0,0
516,"""To prevent other creatures from becoming extinct,",0,0,0
517,"""",0,0,0
518,"If there is no biodiversity, the ecosystem structure will be simplified, and the Earth will be destroyed.",1,0,0
519,Because the food chain of living things is diversified,0,0,0
520,and maintain the food chain,0,0,0
521,This is because food nets and food chains in the ecosystem become diverse and stable only when living things are diverse.,1,0,0
522,This is because the ecosystem is safely preserved only when there are more creatures.,1,0,0
523,This is because the ecosystem is maintained only when there are many creatures.,1,0,0
524,This is because the balance of the ecosystem is better maintained only when biodiversity is maintained.,1,0,0
525,"This is because the higher the biodiversity, the more complicated the food chain in the ecosystem, and the more complicated the food chain, the more advantageous it is to maintain the ecosystem.",1,0,0
526,This is because increasing biodiversity keeps the ecosystem stable.,1,0,0
527,"In order to create a beautiful harmony in the ecosystem,",1,0,0
528,"When herbivores disappear from the ecosystem, carnivores die, so the more biodiversity is diversified, the better.",1,0,0
529,do not extinction,0,0,0
530,We need to increase biodiversity so that we don't damage other creatures even if they go extinct,0,0,0
531,"This is because biodiversity needs to be high to achieve various types of ecosystems, and even a little more creatures can adapt to rapid environmental changes.",1,0,0
532,This is because the ecosystem will be expanded only when biodiversity is increased.,1,0,0
533,This is because the food chain is maintained only when various creatures live.,0,0,0
534,It's because various creatures have to live in order to protect the ecosystem,1,0,0
535,The ecosystem is formed when the food chain is complicated,1,0,0
536,"When a life goes extinct, diversity increases and the impact of species decreases",0,0,0
537,It is to maintain the Earth.,0,0,0
538,"This is because when an organism becomes extinct, the impact of each species decreases as biodiversity increases",0,0,0
539,"Because ecosystems are made up of food pyramids, the extinction of living things in the pyramids damages other living things connected to them and eventually leads to ecosystem destruction",1,0,0
540,"The ecosystem is all connected, so if a species goes extinct, the animals that eat the animals go extinct, so we need to increase biodiversity so that even if it goes extinct, the damage will not be too great",1,0,0
541,The extinction of living things could destroy the ecosystem,1,0,0
542,"This is because the higher the biodiversity, the more complex the food web is, and the better the ecosystem is preserved.",1,0,0
543,This is because species disappear one by one.,0,0,0
544,"The reason is that if the producer goes extinct, the primary consumer will go extinct, if the primary consumer goes extinct, the secondary consumer will go extinct, and if it continues to go extinct, all species will eventually go extinct.",0,0,0
545,"If one creature becomes extinct, not only will the Earth's ecological pyramid collapse, but it will also increase biodiversity because it does not know which direction it will go in in the relationship of food chains.",0,0,0
546,"That way, we can restore many extinct creatures",0,0,0
547,"Because if a life disappears, there is no ecological equilibrium",0,0,0
548,The disappearance of extinct things could be a problem for the Earth or an ecosystem pyramid,1,0,0
549,"To maintain the ecosystem,",1,0,0
550,Ecosystems are connected because there are too many animals and too few animals can destroy the Earth's ecosystem,1,0,0
551,Life goes extinct,0,0,0
552,"Because the more diverse the food chain is, the more active the food chain becomes",0,0,0
553,The ecosystem is more stable when there's a variety of living things,1,0,0
554,It's to protect the ecosystem,1,0,0
555,This is because the ecosystem is maintained only when the ecosystem pyramid is hit.,1,0,0
556,"If the ecosystem is diverse, we can create a smoother and more vast nature",1,0,0
557,"If the ecosystem is diverse, we can create a smoother and more vast nature",1,0,0
558,To keep the balance of the ecosystem intact,1,0,0
559,It's because the food chain is falling apart,0,0,0
560,It is to bring peace to the ecosystem to fill the void of extinct creatures.,1,0,0
561,The ecological crab will be out of balance if the living things are diversified,0,0,0
562,"When the ecosystem collapses, there is increasing disturbance of living things, and gradually, it affects all living things.",1,0,0
563,"To maintain the ecological pyramid,",0,0,0
564,To maintain the ecological pyramid,0,0,0
565,It's the same principle as an ecological pyramid,0,0,0
566,To maintain the ecological pyramid,0,0,0
567,Biological diversity enriches the natural environment,0,0,0
568,This is because various living things increase interactions between each living thing and thereby enrich the ecosystem,1,0,0
569,To create a harmonious global village.,0,0,0
570,The food chain must be maintained.,0,0,0
571,"If ecosystem diversity is not high, things like food chains and food nets will collapse, so they should be raised.",1,0,0
572,"Living things complement each other through the presence of various food chains. If one of the relationships between symbiosis, prey, and predation collapses, the ecosystem gradually collapses",1,0,0
573,To make a living thing that would act as a substitute for extinction,0,0,0
574,"This is because the more complicated the food chain is, the more alternatives are created even if one is blocked.",0,0,0
575,"If the ecosystem is not diverse, the extinction of a species can make the ecosystem a threat.",1,0,0
576,"If there is less biodiversity, there is less life that each creature depends on to survive, and even small changes can cause major changes, which can easily destroy the food chain.",0,0,0
577,"If there are many creatures, the ecosystem becomes abundant.",1,0,0
578,There is a food chain relationship between living things so that one creature can be preserved.,0,0,0
579,"This is because if even one animal species disappears from the ecosystem, the ecological pyramid shakes.",1,0,0
580,"This is because even if the environment changes, species do not easily become extinct if they are diverse.",0,0,0
581,This is because ecosystems become beautiful only when biodiversity increases.,1,0,0
582,"This is because when living things become diverse, the probability of interaction increases, and thus the probability of life becoming extinct decreases.",0,0,0
583,"The more complex the ecosystem is, the less the extinction or transformation of one creature affects another. In other words, this is because the diversity of food nets affects the survival of the entire ecosystem.",1,0,0
584,Because of the ecological pyramid,0,0,0
585,"Because if you don't raise it, the ecosystem is not balanced",1,0,0
586,It's because you have to raise it to create a lot of living things,0,0,0
587,"Because if any living thing becomes extinct, the food web will be destroyed and the ecosystem order will be destroyed?",1,0,0
588,Because the extinction of my creatures can hit the ecosystem hard,1,0,0
589,There is no balance in the ecosystem,1,0,0
590,The ecosystem is not balanced.,1,0,0
591,The ecosystem is not balanced,1,0,0
592,We need both producers and consumer decomposers to make it possible for producers and consumer decomposers to live,0,0,0
593,"The government does restoration work because there is no life to break the balance of the ecosystem pyramidWhen biodiversity decreases, the food chain simplifies and eventually the balance collapses, resulting in a surge in the number of predators or producers, causing the ecosystem to collapse.",1,0,0
594,for the preservation of ecosystem,1,0,0
595,Because the ecological net and the equilibrium must not be broken,0,0,0
596,"Ecosystem restoration is important because the more ecosystems are destroyed, the more biodiversity is destroyed.",1,0,0
597,"If biodiversity is high, the food chain will be maintained, and if one species is extinct, other animals will be able to feed, and the ecosystem will be turned around",1,0,0
598,The biodiversity must be increased in relation to the food web so that everyone can coexist well.,0,0,0
599,"Living things play their own roles and maintain ecological equilibrium, but when they become extinct, they lose their equilibrium, so they have to increase biodiversity",0,0,0
600,"As biodiversity increases, the food chain between living things becomes complicated, so even if one species decreases or disappears, there is no significant impact on the food chain, which can stabilize the ecosystem",1,0,0
601,Lower diversity can lead to death,0,0,0
602,"If there is less biodiversity, the food chain pyramid will collapse and the ecosystem will gradually be destroyed, leading to extinction, so biodiversity should be increased.",1,0,0
603,This is because the food chain is not broken and equilibrium is maintained only when biodiversity is increased.,0,0,0
604,It's to keep the food chain. This is to increase the probability of surviving an external disease.,0,0,0
605,The reason for increasing biodiversity is that the ecosystem must be preserved.,1,0,0
606,"Because ecosystems have sophisticated interactions with each other, if even a single organism that makes up an ecosystem becomes extinct, the ecosystem will face great confusion, which is why biodiversity must be enhanced.",1,0,0
607,"The higher the biodiversity, the more stable the ecosystem can be.",1,0,0
608,"If biodiversity does not exist, for example, there is a snake that feeds on only one frog, and when all frogs are extinct due to sudden climate change, both the snake and the snake die. Biodiversity should be increased because problems in one place can disrupt all ecosystems by chain reaction.",1,0,0
609,Ecosystem conservation,0,0,0
610,"If there's less biodiversity, the ecosystem will be destroyed, and eventually, the creatures will not be able to live",1,0,0
611,"To create a stable ecosystem,",1,0,0
612,This is because predators and predators can live in an appropriate ratio only when biodiversity is increased.,0,0,0
613,"Each creature is closely related to several other creatures. Therefore, when one creature disappears, many creatures are affected. Therefore, diversity is preserved by the maintenance of the entire organism.",0,0,0
614,"The higher the biodiversity, the more stable the ecosystem is, so diversity should be increased.",1,0,0
615,"The higher the biodiversity, the more stable the ecosystem is, so diversity should be increased.",1,0,0
616,"Ecosystems are composed of the relationships of various living things, because reducing biodiversity makes it easy to break the balance of the relationship between phagocytosis and",0,0,0
617,This is because ecosystem circulation can occur well only when biodiversity increases.,1,0,0
618,"If the food chain is monotonous, the ecosystem is destroyed when an individual becomes extinct, so biodiversity must be increased for a stable ecosystem.",1,0,0
619,To make the food chain more complex and preserve the ecosystem.,1,0,0
620,This is because the ecosystem is not destroyed only when biodiversity is high.,1,0,0
621,"?ë¬¼ ?¤ì?±ì? ? ì ?? (?ë¬¼)ì¢? ?íê³??¸ê?ì§????¤ì?±ì ëª¨ë ?¬í¨?ë ë§ì´ë©??´ë° ?ë¬¼ ?¤ì?±ì ?í´ ?ì¼ë³??¹ì? ?ì°?¬í´ë¡??¸í´ ?¼ë????ë¬¼???¼í´ë¥??ì´???¤ë¥¸ ?ë¬¼?¤ì´ ???í¥ ?ì´ ê³ì ? ì??????ê² ?ë¤. As a result, makes can be maintained steadily increase biodiversity and ecosystem ecology.",1,0,0
622,"Hand-in-glove is biodiversity, affording them the food chain.",0,0,0
623,"Food web between the high, the species biodiversity can be complex, even if the variety of environment change, ecosystem is stable.",1,0,0
624,"Biological diversity reduces, the food chain relationships also reduced ecosystem to species other than a species extinct in accordance with the imbalance will cause.",1,0,0
625,"Very, very important for maintaining ecosystems.",1,0,0
626,"Food chain is complex, thus maintaining the food pyramid has been safely be biologically diverse ecosystems can be achieved.",1,0,0
627,"Biological species in ecosystems, by the food chain will affect other living creatures. So, in the end of the ecosystem balance was tipped and life will go away. And biodiversity is important.",1,0,0
628,"An increase in biodiversity, ecosystem has been safely.",1,0,0
629,First of all human beings a lot of extinction cause that there is a moral responsibility because can do it. And be breeding a species or when one species has gone to good compromise between biodiversity degradation and natural beauty of the earth to can to protect necessary.,0,0,0
630,With the changing environment of ecosystems with high biodiversity is more beneficial to survival.,1,0,0
631,?ë¬¼ì¢ì´ ?¤ì? ìë¡??íê³ê? ?ê´´???ë¥ ????ì§ë¤.,0,0,0
632,"The food chain ecosystem structure. When a creature's food is lost, that creature and other creatures that feed on it become extinct in series. Therefore, biodiversity must be increased.",1,0,0
633,"Ecosystem stability increases only when biodiversity is high, so it adapts well to environmental changes and natural disasters",0,0,0
634,"Changes in the environment occur suddenly, so species must maintain diversity to prepare for this environment. Otherwise, everyone could be exterminated.",0,0,0
635,"As there are various biological species, ecosystem equilibrium can be maintained, and if one more species is restored, two or three more species can naturally occur.",1,0,0
636,"Genetic diversity and species diversity, including ecosystem diversity, are called biodiversity. High biodiversity creates stable food webs. This means that even if one species becomes extinct, other species can continue to survive. In order for all life on Earth to coexist stably, efforts are needed to increase biodiversity.",1,0,0
637,"Living things in an ecosystem are interrelated, so one species of money affects another",1,0,0
638,I don't know.,0,0,0
639,I don't understand.,0,0,0
640,"""Species are a measure of the country",0,0,0
641,"""",0,0,0
642,to expand species diversity by restoring genes,0,0,0
643,I don't know,0,0,0
644,I don't know,0,0,0
645,I don't know,0,0,0
646,I don't know,0,0,0
647,I don't know,0,0,0
648,I don't know,0,0,0
649,I don't know,0,0,0
650,I don't know,0,0,0
651,I don't know,0,0,0
652,Life is important,0,0,0
653,I don't know.,0,0,0
654,"We need it in Korea, and if we don't raise it, living things can't evolve",0,0,0
655,I don't know,0,0,0
656,Because we are all living things,0,0,0
657,I need that creature,0,0,0
658,I don't know,0,0,0
659,"Well, the ecological pyramid",0,0,0
660,I don't know,0,0,0
661,"Well, the ecological pyramid",0,0,0
662,I don't know,0,0,0
663,I might need it,0,0,0
664,Because living things are precious,0,0,0
665,"To better understand biodiversity,",0,0,0
666,Raw noodles are all precious and extinct animals will never be seen again,0,0,0
667,I'm trying to stretch out a lot of plants,0,0,0
668,I don't know.,0,0,0
669,I don't understand.,0,0,0
670,You need to know the diversity of living things so that you know what kind of living things are your ancestors,0,0,0
671,I don't know.,0,0,0
672,I don't know.,0,0,0
673,...........,0,0,0
674,Plants can't disappear,0,0,0
675,I don't know.,0,0,0
676,I don't know.,0,0,0
677,?ã,0,0,0
678,You have to raise it;.,0,0,0
679,I don't know,0,0,0
680,There are many,0,0,0
681,I don't know,0,0,0
682,??682.0,0,0,0
683,We need to increase biodiversity,0,0,0
684,Just.,0,0,0
685,I don't know,0,0,0
686,Because humans are curious,0,0,0
687,There's no answer,0,0,0
688,"That way, plants won't become extinct",0,0,0
689,I don't know,0,0,0
690,have no idea,0,0,0
691,Just.,0,0,0
692,?Biology,0,0,0
693,I don't know.,0,0,0
694,Don't know,0,0,0
695,It's good to do that...,0,0,0
696,I don't know.,0,0,0
697,the day after tomorrow,0,0,0
698,This is because animals are becoming extinct due to the destruction of people's nature.,0,0,0
699,It's to make ends meet.,0,0,0
700,.,0,0,0
701,To adapt to extinction and evolve,0,0,0
702,I don't know.,0,0,0
703,ew,0,0,0
704,.,0,0,0
705,"Living things are precious to us and deserve respect, so we should be interested in animals that are disappearing",0,0,0
706,I don't know,0,0,0
707,It has to be diverse,0,0,0
708,I don't know.,0,0,0
709,I don't know,0,0,0
710,That?s what I?m saying.,0,0,0
711,I don't know.,0,0,0
712,I don't know,0,0,0
713,Because we need to increase animal diversity,0,0,0
714,To balance the world,0,0,0
715,I don't know.,0,0,0
716,Ecosystems and creatures must be diverse to protect and preserve them more,0,0,0
717,I don't know.,0,0,0
718,For living things to live,0,0,0
719,For living things to live,0,0,0
720,I don't know.,0,0,0
721,.,0,0,0
722,For living things to live,0,0,0
723,for animals to live,0,0,0
724,It's a precious creature,0,0,0
725,I don't know.,0,0,0
726,I don't know,0,0,0
727,I don't know,0,0,0
728,I have no idea.,0,0,0
729,They said it's all the way up,0,0,0
730,I have no idea.,0,0,0
731,"Hi, AI. Email me at manny425@naver.com",0,0,0
732,Let's not involve humans in the ecosystem,1,0,0
733,I don't know,0,0,0
734,I don't know.,0,0,0
735,I don't know.,0,0,0
736,To maintain biodiversity.,0,0,0
737,It's good to have a variety of creatures,0,0,0
738,I don't know.,0,0,0
739,I don't know.,0,0,0
740,I don't know.,0,0,0
741,It is to adapt to the changing environment.,0,0,0
742,Biodiversity in the ecosystem can adapt and cope with changes in the environment.,1,0,0
743,It's because all humans are about to disappear.,0,0,0
744,It's good to have a variety of living things.,0,0,0
745,human egoism,0,0,0
746,I don't know,0,0,0
747,You can breed among endangered animals,0,0,0
748,I don't know.,0,0,0
749,"?·D, D, D, D, D, D, D",0,0,0
750,I don't know,0,0,0
751,I don't understand.,0,0,0
752,I don't know.,0,0,0
753,I don't understand.,0,0,0
754,I don't understand.,0,0,0
755,I don't know,0,0,0
756,M and D,0,0,0
757,I don't know,0,0,0
758,I don't know,0,0,0
759,I don't understand.,0,0,0
760,I don't know,0,0,0
761,I don't know.,0,0,0
762,I don't know.,0,0,0
763,I don't understand.,0,0,0
764,I don't know.,0,0,0
765,I don't know,0,0,0
766,I don't know,0,0,0
767,M and D,0,0,0
768,I don't understand.,0,0,0
769,"That way, I can live better",0,0,0
770,It's better to live when there are various creatures,0,0,0
771,It's better to live when there are various creatures,0,0,0
772,I don't know,0,0,0
773,?ã?ã¹??773.0,0,0,0
774,Because we need living things,0,0,0
775,I don't know,0,0,0
776,Country.,0,0,0
777,I don't know,0,0,0
778,I don't know.,0,0,0
779,I don't know.,0,0,0
780,I don't know,0,0,0
781,It's a very difficult problem for me,0,0,0
782,Biology,0,0,0
783,I don't know,0,0,0
784,Biology,0,0,0
785,free of one's own accord,0,0,0
786,I don't know,0,0,0
787,It supplies water and nutrients.,0,0,0
788,I don't know.,0,0,0
789,I don't know,0,0,0
790,Let's not involve humans in the ecosystem,1,0,0
791,".This is because the more species are diverse in the ecosystem, the more the ecosystem has developed.",1,0,0
792,"As biodiversity increases,",0,0,0
793,I don't know.,0,0,0
794,I don't know,0,0,0
795,I don't know.,0,0,0
796,I don't know.,0,0,0
797,I don't know.,0,0,0
798,I don't know.,0,0,0
799,This is because there needs to be a living thing to be able to make a long story for everyone.,0,0,0
800,I don't understand.,0,0,0
801,I don't know.,0,0,0
802,I don't know.,0,0,0
803,I don't know,0,0,0
804,I don't know.,0,0,0
805,.,0,0,0
806,I don't understand.,0,0,0
807,I don't know.,0,0,0
808,I don't know.,0,0,0
809,I don't know.,0,0,0
810,M and D,0,0,0
811,None.,0,0,0
812,I don't know.,0,0,0
813,I don't know.,0,0,0
814,Because living things are important.,0,0,0
815,I don't know,0,0,0
816,I'm not sure,0,0,0
817,.,0,0,0
818,I don't know.,0,0,0
819,Because it would be nice to have a lot of living things,0,0,0
820,There's an animal that can be immune only if it increases biodiversity,0,0,0
821,"Life is life, but we have to help because we die every time",0,0,0
822,I don't understand.,0,0,0
823,Lee Young-sook,0,0,0
824,?´ã??824.0,0,0,0
825,a detailed description,0,0,0
826,M and D,0,0,0
827,?ë¡?¹í¸,0,0,0
828,I have no idea.,0,0,0
829,1,0,0,0
830,1,0,0,0
831,????66??831.0,0,0,0
832,I don't know,0,0,0
833,I don't know.,0,0,0
834,"It is not necessary for humans to be involved in the flow of nature, but it is necessary to restore what humans have done",0,0,0
835,I don't know,0,0,0
836,I don't know.,0,0,0
837,I don't know,0,0,0
838,I don't know.,0,0,0
839,Unknown.,0,0,0
840,I don't know,0,0,0
841,I don't know.,0,0,0
842,..,0,0,0
843,I don't know,0,0,0
844,...,0,0,0
845,",................",0,0,0
846,I don't know,0,0,0
847,I don't know,0,0,0
848,I don't know.,0,0,0
849,I don't know.,0,0,0
850,I'm turning it off,0,0,0
851,I don't know,0,0,0
852,Living things are precious,0,0,0
853,I'm just trying to increase the diversity,0,0,0
854,This is because more value increases when living things are diverse.,0,0,0
855,I don't understand.,0,0,0
856,I don't know.,0,0,0
857,Living things are important,0,0,0
858,I don't know.,0,0,0
859,It's moral to coexist with other animals,0,0,0
860,the more the better,0,0,0
861,in order to live well,0,0,0
862,"The more diverse it is, the better!",0,0,0
863,It is biodiversity at a level that targets various biological clusters and ecosystems including them and interactions between clusters and ecosystems.,1,0,0
864,I don't understand.,0,0,0
865,I don't know.,0,0,0
866,It is biodiversity at a level that targets various biological clusters and ecosystems including them and interactions between clusters and ecosystems.,1,0,0
867,,0,0,0
868,"""",0,0,0
869,To make more friends,0,0,0
870,I don't know.,0,0,0
871,I don't know,0,0,0
872,G and O,0,0,0
873,I don't know.,0,0,0
874,I don't know.,0,0,0
875,"If there's a variety of creatures, the ecosystem will go smoothly",1,0,0
876,There are various living things in living things,0,0,0
877,"Animals are living things, too",0,0,0
878,This is because there are more creatures that survive by adapting to changes in the environment only when biodiversity is high.,0,0,0
879,This is because high biodiversity will increase the probability of adapting to the changing natural environment and increase the number of creatures that will remain in the future.,0,0,0
880,I don't know.,0,0,0
881,"The ecosystem is made up of complex food webs.This is because ecosystems with high biodiversity are more likely to survive than ecosystems with low biodiversity. In an ecosystem with high biodiversity, predators can survive because there are many other prey even if one food disappears.",1,0,0
882,"The importance of biodiversity can be considered through the ecological pyramid. Each creature lives in symbiosis in a relationship that is eaten and eaten. However, if this biodiversity decreases, the ecosystem balance will be destroyed.",1,0,0
883,?,0,0,0
884,luck,0,0,0
885,There needs to be a lot of living things,0,0,0
886,I don't know,0,0,0
887,It's a global world,0,0,0
888,yes,0,0,0
889,It's good to have more biodiversity,0,0,0
890,"The ecosystem pyramid keeps the population of animals and plants in place, and it also affects the crustal ocean, so if you restore it, you'll be indivisibleIt's hard",1,0,0
891,M and D,0,0,0
892,"O, o, o, o, o, o, o, o",0,0,0
893,Mall,0,0,0
894,I don't understand.,0,0,0
895,I don't understand.,0,0,0
896,I don't know.,0,0,0
897,I don't know,0,0,0
898,M and D,0,0,0
899,I don't understand.,0,0,0
900,I don't understand.,0,0,0
901,I don't understand.,0,0,0
902,I don't understand.,0,0,0
903,M and D,0,0,0
904,I don't know.,0,0,0
905,I don't know,0,0,0
906,I don't understand.,0,0,0
907,M and D,0,0,0
908,I don't know,0,0,0
909,It's amazing,0,0,0
910,.,0,0,0
911,I don't understand.,0,0,0
912,I don't know,0,0,0
913,M and D,0,0,0
914,I don't know.,0,0,0
915,.,0,0,0
916,I don't know,0,0,0
917,the more the better,0,0,0
918,"It is a concept that combines three levels of diversity in genes, species, and ecosystems.",1,0,0
919,"It is a concept that combines three levels of diversity in genes, species, and ecosystems.",1,0,0
920,"The higher the biodiversity, the easier it is for living things to become extinct and facilitate exchanges between living things.",0,0,0
921,"If the ecosystem is destroyed, consumers, decomposers and producers cannot survive",1,0,0
922,"It's easy to get rid of, but it's hard to make, so I try to make it once I can.",0,0,0
923,It's good if it's rare,0,0,0
924,I don't know,0,0,0
925,This is because biodiversity is precious. It is because it is a product of long-standing evolution.,0,0,0
926,...,0,0,0
927,I don't know.,0,0,0
928,I don't know.,0,0,0
929,Uniformized creatures fail to adapt to changing environments.,0,0,0
930,There are many species that adapt to environmental changes,0,0,0
931,I don't know anything.,0,0,0
932,"The more, the better. It's better to be rich and diversewoman",0,0,0
933,There's a good reason for everything,0,0,0
934,....I don't know.,0,0,0
935,.,0,0,0
936,"Because if there is no variety of living things, only the same people exist in this world",0,0,0
937,Just.,0,0,0
938,We can only live if we have each other,0,0,0
939,We need to preserve our native species,0,0,0
940,It's to leave behind a descendant,0,0,0
941,d,0,0,0
942,I don't know,0,0,0
943,To fight against aliens,0,0,0
944,I'd love to.,0,0,0
945,I don't know.,0,0,0
946,I don't know,0,0,0
947,Evaluation Only. Created with Aspose.Cells for Python via Java.Copyright 2003 - 2022 Aspose Pty Ltd.,0,0,0
