,"9. There can be clouds in the sky even on sunny days, and on cloudy days, the whole sky is full of clouds. Why do clouds form? Let's explain in detail using our knowledge of cloud generation principles. ",evaporation,insulation expansion,condensation,airflow
0,I don't know.,0,0,0,0
1,"The water evaporates, becomes steam, condenses,",0,0,0,0
2,Clouds form due to rising air currents,0,0,0,0
3,The steam condenses,0,0,0,0
4,It's because the water on the surface evaporates,0,0,0,0
5,Water vapor near the surface evaporates and clumps up in the air to form clouds,0,0,0,0
6,Water vapor adiabatically expands to form a cloud of fish that condenses.,0,0,0,0
7,Clouds are formed by rising air currents at low pressure.,0,0,0,0
8,This is because water vapor from the surface and sea evaporates.,0,0,0,0
9,It's because of the difference in air pressure.,0,0,0,0
10,"Water evaporates and condenses on a sky with a relatively lower temperature than the surface, and clouds are formed as the condensed water vapor gathers.",0,0,0,0
11,Clouds are formed by evaporation of liquid.,1,0,0,0
12,Clouds can always form because they are water vapor. Evaporative evaporation always creates clouds.,1,0,0,0
13,"Water evaporates to become water vapor, and water vapor condenses to form clouds.",0,0,0,0
14,"A lump of cold air and a lump of warm air meet, and water vapor cools along the front surface to become water droplets, and these water droplets gather to form clouds.",0,0,0,0
15,"The sea water evaporates and rises to the land, creating clouds.",0,0,0,0
16,"Vapors evaporated from the sea or surface go up to the sky, condense, become clouds, and fall again",0,0,0,0
17,Because the water goes up.,0,0,0,0
18,Clouds are produced through water vapor.,0,0,0,0
19,Water growth is produced by evaporating from the surface and condensing in the air.,0,0,0,0
20,This is because water vapor on the surface evaporates because low pressure creates rising air currents.,0,0,0,0
21,"Clouds are created by condensing evaporated water vapor around dust, etc.",0,0,0,0
22,It's because of the steam.,0,0,0,0
23,The air and steam go up to the sky,0,0,0,0
24,Clouds are formed by condensation of water vapor by adiabatic expansion.,0,0,1,0
25,"This is because water evaporated from the surface or seawater evaporates into the atmosphere, and water vapor in the air loses heat and becomes liquefied.",0,0,0,0
26,"When water evaporates, it expands, and when it expands, the temperature decreases, and the evaporated water gas turns into a liquid state.That's the cloud",0,0,0,0
27,"When moisture on the surface of the earth is heated, it changes its state into a gas. These gases receive surface heat and rise upward, and the moisture (vapor) collected in this way gathers to form a group. This is called a cloud. The reason why the weather is cloudy is that the amount of clouds produced in this way can make our eyes look like they are covered in the sky. These large groups of clouds are formed mainly along the base.",0,0,0,0
28,"Water on the ground evaporates and rises, then condenses when it meets cold air",0,0,0,0
29,"Clouds are created by condensation of water vapor when the gas rises and the temperature decreases due to adiabatic expansion, and when the temperature falls below the dew point. Small particles of water are not lowered by air currents.",0,0,1,0
30,I don't know,0,0,0,0
31,The air has clumped together,0,0,0,0
32,Because of the smoke,0,0,0,0
33,I don't know,0,0,0,0
34,I don't know,0,0,0,0
35,I don't know,0,0,0,0
36,It's because the steam goes up,0,0,0,0
37,I don't know,0,0,0,0
38,Steam rises to form clouds,0,0,0,0
39,I don't know,0,0,0,0
40,It rains in the clouds,0,0,0,0
41,I don't know.,0,0,0,0
42,The smoke from the factory is scattered into the air and becomes clouds.,0,0,0,0
43,This is because water vapor gathers and becomes clouds.,0,0,0,0
44,This is because the water we use turns into water vapor and rises to the sky and clumps into clouds.,0,0,0,0
45,"The reason is that if you don't block it with clouds, everyone gets sick",0,0,0,0
46,I don't know,0,0,0,0
47,Because water becomes a gas and water vapor becomes a cloud,0,0,0,0
48,I don't know,0,0,0,0
49,I don't know,0,0,0,0
50,Clouds are like rain. There'same as the weather,0,0,0,0
51,Condensation,0,0,0,0
52,Why is that?,0,0,0,0
53,"Due to insulation expansion,",0,1,0,0
54,"Due to insulation expansion,",0,1,0,0
55,Clouds are like rain. There'same as the weather,0,0,0,0
56,This is because water vapor condenses through adiabatic expansion.,0,0,0,0
57,Clouds are created because of water vapor,0,0,0,0
58,Clouds are made by evaporation of water,1,0,0,0
59,Water evaporates into clouds...,0,0,0,0
60,The steam is gathered,0,0,0,0
61,It is because of insulation expansion.,0,1,0,0
62,Clouds are caused by cold air going up the mountain or cold air going up the warm air.,0,0,0,0
63,Insulation expansion,0,0,0,0
64,"Even if it's cloudy without rain, and even if it's foggy like today, there's a cloud, but the reason why it's formed is because water vapor gathers up in the sky",0,0,0,0
65,be caused by a clot of water,0,0,0,0
66,I don't know,0,0,0,0
67,The water cools down and forms a mung-goo,0,0,0,0
68,"Because of the moisture in the air,",0,0,0,0
69,This is because water evaporates to make clouds.,0,0,0,0
70,Water vapor is formed by gathering together.,0,0,0,0
71,be caused by evaporating water vapor,0,0,0,0
72,"It's foggy, and then it expands, and the air pressure rises and clouds form, but on cloudy days, it expands faster",0,0,0,0
73,Clouds are water vapor.,0,0,0,0
74,Because of the high atmospheric pressure,0,0,0,0
75,Clouds are formed when moisture from the ground evaporates and rises to the sky.,0,0,0,0
76,"Clouds are substances caused by evaporation of water from the ground. Even in sunny weather, water may evaporate and cause clouds, but on cloudy days, more water evaporation occurs and more clouds are generated.",1,0,0,0
77,Because the underwater planes go up and join each other,0,0,0,0
78,The water went up,0,0,0,0
79,It's because of the steam.,0,0,0,0
80,The water went up,0,0,0,0
81,"When you boil it, the steam rises and condenses in the sky",0,0,0,0
82,be steamy,0,0,0,0
83,Clouds are a lump of water vapor that always roam around,0,0,0,0
84,Water droplets evaporate into clouds.,0,0,0,0
85,a collection of liquids that have risen to the sky and become gases,0,0,0,0
86,"Moisture evaporates, turns into water vapor, and then clumps together to form clouds.",0,0,0,0
87,Because the steam goes up and condenses,0,0,0,0
88,"The water on the ground becomes water vapor, rises to the sky, and condenses to form droplets of liquid",0,0,0,0
89,"The water in the low area evaporates and becomes water vapor and rises to the sky, and the frozen water vapor gathers in the sky to become a cloud.",0,0,0,0
90,I don't know.,0,0,0,0
91,"The water evaporates and rises above the sky, and the droplets that have risen gather together to form lumps, and then return to the ground as rain.",0,0,0,0
92,Effects of High and Low Pressure in Air,0,0,0,0
93,The water warms up and becomes water vapor to form clouds.,0,0,0,0
94,Clouds form as they clump together due to rising air currents,0,0,0,0
95,"Clouds are caused by water vapor, so there is a lot of water vapor.",0,0,0,0
96,I don't know.,0,0,0,0
97,"When the sea gets hot, water vapor is formed, and when water vapor gathers, it becomes a cloud. If it gets too much, water vapor becomes water and becomes rain",0,0,0,0
98,"Clouds were originally water vapor, and clouds form as water vapor evaporates.On a sunny day, there may be clouds because water vapor evaporates faster.Water evaporates and goes up, but it is liquefied from the top again into water vapor, creating clouds.",0,0,0,0
99,"As water from the ground or air rises, water vapor and steam combine to form clouds",0,0,0,0
100,Warm air (water vapor) from the sea or river rises into the sky. This steam gathers and it gathers and clouds form.,0,0,0,0
101,I don't know.,0,0,0,0
102,??102.0,0,0,0,0
103,I don't know.,0,0,0,0
104,I don't know,0,0,0,0
105,Rain meets the underwater plane,0,0,0,0
106,Clouds formed by evaporation of seawater or river water,1,0,0,0
107,Isn't it because the steam from the evaporating ocean goes up and meets the cold air?,0,0,0,0
108,I don't know,0,0,0,0
109,Condensation phenomenon,0,0,0,0
110,Water evaporates into clouds.,0,0,0,0
111,The water evaporated,0,0,0,0
112,It's a cloudy day,0,0,0,0
113,The clouds are getting heavy,0,0,0,0
114,"The water evaporates, and the steam flies up into the sky and clumps up",0,0,0,0
115,I don't know.,0,0,0,0
116,Water vapor condenses and flies into the sky to become clouds,0,0,0,0
117,Don't know,0,0,0,0
118,"When seawater or river water evaporates and solidifies,",0,0,0,0
119,by condensation,0,0,1,0
120,It's a combination of air and water vapor,0,0,0,0
121,"Because of the low pressure and the high pressure,",0,0,0,0
122,I don't know,0,0,0,0
123,There's a lot of steam,0,0,0,0
124,The clouds are so nice,0,0,0,0
125,by the receipt,0,0,0,0
126,??126.0,0,0,0,0
127,airframe,0,0,0,0
128,be caused by condensation of water vapor,0,0,1,0
129,I don't know.,0,0,0,0
130,The warm heat of the earth and the cold air of the sky meet.,0,0,0,0
131,a contestant's name,0,0,0,0
132,The water on the ground evaporates and turns into clouds when it goes to the sky,0,0,0,0
133,It is because the warm heat of the earth and the cold air of the sky meet.,0,0,0,0
134,Things like steam and air escaping from hot water or moisture go up into the sky and clouds are clouds.,0,0,0,0
135,Steam rises into the sky to form clouds.,0,0,0,0
136,I don't know.,0,0,0,0
137,I don't know.,0,0,0,0
138,"Because water vapor condenses in the air,",0,0,0,0
139,"This is because water becomes water vapor, and water vapor condenses in the air to form clouds.",0,0,0,0
140,Water vapor condenses and condenses in the air and freezes to form clouds,0,0,0,0
141,Because the water evaporates and goes up,0,0,0,0
142,The steam turns into clouds.,0,0,0,0
143,I don't understand.,0,0,0,0
144,Don't know,0,0,0,0
145,I don't know.,0,0,0,0
146,Water droplets are formed by clumping together.,0,0,0,0
147,.,0,0,0,0
148,The steam goes up and it becomes a cloud,0,0,0,0
149,The water evaporated,0,0,0,0
150,The water evaporated,0,0,0,0
151,"Because after the rain, the steam goes up to the sky again and clumps up",0,0,0,0
152,"As the air heated from the surface rises, the volume of the air becomes larger and the temperature decreases, and the water vapor that contains condenses. This is because water vapor in the air condenses in the high sky and floats in the form of small droplets or ice grains",0,0,0,0
153,"""As the air heated from the surface rises, the volume increases and the temperature decreases, and the water vapor condenses. As such, the vapor in the air condenses in the high sky and floats in the form of small droplets or ice grains is called clouds.",0,0,0,0
154,"""",0,0,0,0
155,I don't know.,0,0,0,0
156,Water evaporates to become water vapor and condenses to form clouds,0,0,0,0
157,"As the air heated from the surface rises, the volume of the air becomes larger and the temperature decreases, and the water vapor that contains condenses. As such, the vapor in the air condenses in the high sky and floats in the form of small droplets or ice grains is called clouds.",0,0,0,0
158,Water vapor is produced by evaporation.,1,0,0,0
159,It's because the earth has a lot of moisture and that's why there's a lot of water vapor,0,0,0,0
160,"Clouds are caused by water vapor, which suggests the probability of rain. Therefore, it rises to water vapor from the ground, and droplets meet and become lumps and become clouds.",0,0,0,0
161,?ã·,0,0,0,0
162,The clouds,0,0,0,0
163,"As the air heated from the ground surface rises upward, the volume gradually increases and the temperature decreases, and the water vapor contained condenses. It is a cloud that the water vapor in the air condenses in the high sky and floats in the form of small droplets or ice grains",0,0,0,0
164,It's because the steam goes up and condenses together,0,0,0,0
165,The water evaporates and the water vapor rises and merges,0,0,0,0
166,Water vapor in the air condenses in the high sky and floats in the form of small droplets or ice grains is called clouds.,0,0,0,0
167,.,0,0,0,0
168,"The water evaporates to become water vapor, and this water vapor clumps together to form clouds because of condensation.The more humid it is, the more water it is, the more clouds it creates.",0,0,1,0
169,Clouds are made by condensation of an underwater plane into the sky. Clouds are like dust.,0,0,1,0
170,"As the air heated from the surface rises, the volume of the air becomes larger and the temperature decreases, and the water vapor that contains condenses. As such, the vapor in the air condenses in the high sky and floats in the form of small droplets or ice grains is called clouds.",0,0,0,0
171,The principle of cloud formation is that water vapor gathers around dust floating in the atmosphere. Clouds generate more water vapor in the atmosphere and more dust.,0,0,0,0
172,"As the air heated from the surface rises upward, the volume gradually increases and the temperature gradually decreases, and the water vapor contained condenses.",0,0,0,0
173,Evaporated water rises to the sky and condenses around dust.,0,0,0,0
174,Air heated at the surface of the earth becomes larger and larger as it rises.,0,0,0,0
175,The underwater plane condenses and small drops of water float.,0,0,0,0
176,"As the air heated from the ground surface rises upward, the volume gradually increases and the temperature decreases, and the water vapor contained condenses. As such, the condensation of water vapor in the air in the high sky is called a cloud.",0,0,1,0
177,This is because water vapor gathers to form clouds as water evaporates.,0,0,0,0
178,This is because water vapor evaporates and condenses.,0,0,0,0
179,be drawn by the condensation of water,0,0,1,0
180,"Water evaporates, floats in the air, and then rises to form",0,0,0,0
181,The drops of water condenses in the sky to form clouds. a cloudy day,0,0,0,0
182,Moisture rises to the sky and clumps up.,0,0,0,0
183,High pressure is soulful,0,0,0,0
184,It is caused by the collection of water vapor,0,0,0,0
185,It's because the steam gathers and goes up into the sky,0,0,0,0
186,There's an underwater plane,0,0,0,0
187,"The water goes up like an underwater plane, but the underwater planes meet and become clouds",0,0,0,0
188,This is because rain gathers in the sky.,0,0,0,0
189,Because the underwater plane goes up into the sky,0,0,0,0
190,There's steam,0,0,0,0
191,To protect you from the sun,0,0,0,0
192,"Water evaporates to become water vapor, and water vapor gathers to become clouds.",0,0,0,0
193,"Because if water evaporates and goes up to the sky, it becomes a cloud",0,0,0,0
194,I don't know.,0,0,0,0
195,I don't know.,0,0,0,0
196,The underwater plane went up and froze,0,0,0,0
197,We gather around to make it rainIt rains a lot on a humid hot summer day because the steam becomes a cloud and it starts to rain again,0,0,0,0
198,It's because there's a lot of vaporization,0,0,0,0
199,The water evaporated,0,0,0,0
200,.,0,0,0,0
201,I don't understand.,0,0,0,0
202,The vaporized or vaporized gases seem to rise into the sky and become clouds.,0,0,0,0
203,The water becomes water vapor and rises to the sky to form clouds.,0,0,0,0
204,"The sun evaporates water to create clouds. So, I think there are not many clouds because it is cold in winter.",0,0,0,0
205,There's a lot of moisture in the air,0,0,0,0
206,A lot of water evaporated in the sky,0,0,0,0
207,The moisture in the sea or river evaporates and clouds form in the sky.,0,0,0,0
208,Moisture from the ground evaporates to form water vapor,0,0,0,0
209,"When you meet the heat, you get suzu, and the steam meets and becomes rain clouds or clouds",0,0,0,0
210,The water evaporated,0,0,0,0
211,"Once the water in the river is evaporated by sunlight (other than the river, if there is sunlight, the water is evaporated at any time)The steam goes up because it is light. And a lot of water vapor clumps together to complete a cloud of water vapor.",0,0,0,0
212,"The water turns into water vapor and clouds gradually form on a sunny day, and on a cloudy day, the clouds become more watery and heavy, so it seems to rain",0,0,0,0
213,"When water meets heat, it turns into water vapor, and when it gathers, it becomes a large cloud.",0,0,0,0
214,I think it's caused by the vapor rising into the sky and the vapor clumping together,0,0,0,0
215,"It seems to have evaporated from places like the sea and rivers and lakes, and then it went up into the sky and became a cloud",0,0,0,0
216,"""The principle of cloud formation is that as the air rises, it insulates, expands, cools, and when it reaches the dew point, it creates clouds",0,0,0,0
217,,0,0,0,0
218,"""",0,0,0,0
219,The air on the top is frozen and clumped together,0,0,0,0
220,"The principle of generation in clouds is that as air rises, insulation expansion and coldness occur, and when the winning point is reached, clouds are formed.",0,1,0,0
221,Clouds are because water vapor on the ground evaporates and gathers in the sky.,0,0,0,0
222,"The water on the ground rises into the air and becomes an underwater machine, condensing between the underwater machines to form clouds.",0,0,0,0
223,"Because of the principle of water, there is always",0,0,0,0
224,Clouds are always there because of the principle of water.,0,0,0,0
225,The vapor that's a gas turns into liquid water,0,0,0,0
226,"Steam, which is a gas, changes its state to liquid water",0,0,0,0
227,"Because of the rain, the ground becomes wet and the sun rises when it rains, and the sun dries up because of the sun",0,0,0,0
228,..,0,0,0,0
229,This is because the vapor went up to the sky and condensed.,0,0,0,0
230,"Steam rises into the sky, condenses, and becomes clouds",0,0,0,0
231,because of the sun,0,0,0,0
232,"Because steam is generated and goes up to the sky,",0,0,0,0
233,I don't know.,0,0,0,0
234,water vapor,0,0,0,0
235,Steam is formed from lumps,0,0,0,0
236,"Yes, yes",0,0,0,0
237,It has to rain,0,0,0,0
238,I don't know,0,0,0,0
239,Because the air is filled with water vapor,0,0,0,0
240,"As the water becomes gas, it turns into water vapor, and as the steam turns into air, the air gathers together to form clouds.",0,0,0,0
241,"When water evaporates, it becomes water vapor, and as the water vapor condenses, a groove is formed.",0,0,0,0
242,"Because water vaporizes and becomes water vapor,",0,0,0,0
243,Gather the steam like you're making a living room,0,0,0,0
244,"The water in the sea becomes water vapor, and the water vapor becomes water vapor. That's why there are a lot of clouds on rainy days.",0,0,0,0
245,The water turns into water vapor and it clumps up,0,0,0,0
246,"To prevent dust by using clouds that are water,",0,0,0,0
247,Because of the steam,0,0,0,0
248,in a lump of steam,0,0,0,0
249,"""The underwater planes in the air gather together",0,0,0,0
250,"""Seo""",0,0,0,0
251,Feels like it's raining,0,0,0,0
252,The water evaporates and becomes water vapor,0,0,0,0
253,Let's not involve humans in weather events,0,0,0,0
254,Water vapor rises above the sky and gathers to form clouds.,0,0,0,0
255,The clouds are how rain on the ground and something in the air gathered water vapor,0,0,0,0
256,Ice grains and water grains clump together to form clouds.,0,0,0,0
257,"The water evaporates and becomes water vapor, wanders through the Gucheon Stream, clumps around the condensation nucleus, and they clump together again to form clouds",0,0,1,0
258,The amount of water vapor comes out from the sunlight and the wind and low pressure come,0,0,0,0
259,I don't know,0,0,0,0
260,I don't know,0,0,0,0
261,a gathering of steam,0,0,0,0
262,It's caused by a lot of steam,0,0,0,0
263,"When water vapor gathers and it gathers to its breaking point, it rains.",0,0,0,0
264,be caused by the evaporation of seawater,1,0,0,0
265,It evaporates,0,0,0,0
266,"Clouds are formed by evaporating water vapor in the air, so there are many floodgates in the air on cloudy days",0,0,0,0
267,Water vapor on land or in the sea evaporates and turns into clouds,0,0,0,0
268,water circulation,0,0,0,0
269,"As the water circulates, water vapor is generated, and the steam gathers to form clouds",0,0,0,0
270,I don't know.,0,0,0,0
271,"The daily temperature difference is severe, so water vapor is generated, and water vapor rises to form clouds.",0,0,0,0
272,The steam gathered together,0,0,0,0
273,Water vapor rises to form clouds.,0,0,0,0
274,"When the water vapor on the surface evaporates, it is a cloud that the water vapor gathers and floats in the air.",0,0,0,0
275,Water evaporates and steam gathers.,0,0,0,0
276,I don't know.,0,0,0,0
277,Water vapor evaporates and rises to the sky to form clouds,0,0,0,0
278,"In the sea or river, two water droplets from which water vapor has evaporated gather to create clouds.",0,0,0,0
279,"As the base rises due to the rising air current, the temperature decreases, and the pressure decreases, condensing into water vapor",0,0,0,0
280,"Clouds cause insulation gaps due to rising air, resulting in clouds.",0,0,0,0
281,"The air rises, and the water vapor inside condenses to form clouds.",0,0,0,0
282,"As the high wing rises, it insulates and expands, and the temperature decreases, so that the water vapor condenses.",0,0,0,0
283,This is because the air containing moisture rises up and expands insulation.,0,0,0,0
284,It is due to the evaporation and condensation of water,1,0,1,0
285,"When water vapor evaporated from the sea and river rises and reaches the dew point, it condenses and gathers into small droplets, which is a cloud.",0,0,0,0
286,It is caused by condensation of water vapor in a high temperature environment.,0,0,1,0
287,It is caused by evaporation and condensation of water. Insulation expansion,1,0,1,0
288,"For various reasons, there are lumps of air going up the mountain, cold, warm fronts meeting, etc.",0,0,0,0
289,Water vapor condenses into clouds.,0,0,0,0
290,Insulation expansion,0,0,0,0
291,Insulation expansion creates clouds.,0,0,0,0
292,Water vapor rises and condenses,0,0,0,0
293,Insulation expansion due to the rise of the base,0,0,0,0
294,"As the air rises, it insulates and expands, decreasing the temperature, and reducing the amount of saturated water vapor and condensing.",0,0,0,0
295,a ball of air,0,0,0,0
296,The water vapor condensesI don't know~,0,0,0,0
297,by the steam,0,0,0,0
298,The steam gathered together,0,0,0,0
299,Clouds form when wires of different properties meet.,0,0,0,0
300,It's because of the rising and falling air currents,0,0,0,0
301,Water vapor rises to create clouds,0,0,0,0
302,"When the water on the ground evaporates and rises to the sky, it seems that it becomes liquid again and clouds are formed.",0,0,0,0
303,"When the water on the ground evaporates and goes up to the sky, it becomes liquid again and clouds form",0,0,0,0
304,"Clouds are formed by the evaporation of water So when it rains, the amount of clouds will increase The evaporated water vapor becomes a cloud and comes back as rain.",1,0,0,0
305,"When the water on the ground evaporates and goes up to the sky, it becomes liquid again and forms clouds",0,0,0,0
306,"When moisture on the ground evaporates and goes to the sky, it becomes a liquid and gathers to form a cloud.",0,0,0,0
307,"When the moisture of the ground evaporates and goes up to the sky, it becomes liquid again and forms clouds",0,0,0,0
308,Small drops of water or ice that are formed by condensation of water vapor are floating high in the sky,0,0,1,0
309,"""Losing and hot air rises rapidly. As the rising hot air gradually decreases in air pressure and temperature and expands, the relative humidity increases further, and the temperature drops below the dew point to condense, creating clouds.",0,0,0,0
310,,0,0,0,0
311,,0,0,0,0
312,"""",0,0,0,0
313,Clouds are made by water particles becoming steam and going up into the sky and condensing.,0,0,0,0
314,"As the volume of air increases, the temperature decreases, and as it falls below the dew point of the air, the underwater air becomes entangled with each other, and it is a cloud that water droplets have gathered.",0,0,0,0
315,"""Clouds are made of droplets of water or small grains of ice. When hot air rises above the ground, air pressure decreases, increasing in volume and lowering temperatures.",0,0,0,0
316,"The temperature continues to decrease and then when it reaches a certain point, the water vapor becomes entangled and becomes water droplets. These drops of water come together and become clouds.",0,0,0,0
317,,0,0,0,0
318,"""",0,0,0,0
319,"Clouds are gases. When the ground gets warm, the gas gets warmIt goes up like this.They clump up together and the clouds pop up",0,0,0,0
320,"When moisture on the ground evaporates and goes to the sky, it becomes liquid and gathers to form clouds.",0,0,0,0
321,Moisture on the ground evaporates and spills and becomes a hill.,0,0,0,0
322,Water vapors under the sky gather together.,0,0,0,0
323,"When moisture on the ground evaporates and goes to the sky, it becomes liquid and gathers to form clouds.",0,0,0,0
324,"When the temperature of an airplane in the sky is low, clouds form",0,0,0,0
325,"As the air rises, it cools and condenses the water vapor into very small droplets.",0,0,0,0
326,Water vapor condenses.,0,0,0,0
327,"As the volume of air increases, the temperature decreases, and when the temperature drops below the dew point, the water vapor in the air lumps together to form water droplets, and these small droplets are gathered in clouds",0,0,0,0
328,Clouds are formed even on sunny days because clouds are produced as water evaporates in the sea,0,0,0,0
329,Clouds are formed as water vapor condenses in the air.,0,0,0,0
330,Clouds are formed by the gathering of underwater aircraft up into the sky.,0,0,0,0
331,"As the water vapor rises to the sky, it gradually cools, increases humidity, and increases the water vapor grains, which becomes clouds.",0,0,0,0
332,It rises to reach saturation by adiabatic cooling and is generated as water vapor condenses.,0,0,0,0
333,Water vapor condenses into clouds,0,0,0,0
334,This is because the water above the ground vaporizes and turns it into water vapor.,0,0,0,0
335,"The water evaporated by sunlight rises into the sky, and then the air pressure gradually decreases and expands, the temperature decreases, the saturated vapor decreases, the humidity increases, and clouds form when the water vapor condenses.",0,0,0,0
336,I don't know.,0,0,0,0
337,"""Hook Moisture Belt""",0,0,0,0
338,"""",0,0,0,0
339,I don't know,0,0,0,0
340,I wanted to get a cloud,0,0,0,0
341,I don't know.,0,0,0,0
342,"""I don't know,""",0,0,0,0
343,"""",0,0,0,0
344,I don't understand.,0,0,0,0
345,I don't know,0,0,0,0
346,The steam gathered together,0,0,0,0
347,I don't know,0,0,0,0
348,I don't understand.,0,0,0,0
349,I don't understand.,0,0,0,0
350,I don't know,0,0,0,0
351,I don't know.,0,0,0,0
352,"In order to rain,",0,0,0,0
353,I don't know.,0,0,0,0
354,Water evaporates to become water vapor,0,0,0,0
355,Water vapor in the air clumps together to form clouds.,0,0,0,0
356,I don't understand.,0,0,0,0
357,I don't know.,0,0,0,0
358,I don't know,0,0,0,0
359,Moisture forms from the earth's surface and rises to the sky to form clouds,0,0,0,0
360,Don't know,0,0,0,0
361,Evaporated water gathers and becomes clouds That's why it rains when the water in the clouds is full.,0,0,0,0
362,I don't know,0,0,0,0
363,I don't know,0,0,0,0
364,I don't know,0,0,0,0
365,There's a difference in air pressure and there's something like smoke. Cloudy,0,0,0,0
366,Water vapor in the air gradually rises and then becomes a cloud and rains,0,0,0,0
367,M and D,0,0,0,0
368,Clouds form when water rises to the sky by evaporation in the sea or river lake,1,0,0,0
369,Clouds are made of water vapor,0,0,0,0
370,"Clouds are formed by the circulation of water. Therefore, clouds can be seen even on sunny days because water is continuously evaporated through the water cycle.",0,0,0,0
371,"As the water on the ground evaporates and rises upward, it expands insulation, increasing its volume and turning into a cloud when the temperature drops and reaches the dew point.",0,0,0,0
372,The rising air current is under low pressure. A downward airflow comes from an upward airflow.,0,0,0,1
373,The clouds will stay because the background of the times was gloomy at that time.,0,0,0,0
374,"Water on the ground evaporates to form an air mass, and when the air mass adiabatically expands and the air mass reaches the dew point, it is liquefied and clouds are formed.",0,0,0,0
375,Water vapor evaporates and rises up in the ascending air stream to form clouds.,0,0,0,0
376,"With the air around the water absorbing moisture, the temperature rises, forming a low pressure, and the raised air mass insulates and expands, and clouds are formed when it reaches the dew point.",0,0,0,0
377,"As water on the ground vaporizes and rises, the air pressure gradually decreases, so the temperature decreases and the volume of water vapor increases. At this time, if the temperature is below the dew point, the water vapor vapor is vaporized and liquefied into water. It is a cloud that combines the water that is made like that",0,0,0,0
378,"Clouds are formed by the increase in droplets on the surface of the ground and insulation expansion to form clouds. Eventually, water droplets evaporate and condense anywhere.",0,1,0,0
379,"Clouds are clouds that are caused by insulation expansion as the air mass rises, and accordingly, the temperature decreases and the water vapor in the air mass condenses.",0,1,0,0
380,"Clouds occur depending on the degree of air in the air, and if the air is not completely dry, clouds will inevitably form in the sky.",0,0,0,0
381,"When water vapor generated by evaporation rises to the sky, it condenses due to the low temperature surroundings, so there may be clouds in the sky.",1,0,0,0
382,"When water vapor with relatively low density rises above, the air pressure decreases, resulting in adiabatic expansion. When the temperature reaches the dew point due to the drop in temperature due to insulation expansion, water vapor condenses, which is called clouds.",0,1,0,0
383,"Water droplets heated and evaporated on land and sea expand insulation and rise upward, then reach the dew point and condense, and these condensed water droplets gather to form clouds.",0,0,0,0
384,"Yes, yes",0,0,0,0
385,I really don't know,0,0,0,0
386,"I don't know, uh... ...because the fog turns into a cloud and the clouds drink water?",0,0,0,0
387,rain and fog are made together,0,0,0,0
388,I don't know,0,0,0,0
389,"Even if it's a sunny day, if there's a lot of moisture, there will be clouds",0,0,0,0
390,It's because the steam gets together and becomes clouds.k,0,0,0,0
391,Because water vapor turns into clouds,0,0,0,0
392,?¹á???á¡?£ã±,0,0,0,0
393,The water on the ground goes up to the sky and makes clouds,0,0,0,0
394,I don't know,0,0,0,0
395,There should be cloudsI don't know.,0,0,0,0
396,Clouds are precious,0,0,0,0
397,Clouds are created by water on the ground rising into the sky and creating water vapor.,0,0,0,0
398,Country.,0,0,0,0
399,Because of Seulgi,0,0,0,0
400,There's a lot of watercraft,0,0,0,0
401,I don't know,0,0,0,0
402,cloudiness from the evaporation of rain,1,0,0,0
403,I don't know,0,0,0,0
404,"The water on land evaporates, and water vapor clumps and clumps together to form clouds",0,0,0,0
405,The weather is just weird,0,0,0,0
406,I don't know,0,0,0,0
407,water vapor,0,0,0,0
408,the steam that went up,0,0,0,0
409,"When water evaporates, water vapor is generated, and the steam gathers to create clouds.",0,0,0,0
410,"Clouds are made up of gases. Water vapor rises to the sky in places with prices such as the sea and rivers, creating clouds.",0,0,0,0
411,The water on the ground gets vaporized,0,0,0,0
412,The water in the sea evaporates into clouds,0,0,0,0
413,The water evaporates and it gathers to form a lump.,0,0,0,0
414,"Water vapor is generated as seawater or river water evaporates, and it becomes clouds as water vapor evaporates.",0,0,0,0
415,The water in the air condenses in the sky,0,0,0,0
416,"""The steam goes up",0,0,0,0
417,"""",0,0,0,0
418,The steam on the surface of the earth went up into the sky,0,0,0,0
419,Why are you asking me?,0,0,0,0
420,cloud,0,0,0,0
421,The steam on the surface of the earth goes up into the sky,0,0,0,0
422,High pressure,0,0,0,0
423,"""Water vapor meets in the air, condenses, rises, and there are raindrops or grains of ice floating",0,0,0,0
424,"""",0,0,0,0
425,Clouds move (don't know),0,0,0,0
426,The steam evaporated and gathered in the sky because of the clouds,0,0,0,0
427,"The underwater atmosphere in the air condenses and rises into the high sky, leaving more drops of water or grains of ice",0,0,0,0
428,Water vapor in the air condenses in the high sky and floats in small droplets or ice grains,0,0,0,0
429,"It is because the underwater flag floats in the high sky and condenses to form clouds, so there are more underwater flags.",0,0,0,0
430,The water in the air becomes small drops of water or ice grains and rises into the sky to form clouds,0,0,0,0
431,The underwater atmosphere in the air condenses in the high sky and floats in the form of small droplets or ice grains.,0,0,0,0
432,The underwater in the air turns into small drops of water or ice grains and becomes clouds.,0,0,0,0
433,a phenomenon caused by condensation of water vapor into the high sky,0,0,1,0
434,Water vapor in the air condenses in a high sky and floats in a state of small droplets or ice grains.,0,0,0,0
435,"On a sunny day, it is high pressure, and if there are many cloudy, it is low pressure",0,0,0,0
436,condensation in the sky high in the air and floating in small droplets or ice grains,0,0,1,0
437,water vapor,0,0,0,0
438,Water on the ground goes up and drops of water or ice are floating,0,0,0,0
439,Let's not involve humans in weather events,0,0,0,0
440,evaporation of water,1,0,0,0
441,.,0,0,0,0
442,This is due to condensation of water vapor due to rising air currents.,0,0,1,0
443,Water vapor rises due to rising air flow due to high pressure and condenses by adiabatic expansion,0,0,0,0
444,go away,0,0,0,0
445,I don't know.,0,0,0,0
446,This is because the air containing water vapor becomes heavier and descends close to the ground,0,0,0,0
447,"Clouds are created along the wire. Therefore, there can always be clouds along the front surface in the area where I am.",0,0,0,0
448,a rising air current,0,0,0,0
449,I don't know,0,0,0,0
450,The water evaporates,0,0,0,0
451,I don't know.,0,0,0,0
452,I don't know,0,0,0,0
453,The steam rises into the sky and becomes clouds.k.a. cloud.,0,0,0,0
454,I don't know.,0,0,0,0
455,The warm water vapor in the air rises to form clouds.,0,0,0,0
456,"The steam rises and becomes clouds, and the more steam there is, the heavier the clouds become",0,0,0,0
457,Water vapor rises and is made into a cloud-like shape.,0,0,0,0
458,"Cloudy days are more humid, so more water droplets evaporate from the surface and rise, resulting in more clouds.",0,0,0,0
459,The steam goes up and merges,0,0,0,0
460,"When water evaporates, clouds form when water vapor rises into the sky.",0,0,0,0
461,This is because there is a change in the climate.,0,0,0,0
462,"As water vapor rises, clouds form, and as water vapor increases, clouds increase and become heavier",0,0,0,0
463,"""Because the steam goes up into the sky",0,0,0,0
464,"""",0,0,0,0
465,"Because it's a low pressure on cloudy days, clouds are more likely to form.",0,0,0,0
466,"This is because water evaporates and binds to different objects (dust, etc.).",0,0,0,0
467,Because there is a low pressure.,0,0,0,0
468,"It is because of the movement of water. This is because the pool of water, a sea, a river, or water rises to create clouds.",0,0,0,0
469,I don't know.,0,0,0,0
470,I don't know.,0,0,0,0
471,evaporation of water,1,0,0,0
472,I don't know.,0,0,0,0
473,.,0,0,0,0
474,It's low pressure,0,0,0,0
475,Clouds form under low pressure,0,0,0,0
476,It's caused by the water droplets going up,0,0,0,0
477,Clouds form under low pressure,0,0,0,0
478,A lot of water vapor gathers to form clouds.,0,0,0,0
479,"As the air rises and adiabatic expansion occurs, water increases and condenses to form clouds",0,0,0,0
480,I don't know.,0,0,0,0
481,Because clouds are created by air pressure differences,0,0,0,0
482,"When air with low humidity gathers at low pressure and rises, air pressure and temperature decrease, so that air expands and relative humidity increases, resulting in moisture condensation and clouds.",0,0,1,0
483,This is because clouds are created by air pressure differences.,0,0,0,0
484,The steam condenses,0,0,0,0
485,"Clouds have a relatively low pressure than the surrounding area, and the wind blows to match the low pressure with the atmosphere, because the air rises and condenses",0,0,0,0
486,Clouds are created when warm and cold winds meet.,0,0,0,0
487,"And small clouds gather to make a big cloud.""",0,0,0,0
488,Warm air meets cold air and becomes clouds,0,0,0,0
489,I don't know.,0,0,0,0
490,I don't know.,0,0,0,0
491,The warm wind and the cold wind meet and create clouds,0,0,0,0
492,I don't know.,0,0,0,0
493,Warm air and cold air meet to form clouds.,0,0,0,0
494,Warm air and cold air meet.M and D,0,0,0,0
495,None.,0,0,0,0
496,Because it's humid,0,0,0,0
497,I don't know.,0,0,0,0
498,This is because moisture rises to the sky and solidifies in the sky to form clouds.,0,0,0,0
499,Clouds come naturally,0,0,0,0
500,The water evaporated,0,0,0,0
501,Elevated air Flow Descent air,0,0,0,0
502,"The underwater plane on the ground rises to the sky, and water droplets gather to form clouds.",0,0,0,0
503,This is because water molecules that excessively absorb solar energy go into the sky in a water vapor state.,0,0,0,0
504,Evaporated water gathers to form clouds.,0,0,0,0
505,"""Because of the steam,",0,0,0,0
506,"""",0,0,0,0
507,This is because clouds created elsewhere were carried over by the wind.,0,0,0,0
508,Earthquake,0,0,0,0
509,I'm not sure,0,0,0,0
510,It is caused by cloud water vapor.,0,0,0,0
511,It evaporates in the ocean,0,0,0,0
512,.,0,0,0,0
513,Clouds are water that evaporates and rises to the sky to condense.,0,0,0,0
514,"There is a lot of evaporated water, so there is a cloud because it rains.",0,0,0,0
515,That's what happens when a lot of water vapor rises into the air and rises in the air,0,0,0,0
516,It is a cloud that is created by the vaporization of water into the sky,0,0,0,0
517,"When water evaporates from the surface and is in a water vapor state, it is a cloud that rises and changes its state to water again in the atmosphere when the temperature decreases.",0,0,0,0
518,"When air with high humidity gathers at low pressure and rises, the air pressure and temperature decrease, so that the air expands, the relative humidity increases, and the temperature decreases, and moisture condenses into clouds.",0,0,0,0
519,"Clouds are formed by gathering water vapor, so clouds are more likely to form on cloudy days than on sunny days.",0,0,0,0
520,It evaporated into steam and liquefied in the stomach.,0,0,0,0
521,Because of the temperature,0,0,0,0
522,..,0,0,0,0
523,Clouds are the gathering of water vapor. I don't know the details.,0,0,0,0
524,This is because water vapor builds up up.,0,0,0,0
525,"Moisture in the air gathers,",0,0,0,0
526,Water evaporates and water vapor builds up to form clouds.,0,0,0,0
527,The steam is going up,0,0,0,0
528,This is because water vaporizes into water vapor,0,0,0,0
529,This is because water vaporizes and gathers in the air.,0,0,0,0
530,The water vapor in the sea creates clouds.,0,0,0,0
531,"The water from the sea, rivers, and rivers evaporates due to solar heat and the evaporated water gathers from the sky",0,0,0,0
532,Water evaporates to form clouds.,0,0,0,0
533,The water evaporated,0,0,0,0
534,Every cloud forms from steam,0,0,0,0
535,The degree of cloud formation varies depending on the amount of water evaporated,0,0,0,0
536,It seems that water from the ground evaporates and they are gathered together.,0,0,0,0
537,BAE JONG BACTERIUM,0,0,0,0
538,?ã´??538.0,0,0,0,0
539,The moisture at the bottom goes up,0,0,0,0
540,I just wanted to do it,0,0,0,0
541,M and D,0,0,0,0
542,the d-hope,0,0,0,0
543,Droplets of water come together,0,0,0,0
544,"Because water on the surface evaporates, it can occur regardless of the weather.",0,0,0,0
545,This is because water evaporates.,0,0,0,0
546,1,0,0,0,0
547,Clouds can occur regardless of weather because water on the surface evaporates.,0,0,0,0
548,1,0,0,0,0
549,I don't know,0,0,0,0
550,6??5656,0,0,0,0
551,I don't know,0,0,0,0
552,Evaporated water becomes water vapor and they clump together,0,0,0,0
553,"Water vapor forms and clouds form when it goes up into the sky When the amount of water vapor increases, it rains down from the clouds",0,0,0,0
554,The water evaporated,0,0,0,0
555,It's a lump of water,0,0,0,0
556,I don't know,0,0,0,0
557,Clouds are the concentration of water vapor in the air with foreign matter on a dust lamp,0,0,0,0
558,I don't know.,0,0,0,0
559,"Water evaporated from the sea or river condenses in a high sky to form small droplets, and it is a cloud.",0,0,0,0
560,"When water evaporates and rises, it freezes to form clouds.",0,0,0,0
561,This is because water vapor evaporated from the sea or a place with a lot of water gathers and condenses.,0,0,0,0
562,"The reason is that water on the ground, such as the sea and lakes, turns into water vapor, and water vapor gathers from the sky to form clouds.",0,0,0,0
563,I don't know,0,0,0,0
564,The underwater planes gather together to form clouds,0,0,0,0
565,I don't know,0,0,0,0
566,Because the rain evaporated.,0,0,0,0
567,"As water evaporates, lumps form as it evaporates, which is a cloud. When the cloud becomes heavy, it falls to the ground and drops water. This is the rain.",0,0,0,0
568,I don't know,0,0,0,0
569,It's raining because of the clouds,0,0,0,0
570,Because the underwater plane turns into a cloud,0,0,0,0
571,Dust builds up in the air,0,0,0,0
572,Oxygen is clumped together,0,0,0,0
573,The steam rises to cloud.,0,0,0,0
574,The moisture in the air goes up and clumps up,0,0,0,0
575,God made it for me,0,0,0,0
576,"This is because as water evaporates, it becomes a cloud when the water vapor rises high",0,0,0,0
577,The water in the sea evaporates due to the heat of the sun and the net rises and gathers,0,0,0,0
578,The moisture on the ground turns into steam and goes up to the sky to form clouds,0,0,0,0
579,I don't know the answer because I don't know science well,0,0,0,0
580,Let's clear up the mole.,0,0,0,0
581,"When the water on the ground evaporates, water vapor comes out, because the water vapor rises into the sky and clumps together.",0,0,0,0
582,This is because the underwater plane goes up and clumps up.,0,0,0,0
583,Clouds are made of water droplets and dew.,0,0,0,0
584,Oxygen is clumped together,0,0,0,0
585,I'm turning it off,0,0,0,0
586,Clouds are cotton candy!,0,0,0,0
587,The sea evaporates and becomes a cloud,0,0,0,0
588,Clouds are formed by water vapor rising up,0,0,0,0
589,Water in rivers and oceans evaporates,0,0,0,0
590,Because the water evaporates,0,0,0,0
591,I don't understand.,0,0,0,0
592,"Too much moisture evaporates to form clouds. When it gets heavy, it rains",0,0,0,0
593,The moisture in the air is made by clumping togetherIt is caused by evaporation of water from the ground and water from the sea.,1,0,0,0
594,Water vapor evaporated from the sea gathers to form a cloud.,0,0,0,0
595,Because of the circulation,0,0,0,0
596,"Because of the circulation, the clouds became rain",0,0,0,0
597,Clouds are made of water droplets and gases,0,0,0,0
598,"""As the water circulates, it is made into clouds to rain",0,0,0,0
599,"""",0,0,0,0
600,It's because of the steam,0,0,0,0
601,It's because there's a lot of water vapor floating in the sky,0,0,0,0
602,Clouds are formed by a collection of tiny droplets under low pressure,0,0,0,0
603,"Human water can be solid, liquid, or gas, of which gas is made into clouds.",0,0,0,0
604,It is because a lot of seawater evaporates when the sun shines.,0,0,0,0
605,"""",0,0,0,0
606,Clouds appear when cold and warm temperatures meet or when the surface is heated unevenly.   It depends on the movement of the wind.,0,0,0,0
607,be caused by climate change,0,0,0,0
608,"When the ground gets warmer, the air in the atmosphere gets colder and colder, and then the water vapor in the gas turns into water droplets and clumps together to form clouds",0,0,0,0
609,"Because of the evaporation of water from the sea or river,",1,0,0,0
610,The clouds are clear,0,0,0,0
611,The steam went up,0,0,0,0
612,It's caused by steam rising,0,0,0,0
613,There's steam,0,0,0,0
614,It's because the steam rises,0,0,0,0
615,"Clouds are formed by the collection of water vapor and are made by evaporation of water. In other words, the more evaporation occurs, the more clouds form.",1,0,0,0
616,"Clouds are formed by the collection of water vapor and are formed by the double action of water. In other words, when a lot of evaporation occurs, a lot of clouds are formed.",1,0,0,0
617,Clouds are formed by the collection of water vapor and are formed by evaporation of water.,1,0,0,0
618,"Clouds are formed by water vapor gathering and evaporating. In other words, if there is a lot of evaporation, there is a lot of cloud",1,0,0,0
619,Small droplets or ice crystals condensed by insulation expansion of air float in the sky.,0,1,0,0
620,"As the air rises, the volume expands, the temperature drops, the dew point reaches, and water vapor forms clouds",0,0,0,0
621,"As the air rises and the volume expands, the temperature drops, which leads to the dew point, condensing the water vapor and creating clouds",0,0,0,0
622,The steam goes up and clumps up with the other steam,0,0,0,0
623,I don't know,0,0,0,0
624,The drops of water in the atmosphere gather and cloud over,0,0,0,0
625,a rise in water vapor,0,0,0,0
626,Yeah.,0,0,0,0
627,water vapor,0,0,0,0
628,Water vapor condenses in the atmosphere,0,0,0,0
629,"When water vapor is in the sky, it becomes a cloud.",0,0,0,0
630,Solar energy causes liquid to evaporate and become gas to form clouds.,0,0,0,0
631,Water vapor rises and condenses.,0,0,0,0
632,"Clouds are formed by condensation of water vapor by adiabatic expansion. In abstention, the higher the altitude, the lower the air pressure.",0,0,1,0
633,"Water vapor evaporates and rises, and then the temperature decreases to cause water vapor to condense.",0,0,0,0
634,That's because there's a sky,0,0,0,0
635,The water by the river becomes water vapor and rises upward to form clouds.,0,0,0,0
636,I don't know.,0,0,0,0
637,Because evaporated water vapor condenses in the air by cold temperatures,0,0,0,0
638,Water vapor in the atmosphere condenses to form clouds,0,0,0,0
639,"Water vapor rise, temperature fall, heat vaporization, liquefaction, descent",0,0,0,0
640,That's true,0,0,0,0
641,Vaporized water vapors form in the sea,0,0,0,0
642,I don't know,0,0,0,0
643,Water vapor condenses into clouds in a low-temperature sky.,0,0,0,0
644,Water vapor gathers in the sky and solidifies to form a cloud.,0,0,0,0
645,"When water evaporates and gathers in a vapor state, it becomes a cloud.",0,0,0,0
646,"Go, go, go, go, go",0,0,0,0
647,I don't know.,0,0,0,0
648,It is water produced by the aggregation of water vapor.,0,0,0,0
649,"Clouds form when water vapor rises, expands, falls, and reaches the dew point.",0,0,0,0
650,I don't know,0,0,0,0
651,Clouds are crystals of water vapor that are produced by evaporation of water on land or in the sea.,1,0,0,0
652,"As the air rises at low pressure and elevations increase, the pressure decreases, causing the air masses to expand, the temperature to drop, and the condensation point to drop, creating clouds as the temperature of the air masses reaches the condensation point.",0,0,1,0
653,"When the air rises due to some factor, the air pressure decreases and adiabatic expansion occurs, resulting in a lower temperature of the air. In this case, the water vapor is condensed to form a cloud.",0,0,0,0
654,Water rises to underwater -> clouds,0,0,0,0
655,Because of the steam,0,0,0,0
656,Water vapor rises above the sky and clumps together into clouds,0,0,0,0
657,It occurs when the underwater plane rises and clumps up.,0,0,0,0
658,Water vapor rises into the sky and the underwater vapor gathers and becomes visible to our eyes. That's the cloud,0,0,0,0
659,Clouds are formed by the collection of water vapor,0,0,0,0
660,The humidity of the air and the rising underwater air combine to form clouds,0,0,0,0
661,"Water evaporates to form water vapor, and water vapor merges to form clouds",0,0,0,0
662,"When water vapor forms and goes up, the water vapor gathers up in the sky and creates clouds.",0,0,0,0
663,Water vaporizes and clumps up,0,0,0,0
664,The reason for clouds is that water vapor moves around in the air layer and then bumps into each other to create clouds.,0,0,0,0
665,The steam goes up to the sky,0,0,0,0
666,"When water is boiled or rained, and the sun rises, the water turns into water vapor and rises above the sky to form clouds.",0,0,0,0
667,The earth turns and the sky changes,0,0,0,0
668,Clouds form when steam rises,0,0,0,0
669,Clouds form as water vapor rises.,0,0,0,0
670,Because it's about to rain,0,0,0,0
671,Steam goes up into the sky,0,0,0,0
672,Steam gathered from the sky,0,0,0,0
673,The gases form water vapor and go up into the sky and clump together.,0,0,0,0
674,"""Clouds are created by water vapor, and when it is vaporized, the weather becomes cloudy",0,0,0,0
675,"""If there's no increase in the number, the weather will be clear without clouds.""",0,0,0,0
676,"Water vaporizes as water evaporatesAs the steam rises, it becomes a cloud",0,0,0,0
677,Water vaporizes as it evaporates. The steam rises to form clouds.,0,0,0,0
678,"Water evaporation or plant evaporation produces water vapor and water vapor gathers so much that clouds are created When it is cloudy, the pressure is weakened by low pressure and reaches the temperature at which clouds are formed, creating a lot of clouds and clouds",1,0,0,0
679,Because evaporated water vapor condenses in the air by cold temperatures,0,0,0,0
680,Water vapor is the core of evaporation,1,0,0,0
681,Clouds form clouds as droplets in the air condense and clump together.,0,0,0,0
682,Water evaporates into vapor and condenses in the sky. The condensing droplets clump together to form clouds.,0,0,0,0
683,The dew point condenses to form clouds.,0,0,0,0
684,"When the water in the ground evaporates and rises, it expands adiabatically, creating clouds in the sky.",0,0,0,0
685,"Water on the ground is heated and evaporated, and water vapor rises, and the air pressure that has increased due to the altitude weakens, causing insulation expansion, and the temperature decreases, reducing the amount of saturated water vapor, so clouds exist even on sunny days.",0,1,0,0
686,I don't know.,0,0,0,0
687,"If the water vapor in the atmosphere continues to rise upward, insulation expansion occurs, and the temperature of the water vapor rises to become water and clumps together, which becomes clouds.",0,1,0,0
688,I don't know.,0,0,0,0
689,"The reason for cloud formation is that as a lot of water vapor is generated, the water vapor insulates and expands, and it is combined with an electrolyte in the atmosphere to form a cloud.",0,0,0,0
690,The evaporated water vapor rises high and condenses into clouds.,0,0,0,0
691,"Water evaporates from lakes, rivers, and seas on the surface to become water vapor. As the water vapor rises upward, the surrounding temperature gradually decreases, reaching the dew point. The water vapor that has reached the dew point condenses to form water droplets, and clouds are generated as several water droplets gather.",0,0,0,0
692,"Clouds are part of the water cycle and are part of the process by which water is distributed in the atmosphere). As water evaporates, water vapor rises to the atmosphere, and in this process, as the altitude increases, the air pressure decreases, resulting in insulation expansion, and later, the water vapor condenses at a high altitude where the temperature decreases, creating clouds.As the altitude of the water vapor increases, the temperature decreases and insulation expands. Clouds are made of these vapors.",0,1,0,0
693,"Clouds expand insulation as water vapor evaporates into the sky, and inversely, when the temperature of water vapor decreases and the volume increases during the expansion process, clouds can occur regardless of the weather.",0,0,0,0
694,"When water evaporates due to solar energy, it becomes water vapor. When a mass of air containing water vapor is heated or climbed up a high mountain range, the pressure decreases and the volume expands, and the temperature decreases due to the insulation expansion and condenses when the water vapor reaches the dew point to become a cloud.",0,1,0,0
695,"The air on the ground rises upward as it heats up. As the air that has risen in this way consumes heat and expands, the temperature decreases, and the water vapor condenses to form a huge cloud.",0,0,0,0
696,"On a sunny day, the dew point is high, but if there is more water vapor than saturated water vapor, clouds can be generated even in high skies. In this case, a cloud is formed. However, on cloudy days, this is not the case, so many clouds are created in the low sky, and the whole sky is filled with clouds",0,0,0,0
697,Air rise-insulation expansion-temperature drop-dew point reach-condensation-cloud generation,0,1,1,0
698,"Clouds are formed by the rise of water on the ground. Usually on sunny days, the temperature is high and dry, so the moisture on the ground does not rise. On the other hand, on cloudy days, moisture rises well because it is humid.",0,0,0,0
699,?,0,0,0,0
700,Umm,0,0,0,0
701,There's a cloud,0,0,0,0
702,I don't know,0,0,0,0
703,"Because of the cloudy moonlight,",0,0,0,0
704,water circulation,0,0,0,0
705,Moisture goes up and clumps up with dust and stuff like that,0,0,0,0
706,The steam gathered together,0,0,0,0
707,The car's fumes go up,0,0,0,0
708,yes,0,0,0,0
709,The ocean evaporated,0,0,0,0
710,Clouds are formed by the rise of water vapor on the ground.,0,0,0,0
711,Water vapor evaporates to create clouds,0,0,0,0
712,I don't know.,0,0,0,0
713,Water vapor in the air condenses to form clouds.,0,0,0,0
714,This is because evaporation of water vapor always occurs.,1,0,0,0
715,I'm sorry.,0,0,0,0
716,Water evaporates and water vapor clumps together to form clouds.,0,0,0,0
717,"Water vapor in the air gathers to form clouds, because rain clouds have much more concentrated water vapor.",0,0,0,0
718,I don't know.,0,0,0,0
719,It is produced when there is a lot of downstream air or water or when the weather is clear,0,0,0,0
720,God farted,0,0,0,0
721,condensation of water vapor,0,0,1,0
722,I don't understand.,0,0,0,0
723,Clouds are formed as water from the land and the sea rises into the atmosphere and forms a liquid mass.,0,0,0,0
724,"When the seawater evaporates and the water in the river evaporates, the water vapor rises above the sky, which condenses into clouds.",0,0,0,0
725,Well...,0,0,0,0
726,This is because clouds are formed by humidity and temperature in the atmosphere regardless of the sunny degree of the weather.,0,0,0,0
727,"As water vapor rises into the sky, the water vapor gathers and clouds are formed.",0,0,0,0
728,Water evaporation is caused by a collection,1,0,0,0
729,M and D,0,0,0,0
730,"D, D, D",0,0,0,0
731,Mall,0,0,0,0
732,I don't understand.,0,0,0,0
733,I don't understand.,0,0,0,0
734,I don't know.,0,0,0,0
735,I don't know,0,0,0,0
736,M and D,0,0,0,0
737,I don't understand.,0,0,0,0
738,I don't understand.,0,0,0,0
739,I don't understand.,0,0,0,0
740,I don't understand.,0,0,0,0
741,The steam gathered together,0,0,0,0
742,I don't know.,0,0,0,0
743,I don't know,0,0,0,0
744,The steam turns into clouds,0,0,0,0
745,I don't understand.,0,0,0,0
746,M and D,0,0,0,0
747,I don't know,0,0,0,0
748,It's going to rain,0,0,0,0
749,.,0,0,0,0
750,I don't understand.,0,0,0,0
751,I don't know,0,0,0,0
752,M and D,0,0,0,0
753,I don't know.,0,0,0,0
754,.,0,0,0,0
755,Each lake of the sea river is flooded with water and clouds form as it goes up into the sky,0,0,0,0
756,"""The steam in the air went up,",0,0,0,0
757,"""",0,0,0,0
758,"The air, including the steam, which has risen as it warms up, becomes colder and more humid, making it a cloud",0,0,0,0
759,"The air, including water vapor, which has risen as it warms up, gradually cools down and increases humidity, making it a cloud.",0,0,0,0
760,"The air, including water vapor, which has risen as it warms up, gradually cools down, increases humidity, and becomes clouds.",0,0,0,0
761,It is caused by condensation of water vapor by adiabatic expansion.,0,0,1,0
762,"""Clouds are the wish of all",0,0,0,0
763,"Therefore, it is in heaven at any time",0,0,0,0
764,"That's why people get refreshed by looking at the sky """,0,0,0,0
765,"If there's no cloud, it's all over the place",0,0,0,0
766,"""Water on the Earth's surface is evaporated by solar heat or vaporized by plant evaporation. The steam goes up into the air and becomes a cloud.",1,0,0,0
767,"Clouds repeatedly fall into the ground and sea with rain or snow and then evaporate again.""",0,0,0,0
768,"When the air mass rises further and the temperature falls below the dew point, the water vapor condenses into small droplets, and when the temperature of the air mass falls below 0Â°C, it becomes ice grains. It is a cloud that these water droplets or ice grains float high in the sky. At this time, if there is a small dust in the air, such as incense smoke, water vapor condenses more easily, so clouds are easily formed.",0,0,0,0
769,"Air heated up from the surface. ??As it rises above the air, the volume of the air becomes larger and the temperature decreases. ??Water vapor in the air condenses in the high sky, creating clouds floating in small droplets or ice grains.",0,0,0,0
770,"The temperature of the air mass continues to decrease, and when the water vapor condenses, water droplets form, which gather to form clouds.",0,0,0,0
771,"Clouds are caused by the vapor in the air turning into droplets as the air rises. Clouds are produced as follows. In order for clouds to form, air must rise first rise.",0,0,0,0
772,"The air, including steam, which has risen as it warms up, becomes colder and cooler, releasing humidity into clouds",0,0,0,0
773,"""As air converges near the surface, it rises and clouds are formed.",0,0,0,0
774,"It occurs when two air masses with different temperatures come into contact. Clouds are formed when warm, humid air rises above cold air.""",0,0,0,0
775,"When air gathers around the low pressure and descends, the air on the surface rises by heating, or when cold air raises hot air",0,0,0,0
776,Air mass rises ??Insulation expansion of air mass due to lower ambient air pressure (volume expansion) ??Temperature decreases to reach dew point ??Water vapor condenses to create clouds,0,0,0,0
777,It is formed by condensation of water vapor by adiabatic expansion,0,0,1,0
778,"When the air near you goes up, the air pressure decreases and the volume increases.",0,0,0,0
779,"As the volume of air increases, the temperature decreases, and when the temperature fluctuates below the dew point, the water vapor in the air becomes entangled and becomes water droplets.",0,0,0,0
780,"These little drops of water come together into the clouds.""",0,0,0,0
781,"Clouds are formed by condensation of water vapor by adiabatic expansion. In abstention, the higher the altitude, the lower the air pressure. As the air mass containing water vapor rises, as shown in Figure III-14, the pressure outside the air mass is lower than the pressure inside the air mass, which insulates and expands and the temperature is lowered.",0,0,1,0
782,"""As the air rises, insulation expands and cools,",0,0,0,0
783,Clouds form when you reach the dew point,0,0,0,0
784,"""",0,0,0,0
785,Small droplets of water (at 0Â°C or higher) or ice crystals (at 0Â°C or lower) formed by condensation of water vapor gather to form clouds.,0,0,1,0
786,"The air, including steam, which has risen as it warms up, becomes colder and more humid, becoming clouds",0,0,0,0
787,"""The creation of clouds is",0,0,0,0
788,"When air cools in the atmosphere, it easily leads to saturation. There are three ways to cool the air: contact, mixing, and rising. When relatively warm air stays on the cold ground or on the surface of the water, the air on the contact surface is cooled by contact. At this time, when it reaches saturation, fog or stratified clouds may occur. On the other hand, when air rises without heat exchange with the surroundings, it is insulated and expanded to cool the rising air as it works outside. The most common method of cooling air can be said to be cooling by rising. Clouds are created as the air rises to reach saturation by adiabatic cooling and the water vapor condenses. """,0,0,0,0
789,"When air cools in the atmosphere, it easily leads to saturation. There are three ways to cool the air: contact, mixing, and rising. When relatively warm air stays on the cold ground or on the surface of the water, the air on the contact surface is cooled by contact. At this time, when it reaches saturation, fog or stratified clouds may occur. On the other hand, when air rises without heat exchange with the surroundings, it is insulated and expanded to cool the rising air as it works outside. The most common method of cooling air can be said to be cooling by rising. Clouds are created as the air rises to reach saturation by adiabatic cooling and the water vapor condenses.",0,0,0,0
790,Clouds are made of water vapor,0,0,0,0
791,"Air rises and becomes a single expansion, which lowers the temperature. After that, the dew point is reached and the water vapor condenses to form a cloud.The water evaporated",0,0,0,0
792,as water evaporates,0,0,0,0
793,The steam went up,0,0,0,0
794,The formation of clouds is the reaction of increasing entropy in the universe,0,0,0,0
795,moving box,0,0,0,0
796,I don't know,0,0,0,0
797,"""The water evaporated and created an underwater plane",0,0,0,0
798,"""",0,0,0,0
799,Water vapor rises to cloud.,0,0,0,0
800,Water vapor is formed by gathering together,0,0,0,0
801,It's cloudy,0,0,0,0
802,The underwater plane went up and clumped up,0,0,0,0
803,"It's a rainy day on a cloudy day, so the water evaporates and goes up to the clouds",0,0,0,0
804,"Steam rises above the sky and meets other clouds, creating large clouds.",0,0,0,0
805,"This is because the humidity is high on cloudy days, so the water evaporates and becomes a cloud.",0,0,0,0
806,Clouds are clouds where water vapor is collected. Water vapor is caused by evaporating water.,0,0,0,0
807,"When water evaporates and water vapor rises, the temperature is low, so it becomes water droplets and clouds are formed.",0,0,0,0
808,Water vapor condenses through adiabatic expansion.,0,0,0,0
809,...,0,0,0,0
810,"On a cloudy day, the water evaporates and the vapor becomes a cloud",0,0,0,0
811,It could be raining,0,0,0,0
812,"On a sunny day, the water turns into water vapor and rises, and on cloudy days, it's low pressure, so the water vapor condenses easily and becomes clouds",0,0,0,0
813,????????????????,0,0,0,0
814,The steam goes up into the sky,0,0,0,0
815,"On cloudy days, underwater planes gather in one place and become full of clouds.",0,0,0,0
816,Water vapor gathers to form clouds.,0,0,0,0
817,Rain falls and the net vaporizes into clouds,0,0,0,0
818,"On cloudy days, there is more water vapor, so water vapor is collected and many clouds are formed.",0,0,0,0
819,Clouds insulation expansion,0,1,0,0
820,Clouds form when water turns into steam,0,0,0,0
821,This is because there are less clouds in high pressure and a lot of clouds in low pressure.,0,0,0,0
822,"When the water vapor rises and expands, the temperature drops and condenses.",0,0,0,0
823,"When the air rises and expands, it vaporizes and condenses water vapor.",0,0,0,0
824,by adiabatic expansion,0,0,0,0
825,"Since the volume increases as the air rises and the air pressure decreases, the temperature decreases and insulates and expands. Consequently, water vapor condenses to form clouds.",0,0,0,0
826,"As the air rises, the air pressure decreases, increasing the volume and lowering the temperature (insulation expansion). This causes water vapor to condense and form clouds.",0,1,0,0
827,It's insulation expansion,0,1,0,0
828,Clouds are formed by condensation after water evaporates and rises high.,0,0,1,0
829,"The higher the amount of water vapor in the air, the higher the dew point, and the higher the dew point, the higher the cloud.",0,0,0,0
830,"As it rises, it reaches condensation and creates clouds.",0,0,1,0
831,Condensation of water vapor through adiabatic expansion process,0,0,0,0
832,Water vapor rises and liquefies,0,0,0,0
833,This is because water vapor condenses.,0,0,0,0
834,"In the atmosphere, as the height increases, the temperature decreases, so that water vapor liquefies to become small droplets and forms clouds.",0,0,0,0
835,It's because of the steam,0,0,0,0
836,Clouds bring travel rain and water to steam to make clouds and rain when you are sad,0,0,0,0
837,The steam gathered together,0,0,0,0
838,"If the moisture of the ground becomes vapor and rises to the sky, clouds",0,0,0,0
839,Dust rises and piles up to form clouds,0,0,0,0
840,"The water in the sea is evaporated by the sun and goes up into the sky. The steam goes to the sky and gathers, which creates clouds. When this cloud grows to some extent, it becomes rain, and when the temperature drops, it solidifies and becomes snow.",0,0,0,0
841,Evaporated water vapor is caused by boiling and clumping together.,0,0,0,0
842,This is because water on the ground evaporates and combines with dust in the air to form clouds.,0,0,0,0
843,"As seawater or river water evaporates, it rises to the sky and condenses into clouds.",0,0,0,0
844,The temperature went down and dust and steam met and became clouds,0,0,0,0
845,Because of the steam,0,0,0,0
846,Evaporated water is made by clumping together with dust in the atmosphere.,0,0,0,0
847,"The moisture on the ground evaporates and goes up to the sky, and the clouds are formed by the aggregation of moisture that cannot go out of the atmosphere due to gravity",0,0,0,0
848,Is it factory smoke?,0,0,0,0
849,.,0,0,0,0
850,"The liquid turns into a gas, and it goes up into a cloud^^)",0,0,0,0
851,?,0,0,0,0
852,"The water of the sea goes to the river, and it evaporates, and it becomes a crab rain and goes back to the sea."" (Repeat)",0,0,0,0
853,"As the word ""flyfall"" in the dry sky, clouds can form even if it is clear.",0,0,0,0
854,I don't know,0,0,0,0
855,"Clouds are formed by combining water and water vapor, so they can also occur on sunny days.",0,0,0,0
856,Clouds form because of the rain,0,0,0,0
857,Because the weather is not good,0,0,0,0
858,Clouds are formed when water evaporates and gathers.,0,0,0,0
859,"Heat evaporates the water on Earth, and the steam gathers in the sky to form clouds",0,0,0,0
860,The clouds are weird,0,0,0,0
861,Clouds are humid on cloudy days because they vary in size depending on the amount of water vapor,0,0,0,0
862,The steam turns into clouds,0,0,0,0
863,"Cloudy days have high humidity, so there is more water in the air, so clouds are caused by evaporation of water such as the sea or river, so there are more clouds",1,0,0,0
864,The water evaporates and becomes water vapor and goes up into the sky.,0,0,0,0
865,It's because water vapor gathers and makes clouds,0,0,0,0
866,I don't know. Help me,0,0,0,0
867,Because of the moisture in the sky,0,0,0,0
868,Water evaporated into water vapor and agglomerated.,0,0,0,0
869,Condensation,0,0,0,0
870,"It rains and evaporates again, creating clouds",0,0,0,0
871,Water evaporates to form clouds,0,0,0,0
872,Water evaporates to form clouds,0,0,0,0
873,Water droplets evaporate to form clouds.,0,0,0,0
874,I don't know because the water evaporates and clumped together,0,0,0,0
875,Water drops go up and gather,0,0,0,0
876,Water vapor is produced by the evaporation of water,1,0,0,0
877,The air rises to form clouds,0,0,0,0
878,Water vapor gathers and becomes clouds,0,0,0,0
879,"Even on a sunny day, water vapor can be produced in seawater, lakes, etc., and the steam can expand as it rises",0,0,0,0
880,d,0,0,0,0
881,Clouds cause water vapor in the air to agglomerate,0,0,0,0
882,"Steam rises, gathers, condenses, and becomes clouds",0,0,0,0
883,Water such as rivers and seas evaporates to create clouds.,0,0,0,0
884,Clouds are formed when you fly into the sky while eating cotton candy,0,0,0,0
885,"As water evaporates, underwater planes gather in the sky to form clouds",0,0,0,0
886,Moisture evaporates to form a lump of water vapor.,0,0,0,0
887,"""Cloud""",0,0,0,0
888,??Small droplets or ice crystals produced by condensation of water vapor are floating high in the skyGeneration process,0,0,1,0
889,,0,0,0,0
890,"Air lump rise-insulation expansion (volume expansion)-temperature drop-dew viscosity moon-water vapor condensation-cloud generation""",0,1,1,0
891,This is because water vapor is gathered and united in the sky.,0,0,0,0
892,This is due to evaporation of water on the surface and condensation of water in the air.,1,0,1,0
893,Clouds are formed by vapor evaporation in the air.,1,0,0,0
894,Clouds form clouds in which water from the sea gathers in evaporation.,1,0,0,0
895,Moisture in the atmosphere aggregates due to the supercooling effect and exists as a cloud. This cloud falls in the rain when it is impacted.,0,0,0,0
896,Clouds are formed by condensation of water vapor from high in the sky when water on the surface evaporates.,0,0,1,0
897,"Clouds are formed by the vapor evaporated near the surface of the earth, which rises to the sky and the temperature drops to form small droplets, which gather to form clouds.",0,0,0,0
898,I don't know.,0,0,0,0
899,"Clouds are when moisture evaporates and rises to a certain height, and moisture becomes a liquid from the water vapor and collects moisture.",0,0,0,0
900,Water vapor evaporated near the surface rises to the sky and gathers to form a cloud.,0,0,0,0
901,"Moisture on the ground evaporates and creates clouds, but on cloudy days, a lot of clouds occur because there is a lot of moisture to evaporate.",0,0,0,0
902,"Water from places like the sea or lake evaporates and rises above the sky in the state of water vapor, and the steam aggregates to form small droplets, and the state in which they are gathered is clouds.",0,0,0,0
903,Unknowingness,0,0,0,0
904,The underwater air condenses to form clouds.,0,0,0,0
905,The underwater air condenses to form clouds.,0,0,0,0
906,"Clouds are formed by the collection of water droplets in the air. On cloudy days, air flows from high pressure due to the influence of low pressure, which affects making a lot of clouds.",0,0,0,0
907,Water vapor clumps together to form clouds.,0,0,0,0
908,"As the heated water vapor rises upward, clouds form when there is more water vapor than the amount that air can accommodate.",0,0,0,0
909,"At the place where the low pressure occurs, the water vapor rises up by the rising air current and condenses to form clouds.",0,0,0,0
910,"When a low pressure occurs, the water vapor rises up by the rising airflow and condenses the water vapor by the condensation nucleus, creating clouds.",0,0,1,1
911,Unknowingness,0,0,0,0
912,"Clouds occur a lot when air gathers around the center of the low pressure, but on cloudy days, there are many clouds because of the low pressure.",0,0,0,0
913,"As the air rises, the air pressure decreases, increasing the volume and lowering the temperature, which is called adiabatic expansion. When the temperature decreases to below the dew point due to insulation expansion, water vapor gathers around dust in the atmosphere and clouds are formed.",0,1,0,0
914,Unknowingness,0,0,0,0
915,"As the temperature of the ground changes, the gas temperature difference occurs, and the air relatively warmer than the surrounding area rises, resulting in insulation expansion and condensation point as the volume increases in the upper layer, which is low pressure, due to lack of air. Then you have clouds that are in the state of water droplets.",0,1,1,0
916,I don't know,0,0,0,0
917,Unknowingness,0,0,0,0
918,Air rise ??Insulation expansion ??Temperature drop ??Dew point reached ??Water vapor condensation ??Cloud generation,0,0,1,0
919,Clouds are formed when water vaporizes and rises to the sky in the form of water vapor.,0,0,0,0
920,Water vapor evaporated by solar radiation becomes water droplets when it meets cold air while rising. It is the cloud that the droplets produced in this way form a group.,0,0,0,0
921,"The gaseous state of the water vapor water rises up because it is lighter than other atmospheric gases and pulls each other. (molecular structure) And light enters the pooled water vapor, scattering, or blocking it to make it look white or black.",0,0,0,0
922,"When the moisture on the surface evaporates, it rises to the sky. Then, when the temperature decreases, they clump together, which is a cloud.",0,0,0,0
923,Unknowingness,0,0,0,0
924,Isn't a cloud formed by the collection of water vapor? I don't know.,0,0,0,0
925,Moisture condenses like dust in the air,0,0,0,0
926,Unknowingness,0,0,0,0
927,"Clouds are centered on low pressure, and if there is a high pressure around them, water vapor gathers at a relative low pressure position and clouds are generated.",0,0,0,0
928,Water on the ground evaporates and rises into the atmosphere in the form of water vapor. It's a cloud that's made of water vapor clumped together.,0,0,0,0
929,"As the steam rises, it condenses and forms clouds",0,0,0,0
930,Evaluation Only. Created with Aspose.Cells for Python via Java.Copyright 2003 - 2022 Aspose Pty Ltd.,0,0,0,0
