<annotation>
	<folder>ocr_image</folder>
	<filename>binarized_sharp_OCR_1.jpg</filename>
	<path>C:\Users\광운MOOC센터\Desktop\ocr_image\binarized_sharp_OCR_1.jpg</path>
	<source>
		<database>Unknown</database>
	</source>
	<size>
		<width>1440</width>
		<height>1061</height>
		<depth>1</depth>
	</size>
	<segmented>0</segmented>
	<object>
		<name>binarized_sharp_OCR</name>
		<pose>Unspecified</pose>
		<truncated>1</truncated>
		<difficult>0</difficult>
		<bndbox>
			<xmin>741</xmin>
			<ymin>377</ymin>
			<xmax>1419</xmax>
			<ymax>1061</ymax>
		</bndbox>
	</object>
</annotation>
